$date
	Thu May 22 19:05:31 2025
$end
$version
	Icarus Verilog
$end
$timescale
	1s
$end
$scope module testbench $end
$var wire 8 ! data [7:0] $end
$var wire 1 " s_catch_all_ $end
$var wire 8 # tb_value_B_out [7:0] $end
$var wire 1 $ tb_signal_write_B_out $end
$var wire 1 % tb_signal_read_A $end
$var wire 1 & iow_ $end
$var wire 1 ' ior_ $end
$var wire 1 ( io_CA_error $end
$var wire 1 ) clock $end
$var wire 16 * addr [15:0] $end
$var reg 16 + addr_io [15:0] $end
$var reg 1 , error_timing $end
$var reg 1 - error_value $end
$var reg 1 . ior_io_ $end
$var reg 1 / iow_io_ $end
$var reg 1 0 reset_ $end
$var reg 1 1 s_A_ $end
$var reg 1 2 s_B_in_ $end
$var reg 1 3 s_B_out_ $end
$var reg 1 4 tb_fiA $end
$var reg 8 5 tb_valueA [7:0] $end
$var reg 8 6 tb_value_B_in [7:0] $end
$scope module A $end
$var wire 1 7 addr $end
$var wire 8 8 data [7:0] $end
$var wire 1 . ior_ $end
$var wire 1 1 s_ $end
$var wire 1 4 tb_fi $end
$var wire 1 % tb_signal_read $end
$var wire 8 9 tb_value [7:0] $end
$var reg 8 : DATA [7:0] $end
$var reg 1 ; DIR $end
$var reg 1 < TB_SIGNAL_READ $end
$upscope $end
$scope module B_in $end
$var wire 8 = data [7:0] $end
$var wire 1 . ior_ $end
$var wire 1 2 s_ $end
$var wire 8 > tb_value [7:0] $end
$var reg 8 ? DATA [7:0] $end
$var reg 1 @ DIR $end
$upscope $end
$scope module B_out $end
$var wire 8 A data [7:0] $end
$var wire 1 / iow_ $end
$var wire 1 3 s_ $end
$var wire 1 $ tb_signal_write $end
$var wire 8 B tb_value [7:0] $end
$var reg 1 C TB_SIGNAL_WRITE $end
$var reg 8 D TB_VALUE [7:0] $end
$upscope $end
$scope module clk $end
$var wire 1 ) clock $end
$var reg 1 E CLOCK $end
$upscope $end
$scope module dut $end
$var wire 16 F addr [15:0] $end
$var wire 1 ) clock $end
$var wire 8 G data [7:0] $end
$var wire 1 ' ior_ $end
$var wire 1 & iow_ $end
$var wire 1 0 reset_ $end
$var wire 16 H mul [15:0] $end
$var reg 16 I ADDR [15:0] $end
$var reg 8 J APP0 [7:0] $end
$var reg 8 K APP1 [7:0] $end
$var reg 8 L DATA [7:0] $end
$var reg 1 M DIR $end
$var reg 1 N IOR_ $end
$var reg 1 O IOW_ $end
$var reg 4 P STAR [3:0] $end
$scope module m5 $end
$var wire 8 Q a [7:0] $end
$var wire 10 R sum [9:0] $end
$var wire 16 S m [15:0] $end
$var wire 1 T c_out $end
$var wire 10 U a4_ext [9:0] $end
$var wire 10 V a1_ext [9:0] $end
$scope module s $end
$var wire 1 W c_in $end
$var wire 1 X ow $end
$var wire 10 Y x [9:0] $end
$var wire 10 Z y [9:0] $end
$var wire 10 [ s [9:0] $end
$var wire 1 T c_out $end
$upscope $end
$upscope $end
$upscope $end
$scope module io_CA $end
$var wire 1 . ior_ $end
$var wire 1 / iow_ $end
$var wire 1 " s_ $end
$var wire 1 ( tb_error $end
$var reg 1 \ error $end
$upscope $end
$scope fork f $end
$scope begin A $end
$var reg 8 ] i [7:0] $end
$upscope $end
$scope begin B_out $end
$var reg 8 ^ curr_A [7:0] $end
$var reg 16 _ current [15:0] $end
$var reg 16 ` expected [15:0] $end
$var reg 8 a i [7:0] $end
$upscope $end
$upscope $end
$upscope $end
$enddefinitions $end
#0
$dumpvars
bx a
bx `
bx _
bx ^
bx ]
0\
bx [
bx00 Z
b0xxxxxxxx Y
xX
0W
b0xxxxxxxx V
bx00 U
xT
b0xxxxxxxxxxx S
bx R
bx Q
b0 P
1O
1N
0M
bx L
bx K
bx J
bx I
b0xxxxxxxxxxx H
bx G
bx F
0E
bx D
xC
bx B
bx A
x@
bx ?
bx >
bx =
x<
x;
bx :
bx 9
bx 8
x7
bx 6
bx 5
x4
x3
x2
x1
00
x/
x.
0-
0,
bx +
bx *
0)
0(
1'
1&
x%
x$
bx #
0"
bx !
$end
#4
bz !
bz 8
bz =
bz A
bz G
0$
0C
0%
0<
0;
0@
1/
1.
#5
b1 P
b100000000 *
b100000000 F
b100000000 I
1)
1E
04
b11 5
b11 9
b0 ]
b101 ^
b0 a
b0 _
b0 `
10
b11011110 6
b11011110 >
#6
07
b100000000 +
#7
1"
01
#8
12
#9
13
#10
0)
0E
#15
b0 !
b0 8
b0 =
b0 A
b0 G
b0 :
1;
0.
b10 P
0'
0N
1)
1E
#20
0)
0E
#25
b11 P
b0 V
b0 Y
b0 U
b0 Z
b0 J
b0 Q
1)
1E
#26
b0 R
b0 [
b0 H
b0 S
0T
#27
0X
#30
0)
0E
#35
b1 P
1'
1N
1)
1E
#39
bz !
bz 8
bz =
bz A
bz G
0;
1.
#40
0)
0E
#45
b0 !
b0 8
b0 =
b0 A
b0 G
1;
0.
b10 P
0'
0N
1)
1E
#50
0)
0E
#55
b11 P
1)
1E
#60
0)
0E
#65
b1 P
1'
1N
1)
1E
#69
bz !
bz 8
bz =
bz A
bz G
0;
1.
#70
0)
0E
#75
b0 !
b0 8
b0 =
b0 A
b0 G
1;
0.
b10 P
0'
0N
1)
1E
#80
0)
0E
#85
b11 P
1)
1E
#90
0)
0E
#95
b1 P
1'
1N
1)
1E
#99
bz !
bz 8
bz =
bz A
bz G
0;
1.
#100
0)
0E
#105
b0 !
b0 8
b0 =
b0 A
b0 G
1;
0.
b10 P
0'
0N
1)
1E
#110
0)
0E
#115
b11 P
1)
1E
#120
0)
0E
#125
b1 P
1'
1N
1)
1E
b1 !
b1 8
b1 =
b1 A
b1 G
b1 :
14
b101 5
b101 9
#129
bz !
bz 8
bz =
bz A
bz G
0;
1.
#130
0)
0E
#135
b1 !
b1 8
b1 =
b1 A
b1 G
1;
0.
b10 P
0'
0N
1)
1E
#140
0)
0E
#145
b11 P
b1 V
b1 Y
b100 U
b100 Z
b1 J
b1 Q
1)
1E
#146
b101 H
b101 S
b101 R
b101 [
#150
0)
0E
#155
b100 P
1'
1N
1)
1E
#159
bz !
bz 8
bz =
bz A
bz G
0;
1.
#160
0)
0E
#165
0"
b11001 `
x7
x1
x2
x3
bx +
b101 P
b100000001 *
b100000001 F
b100000001 I
1)
1E
#166
17
b100000001 +
#167
1"
01
#168
12
#169
13
#170
0)
0E
#175
b101 !
b101 8
b101 =
b101 A
b101 G
1%
1<
b101 :
1;
0.
b110 P
0'
0N
1)
1E
#180
0)
0E
#185
b111 P
1'
1N
b101 V
b101 Y
b10100 U
b10100 Z
b101 J
b101 Q
1)
1E
#186
b11001 H
b11001 S
b11001 R
b11001 [
#189
bz !
bz 8
bz =
bz A
bz G
0%
0<
0;
1.
#190
0)
0E
04
b100 5
b100 9
b1 ]
#195
0"
x7
bx !
bx 8
bx =
bx A
bx G
x1
x2
x3
bx +
b1000 P
b11001 V
b11001 Y
b1100100 U
b1100100 Z
b11001 J
b11001 Q
b0 K
1M
b100100001 *
b100100001 F
b100100001 I
1)
1E
#196
17
b1111101 H
b1111101 S
b1111101 R
b1111101 [
b100100001 +
#197
11
#198
12
#199
1"
03
#200
0)
0E
#205
1$
1C
b0 #
b0 B
b0 D
b0 !
b0 8
b0 =
b0 A
b0 G
0/
b1001 P
b0 L
0&
0O
1)
1E
#210
0)
0E
#215
b11001 #
b11001 B
b11001 D
b11001 !
b11001 8
b11001 =
b11001 A
b11001 G
b0 P
1&
1O
b11001 L
1)
1E
#219
0$
0C
1/
#220
0)
0E
#225
0"
x7
bz !
bz 8
bz =
bz A
bz G
x1
x2
x3
bx +
b1 P
0M
b100000000 *
b100000000 F
b100000000 I
1)
1E
#226
07
b100000000 +
#227
1"
01
#228
12
#229
13
#230
0)
0E
#235
b0 !
b0 8
b0 =
b0 A
b0 G
b0 :
1;
0.
b10 P
0'
0N
1)
1E
#240
0)
0E
#245
b11 P
b0 V
b0 Y
b0 U
b0 Z
b0 J
b0 Q
1)
1E
#246
b0 H
b0 S
b0 R
b0 [
#250
0)
0E
#255
b1 P
1'
1N
1)
1E
#259
bz !
bz 8
bz =
bz A
bz G
0;
1.
#260
0)
0E
#265
b0 !
b0 8
b0 =
b0 A
b0 G
1;
0.
b10 P
0'
0N
1)
1E
#270
0)
0E
#275
b11 P
1)
1E
#280
0)
0E
#285
b1 P
1'
1N
1)
1E
#289
bz !
bz 8
bz =
bz A
bz G
0;
1.
#290
0)
0E
#295
b0 !
b0 8
b0 =
b0 A
b0 G
1;
0.
b10 P
0'
0N
1)
1E
#300
0)
0E
#305
b11 P
1)
1E
#310
0)
0E
b1 !
b1 8
b1 =
b1 A
b1 G
b1 :
14
b110 5
b110 9
#315
b1 P
1'
1N
1)
1E
#319
bz !
bz 8
bz =
bz A
bz G
0;
1.
#320
0)
0E
#325
b1 !
b1 8
b1 =
b1 A
b1 G
1;
0.
b10 P
0'
0N
1)
1E
#330
0)
0E
#335
b11 P
b1 V
b1 Y
b100 U
b100 Z
b1 J
b1 Q
1)
1E
#336
b101 H
b101 S
b101 R
b101 [
#340
0)
0E
#345
b100 P
1'
1N
1)
1E
#349
bz !
bz 8
bz =
bz A
bz G
0;
1.
#350
0)
0E
#355
0"
x7
x1
x2
x3
bx +
b101 P
b100000001 *
b100000001 F
b100000001 I
1)
1E
#356
17
b100000001 +
#357
1"
01
#358
12
#359
13
#360
0)
0E
#365
b110 !
b110 8
b110 =
b110 A
b110 G
1%
1<
b110 :
1;
0.
b110 P
0'
0N
1)
1E
#370
0)
0E
#375
b111 P
1'
1N
b110 V
b110 Y
b11000 U
b11000 Z
b110 J
b110 Q
1)
1E
#376
b11110 H
b11110 S
b11110 R
b11110 [
#379
bz !
bz 8
bz =
bz A
bz G
0%
0<
0;
1.
#380
0)
0E
04
b101 5
b101 9
b10 ]
#385
0"
x7
b11001 !
b11001 8
b11001 =
b11001 A
b11001 G
x1
x2
x3
bx +
b1000 P
b11110 V
b11110 Y
b1111000 U
b1111000 Z
b11110 J
b11110 Q
1M
b100100001 *
b100100001 F
b100100001 I
1)
1E
#386
17
b10010110 H
b10010110 S
b10010110 R
b10010110 [
b100100001 +
#387
11
#388
12
#389
1"
03
#390
0)
0E
#395
b110 ^
b1 a
1-
1$
1C
b0 #
b0 B
b0 D
b0 !
b0 8
b0 =
b0 A
b0 G
0/
b1001 P
b0 L
0&
0O
1)
1E
#396
0-
#400
0)
0E
#405
b11110 #
b11110 B
b11110 D
b11110 !
b11110 8
b11110 =
b11110 A
b11110 G
b0 P
1&
1O
b11110 L
1)
1E
#409
0$
0C
1/
#410
0)
0E
#415
0"
x7
bz !
bz 8
bz =
bz A
bz G
x1
x2
x3
bx +
b1 P
0M
b100000000 *
b100000000 F
b100000000 I
1)
1E
#416
07
b100000000 +
#417
1"
01
#418
12
#419
13
#420
0)
0E
#425
b0 !
b0 8
b0 =
b0 A
b0 G
b0 :
1;
0.
b10 P
0'
0N
1)
1E
#430
0)
0E
#435
b11 P
b0 V
b0 Y
b0 U
b0 Z
b0 J
b0 Q
1)
1E
#436
b0 H
b0 S
b0 R
b0 [
#440
0)
0E
#445
b1 P
1'
1N
1)
1E
#449
bz !
bz 8
bz =
bz A
bz G
0;
1.
#450
0)
0E
#455
b0 !
b0 8
b0 =
b0 A
b0 G
1;
0.
b10 P
0'
0N
1)
1E
#460
0)
0E
#465
b11 P
1)
1E
#470
0)
0E
#475
b1 P
1'
1N
1)
1E
#479
bz !
bz 8
bz =
bz A
bz G
0;
1.
#480
0)
0E
#485
b0 !
b0 8
b0 =
b0 A
b0 G
1;
0.
b10 P
0'
0N
1)
1E
#490
0)
0E
#495
b11 P
1)
1E
#500
0)
0E
b1 !
b1 8
b1 =
b1 A
b1 G
b1 :
14
b1001 5
b1001 9
#505
b1 P
1'
1N
1)
1E
#509
bz !
bz 8
bz =
bz A
bz G
0;
1.
#510
0)
0E
#515
b1 !
b1 8
b1 =
b1 A
b1 G
1;
0.
b10 P
0'
0N
1)
1E
#520
0)
0E
#525
b11 P
b1 V
b1 Y
b100 U
b100 Z
b1 J
b1 Q
1)
1E
#526
b101 H
b101 S
b101 R
b101 [
#530
0)
0E
#535
b100 P
1'
1N
1)
1E
#539
bz !
bz 8
bz =
bz A
bz G
0;
1.
#540
0)
0E
#545
0"
b11110 `
x7
x1
x2
x3
bx +
b101 P
b100000001 *
b100000001 F
b100000001 I
1)
1E
#546
17
b100000001 +
#547
1"
01
#548
12
#549
13
#550
0)
0E
#555
b1001 !
b1001 8
b1001 =
b1001 A
b1001 G
1%
1<
b1001 :
1;
0.
b110 P
0'
0N
1)
1E
#560
0)
0E
#565
b111 P
1'
1N
b1001 V
b1001 Y
b100100 U
b100100 Z
b1001 J
b1001 Q
1)
1E
#566
b101101 H
b101101 S
b101101 R
b101101 [
#569
bz !
bz 8
bz =
bz A
bz G
0%
0<
0;
1.
#570
0)
0E
04
b110 5
b110 9
b11 ]
#575
0"
x7
b11110 !
b11110 8
b11110 =
b11110 A
b11110 G
x1
x2
x3
bx +
b1000 P
b101101 V
b101101 Y
b10110100 U
b10110100 Z
b101101 J
b101101 Q
1M
b100100001 *
b100100001 F
b100100001 I
1)
1E
#576
17
b11100001 H
b11100001 S
b11100001 R
b11100001 [
b100100001 +
#577
11
#578
12
#579
1"
03
#580
0)
0E
#585
1$
1C
b0 #
b0 B
b0 D
b0 !
b0 8
b0 =
b0 A
b0 G
0/
b1001 P
b0 L
0&
0O
1)
1E
#590
0)
0E
#595
b101101 #
b101101 B
b101101 D
b101101 !
b101101 8
b101101 =
b101101 A
b101101 G
b0 P
1&
1O
b101101 L
1)
1E
#599
0$
0C
1/
#600
0)
0E
#605
0"
x7
bz !
bz 8
bz =
bz A
bz G
x1
x2
x3
bx +
b1 P
0M
b100000000 *
b100000000 F
b100000000 I
1)
1E
#606
07
b100000000 +
#607
1"
01
#608
12
#609
13
#610
0)
0E
#615
b0 !
b0 8
b0 =
b0 A
b0 G
b0 :
1;
0.
b10 P
0'
0N
1)
1E
#620
0)
0E
#625
b11 P
b0 V
b0 Y
b0 U
b0 Z
b0 J
b0 Q
1)
1E
#626
b0 H
b0 S
b0 R
b0 [
#630
0)
0E
#635
b1 P
1'
1N
1)
1E
#639
bz !
bz 8
bz =
bz A
bz G
0;
1.
#640
0)
0E
#645
b0 !
b0 8
b0 =
b0 A
b0 G
1;
0.
b10 P
0'
0N
1)
1E
#650
0)
0E
#655
b11 P
1)
1E
#660
0)
0E
#665
b1 P
1'
1N
1)
1E
#669
bz !
bz 8
bz =
bz A
bz G
0;
1.
#670
0)
0E
#675
b0 !
b0 8
b0 =
b0 A
b0 G
1;
0.
b10 P
0'
0N
1)
1E
#680
0)
0E
#685
b11 P
1)
1E
#690
0)
0E
b1 !
b1 8
b1 =
b1 A
b1 G
b1 :
14
b1110 5
b1110 9
#695
b1 P
1'
1N
1)
1E
#699
bz !
bz 8
bz =
bz A
bz G
0;
1.
#700
0)
0E
#705
b1 !
b1 8
b1 =
b1 A
b1 G
1;
0.
b10 P
0'
0N
1)
1E
#710
0)
0E
#715
b11 P
b1 V
b1 Y
b100 U
b100 Z
b1 J
b1 Q
1)
1E
#716
b101 H
b101 S
b101 R
b101 [
#720
0)
0E
#725
b100 P
1'
1N
1)
1E
#729
bz !
bz 8
bz =
bz A
bz G
0;
1.
#730
0)
0E
#735
0"
x7
x1
x2
x3
bx +
b101 P
b100000001 *
b100000001 F
b100000001 I
1)
1E
#736
17
b100000001 +
#737
1"
01
#738
12
#739
13
#740
0)
0E
#745
b1110 !
b1110 8
b1110 =
b1110 A
b1110 G
1%
1<
b1110 :
1;
0.
b110 P
0'
0N
1)
1E
#750
0)
0E
#755
b111 P
1'
1N
b1110 V
b1110 Y
b111000 U
b111000 Z
b1110 J
b1110 Q
1)
1E
#756
b1000110 H
b1000110 S
b1000110 R
b1000110 [
#759
bz !
bz 8
bz =
bz A
bz G
0%
0<
0;
1.
#760
0)
0E
04
b111 5
b111 9
b100 ]
#765
0"
x7
b101101 !
b101101 8
b101101 =
b101101 A
b101101 G
x1
x2
x3
bx +
b1000 P
b1000110 V
b1000110 Y
b100011000 U
b100011000 Z
b1000110 J
b1000110 Q
1M
b100100001 *
b100100001 F
b100100001 I
1)
1E
#766
17
b101011110 H
b101011110 S
b101011110 R
b101011110 [
b100100001 +
#767
11
#768
12
#769
1"
03
#770
0)
0E
#775
b1001 ^
b10 a
1-
1$
1C
b0 #
b0 B
b0 D
b0 !
b0 8
b0 =
b0 A
b0 G
0/
b1001 P
b0 L
0&
0O
1)
1E
#776
0-
#780
0)
0E
#785
b1000110 #
b1000110 B
b1000110 D
b1000110 !
b1000110 8
b1000110 =
b1000110 A
b1000110 G
b0 P
1&
1O
b1000110 L
1)
1E
#789
0$
0C
1/
#790
0)
0E
#795
0"
x7
bz !
bz 8
bz =
bz A
bz G
x1
x2
x3
bx +
b1 P
0M
b100000000 *
b100000000 F
b100000000 I
1)
1E
#796
07
b100000000 +
#797
1"
01
#798
12
#799
13
#800
0)
0E
#805
b0 !
b0 8
b0 =
b0 A
b0 G
b0 :
1;
0.
b10 P
0'
0N
1)
1E
#810
0)
0E
#815
b11 P
b0 V
b0 Y
b0 U
b0 Z
b0 J
b0 Q
1)
1E
#816
b0 H
b0 S
b0 R
b0 [
#820
0)
0E
#825
b1 P
1'
1N
1)
1E
#829
bz !
bz 8
bz =
bz A
bz G
0;
1.
#830
0)
0E
#835
b0 !
b0 8
b0 =
b0 A
b0 G
1;
0.
b10 P
0'
0N
1)
1E
#840
0)
0E
#845
b11 P
1)
1E
#850
0)
0E
#855
b1 P
1'
1N
1)
1E
#859
bz !
bz 8
bz =
bz A
bz G
0;
1.
#860
0)
0E
#865
b0 !
b0 8
b0 =
b0 A
b0 G
1;
0.
b10 P
0'
0N
1)
1E
#870
0)
0E
#875
b11 P
1)
1E
#880
0)
0E
b1 !
b1 8
b1 =
b1 A
b1 G
b1 :
14
b10101 5
b10101 9
#885
b1 P
1'
1N
1)
1E
#889
bz !
bz 8
bz =
bz A
bz G
0;
1.
#890
0)
0E
#895
b1 !
b1 8
b1 =
b1 A
b1 G
1;
0.
b10 P
0'
0N
1)
1E
#900
0)
0E
#905
b11 P
b1 V
b1 Y
b100 U
b100 Z
b1 J
b1 Q
1)
1E
#906
b101 H
b101 S
b101 R
b101 [
#910
0)
0E
#915
b100 P
1'
1N
1)
1E
#919
bz !
bz 8
bz =
bz A
bz G
0;
1.
#920
0)
0E
#925
0"
b101101 `
x7
x1
x2
x3
bx +
b101 P
b100000001 *
b100000001 F
b100000001 I
1)
1E
#926
17
b100000001 +
#927
1"
01
#928
12
#929
13
#930
0)
0E
#935
b10101 !
b10101 8
b10101 =
b10101 A
b10101 G
1%
1<
b10101 :
1;
0.
b110 P
0'
0N
1)
1E
#940
0)
0E
#945
b111 P
1'
1N
b10101 V
b10101 Y
b1010100 U
b1010100 Z
b10101 J
b10101 Q
1)
1E
#946
b1101001 H
b1101001 S
b1101001 R
b1101001 [
#949
bz !
bz 8
bz =
bz A
bz G
0%
0<
0;
1.
#950
0)
0E
04
b1000 5
b1000 9
b101 ]
#955
0"
x7
b1000110 !
b1000110 8
b1000110 =
b1000110 A
b1000110 G
x1
x2
x3
bx +
b1000 P
b1101001 V
b1101001 Y
b110100100 U
b110100100 Z
b1101001 J
b1101001 Q
1M
b100100001 *
b100100001 F
b100100001 I
1)
1E
#956
17
b1000001101 H
b1000001101 S
b1000001101 R
b1000001101 [
b100100001 +
#957
1X
11
#958
12
#959
1"
03
#960
0)
0E
#965
1$
1C
b0 #
b0 B
b0 D
b0 !
b0 8
b0 =
b0 A
b0 G
0/
b1001 P
b0 L
0&
0O
1)
1E
#970
0)
0E
#975
b1101001 #
b1101001 B
b1101001 D
b1101001 !
b1101001 8
b1101001 =
b1101001 A
b1101001 G
b0 P
1&
1O
b1101001 L
1)
1E
#979
0$
0C
1/
#980
0)
0E
#985
0"
x7
bz !
bz 8
bz =
bz A
bz G
x1
x2
x3
bx +
b1 P
0M
b100000000 *
b100000000 F
b100000000 I
1)
1E
#986
07
b100000000 +
#987
1"
01
#988
12
#989
13
#990
0)
0E
#995
b0 !
b0 8
b0 =
b0 A
b0 G
b0 :
1;
0.
b10 P
0'
0N
1)
1E
#1000
0)
0E
#1005
b11 P
b0 V
b0 Y
b0 U
b0 Z
b0 J
b0 Q
1)
1E
#1006
b0 H
b0 S
b0 R
b0 [
#1007
0X
#1010
0)
0E
#1015
b1 P
1'
1N
1)
1E
#1019
bz !
bz 8
bz =
bz A
bz G
0;
1.
#1020
0)
0E
#1025
b0 !
b0 8
b0 =
b0 A
b0 G
1;
0.
b10 P
0'
0N
1)
1E
#1030
0)
0E
#1035
b11 P
1)
1E
#1040
0)
0E
#1045
b1 P
1'
1N
1)
1E
#1049
bz !
bz 8
bz =
bz A
bz G
0;
1.
#1050
0)
0E
#1055
b0 !
b0 8
b0 =
b0 A
b0 G
1;
0.
b10 P
0'
0N
1)
1E
#1060
0)
0E
#1065
b11 P
1)
1E
#1070
0)
0E
b1 !
b1 8
b1 =
b1 A
b1 G
b1 :
14
b11110 5
b11110 9
#1075
b1 P
1'
1N
1)
1E
#1079
bz !
bz 8
bz =
bz A
bz G
0;
1.
#1080
0)
0E
#1085
b1 !
b1 8
b1 =
b1 A
b1 G
1;
0.
b10 P
0'
0N
1)
1E
#1090
0)
0E
#1095
b11 P
b1 V
b1 Y
b100 U
b100 Z
b1 J
b1 Q
1)
1E
#1096
b101 H
b101 S
b101 R
b101 [
#1100
0)
0E
#1105
b100 P
1'
1N
1)
1E
#1109
bz !
bz 8
bz =
bz A
bz G
0;
1.
#1110
0)
0E
#1115
0"
x7
x1
x2
x3
bx +
b101 P
b100000001 *
b100000001 F
b100000001 I
1)
1E
#1116
17
b100000001 +
#1117
1"
01
#1118
12
#1119
13
#1120
0)
0E
#1125
b11110 !
b11110 8
b11110 =
b11110 A
b11110 G
1%
1<
b11110 :
1;
0.
b110 P
0'
0N
1)
1E
#1130
0)
0E
#1135
b111 P
1'
1N
b11110 V
b11110 Y
b1111000 U
b1111000 Z
b11110 J
b11110 Q
1)
1E
#1136
b10010110 H
b10010110 S
b10010110 R
b10010110 [
#1139
bz !
bz 8
bz =
bz A
bz G
0%
0<
0;
1.
#1140
0)
0E
04
b1001 5
b1001 9
b110 ]
#1145
0"
x7
b1101001 !
b1101001 8
b1101001 =
b1101001 A
b1101001 G
x1
x2
x3
bx +
b1000 P
b10010110 V
b10010110 Y
b1001011000 U
b1001011000 Z
b10010110 J
b10010110 Q
1M
b100100001 *
b100100001 F
b100100001 I
1)
1E
#1146
17
b1011101110 H
b1011101110 S
b1011101110 R
b1011101110 [
b100100001 +
#1147
11
#1148
12
#1149
1"
03
#1150
0)
0E
#1155
b1110 ^
b11 a
1-
1$
1C
b0 #
b0 B
b0 D
b0 !
b0 8
b0 =
b0 A
b0 G
0/
b1001 P
b0 L
0&
0O
1)
1E
#1156
0-
#1160
0)
0E
#1165
b10010110 #
b10010110 B
b10010110 D
b10010110 !
b10010110 8
b10010110 =
b10010110 A
b10010110 G
b0 P
1&
1O
b10010110 L
1)
1E
#1169
0$
0C
1/
#1170
0)
0E
#1175
0"
x7
bz !
bz 8
bz =
bz A
bz G
x1
x2
x3
bx +
b1 P
0M
b100000000 *
b100000000 F
b100000000 I
1)
1E
#1176
07
b100000000 +
#1177
1"
01
#1178
12
#1179
13
#1180
0)
0E
#1185
b0 !
b0 8
b0 =
b0 A
b0 G
b0 :
1;
0.
b10 P
0'
0N
1)
1E
#1190
0)
0E
#1195
b11 P
b0 V
b0 Y
b0 U
b0 Z
b0 J
b0 Q
1)
1E
#1196
b0 H
b0 S
b0 R
b0 [
1X
#1197
0X
#1200
0)
0E
#1205
b1 P
1'
1N
1)
1E
#1209
bz !
bz 8
bz =
bz A
bz G
0;
1.
#1210
0)
0E
#1215
b0 !
b0 8
b0 =
b0 A
b0 G
1;
0.
b10 P
0'
0N
1)
1E
#1220
0)
0E
#1225
b11 P
1)
1E
#1230
0)
0E
#1235
b1 P
1'
1N
1)
1E
#1239
bz !
bz 8
bz =
bz A
bz G
0;
1.
#1240
0)
0E
#1245
b0 !
b0 8
b0 =
b0 A
b0 G
1;
0.
b10 P
0'
0N
1)
1E
#1250
0)
0E
#1255
b11 P
1)
1E
#1260
0)
0E
b1 !
b1 8
b1 =
b1 A
b1 G
b1 :
14
b101001 5
b101001 9
#1265
b1 P
1'
1N
1)
1E
#1269
bz !
bz 8
bz =
bz A
bz G
0;
1.
#1270
0)
0E
#1275
b1 !
b1 8
b1 =
b1 A
b1 G
1;
0.
b10 P
0'
0N
1)
1E
#1280
0)
0E
#1285
b11 P
b1 V
b1 Y
b100 U
b100 Z
b1 J
b1 Q
1)
1E
#1286
b101 H
b101 S
b101 R
b101 [
#1290
0)
0E
#1295
b100 P
1'
1N
1)
1E
#1299
bz !
bz 8
bz =
bz A
bz G
0;
1.
#1300
0)
0E
#1305
0"
b1000110 `
x7
x1
x2
x3
bx +
b101 P
b100000001 *
b100000001 F
b100000001 I
1)
1E
#1306
17
b100000001 +
#1307
1"
01
#1308
12
#1309
13
#1310
0)
0E
#1315
b101001 !
b101001 8
b101001 =
b101001 A
b101001 G
1%
1<
b101001 :
1;
0.
b110 P
0'
0N
1)
1E
#1320
0)
0E
#1325
b111 P
1'
1N
b101001 V
b101001 Y
b10100100 U
b10100100 Z
b101001 J
b101001 Q
1)
1E
#1326
b11001101 H
b11001101 S
b11001101 R
b11001101 [
#1329
bz !
bz 8
bz =
bz A
bz G
0%
0<
0;
1.
#1330
0)
0E
04
b1010 5
b1010 9
b111 ]
#1335
0"
x7
b10010110 !
b10010110 8
b10010110 =
b10010110 A
b10010110 G
x1
x2
x3
bx +
b1000 P
b11001101 V
b11001101 Y
b1100110100 U
b1100110100 Z
b11001101 J
b11001101 Q
1M
b100100001 *
b100100001 F
b100100001 I
1)
1E
#1336
17
b1 R
b1 [
b10000000001 H
b10000000001 S
1T
b100100001 +
#1337
11
#1338
12
#1339
1"
03
#1340
0)
0E
#1345
1$
1C
b0 #
b0 B
b0 D
b0 !
b0 8
b0 =
b0 A
b0 G
0/
b1001 P
b0 L
0&
0O
1)
1E
#1350
0)
0E
#1355
b11001101 #
b11001101 B
b11001101 D
b11001101 !
b11001101 8
b11001101 =
b11001101 A
b11001101 G
b0 P
1&
1O
b11001101 L
1)
1E
#1359
0$
0C
1/
#1360
0)
0E
#1365
0"
x7
bz !
bz 8
bz =
bz A
bz G
x1
x2
x3
bx +
b1 P
0M
b100000000 *
b100000000 F
b100000000 I
1)
1E
#1366
07
b100000000 +
#1367
1"
01
#1368
12
#1369
13
#1370
0)
0E
#1375
b0 !
b0 8
b0 =
b0 A
b0 G
b0 :
1;
0.
b10 P
0'
0N
1)
1E
#1380
0)
0E
#1385
b11 P
b0 V
b0 Y
b0 U
b0 Z
b0 J
b0 Q
1)
1E
#1386
b0 R
b0 [
b0 H
b0 S
0T
#1390
0)
0E
#1395
b1 P
1'
1N
1)
1E
#1399
bz !
bz 8
bz =
bz A
bz G
0;
1.
#1400
0)
0E
#1405
b0 !
b0 8
b0 =
b0 A
b0 G
1;
0.
b10 P
0'
0N
1)
1E
#1410
0)
0E
#1415
b11 P
1)
1E
#1420
0)
0E
#1425
b1 P
1'
1N
1)
1E
#1429
bz !
bz 8
bz =
bz A
bz G
0;
1.
#1430
0)
0E
#1435
b0 !
b0 8
b0 =
b0 A
b0 G
1;
0.
b10 P
0'
0N
1)
1E
#1440
0)
0E
#1445
b11 P
1)
1E
#1450
0)
0E
b1 !
b1 8
b1 =
b1 A
b1 G
b1 :
14
b110110 5
b110110 9
#1455
b1 P
1'
1N
1)
1E
#1459
bz !
bz 8
bz =
bz A
bz G
0;
1.
#1460
0)
0E
#1465
b1 !
b1 8
b1 =
b1 A
b1 G
1;
0.
b10 P
0'
0N
1)
1E
#1470
0)
0E
#1475
b11 P
b1 V
b1 Y
b100 U
b100 Z
b1 J
b1 Q
1)
1E
#1476
b101 H
b101 S
b101 R
b101 [
#1480
0)
0E
#1485
b100 P
1'
1N
1)
1E
#1489
bz !
bz 8
bz =
bz A
bz G
0;
1.
#1490
0)
0E
#1495
0"
x7
x1
x2
x3
bx +
b101 P
b100000001 *
b100000001 F
b100000001 I
1)
1E
#1496
17
b100000001 +
#1497
1"
01
#1498
12
#1499
13
#1500
0)
0E
#1505
b110110 !
b110110 8
b110110 =
b110110 A
b110110 G
1%
1<
b110110 :
1;
0.
b110 P
0'
0N
1)
1E
#1510
0)
0E
#1515
b111 P
1'
1N
b110110 V
b110110 Y
b11011000 U
b11011000 Z
b110110 J
b110110 Q
1)
1E
#1516
b100001110 H
b100001110 S
b100001110 R
b100001110 [
#1519
bz !
bz 8
bz =
bz A
bz G
0%
0<
0;
1.
#1520
0)
0E
04
b1011 5
b1011 9
b1000 ]
#1525
0"
x7
b11001101 !
b11001101 8
b11001101 =
b11001101 A
b11001101 G
x1
x2
x3
bx +
b1000 P
b1110 V
b1110 Y
b111000 U
b111000 Z
b1110 J
b1110 Q
b1 K
1M
b100100001 *
b100100001 F
b100100001 I
1)
1E
#1526
17
b1000110 H
b1000110 S
b1000110 R
b1000110 [
b100100001 +
#1527
11
#1528
12
#1529
1"
03
#1530
0)
0E
#1535
b10101 ^
b100 a
1-
b1 _
1$
1C
b1 #
b1 B
b1 D
b1 !
b1 8
b1 =
b1 A
b1 G
0/
b1001 P
b1 L
0&
0O
1)
1E
#1536
0-
#1540
0)
0E
#1545
b1110 #
b1110 B
b1110 D
b1110 !
b1110 8
b1110 =
b1110 A
b1110 G
b0 P
1&
1O
b1110 L
1)
1E
#1549
0$
0C
1/
#1550
0)
0E
#1555
0"
x7
bz !
bz 8
bz =
bz A
bz G
x1
x2
x3
bx +
b1 P
0M
b100000000 *
b100000000 F
b100000000 I
1)
1E
#1556
07
b100000000 +
#1557
1"
01
#1558
12
#1559
13
#1560
0)
0E
#1565
b0 !
b0 8
b0 =
b0 A
b0 G
b0 :
1;
0.
b10 P
0'
0N
1)
1E
#1570
0)
0E
#1575
b11 P
b0 V
b0 Y
b0 U
b0 Z
b0 J
b0 Q
1)
1E
#1576
b0 H
b0 S
b0 R
b0 [
#1580
0)
0E
#1585
b1 P
1'
1N
1)
1E
#1589
bz !
bz 8
bz =
bz A
bz G
0;
1.
#1590
0)
0E
#1595
b0 !
b0 8
b0 =
b0 A
b0 G
1;
0.
b10 P
0'
0N
1)
1E
#1600
0)
0E
#1605
b11 P
1)
1E
#1610
0)
0E
#1615
b1 P
1'
1N
1)
1E
#1619
bz !
bz 8
bz =
bz A
bz G
0;
1.
#1620
0)
0E
#1625
b0 !
b0 8
b0 =
b0 A
b0 G
1;
0.
b10 P
0'
0N
1)
1E
#1630
0)
0E
#1635
b11 P
1)
1E
#1640
0)
0E
b1 !
b1 8
b1 =
b1 A
b1 G
b1 :
14
b1000101 5
b1000101 9
#1645
b1 P
1'
1N
1)
1E
#1649
bz !
bz 8
bz =
bz A
bz G
0;
1.
#1650
0)
0E
#1655
b1 !
b1 8
b1 =
b1 A
b1 G
1;
0.
b10 P
0'
0N
1)
1E
#1660
0)
0E
#1665
b11 P
b1 V
b1 Y
b100 U
b100 Z
b1 J
b1 Q
1)
1E
#1666
b101 H
b101 S
b101 R
b101 [
#1670
0)
0E
#1675
b100 P
1'
1N
1)
1E
#1679
bz !
bz 8
bz =
bz A
bz G
0;
1.
#1680
0)
0E
#1685
0"
b1101001 `
x7
x1
x2
x3
bx +
b101 P
b100000001 *
b100000001 F
b100000001 I
1)
1E
#1686
17
b100000001 +
#1687
1"
01
#1688
12
#1689
13
#1690
0)
0E
#1695
b1000101 !
b1000101 8
b1000101 =
b1000101 A
b1000101 G
1%
1<
b1000101 :
1;
0.
b110 P
0'
0N
1)
1E
#1700
0)
0E
#1705
b111 P
1'
1N
b1000101 V
b1000101 Y
b100010100 U
b100010100 Z
b1000101 J
b1000101 Q
1)
1E
#1706
b101011001 H
b101011001 S
b101011001 R
b101011001 [
#1709
bz !
bz 8
bz =
bz A
bz G
0%
0<
0;
1.
#1710
0)
0E
04
b1100 5
b1100 9
b1001 ]
#1715
0"
x7
b1110 !
b1110 8
b1110 =
b1110 A
b1110 G
x1
x2
x3
bx +
b1000 P
b1011001 V
b1011001 Y
b101100100 U
b101100100 Z
b1011001 J
b1011001 Q
1M
b100100001 *
b100100001 F
b100100001 I
1)
1E
#1716
17
b110111101 H
b110111101 S
b110111101 R
b110111101 [
b100100001 +
#1717
11
#1718
12
#1719
1"
03
#1720
0)
0E
#1725
b100000001 _
1$
1C
b1 #
b1 B
b1 D
b1 !
b1 8
b1 =
b1 A
b1 G
0/
b1001 P
b1 L
0&
0O
1)
1E
#1730
0)
0E
#1735
b1011001 #
b1011001 B
b1011001 D
b1011001 !
b1011001 8
b1011001 =
b1011001 A
b1011001 G
b0 P
1&
1O
b1011001 L
1)
1E
#1739
0$
0C
1/
#1740
0)
0E
#1745
0"
x7
bz !
bz 8
bz =
bz A
bz G
x1
x2
x3
bx +
b1 P
0M
b100000000 *
b100000000 F
b100000000 I
1)
1E
#1746
07
b100000000 +
#1747
1"
01
#1748
12
#1749
13
#1750
0)
0E
#1755
b0 !
b0 8
b0 =
b0 A
b0 G
b0 :
1;
0.
b10 P
0'
0N
1)
1E
#1760
0)
0E
#1765
b11 P
b0 V
b0 Y
b0 U
b0 Z
b0 J
b0 Q
1)
1E
#1766
b0 H
b0 S
b0 R
b0 [
#1770
0)
0E
#1775
b1 P
1'
1N
1)
1E
#1779
bz !
bz 8
bz =
bz A
bz G
0;
1.
#1780
0)
0E
#1785
b0 !
b0 8
b0 =
b0 A
b0 G
1;
0.
b10 P
0'
0N
1)
1E
#1790
0)
0E
#1795
b11 P
1)
1E
#1800
0)
0E
#1805
b1 P
1'
1N
1)
1E
#1809
bz !
bz 8
bz =
bz A
bz G
0;
1.
#1810
0)
0E
#1815
b0 !
b0 8
b0 =
b0 A
b0 G
1;
0.
b10 P
0'
0N
1)
1E
#1820
0)
0E
#1825
b11 P
1)
1E
#1830
0)
0E
b1 !
b1 8
b1 =
b1 A
b1 G
b1 :
14
b1010110 5
b1010110 9
#1835
b1 P
1'
1N
1)
1E
#1839
bz !
bz 8
bz =
bz A
bz G
0;
1.
#1840
0)
0E
#1845
b1 !
b1 8
b1 =
b1 A
b1 G
1;
0.
b10 P
0'
0N
1)
1E
#1850
0)
0E
#1855
b11 P
b1 V
b1 Y
b100 U
b100 Z
b1 J
b1 Q
1)
1E
#1856
b101 H
b101 S
b101 R
b101 [
#1860
0)
0E
#1865
b100 P
1'
1N
1)
1E
#1869
bz !
bz 8
bz =
bz A
bz G
0;
1.
#1870
0)
0E
#1875
0"
x7
x1
x2
x3
bx +
b101 P
b100000001 *
b100000001 F
b100000001 I
1)
1E
#1876
17
b100000001 +
#1877
1"
01
#1878
12
#1879
13
#1880
0)
0E
#1885
b1010110 !
b1010110 8
b1010110 =
b1010110 A
b1010110 G
1%
1<
b1010110 :
1;
0.
b110 P
0'
0N
1)
1E
#1890
0)
0E
#1895
b111 P
1'
1N
b1010110 V
b1010110 Y
b101011000 U
b101011000 Z
b1010110 J
b1010110 Q
1)
1E
#1896
b110101110 H
b110101110 S
b110101110 R
b110101110 [
#1899
bz !
bz 8
bz =
bz A
bz G
0%
0<
0;
1.
#1900
0)
0E
04
b1101 5
b1101 9
b1010 ]
#1905
0"
x7
b1011001 !
b1011001 8
b1011001 =
b1011001 A
b1011001 G
x1
x2
x3
bx +
b1000 P
b10101110 V
b10101110 Y
b1010111000 U
b1010111000 Z
b10101110 J
b10101110 Q
1M
b100100001 *
b100100001 F
b100100001 I
1)
1E
#1906
17
b1101100110 H
b1101100110 S
b1101100110 R
b1101100110 [
b100100001 +
#1907
11
#1908
12
#1909
1"
03
#1910
0)
0E
#1915
b11110 ^
b101 a
1-
1$
1C
b1 #
b1 B
b1 D
b1 !
b1 8
b1 =
b1 A
b1 G
0/
b1001 P
b1 L
0&
0O
1)
1E
#1916
0-
#1920
0)
0E
#1925
b10101110 #
b10101110 B
b10101110 D
b10101110 !
b10101110 8
b10101110 =
b10101110 A
b10101110 G
b0 P
1&
1O
b10101110 L
1)
1E
#1929
0$
0C
1/
#1930
0)
0E
#1935
0"
x7
bz !
bz 8
bz =
bz A
bz G
x1
x2
x3
bx +
b1 P
0M
b100000000 *
b100000000 F
b100000000 I
1)
1E
#1936
07
b100000000 +
#1937
1"
01
#1938
12
#1939
13
#1940
0)
0E
#1945
b0 !
b0 8
b0 =
b0 A
b0 G
b0 :
1;
0.
b10 P
0'
0N
1)
1E
#1950
0)
0E
#1955
b11 P
b0 V
b0 Y
b0 U
b0 Z
b0 J
b0 Q
1)
1E
#1956
b0 H
b0 S
b0 R
b0 [
1X
#1957
0X
#1960
0)
0E
#1965
b1 P
1'
1N
1)
1E
#1969
bz !
bz 8
bz =
bz A
bz G
0;
1.
#1970
0)
0E
#1975
b0 !
b0 8
b0 =
b0 A
b0 G
1;
0.
b10 P
0'
0N
1)
1E
#1980
0)
0E
#1985
b11 P
1)
1E
#1990
0)
0E
#1995
b1 P
1'
1N
1)
1E
#1999
bz !
bz 8
bz =
bz A
bz G
0;
1.
#2000
0)
0E
#2005
b0 !
b0 8
b0 =
b0 A
b0 G
1;
0.
b10 P
0'
0N
1)
1E
#2010
0)
0E
#2015
b11 P
1)
1E
#2020
0)
0E
b1 !
b1 8
b1 =
b1 A
b1 G
b1 :
14
b1101001 5
b1101001 9
#2025
b1 P
1'
1N
1)
1E
#2029
bz !
bz 8
bz =
bz A
bz G
0;
1.
#2030
0)
0E
#2035
b1 !
b1 8
b1 =
b1 A
b1 G
1;
0.
b10 P
0'
0N
1)
1E
#2040
0)
0E
#2045
b11 P
b1 V
b1 Y
b100 U
b100 Z
b1 J
b1 Q
1)
1E
#2046
b101 H
b101 S
b101 R
b101 [
#2050
0)
0E
#2055
b100 P
1'
1N
1)
1E
#2059
bz !
bz 8
bz =
bz A
bz G
0;
1.
#2060
0)
0E
#2065
0"
b10010110 `
x7
x1
x2
x3
bx +
b101 P
b100000001 *
b100000001 F
b100000001 I
1)
1E
#2066
17
b100000001 +
#2067
1"
01
#2068
12
#2069
13
#2070
0)
0E
#2075
b1101001 !
b1101001 8
b1101001 =
b1101001 A
b1101001 G
1%
1<
b1101001 :
1;
0.
b110 P
0'
0N
1)
1E
#2080
0)
0E
#2085
b111 P
1'
1N
b1101001 V
b1101001 Y
b110100100 U
b110100100 Z
b1101001 J
b1101001 Q
1)
1E
#2086
b1000001101 H
b1000001101 S
b1000001101 R
b1000001101 [
#2087
1X
#2089
bz !
bz 8
bz =
bz A
bz G
0%
0<
0;
1.
#2090
0)
0E
04
b1110 5
b1110 9
b1011 ]
#2095
0"
x7
b10101110 !
b10101110 8
b10101110 =
b10101110 A
b10101110 G
x1
x2
x3
bx +
b1000 P
b1101 V
b1101 Y
b110100 U
b110100 Z
b1101 J
b1101 Q
b10 K
1M
b100100001 *
b100100001 F
b100100001 I
1)
1E
#2096
17
b1000001 H
b1000001 S
b1000001 R
b1000001 [
b100100001 +
#2097
0X
11
#2098
12
#2099
1"
03
#2100
0)
0E
#2105
b1000000001 _
1$
1C
b10 #
b10 B
b10 D
b10 !
b10 8
b10 =
b10 A
b10 G
0/
b1001 P
b10 L
0&
0O
1)
1E
#2110
0)
0E
#2115
b1101 #
b1101 B
b1101 D
b1101 !
b1101 8
b1101 =
b1101 A
b1101 G
b0 P
1&
1O
b1101 L
1)
1E
#2119
0$
0C
1/
#2120
0)
0E
#2125
0"
x7
bz !
bz 8
bz =
bz A
bz G
x1
x2
x3
bx +
b1 P
0M
b100000000 *
b100000000 F
b100000000 I
1)
1E
#2126
07
b100000000 +
#2127
1"
01
#2128
12
#2129
13
#2130
0)
0E
#2135
b0 !
b0 8
b0 =
b0 A
b0 G
b0 :
1;
0.
b10 P
0'
0N
1)
1E
#2140
0)
0E
#2145
b11 P
b0 V
b0 Y
b0 U
b0 Z
b0 J
b0 Q
1)
1E
#2146
b0 H
b0 S
b0 R
b0 [
#2150
0)
0E
#2155
b1 P
1'
1N
1)
1E
#2159
bz !
bz 8
bz =
bz A
bz G
0;
1.
#2160
0)
0E
#2165
b0 !
b0 8
b0 =
b0 A
b0 G
1;
0.
b10 P
0'
0N
1)
1E
#2170
0)
0E
#2175
b11 P
1)
1E
#2180
0)
0E
#2185
b1 P
1'
1N
1)
1E
#2189
bz !
bz 8
bz =
bz A
bz G
0;
1.
#2190
0)
0E
#2195
b0 !
b0 8
b0 =
b0 A
b0 G
1;
0.
b10 P
0'
0N
1)
1E
#2200
0)
0E
#2205
b11 P
1)
1E
#2210
0)
0E
b1 !
b1 8
b1 =
b1 A
b1 G
b1 :
14
b1111110 5
b1111110 9
#2215
b1 P
1'
1N
1)
1E
#2219
bz !
bz 8
bz =
bz A
bz G
0;
1.
#2220
0)
0E
#2225
b1 !
b1 8
b1 =
b1 A
b1 G
1;
0.
b10 P
0'
0N
1)
1E
#2230
0)
0E
#2235
b11 P
b1 V
b1 Y
b100 U
b100 Z
b1 J
b1 Q
1)
1E
#2236
b101 H
b101 S
b101 R
b101 [
#2240
0)
0E
#2245
b100 P
1'
1N
1)
1E
#2249
bz !
bz 8
bz =
bz A
bz G
0;
1.
#2250
0)
0E
#2255
0"
x7
x1
x2
x3
bx +
b101 P
b100000001 *
b100000001 F
b100000001 I
1)
1E
#2256
17
b100000001 +
#2257
1"
01
#2258
12
#2259
13
#2260
0)
0E
#2265
b1111110 !
b1111110 8
b1111110 =
b1111110 A
b1111110 G
1%
1<
b1111110 :
1;
0.
b110 P
0'
0N
1)
1E
#2270
0)
0E
#2275
b111 P
1'
1N
b1111110 V
b1111110 Y
b111111000 U
b111111000 Z
b1111110 J
b1111110 Q
1)
1E
#2276
b1001110110 H
b1001110110 S
b1001110110 R
b1001110110 [
#2277
1X
#2279
bz !
bz 8
bz =
bz A
bz G
0%
0<
0;
1.
#2280
0)
0E
04
b1111 5
b1111 9
b1100 ]
#2285
0"
x7
b1101 !
b1101 8
b1101 =
b1101 A
b1101 G
x1
x2
x3
bx +
b1000 P
b1110110 V
b1110110 Y
b111011000 U
b111011000 Z
b1110110 J
b1110110 Q
1M
b100100001 *
b100100001 F
b100100001 I
1)
1E
#2286
17
b1001001110 H
b1001001110 S
b1001001110 R
b1001001110 [
b100100001 +
#2287
11
#2288
12
#2289
1"
03
#2290
0)
0E
#2295
b101001 ^
b110 a
1-
b1000000010 _
1$
1C
b10 #
b10 B
b10 D
b10 !
b10 8
b10 =
b10 A
b10 G
0/
b1001 P
b10 L
0&
0O
1)
1E
#2296
0-
#2300
0)
0E
#2305
b1110110 #
b1110110 B
b1110110 D
b1110110 !
b1110110 8
b1110110 =
b1110110 A
b1110110 G
b0 P
1&
1O
b1110110 L
1)
1E
#2309
0$
0C
1/
#2310
0)
0E
#2315
0"
x7
bz !
bz 8
bz =
bz A
bz G
x1
x2
x3
bx +
b1 P
0M
b100000000 *
b100000000 F
b100000000 I
1)
1E
#2316
07
b100000000 +
#2317
1"
01
#2318
12
#2319
13
#2320
0)
0E
#2325
b0 !
b0 8
b0 =
b0 A
b0 G
b0 :
1;
0.
b10 P
0'
0N
1)
1E
#2330
0)
0E
#2335
b11 P
b0 V
b0 Y
b0 U
b0 Z
b0 J
b0 Q
1)
1E
#2336
b0 H
b0 S
b0 R
b0 [
#2337
0X
#2340
0)
0E
#2345
b1 P
1'
1N
1)
1E
#2349
bz !
bz 8
bz =
bz A
bz G
0;
1.
#2350
0)
0E
#2355
b0 !
b0 8
b0 =
b0 A
b0 G
1;
0.
b10 P
0'
0N
1)
1E
#2360
0)
0E
#2365
b11 P
1)
1E
#2370
0)
0E
#2375
b1 P
1'
1N
1)
1E
#2379
bz !
bz 8
bz =
bz A
bz G
0;
1.
#2380
0)
0E
#2385
b0 !
b0 8
b0 =
b0 A
b0 G
1;
0.
b10 P
0'
0N
1)
1E
#2390
0)
0E
#2395
b11 P
1)
1E
#2400
0)
0E
b1 !
b1 8
b1 =
b1 A
b1 G
b1 :
14
b10010101 5
b10010101 9
#2405
b1 P
1'
1N
1)
1E
#2409
bz !
bz 8
bz =
bz A
bz G
0;
1.
#2410
0)
0E
#2415
b1 !
b1 8
b1 =
b1 A
b1 G
1;
0.
b10 P
0'
0N
1)
1E
#2420
0)
0E
#2425
b11 P
b1 V
b1 Y
b100 U
b100 Z
b1 J
b1 Q
1)
1E
#2426
b101 H
b101 S
b101 R
b101 [
#2430
0)
0E
#2435
b100 P
1'
1N
1)
1E
#2439
bz !
bz 8
bz =
bz A
bz G
0;
1.
#2440
0)
0E
#2445
0"
b11001101 `
x7
x1
x2
x3
bx +
b101 P
b100000001 *
b100000001 F
b100000001 I
1)
1E
#2446
17
b100000001 +
#2447
1"
01
#2448
12
#2449
13
#2450
0)
0E
#2455
b10010101 !
b10010101 8
b10010101 =
b10010101 A
b10010101 G
1%
1<
b10010101 :
1;
0.
b110 P
0'
0N
1)
1E
#2460
0)
0E
#2465
b111 P
1'
1N
b10010101 V
b10010101 Y
b1001010100 U
b1001010100 Z
b10010101 J
b10010101 Q
1)
1E
#2466
b1011101001 H
b1011101001 S
b1011101001 R
b1011101001 [
#2469
bz !
bz 8
bz =
bz A
bz G
0%
0<
0;
1.
#2470
0)
0E
04
b10000 5
b10000 9
b1101 ]
#2475
0"
x7
b1110110 !
b1110110 8
b1110110 =
b1110110 A
b1110110 G
x1
x2
x3
bx +
b1000 P
b11101001 V
b11101001 Y
b1110100100 U
b1110100100 Z
b11101001 J
b11101001 Q
1M
b100100001 *
b100100001 F
b100100001 I
1)
1E
#2476
17
b10001101 R
b10001101 [
b10010001101 H
b10010001101 S
1T
b100100001 +
#2477
11
#2478
12
#2479
1"
03
#2480
0)
0E
#2485
1$
1C
b10 #
b10 B
b10 D
b10 !
b10 8
b10 =
b10 A
b10 G
0/
b1001 P
b10 L
0&
0O
1)
1E
#2490
0)
0E
#2495
b11101001 #
b11101001 B
b11101001 D
b11101001 !
b11101001 8
b11101001 =
b11101001 A
b11101001 G
b0 P
1&
1O
b11101001 L
1)
1E
#2499
0$
0C
1/
#2500
0)
0E
#2505
0"
x7
bz !
bz 8
bz =
bz A
bz G
x1
x2
x3
bx +
b1 P
0M
b100000000 *
b100000000 F
b100000000 I
1)
1E
#2506
07
b100000000 +
#2507
1"
01
#2508
12
#2509
13
#2510
0)
0E
#2515
b0 !
b0 8
b0 =
b0 A
b0 G
b0 :
1;
0.
b10 P
0'
0N
1)
1E
#2520
0)
0E
#2525
b11 P
b0 V
b0 Y
b0 U
b0 Z
b0 J
b0 Q
1)
1E
#2526
b0 R
b0 [
b0 H
b0 S
0T
#2530
0)
0E
#2535
b1 P
1'
1N
1)
1E
#2539
bz !
bz 8
bz =
bz A
bz G
0;
1.
#2540
0)
0E
#2545
b0 !
b0 8
b0 =
b0 A
b0 G
1;
0.
b10 P
0'
0N
1)
1E
#2550
0)
0E
#2555
b11 P
1)
1E
#2560
0)
0E
#2565
b1 P
1'
1N
1)
1E
#2569
bz !
bz 8
bz =
bz A
bz G
0;
1.
#2570
0)
0E
#2575
b0 !
b0 8
b0 =
b0 A
b0 G
1;
0.
b10 P
0'
0N
1)
1E
#2580
0)
0E
#2585
b11 P
1)
1E
#2590
0)
0E
b1 !
b1 8
b1 =
b1 A
b1 G
b1 :
14
b10101110 5
b10101110 9
#2595
b1 P
1'
1N
1)
1E
#2599
bz !
bz 8
bz =
bz A
bz G
0;
1.
#2600
0)
0E
#2605
b1 !
b1 8
b1 =
b1 A
b1 G
1;
0.
b10 P
0'
0N
1)
1E
#2610
0)
0E
#2615
b11 P
b1 V
b1 Y
b100 U
b100 Z
b1 J
b1 Q
1)
1E
#2616
b101 H
b101 S
b101 R
b101 [
#2620
0)
0E
#2625
b100 P
1'
1N
1)
1E
#2629
bz !
bz 8
bz =
bz A
bz G
0;
1.
#2630
0)
0E
#2635
0"
x7
x1
x2
x3
bx +
b101 P
b100000001 *
b100000001 F
b100000001 I
1)
1E
#2636
17
b100000001 +
#2637
1"
01
#2638
12
#2639
13
#2640
0)
0E
#2645
b10101110 !
b10101110 8
b10101110 =
b10101110 A
b10101110 G
1%
1<
b10101110 :
1;
0.
b110 P
0'
0N
1)
1E
#2650
0)
0E
#2655
b111 P
1'
1N
b10101110 V
b10101110 Y
b1010111000 U
b1010111000 Z
b10101110 J
b10101110 Q
1)
1E
#2656
b1101100110 H
b1101100110 S
b1101100110 R
b1101100110 [
#2659
bz !
bz 8
bz =
bz A
bz G
0%
0<
0;
1.
#2660
0)
0E
04
b10001 5
b10001 9
b1110 ]
#2665
0"
x7
b11101001 !
b11101001 8
b11101001 =
b11101001 A
b11101001 G
x1
x2
x3
bx +
b1000 P
b1100110 V
b1100110 Y
b110011000 U
b110011000 Z
b1100110 J
b1100110 Q
b11 K
1M
b100100001 *
b100100001 F
b100100001 I
1)
1E
#2666
17
b111111110 H
b111111110 S
b111111110 R
b111111110 [
1X
b100100001 +
#2667
0X
11
#2668
12
#2669
1"
03
#2670
0)
0E
#2675
b110110 ^
b111 a
1-
b1000000011 _
1$
1C
b11 #
b11 B
b11 D
b11 !
b11 8
b11 =
b11 A
b11 G
0/
b1001 P
b11 L
0&
0O
1)
1E
#2676
0-
#2680
0)
0E
#2685
b1100110 #
b1100110 B
b1100110 D
b1100110 !
b1100110 8
b1100110 =
b1100110 A
b1100110 G
b0 P
1&
1O
b1100110 L
1)
1E
#2689
0$
0C
1/
#2690
0)
0E
#2695
0"
x7
bz !
bz 8
bz =
bz A
bz G
x1
x2
x3
bx +
b1 P
0M
b100000000 *
b100000000 F
b100000000 I
1)
1E
#2696
07
b100000000 +
#2697
1"
01
#2698
12
#2699
13
#2700
0)
0E
#2705
b0 !
b0 8
b0 =
b0 A
b0 G
b0 :
1;
0.
b10 P
0'
0N
1)
1E
#2710
0)
0E
#2715
b11 P
b0 V
b0 Y
b0 U
b0 Z
b0 J
b0 Q
1)
1E
#2716
b0 H
b0 S
b0 R
b0 [
#2720
0)
0E
#2725
b1 P
1'
1N
1)
1E
#2729
bz !
bz 8
bz =
bz A
bz G
0;
1.
#2730
0)
0E
#2735
b0 !
b0 8
b0 =
b0 A
b0 G
1;
0.
b10 P
0'
0N
1)
1E
#2740
0)
0E
#2745
b11 P
1)
1E
#2750
0)
0E
#2755
b1 P
1'
1N
1)
1E
#2759
bz !
bz 8
bz =
bz A
bz G
0;
1.
#2760
0)
0E
#2765
b0 !
b0 8
b0 =
b0 A
b0 G
1;
0.
b10 P
0'
0N
1)
1E
#2770
0)
0E
#2775
b11 P
1)
1E
#2780
0)
0E
b1 !
b1 8
b1 =
b1 A
b1 G
b1 :
14
b11001001 5
b11001001 9
#2785
b1 P
1'
1N
1)
1E
#2789
bz !
bz 8
bz =
bz A
bz G
0;
1.
#2790
0)
0E
#2795
b1 !
b1 8
b1 =
b1 A
b1 G
1;
0.
b10 P
0'
0N
1)
1E
#2800
0)
0E
#2805
b11 P
b1 V
b1 Y
b100 U
b100 Z
b1 J
b1 Q
1)
1E
#2806
b101 H
b101 S
b101 R
b101 [
#2810
0)
0E
#2815
b100 P
1'
1N
1)
1E
#2819
bz !
bz 8
bz =
bz A
bz G
0;
1.
#2820
0)
0E
#2825
0"
b100001110 `
x7
x1
x2
x3
bx +
b101 P
b100000001 *
b100000001 F
b100000001 I
1)
1E
#2826
17
b100000001 +
#2827
1"
01
#2828
12
#2829
13
#2830
0)
0E
#2835
b11001001 !
b11001001 8
b11001001 =
b11001001 A
b11001001 G
1%
1<
b11001001 :
1;
0.
b110 P
0'
0N
1)
1E
#2840
0)
0E
#2845
b111 P
1'
1N
b11001001 V
b11001001 Y
b1100100100 U
b1100100100 Z
b11001001 J
b11001001 Q
1)
1E
#2846
b1111101101 H
b1111101101 S
b1111101101 R
b1111101101 [
#2849
bz !
bz 8
bz =
bz A
bz G
0%
0<
0;
1.
#2850
0)
0E
04
b10010 5
b10010 9
b1111 ]
#2855
0"
x7
b1100110 !
b1100110 8
b1100110 =
b1100110 A
b1100110 G
x1
x2
x3
bx +
b1000 P
b11101101 V
b11101101 Y
b1110110100 U
b1110110100 Z
b11101101 J
b11101101 Q
1M
b100100001 *
b100100001 F
b100100001 I
1)
1E
#2856
17
b10100001 R
b10100001 [
b10010100001 H
b10010100001 S
1T
b100100001 +
#2857
11
#2858
12
#2859
1"
03
#2860
0)
0E
#2865
b1100000011 _
1$
1C
b11 #
b11 B
b11 D
b11 !
b11 8
b11 =
b11 A
b11 G
0/
b1001 P
b11 L
0&
0O
1)
1E
#2870
0)
0E
#2875
b11101101 #
b11101101 B
b11101101 D
b11101101 !
b11101101 8
b11101101 =
b11101101 A
b11101101 G
b0 P
1&
1O
b11101101 L
1)
1E
#2879
0$
0C
1/
#2880
0)
0E
#2885
0"
x7
bz !
bz 8
bz =
bz A
bz G
x1
x2
x3
bx +
b1 P
0M
b100000000 *
b100000000 F
b100000000 I
1)
1E
#2886
07
b100000000 +
#2887
1"
01
#2888
12
#2889
13
#2890
0)
0E
#2895
b0 !
b0 8
b0 =
b0 A
b0 G
b0 :
1;
0.
b10 P
0'
0N
1)
1E
#2900
0)
0E
#2905
b11 P
b0 V
b0 Y
b0 U
b0 Z
b0 J
b0 Q
1)
1E
#2906
b0 R
b0 [
b0 H
b0 S
0T
#2910
0)
0E
#2915
b1 P
1'
1N
1)
1E
#2919
bz !
bz 8
bz =
bz A
bz G
0;
1.
#2920
0)
0E
#2925
b0 !
b0 8
b0 =
b0 A
b0 G
1;
0.
b10 P
0'
0N
1)
1E
#2930
0)
0E
#2935
b11 P
1)
1E
#2940
0)
0E
#2945
b1 P
1'
1N
1)
1E
#2949
bz !
bz 8
bz =
bz A
bz G
0;
1.
#2950
0)
0E
#2955
b0 !
b0 8
b0 =
b0 A
b0 G
1;
0.
b10 P
0'
0N
1)
1E
#2960
0)
0E
#2965
b11 P
1)
1E
#2970
0)
0E
b1 !
b1 8
b1 =
b1 A
b1 G
b1 :
14
b11100110 5
b11100110 9
#2975
b1 P
1'
1N
1)
1E
#2979
bz !
bz 8
bz =
bz A
bz G
0;
1.
#2980
0)
0E
#2985
b1 !
b1 8
b1 =
b1 A
b1 G
1;
0.
b10 P
0'
0N
1)
1E
#2990
0)
0E
#2995
b11 P
b1 V
b1 Y
b100 U
b100 Z
b1 J
b1 Q
1)
1E
#2996
b101 H
b101 S
b101 R
b101 [
#3000
0)
0E
#3005
b100 P
1'
1N
1)
1E
#3009
bz !
bz 8
bz =
bz A
bz G
0;
1.
#3010
0)
0E
#3015
0"
x7
x1
x2
x3
bx +
b101 P
b100000001 *
b100000001 F
b100000001 I
1)
1E
#3016
17
b100000001 +
#3017
1"
01
#3018
12
#3019
13
#3020
0)
0E
#3025
b11100110 !
b11100110 8
b11100110 =
b11100110 A
b11100110 G
1%
1<
b11100110 :
1;
0.
b110 P
0'
0N
1)
1E
#3030
0)
0E
#3035
b111 P
1'
1N
b11100110 V
b11100110 Y
b1110011000 U
b1110011000 Z
b11100110 J
b11100110 Q
1)
1E
#3036
b1111110 R
b1111110 [
b10001111110 H
b10001111110 S
1T
#3039
bz !
bz 8
bz =
bz A
bz G
0%
0<
0;
1.
#3040
0)
0E
04
b10011 5
b10011 9
b10000 ]
#3045
0"
x7
b11101101 !
b11101101 8
b11101101 =
b11101101 A
b11101101 G
x1
x2
x3
bx +
b1000 P
b1111110 V
b1111110 Y
b111111000 U
b111111000 Z
b1111110 J
b1111110 Q
b100 K
1M
b100100001 *
b100100001 F
b100100001 I
1)
1E
#3046
17
b1001110110 R
b1001110110 [
b1001110110 H
b1001110110 S
0T
b100100001 +
#3047
1X
11
#3048
12
#3049
1"
03
#3050
0)
0E
#3055
b1000101 ^
b1000 a
1-
b1100000100 _
1$
1C
b100 #
b100 B
b100 D
b100 !
b100 8
b100 =
b100 A
b100 G
0/
b1001 P
b100 L
0&
0O
1)
1E
#3056
0-
#3060
0)
0E
#3065
b1111110 #
b1111110 B
b1111110 D
b1111110 !
b1111110 8
b1111110 =
b1111110 A
b1111110 G
b0 P
1&
1O
b1111110 L
1)
1E
#3069
0$
0C
1/
#3070
0)
0E
#3075
0"
x7
bz !
bz 8
bz =
bz A
bz G
x1
x2
x3
bx +
b1 P
0M
b100000000 *
b100000000 F
b100000000 I
1)
1E
#3076
07
b100000000 +
#3077
1"
01
#3078
12
#3079
13
#3080
0)
0E
#3085
b0 !
b0 8
b0 =
b0 A
b0 G
b0 :
1;
0.
b10 P
0'
0N
1)
1E
#3090
0)
0E
#3095
b11 P
b0 V
b0 Y
b0 U
b0 Z
b0 J
b0 Q
1)
1E
#3096
b0 H
b0 S
b0 R
b0 [
#3097
0X
#3100
0)
0E
#3105
b1 P
1'
1N
1)
1E
#3109
bz !
bz 8
bz =
bz A
bz G
0;
1.
#3110
0)
0E
#3115
b0 !
b0 8
b0 =
b0 A
b0 G
1;
0.
b10 P
0'
0N
1)
1E
#3120
0)
0E
#3125
b11 P
1)
1E
#3130
0)
0E
#3135
b1 P
1'
1N
1)
1E
#3139
bz !
bz 8
bz =
bz A
bz G
0;
1.
#3140
0)
0E
#3145
b0 !
b0 8
b0 =
b0 A
b0 G
1;
0.
b10 P
0'
0N
1)
1E
#3150
0)
0E
#3155
b11 P
1)
1E
#3160
0)
0E
b1 !
b1 8
b1 =
b1 A
b1 G
b1 :
14
b101 5
b101 9
#3165
b1 P
1'
1N
1)
1E
#3169
bz !
bz 8
bz =
bz A
bz G
0;
1.
#3170
0)
0E
#3175
b1 !
b1 8
b1 =
b1 A
b1 G
1;
0.
b10 P
0'
0N
1)
1E
#3180
0)
0E
#3185
b11 P
b1 V
b1 Y
b100 U
b100 Z
b1 J
b1 Q
1)
1E
#3186
b101 H
b101 S
b101 R
b101 [
#3190
0)
0E
#3195
b100 P
1'
1N
1)
1E
#3199
bz !
bz 8
bz =
bz A
bz G
0;
1.
#3200
0)
0E
#3205
0"
b101011001 `
x7
x1
x2
x3
bx +
b101 P
b100000001 *
b100000001 F
b100000001 I
1)
1E
#3206
17
b100000001 +
#3207
1"
01
#3208
12
#3209
13
#3210
0)
0E
#3215
b101 !
b101 8
b101 =
b101 A
b101 G
1%
1<
b101 :
1;
0.
b110 P
0'
0N
1)
1E
#3220
0)
0E
#3225
b111 P
1'
1N
b101 V
b101 Y
b10100 U
b10100 Z
b101 J
b101 Q
1)
1E
#3226
b11001 H
b11001 S
b11001 R
b11001 [
#3229
bz !
bz 8
bz =
bz A
bz G
0%
0<
0;
1.
#3230
0)
0E
04
b10100 5
b10100 9
b10001 ]
#3235
0"
x7
b1111110 !
b1111110 8
b1111110 =
b1111110 A
b1111110 G
x1
x2
x3
bx +
b1000 P
b11001 V
b11001 Y
b1100100 U
b1100100 Z
b11001 J
b11001 Q
b0 K
1M
b100100001 *
b100100001 F
b100100001 I
1)
1E
#3236
17
b1111101 H
b1111101 S
b1111101 R
b1111101 [
b100100001 +
#3237
11
#3238
12
#3239
1"
03
#3240
0)
0E
#3245
b100 _
1$
1C
b0 #
b0 B
b0 D
b0 !
b0 8
b0 =
b0 A
b0 G
0/
b1001 P
b0 L
0&
0O
1)
1E
#3250
0)
0E
#3255
b11001 #
b11001 B
b11001 D
b11001 !
b11001 8
b11001 =
b11001 A
b11001 G
b0 P
1&
1O
b11001 L
1)
1E
#3259
0$
0C
1/
#3260
0)
0E
#3265
0"
x7
bz !
bz 8
bz =
bz A
bz G
x1
x2
x3
bx +
b1 P
0M
b100000000 *
b100000000 F
b100000000 I
1)
1E
#3266
07
b100000000 +
#3267
1"
01
#3268
12
#3269
13
#3270
0)
0E
#3275
b0 !
b0 8
b0 =
b0 A
b0 G
b0 :
1;
0.
b10 P
0'
0N
1)
1E
#3280
0)
0E
#3285
b11 P
b0 V
b0 Y
b0 U
b0 Z
b0 J
b0 Q
1)
1E
#3286
b0 H
b0 S
b0 R
b0 [
#3290
0)
0E
#3295
b1 P
1'
1N
1)
1E
#3299
bz !
bz 8
bz =
bz A
bz G
0;
1.
#3300
0)
0E
#3305
b0 !
b0 8
b0 =
b0 A
b0 G
1;
0.
b10 P
0'
0N
1)
1E
#3310
0)
0E
#3315
b11 P
1)
1E
#3320
0)
0E
#3325
b1 P
1'
1N
1)
1E
#3329
bz !
bz 8
bz =
bz A
bz G
0;
1.
#3330
0)
0E
#3335
b0 !
b0 8
b0 =
b0 A
b0 G
1;
0.
b10 P
0'
0N
1)
1E
#3340
0)
0E
#3345
b11 P
1)
1E
#3350
0)
0E
b1 !
b1 8
b1 =
b1 A
b1 G
b1 :
14
b100110 5
b100110 9
#3355
b1 P
1'
1N
1)
1E
#3359
bz !
bz 8
bz =
bz A
bz G
0;
1.
#3360
0)
0E
#3365
b1 !
b1 8
b1 =
b1 A
b1 G
1;
0.
b10 P
0'
0N
1)
1E
#3370
0)
0E
#3375
b11 P
b1 V
b1 Y
b100 U
b100 Z
b1 J
b1 Q
1)
1E
#3376
b101 H
b101 S
b101 R
b101 [
#3380
0)
0E
#3385
b100 P
1'
1N
1)
1E
#3389
bz !
bz 8
bz =
bz A
bz G
0;
1.
#3390
0)
0E
#3395
0"
x7
x1
x2
x3
bx +
b101 P
b100000001 *
b100000001 F
b100000001 I
1)
1E
#3396
17
b100000001 +
#3397
1"
01
#3398
12
#3399
13
#3400
0)
0E
#3405
b100110 !
b100110 8
b100110 =
b100110 A
b100110 G
1%
1<
b100110 :
1;
0.
b110 P
0'
0N
1)
1E
#3410
0)
0E
#3415
b111 P
1'
1N
b100110 V
b100110 Y
b10011000 U
b10011000 Z
b100110 J
b100110 Q
1)
1E
#3416
b10111110 H
b10111110 S
b10111110 R
b10111110 [
#3419
bz !
bz 8
bz =
bz A
bz G
0%
0<
0;
1.
#3420
0)
0E
04
b10101 5
b10101 9
b10010 ]
#3425
0"
x7
b11001 !
b11001 8
b11001 =
b11001 A
b11001 G
x1
x2
x3
bx +
b1000 P
b10111110 V
b10111110 Y
b1011111000 U
b1011111000 Z
b10111110 J
b10111110 Q
1M
b100100001 *
b100100001 F
b100100001 I
1)
1E
#3426
17
b1110110110 H
b1110110110 S
b1110110110 R
b1110110110 [
b100100001 +
#3427
11
#3428
12
#3429
1"
03
#3430
0)
0E
#3435
b1010110 ^
b1001 a
1-
b0 _
1$
1C
b0 #
b0 B
b0 D
b0 !
b0 8
b0 =
b0 A
b0 G
0/
b1001 P
b0 L
0&
0O
1)
1E
#3436
0-
#3440
0)
0E
#3445
b10111110 #
b10111110 B
b10111110 D
b10111110 !
b10111110 8
b10111110 =
b10111110 A
b10111110 G
b0 P
1&
1O
b10111110 L
1)
1E
#3449
0$
0C
1/
#3450
0)
0E
#3455
0"
x7
bz !
bz 8
bz =
bz A
bz G
x1
x2
x3
bx +
b1 P
0M
b100000000 *
b100000000 F
b100000000 I
1)
1E
#3456
07
b100000000 +
#3457
1"
01
#3458
12
#3459
13
#3460
0)
0E
#3465
b0 !
b0 8
b0 =
b0 A
b0 G
b0 :
1;
0.
b10 P
0'
0N
1)
1E
#3470
0)
0E
#3475
b11 P
b0 V
b0 Y
b0 U
b0 Z
b0 J
b0 Q
1)
1E
#3476
b0 H
b0 S
b0 R
b0 [
1X
#3477
0X
#3480
0)
0E
#3485
b1 P
1'
1N
1)
1E
#3489
bz !
bz 8
bz =
bz A
bz G
0;
1.
#3490
0)
0E
#3495
b0 !
b0 8
b0 =
b0 A
b0 G
1;
0.
b10 P
0'
0N
1)
1E
#3500
0)
0E
#3505
b11 P
1)
1E
#3510
0)
0E
#3515
b1 P
1'
1N
1)
1E
#3519
bz !
bz 8
bz =
bz A
bz G
0;
1.
#3520
0)
0E
#3525
b0 !
b0 8
b0 =
b0 A
b0 G
1;
0.
b10 P
0'
0N
1)
1E
#3530
0)
0E
#3535
b11 P
1)
1E
#3540
0)
0E
b1 !
b1 8
b1 =
b1 A
b1 G
b1 :
14
b1001001 5
b1001001 9
#3545
b1 P
1'
1N
1)
1E
#3549
bz !
bz 8
bz =
bz A
bz G
0;
1.
#3550
0)
0E
#3555
b1 !
b1 8
b1 =
b1 A
b1 G
1;
0.
b10 P
0'
0N
1)
1E
#3560
0)
0E
#3565
b11 P
b1 V
b1 Y
b100 U
b100 Z
b1 J
b1 Q
1)
1E
#3566
b101 H
b101 S
b101 R
b101 [
#3570
0)
0E
#3575
b100 P
1'
1N
1)
1E
#3579
bz !
bz 8
bz =
bz A
bz G
0;
1.
#3580
0)
0E
#3585
0"
b110101110 `
x7
x1
x2
x3
bx +
b101 P
b100000001 *
b100000001 F
b100000001 I
1)
1E
#3586
17
b100000001 +
#3587
1"
01
#3588
12
#3589
13
#3590
0)
0E
#3595
b1001001 !
b1001001 8
b1001001 =
b1001001 A
b1001001 G
1%
1<
b1001001 :
1;
0.
b110 P
0'
0N
1)
1E
#3600
0)
0E
#3605
b111 P
1'
1N
b1001001 V
b1001001 Y
b100100100 U
b100100100 Z
b1001001 J
b1001001 Q
1)
1E
#3606
b101101101 H
b101101101 S
b101101101 R
b101101101 [
#3609
bz !
bz 8
bz =
bz A
bz G
0%
0<
0;
1.
#3610
0)
0E
04
b10110 5
b10110 9
b10011 ]
#3615
0"
x7
b10111110 !
b10111110 8
b10111110 =
b10111110 A
b10111110 G
x1
x2
x3
bx +
b1000 P
b1101101 V
b1101101 Y
b110110100 U
b110110100 Z
b1101101 J
b1101101 Q
b1 K
1M
b100100001 *
b100100001 F
b100100001 I
1)
1E
#3616
17
b1000100001 H
b1000100001 S
b1000100001 R
b1000100001 [
b100100001 +
#3617
1X
11
#3618
12
#3619
1"
03
#3620
0)
0E
#3625
b100000000 _
1$
1C
b1 #
b1 B
b1 D
b1 !
b1 8
b1 =
b1 A
b1 G
0/
b1001 P
b1 L
0&
0O
1)
1E
#3630
0)
0E
#3635
b1101101 #
b1101101 B
b1101101 D
b1101101 !
b1101101 8
b1101101 =
b1101101 A
b1101101 G
b0 P
1&
1O
b1101101 L
1)
1E
#3639
0$
0C
1/
#3640
0)
0E
#3645
0"
x7
bz !
bz 8
bz =
bz A
bz G
x1
x2
x3
bx +
b1 P
0M
b100000000 *
b100000000 F
b100000000 I
1)
1E
#3646
07
b100000000 +
#3647
1"
01
#3648
12
#3649
13
#3650
0)
0E
#3655
b0 !
b0 8
b0 =
b0 A
b0 G
b0 :
1;
0.
b10 P
0'
0N
1)
1E
#3660
0)
0E
#3665
b11 P
b0 V
b0 Y
b0 U
b0 Z
b0 J
b0 Q
1)
1E
#3666
b0 H
b0 S
b0 R
b0 [
#3667
0X
#3670
0)
0E
#3675
b1 P
1'
1N
1)
1E
#3679
bz !
bz 8
bz =
bz A
bz G
0;
1.
#3680
0)
0E
#3685
b0 !
b0 8
b0 =
b0 A
b0 G
1;
0.
b10 P
0'
0N
1)
1E
#3690
0)
0E
#3695
b11 P
1)
1E
#3700
0)
0E
#3705
b1 P
1'
1N
1)
1E
#3709
bz !
bz 8
bz =
bz A
bz G
0;
1.
#3710
0)
0E
#3715
b0 !
b0 8
b0 =
b0 A
b0 G
1;
0.
b10 P
0'
0N
1)
1E
#3720
0)
0E
#3725
b11 P
1)
1E
#3730
0)
0E
b1 !
b1 8
b1 =
b1 A
b1 G
b1 :
14
b1101110 5
b1101110 9
#3735
b1 P
1'
1N
1)
1E
#3739
bz !
bz 8
bz =
bz A
bz G
0;
1.
#3740
0)
0E
#3745
b1 !
b1 8
b1 =
b1 A
b1 G
1;
0.
b10 P
0'
0N
1)
1E
#3750
0)
0E
#3755
b11 P
b1 V
b1 Y
b100 U
b100 Z
b1 J
b1 Q
1)
1E
#3756
b101 H
b101 S
b101 R
b101 [
#3760
0)
0E
#3765
b100 P
1'
1N
1)
1E
#3769
bz !
bz 8
bz =
bz A
bz G
0;
1.
#3770
0)
0E
#3775
0"
x7
x1
x2
x3
bx +
b101 P
b100000001 *
b100000001 F
b100000001 I
1)
1E
#3776
17
b100000001 +
#3777
1"
01
#3778
12
#3779
13
#3780
0)
0E
#3785
b1101110 !
b1101110 8
b1101110 =
b1101110 A
b1101110 G
1%
1<
b1101110 :
1;
0.
b110 P
0'
0N
1)
1E
#3790
0)
0E
#3795
b111 P
1'
1N
b1101110 V
b1101110 Y
b110111000 U
b110111000 Z
b1101110 J
b1101110 Q
1)
1E
#3796
b1000100110 H
b1000100110 S
b1000100110 R
b1000100110 [
#3797
1X
#3799
bz !
bz 8
bz =
bz A
bz G
0%
0<
0;
1.
#3800
0)
0E
04
b10111 5
b10111 9
b10100 ]
#3805
0"
x7
b1101101 !
b1101101 8
b1101101 =
b1101101 A
b1101101 G
x1
x2
x3
bx +
b1000 P
b100110 V
b100110 Y
b10011000 U
b10011000 Z
b100110 J
b100110 Q
b10 K
1M
b100100001 *
b100100001 F
b100100001 I
1)
1E
#3806
17
b10111110 H
b10111110 S
b10111110 R
b10111110 [
b100100001 +
#3807
0X
11
#3808
12
#3809
1"
03
#3810
0)
0E
#3815
b1101001 ^
b1010 a
1-
b100000010 _
1$
1C
b10 #
b10 B
b10 D
b10 !
b10 8
b10 =
b10 A
b10 G
0/
b1001 P
b10 L
0&
0O
1)
1E
#3816
0-
#3820
0)
0E
#3825
b100110 #
b100110 B
b100110 D
b100110 !
b100110 8
b100110 =
b100110 A
b100110 G
b0 P
1&
1O
b100110 L
1)
1E
#3829
0$
0C
1/
#3830
0)
0E
#3835
0"
x7
bz !
bz 8
bz =
bz A
bz G
x1
x2
x3
bx +
b1 P
0M
b100000000 *
b100000000 F
b100000000 I
1)
1E
#3836
07
b100000000 +
#3837
1"
01
#3838
12
#3839
13
#3840
0)
0E
#3845
b0 !
b0 8
b0 =
b0 A
b0 G
b0 :
1;
0.
b10 P
0'
0N
1)
1E
#3850
0)
0E
#3855
b11 P
b0 V
b0 Y
b0 U
b0 Z
b0 J
b0 Q
1)
1E
#3856
b0 H
b0 S
b0 R
b0 [
#3860
0)
0E
#3865
b1 P
1'
1N
1)
1E
#3869
bz !
bz 8
bz =
bz A
bz G
0;
1.
#3870
0)
0E
#3875
b0 !
b0 8
b0 =
b0 A
b0 G
1;
0.
b10 P
0'
0N
1)
1E
#3880
0)
0E
#3885
b11 P
1)
1E
#3890
0)
0E
#3895
b1 P
1'
1N
1)
1E
#3899
bz !
bz 8
bz =
bz A
bz G
0;
1.
#3900
0)
0E
#3905
b0 !
b0 8
b0 =
b0 A
b0 G
1;
0.
b10 P
0'
0N
1)
1E
#3910
0)
0E
#3915
b11 P
1)
1E
#3920
0)
0E
b1 !
b1 8
b1 =
b1 A
b1 G
b1 :
14
b10010101 5
b10010101 9
#3925
b1 P
1'
1N
1)
1E
#3929
bz !
bz 8
bz =
bz A
bz G
0;
1.
#3930
0)
0E
#3935
b1 !
b1 8
b1 =
b1 A
b1 G
1;
0.
b10 P
0'
0N
1)
1E
#3940
0)
0E
#3945
b11 P
b1 V
b1 Y
b100 U
b100 Z
b1 J
b1 Q
1)
1E
#3946
b101 H
b101 S
b101 R
b101 [
#3950
0)
0E
#3955
b100 P
1'
1N
1)
1E
#3959
bz !
bz 8
bz =
bz A
bz G
0;
1.
#3960
0)
0E
#3965
0"
b1000001101 `
x7
x1
x2
x3
bx +
b101 P
b100000001 *
b100000001 F
b100000001 I
1)
1E
#3966
17
b100000001 +
#3967
1"
01
#3968
12
#3969
13
#3970
0)
0E
#3975
b10010101 !
b10010101 8
b10010101 =
b10010101 A
b10010101 G
1%
1<
b10010101 :
1;
0.
b110 P
0'
0N
1)
1E
#3980
0)
0E
#3985
b111 P
1'
1N
b10010101 V
b10010101 Y
b1001010100 U
b1001010100 Z
b10010101 J
b10010101 Q
1)
1E
#3986
b1011101001 H
b1011101001 S
b1011101001 R
b1011101001 [
#3989
bz !
bz 8
bz =
bz A
bz G
0%
0<
0;
1.
#3990
0)
0E
04
b11000 5
b11000 9
b10101 ]
#3995
0"
x7
b100110 !
b100110 8
b100110 =
b100110 A
b100110 G
x1
x2
x3
bx +
b1000 P
b11101001 V
b11101001 Y
b1110100100 U
b1110100100 Z
b11101001 J
b11101001 Q
1M
b100100001 *
b100100001 F
b100100001 I
1)
1E
#3996
17
b10001101 R
b10001101 [
b10010001101 H
b10010001101 S
1T
b100100001 +
#3997
11
#3998
12
#3999
1"
03
#4000
0)
0E
#4005
b1000000010 _
1$
1C
b10 #
b10 B
b10 D
b10 !
b10 8
b10 =
b10 A
b10 G
0/
b1001 P
b10 L
0&
0O
1)
1E
#4010
0)
0E
#4015
b11101001 #
b11101001 B
b11101001 D
b11101001 !
b11101001 8
b11101001 =
b11101001 A
b11101001 G
b0 P
1&
1O
b11101001 L
1)
1E
#4019
0$
0C
1/
#4020
0)
0E
#4025
0"
x7
bz !
bz 8
bz =
bz A
bz G
x1
x2
x3
bx +
b1 P
0M
b100000000 *
b100000000 F
b100000000 I
1)
1E
#4026
07
b100000000 +
#4027
1"
01
#4028
12
#4029
13
#4030
0)
0E
#4035
b0 !
b0 8
b0 =
b0 A
b0 G
b0 :
1;
0.
b10 P
0'
0N
1)
1E
#4040
0)
0E
#4045
b11 P
b0 V
b0 Y
b0 U
b0 Z
b0 J
b0 Q
1)
1E
#4046
b0 R
b0 [
b0 H
b0 S
0T
#4050
0)
0E
#4055
b1 P
1'
1N
1)
1E
#4059
bz !
bz 8
bz =
bz A
bz G
0;
1.
#4060
0)
0E
#4065
b0 !
b0 8
b0 =
b0 A
b0 G
1;
0.
b10 P
0'
0N
1)
1E
#4070
0)
0E
#4075
b11 P
1)
1E
#4080
0)
0E
#4085
b1 P
1'
1N
1)
1E
#4089
bz !
bz 8
bz =
bz A
bz G
0;
1.
#4090
0)
0E
#4095
b0 !
b0 8
b0 =
b0 A
b0 G
1;
0.
b10 P
0'
0N
1)
1E
#4100
0)
0E
#4105
b11 P
1)
1E
#4110
0)
0E
b1 !
b1 8
b1 =
b1 A
b1 G
b1 :
14
b10111110 5
b10111110 9
#4115
b1 P
1'
1N
1)
1E
#4119
bz !
bz 8
bz =
bz A
bz G
0;
1.
#4120
0)
0E
#4125
b1 !
b1 8
b1 =
b1 A
b1 G
1;
0.
b10 P
0'
0N
1)
1E
#4130
0)
0E
#4135
b11 P
b1 V
b1 Y
b100 U
b100 Z
b1 J
b1 Q
1)
1E
#4136
b101 H
b101 S
b101 R
b101 [
#4140
0)
0E
#4145
b100 P
1'
1N
1)
1E
#4149
bz !
bz 8
bz =
bz A
bz G
0;
1.
#4150
0)
0E
#4155
0"
x7
x1
x2
x3
bx +
b101 P
b100000001 *
b100000001 F
b100000001 I
1)
1E
#4156
17
b100000001 +
#4157
1"
01
#4158
12
#4159
13
#4160
0)
0E
#4165
b10111110 !
b10111110 8
b10111110 =
b10111110 A
b10111110 G
1%
1<
b10111110 :
1;
0.
b110 P
0'
0N
1)
1E
#4170
0)
0E
#4175
b111 P
1'
1N
b10111110 V
b10111110 Y
b1011111000 U
b1011111000 Z
b10111110 J
b10111110 Q
1)
1E
#4176
b1110110110 H
b1110110110 S
b1110110110 R
b1110110110 [
#4179
bz !
bz 8
bz =
bz A
bz G
0%
0<
0;
1.
#4180
0)
0E
04
b11001 5
b11001 9
b10110 ]
#4185
0"
x7
b11101001 !
b11101001 8
b11101001 =
b11101001 A
b11101001 G
x1
x2
x3
bx +
b1000 P
b10110110 V
b10110110 Y
b1011011000 U
b1011011000 Z
b10110110 J
b10110110 Q
b11 K
1M
b100100001 *
b100100001 F
b100100001 I
1)
1E
#4186
17
b1110001110 H
b1110001110 S
b1110001110 R
b1110001110 [
b100100001 +
#4187
11
#4188
12
#4189
1"
03
#4190
0)
0E
#4195
b1111110 ^
b1011 a
1-
b1000000011 _
1$
1C
b11 #
b11 B
b11 D
b11 !
b11 8
b11 =
b11 A
b11 G
0/
b1001 P
b11 L
0&
0O
1)
1E
#4196
0-
#4200
0)
0E
#4205
b10110110 #
b10110110 B
b10110110 D
b10110110 !
b10110110 8
b10110110 =
b10110110 A
b10110110 G
b0 P
1&
1O
b10110110 L
1)
1E
#4209
0$
0C
1/
#4210
0)
0E
#4215
0"
x7
bz !
bz 8
bz =
bz A
bz G
x1
x2
x3
bx +
b1 P
0M
b100000000 *
b100000000 F
b100000000 I
1)
1E
#4216
07
b100000000 +
#4217
1"
01
#4218
12
#4219
13
#4220
0)
0E
#4225
b0 !
b0 8
b0 =
b0 A
b0 G
b0 :
1;
0.
b10 P
0'
0N
1)
1E
#4230
0)
0E
#4235
b11 P
b0 V
b0 Y
b0 U
b0 Z
b0 J
b0 Q
1)
1E
#4236
b0 H
b0 S
b0 R
b0 [
1X
#4237
0X
#4240
0)
0E
#4245
b1 P
1'
1N
1)
1E
#4249
bz !
bz 8
bz =
bz A
bz G
0;
1.
#4250
0)
0E
#4255
b0 !
b0 8
b0 =
b0 A
b0 G
1;
0.
b10 P
0'
0N
1)
1E
#4260
0)
0E
#4265
b11 P
1)
1E
#4270
0)
0E
#4275
b1 P
1'
1N
1)
1E
#4279
bz !
bz 8
bz =
bz A
bz G
0;
1.
#4280
0)
0E
#4285
b0 !
b0 8
b0 =
b0 A
b0 G
1;
0.
b10 P
0'
0N
1)
1E
#4290
0)
0E
#4295
b11 P
1)
1E
#4300
0)
0E
b1 !
b1 8
b1 =
b1 A
b1 G
b1 :
14
b11101001 5
b11101001 9
#4305
b1 P
1'
1N
1)
1E
#4309
bz !
bz 8
bz =
bz A
bz G
0;
1.
#4310
0)
0E
#4315
b1 !
b1 8
b1 =
b1 A
b1 G
1;
0.
b10 P
0'
0N
1)
1E
#4320
0)
0E
#4325
b11 P
b1 V
b1 Y
b100 U
b100 Z
b1 J
b1 Q
1)
1E
#4326
b101 H
b101 S
b101 R
b101 [
#4330
0)
0E
#4335
b100 P
1'
1N
1)
1E
#4339
bz !
bz 8
bz =
bz A
bz G
0;
1.
#4340
0)
0E
#4345
0"
b1001110110 `
x7
x1
x2
x3
bx +
b101 P
b100000001 *
b100000001 F
b100000001 I
1)
1E
#4346
17
b100000001 +
#4347
1"
01
#4348
12
#4349
13
#4350
0)
0E
#4355
b11101001 !
b11101001 8
b11101001 =
b11101001 A
b11101001 G
1%
1<
b11101001 :
1;
0.
b110 P
0'
0N
1)
1E
#4360
0)
0E
#4365
b111 P
1'
1N
b11101001 V
b11101001 Y
b1110100100 U
b1110100100 Z
b11101001 J
b11101001 Q
1)
1E
#4366
b10001101 R
b10001101 [
b10010001101 H
b10010001101 S
1T
#4369
bz !
bz 8
bz =
bz A
bz G
0%
0<
0;
1.
#4370
0)
0E
04
b11010 5
b11010 9
b10111 ]
#4375
0"
x7
b10110110 !
b10110110 8
b10110110 =
b10110110 A
b10110110 G
x1
x2
x3
bx +
b1000 P
b10001101 V
b10001101 Y
b1000110100 U
b1000110100 Z
b10001101 J
b10001101 Q
b100 K
1M
b100100001 *
b100100001 F
b100100001 I
1)
1E
#4376
17
b1011000001 R
b1011000001 [
b1011000001 H
b1011000001 S
0T
b100100001 +
#4377
11
#4378
12
#4379
1"
03
#4380
0)
0E
#4385
b10000000011 _
1$
1C
b100 #
b100 B
b100 D
b100 !
b100 8
b100 =
b100 A
b100 G
0/
b1001 P
b100 L
0&
0O
1)
1E
#4390
0)
0E
#4395
b10001101 #
b10001101 B
b10001101 D
b10001101 !
b10001101 8
b10001101 =
b10001101 A
b10001101 G
b0 P
1&
1O
b10001101 L
1)
1E
#4399
0$
0C
1/
#4400
0)
0E
#4405
0"
x7
bz !
bz 8
bz =
bz A
bz G
x1
x2
x3
bx +
b1 P
0M
b100000000 *
b100000000 F
b100000000 I
1)
1E
#4406
07
b100000000 +
#4407
1"
01
#4408
12
#4409
13
#4410
0)
0E
#4415
b0 !
b0 8
b0 =
b0 A
b0 G
b0 :
1;
0.
b10 P
0'
0N
1)
1E
#4420
0)
0E
#4425
b11 P
b0 V
b0 Y
b0 U
b0 Z
b0 J
b0 Q
1)
1E
#4426
b0 H
b0 S
b0 R
b0 [
1X
#4427
0X
#4430
0)
0E
#4435
b1 P
1'
1N
1)
1E
#4439
bz !
bz 8
bz =
bz A
bz G
0;
1.
#4440
0)
0E
#4445
b0 !
b0 8
b0 =
b0 A
b0 G
1;
0.
b10 P
0'
0N
1)
1E
#4450
0)
0E
#4455
b11 P
1)
1E
#4460
0)
0E
#4465
b1 P
1'
1N
1)
1E
#4469
bz !
bz 8
bz =
bz A
bz G
0;
1.
#4470
0)
0E
#4475
b0 !
b0 8
b0 =
b0 A
b0 G
1;
0.
b10 P
0'
0N
1)
1E
#4480
0)
0E
#4485
b11 P
1)
1E
#4490
0)
0E
b1 !
b1 8
b1 =
b1 A
b1 G
b1 :
14
b10110 5
b10110 9
#4495
b1 P
1'
1N
1)
1E
#4499
bz !
bz 8
bz =
bz A
bz G
0;
1.
#4500
0)
0E
#4505
b1 !
b1 8
b1 =
b1 A
b1 G
1;
0.
b10 P
0'
0N
1)
1E
#4510
0)
0E
#4515
b11 P
b1 V
b1 Y
b100 U
b100 Z
b1 J
b1 Q
1)
1E
#4516
b101 H
b101 S
b101 R
b101 [
#4520
0)
0E
#4525
b100 P
1'
1N
1)
1E
#4529
bz !
bz 8
bz =
bz A
bz G
0;
1.
#4530
0)
0E
#4535
0"
x7
x1
x2
x3
bx +
b101 P
b100000001 *
b100000001 F
b100000001 I
1)
1E
#4536
17
b100000001 +
#4537
1"
01
#4538
12
#4539
13
#4540
0)
0E
#4545
b10110 !
b10110 8
b10110 =
b10110 A
b10110 G
1%
1<
b10110 :
1;
0.
b110 P
0'
0N
1)
1E
#4550
0)
0E
#4555
b111 P
1'
1N
b10110 V
b10110 Y
b1011000 U
b1011000 Z
b10110 J
b10110 Q
1)
1E
#4556
b1101110 H
b1101110 S
b1101110 R
b1101110 [
#4559
bz !
bz 8
bz =
bz A
bz G
0%
0<
0;
1.
#4560
0)
0E
04
b11011 5
b11011 9
b11000 ]
#4565
0"
x7
b10001101 !
b10001101 8
b10001101 =
b10001101 A
b10001101 G
x1
x2
x3
bx +
b1000 P
b1101110 V
b1101110 Y
b110111000 U
b110111000 Z
b1101110 J
b1101110 Q
b0 K
1M
b100100001 *
b100100001 F
b100100001 I
1)
1E
#4566
17
b1000100110 H
b1000100110 S
b1000100110 R
b1000100110 [
b100100001 +
#4567
1X
11
#4568
12
#4569
1"
03
#4570
0)
0E
#4575
b10010101 ^
b1100 a
1-
b10000000000 _
1$
1C
b0 #
b0 B
b0 D
b0 !
b0 8
b0 =
b0 A
b0 G
0/
b1001 P
b0 L
0&
0O
1)
1E
#4576
0-
#4580
0)
0E
#4585
b1101110 #
b1101110 B
b1101110 D
b1101110 !
b1101110 8
b1101110 =
b1101110 A
b1101110 G
b0 P
1&
1O
b1101110 L
1)
1E
#4589
0$
0C
1/
#4590
0)
0E
#4595
0"
x7
bz !
bz 8
bz =
bz A
bz G
x1
x2
x3
bx +
b1 P
0M
b100000000 *
b100000000 F
b100000000 I
1)
1E
#4596
07
b100000000 +
#4597
1"
01
#4598
12
#4599
13
#4600
0)
0E
#4605
b0 !
b0 8
b0 =
b0 A
b0 G
b0 :
1;
0.
b10 P
0'
0N
1)
1E
#4610
0)
0E
#4615
b11 P
b0 V
b0 Y
b0 U
b0 Z
b0 J
b0 Q
1)
1E
#4616
b0 H
b0 S
b0 R
b0 [
#4617
0X
#4620
0)
0E
#4625
b1 P
1'
1N
1)
1E
#4629
bz !
bz 8
bz =
bz A
bz G
0;
1.
#4630
0)
0E
#4635
b0 !
b0 8
b0 =
b0 A
b0 G
1;
0.
b10 P
0'
0N
1)
1E
#4640
0)
0E
#4645
b11 P
1)
1E
#4650
0)
0E
#4655
b1 P
1'
1N
1)
1E
#4659
bz !
bz 8
bz =
bz A
bz G
0;
1.
#4660
0)
0E
#4665
b0 !
b0 8
b0 =
b0 A
b0 G
1;
0.
b10 P
0'
0N
1)
1E
#4670
0)
0E
#4675
b11 P
1)
1E
#4680
0)
0E
b1 !
b1 8
b1 =
b1 A
b1 G
b1 :
14
b1000101 5
b1000101 9
#4685
b1 P
1'
1N
1)
1E
#4689
bz !
bz 8
bz =
bz A
bz G
0;
1.
#4690
0)
0E
#4695
b1 !
b1 8
b1 =
b1 A
b1 G
1;
0.
b10 P
0'
0N
1)
1E
#4700
0)
0E
#4705
b11 P
b1 V
b1 Y
b100 U
b100 Z
b1 J
b1 Q
1)
1E
#4706
b101 H
b101 S
b101 R
b101 [
#4710
0)
0E
#4715
b100 P
1'
1N
1)
1E
#4719
bz !
bz 8
bz =
bz A
bz G
0;
1.
#4720
0)
0E
#4725
0"
b1011101001 `
x7
x1
x2
x3
bx +
b101 P
b100000001 *
b100000001 F
b100000001 I
1)
1E
#4726
17
b100000001 +
#4727
1"
01
#4728
12
#4729
13
#4730
0)
0E
#4735
b1000101 !
b1000101 8
b1000101 =
b1000101 A
b1000101 G
1%
1<
b1000101 :
1;
0.
b110 P
0'
0N
1)
1E
#4740
0)
0E
#4745
b111 P
1'
1N
b1000101 V
b1000101 Y
b100010100 U
b100010100 Z
b1000101 J
b1000101 Q
1)
1E
#4746
b101011001 H
b101011001 S
b101011001 R
b101011001 [
#4749
bz !
bz 8
bz =
bz A
bz G
0%
0<
0;
1.
#4750
0)
0E
04
b11100 5
b11100 9
b11001 ]
#4755
0"
x7
b1101110 !
b1101110 8
b1101110 =
b1101110 A
b1101110 G
x1
x2
x3
bx +
b1000 P
b1011001 V
b1011001 Y
b101100100 U
b101100100 Z
b1011001 J
b1011001 Q
b1 K
1M
b100100001 *
b100100001 F
b100100001 I
1)
1E
#4756
17
b110111101 H
b110111101 S
b110111101 R
b110111101 [
b100100001 +
#4757
11
#4758
12
#4759
1"
03
#4760
0)
0E
#4765
b100000000 _
1$
1C
b1 #
b1 B
b1 D
b1 !
b1 8
b1 =
b1 A
b1 G
0/
b1001 P
b1 L
0&
0O
1)
1E
#4770
0)
0E
#4775
b1011001 #
b1011001 B
b1011001 D
b1011001 !
b1011001 8
b1011001 =
b1011001 A
b1011001 G
b0 P
1&
1O
b1011001 L
1)
1E
#4779
0$
0C
1/
#4780
0)
0E
#4785
0"
x7
bz !
bz 8
bz =
bz A
bz G
x1
x2
x3
bx +
b1 P
0M
b100000000 *
b100000000 F
b100000000 I
1)
1E
#4786
07
b100000000 +
#4787
1"
01
#4788
12
#4789
13
#4790
0)
0E
#4795
b0 !
b0 8
b0 =
b0 A
b0 G
b0 :
1;
0.
b10 P
0'
0N
1)
1E
#4800
0)
0E
#4805
b11 P
b0 V
b0 Y
b0 U
b0 Z
b0 J
b0 Q
1)
1E
#4806
b0 H
b0 S
b0 R
b0 [
#4810
0)
0E
#4815
b1 P
1'
1N
1)
1E
#4819
bz !
bz 8
bz =
bz A
bz G
0;
1.
#4820
0)
0E
#4825
b0 !
b0 8
b0 =
b0 A
b0 G
1;
0.
b10 P
0'
0N
1)
1E
#4830
0)
0E
#4835
b11 P
1)
1E
#4840
0)
0E
#4845
b1 P
1'
1N
1)
1E
#4849
bz !
bz 8
bz =
bz A
bz G
0;
1.
#4850
0)
0E
#4855
b0 !
b0 8
b0 =
b0 A
b0 G
1;
0.
b10 P
0'
0N
1)
1E
#4860
0)
0E
#4865
b11 P
1)
1E
#4870
0)
0E
b1 !
b1 8
b1 =
b1 A
b1 G
b1 :
14
b1110110 5
b1110110 9
#4875
b1 P
1'
1N
1)
1E
#4879
bz !
bz 8
bz =
bz A
bz G
0;
1.
#4880
0)
0E
#4885
b1 !
b1 8
b1 =
b1 A
b1 G
1;
0.
b10 P
0'
0N
1)
1E
#4890
0)
0E
#4895
b11 P
b1 V
b1 Y
b100 U
b100 Z
b1 J
b1 Q
1)
1E
#4896
b101 H
b101 S
b101 R
b101 [
#4900
0)
0E
#4905
b100 P
1'
1N
1)
1E
#4909
bz !
bz 8
bz =
bz A
bz G
0;
1.
#4910
0)
0E
#4915
0"
x7
x1
x2
x3
bx +
b101 P
b100000001 *
b100000001 F
b100000001 I
1)
1E
#4916
17
b100000001 +
#4917
1"
01
#4918
12
#4919
13
#4920
0)
0E
#4925
b1110110 !
b1110110 8
b1110110 =
b1110110 A
b1110110 G
1%
1<
b1110110 :
1;
0.
b110 P
0'
0N
1)
1E
#4930
0)
0E
#4935
b111 P
1'
1N
b1110110 V
b1110110 Y
b111011000 U
b111011000 Z
b1110110 J
b1110110 Q
1)
1E
#4936
b1001001110 H
b1001001110 S
b1001001110 R
b1001001110 [
#4937
1X
#4939
bz !
bz 8
bz =
bz A
bz G
0%
0<
0;
1.
#4940
0)
0E
04
b11101 5
b11101 9
b11010 ]
#4945
0"
x7
b1011001 !
b1011001 8
b1011001 =
b1011001 A
b1011001 G
x1
x2
x3
bx +
b1000 P
b1001110 V
b1001110 Y
b100111000 U
b100111000 Z
b1001110 J
b1001110 Q
b10 K
1M
b100100001 *
b100100001 F
b100100001 I
1)
1E
#4946
17
b110000110 H
b110000110 S
b110000110 R
b110000110 [
b100100001 +
#4947
0X
11
#4948
12
#4949
1"
03
#4950
0)
0E
#4955
b10101110 ^
b1101 a
1-
b100000010 _
1$
1C
b10 #
b10 B
b10 D
b10 !
b10 8
b10 =
b10 A
b10 G
0/
b1001 P
b10 L
0&
0O
1)
1E
#4956
0-
#4960
0)
0E
#4965
b1001110 #
b1001110 B
b1001110 D
b1001110 !
b1001110 8
b1001110 =
b1001110 A
b1001110 G
b0 P
1&
1O
b1001110 L
1)
1E
#4969
0$
0C
1/
#4970
0)
0E
#4975
0"
x7
bz !
bz 8
bz =
bz A
bz G
x1
x2
x3
bx +
b1 P
0M
b100000000 *
b100000000 F
b100000000 I
1)
1E
#4976
07
b100000000 +
#4977
1"
01
#4978
12
#4979
13
#4980
0)
0E
#4985
b0 !
b0 8
b0 =
b0 A
b0 G
b0 :
1;
0.
b10 P
0'
0N
1)
1E
#4990
0)
0E
#4995
b11 P
b0 V
b0 Y
b0 U
b0 Z
b0 J
b0 Q
1)
1E
#4996
b0 H
b0 S
b0 R
b0 [
#5000
0)
0E
#5005
b1 P
1'
1N
1)
1E
#5009
bz !
bz 8
bz =
bz A
bz G
0;
1.
#5010
0)
0E
#5015
b0 !
b0 8
b0 =
b0 A
b0 G
1;
0.
b10 P
0'
0N
1)
1E
#5020
0)
0E
#5025
b11 P
1)
1E
#5030
0)
0E
#5035
b1 P
1'
1N
1)
1E
#5039
bz !
bz 8
bz =
bz A
bz G
0;
1.
#5040
0)
0E
#5045
b0 !
b0 8
b0 =
b0 A
b0 G
1;
0.
b10 P
0'
0N
1)
1E
#5050
0)
0E
#5055
b11 P
1)
1E
#5060
0)
0E
b1 !
b1 8
b1 =
b1 A
b1 G
b1 :
14
b10101001 5
b10101001 9
#5065
b1 P
1'
1N
1)
1E
#5069
bz !
bz 8
bz =
bz A
bz G
0;
1.
#5070
0)
0E
#5075
b1 !
b1 8
b1 =
b1 A
b1 G
1;
0.
b10 P
0'
0N
1)
1E
#5080
0)
0E
#5085
b11 P
b1 V
b1 Y
b100 U
b100 Z
b1 J
b1 Q
1)
1E
#5086
b101 H
b101 S
b101 R
b101 [
#5090
0)
0E
#5095
b100 P
1'
1N
1)
1E
#5099
bz !
bz 8
bz =
bz A
bz G
0;
1.
#5100
0)
0E
#5105
0"
b1101100110 `
x7
x1
x2
x3
bx +
b101 P
b100000001 *
b100000001 F
b100000001 I
1)
1E
#5106
17
b100000001 +
#5107
1"
01
#5108
12
#5109
13
#5110
0)
0E
#5115
b10101001 !
b10101001 8
b10101001 =
b10101001 A
b10101001 G
1%
1<
b10101001 :
1;
0.
b110 P
0'
0N
1)
1E
#5120
0)
0E
#5125
b111 P
1'
1N
b10101001 V
b10101001 Y
b1010100100 U
b1010100100 Z
b10101001 J
b10101001 Q
1)
1E
#5126
b1101001101 H
b1101001101 S
b1101001101 R
b1101001101 [
#5129
bz !
bz 8
bz =
bz A
bz G
0%
0<
0;
1.
#5130
0)
0E
04
b11110 5
b11110 9
b11011 ]
#5135
0"
x7
b1001110 !
b1001110 8
b1001110 =
b1001110 A
b1001110 G
x1
x2
x3
bx +
b1000 P
b1001101 V
b1001101 Y
b100110100 U
b100110100 Z
b1001101 J
b1001101 Q
b11 K
1M
b100100001 *
b100100001 F
b100100001 I
1)
1E
#5136
17
b110000001 H
b110000001 S
b110000001 R
b110000001 [
1X
b100100001 +
#5137
0X
11
#5138
12
#5139
1"
03
#5140
0)
0E
#5145
b1100000010 _
1$
1C
b11 #
b11 B
b11 D
b11 !
b11 8
b11 =
b11 A
b11 G
0/
b1001 P
b11 L
0&
0O
1)
1E
#5150
0)
0E
#5155
b1001101 #
b1001101 B
b1001101 D
b1001101 !
b1001101 8
b1001101 =
b1001101 A
b1001101 G
b0 P
1&
1O
b1001101 L
1)
1E
#5159
0$
0C
1/
#5160
0)
0E
#5165
0"
x7
bz !
bz 8
bz =
bz A
bz G
x1
x2
x3
bx +
b1 P
0M
b100000000 *
b100000000 F
b100000000 I
1)
1E
#5166
07
b100000000 +
#5167
1"
01
#5168
12
#5169
13
#5170
0)
0E
#5175
b0 !
b0 8
b0 =
b0 A
b0 G
b0 :
1;
0.
b10 P
0'
0N
1)
1E
#5180
0)
0E
#5185
b11 P
b0 V
b0 Y
b0 U
b0 Z
b0 J
b0 Q
1)
1E
#5186
b0 H
b0 S
b0 R
b0 [
#5190
0)
0E
#5195
b1 P
1'
1N
1)
1E
#5199
bz !
bz 8
bz =
bz A
bz G
0;
1.
#5200
0)
0E
#5205
b0 !
b0 8
b0 =
b0 A
b0 G
1;
0.
b10 P
0'
0N
1)
1E
#5210
0)
0E
#5215
b11 P
1)
1E
#5220
0)
0E
#5225
b1 P
1'
1N
1)
1E
#5229
bz !
bz 8
bz =
bz A
bz G
0;
1.
#5230
0)
0E
#5235
b0 !
b0 8
b0 =
b0 A
b0 G
1;
0.
b10 P
0'
0N
1)
1E
#5240
0)
0E
#5245
b11 P
1)
1E
#5250
0)
0E
b1 !
b1 8
b1 =
b1 A
b1 G
b1 :
14
b11011110 5
b11011110 9
#5255
b1 P
1'
1N
1)
1E
#5259
bz !
bz 8
bz =
bz A
bz G
0;
1.
#5260
0)
0E
#5265
b1 !
b1 8
b1 =
b1 A
b1 G
1;
0.
b10 P
0'
0N
1)
1E
#5270
0)
0E
#5275
b11 P
b1 V
b1 Y
b100 U
b100 Z
b1 J
b1 Q
1)
1E
#5276
b101 H
b101 S
b101 R
b101 [
#5280
0)
0E
#5285
b100 P
1'
1N
1)
1E
#5289
bz !
bz 8
bz =
bz A
bz G
0;
1.
#5290
0)
0E
#5295
0"
x7
x1
x2
x3
bx +
b101 P
b100000001 *
b100000001 F
b100000001 I
1)
1E
#5296
17
b100000001 +
#5297
1"
01
#5298
12
#5299
13
#5300
0)
0E
#5305
b11011110 !
b11011110 8
b11011110 =
b11011110 A
b11011110 G
1%
1<
b11011110 :
1;
0.
b110 P
0'
0N
1)
1E
#5310
0)
0E
#5315
b111 P
1'
1N
b11011110 V
b11011110 Y
b1101111000 U
b1101111000 Z
b11011110 J
b11011110 Q
1)
1E
#5316
b1010110 R
b1010110 [
b10001010110 H
b10001010110 S
1T
#5319
bz !
bz 8
bz =
bz A
bz G
0%
0<
0;
1.
#5320
0)
0E
04
b11111 5
b11111 9
b11100 ]
#5325
0"
x7
b1001101 !
b1001101 8
b1001101 =
b1001101 A
b1001101 G
x1
x2
x3
bx +
b1000 P
b1010110 V
b1010110 Y
b101011000 U
b101011000 Z
b1010110 J
b1010110 Q
b100 K
1M
b100100001 *
b100100001 F
b100100001 I
1)
1E
#5326
17
b110101110 R
b110101110 [
b110101110 H
b110101110 S
0T
b100100001 +
#5327
11
#5328
12
#5329
1"
03
#5330
0)
0E
#5335
b11001001 ^
b1110 a
1-
b1100000100 _
1$
1C
b100 #
b100 B
b100 D
b100 !
b100 8
b100 =
b100 A
b100 G
0/
b1001 P
b100 L
0&
0O
1)
1E
#5336
0-
#5340
0)
0E
#5345
b1010110 #
b1010110 B
b1010110 D
b1010110 !
b1010110 8
b1010110 =
b1010110 A
b1010110 G
b0 P
1&
1O
b1010110 L
1)
1E
#5349
0$
0C
1/
#5350
0)
0E
#5355
0"
x7
bz !
bz 8
bz =
bz A
bz G
x1
x2
x3
bx +
b1 P
0M
b100000000 *
b100000000 F
b100000000 I
1)
1E
#5356
07
b100000000 +
#5357
1"
01
#5358
12
#5359
13
#5360
0)
0E
#5365
b0 !
b0 8
b0 =
b0 A
b0 G
b0 :
1;
0.
b10 P
0'
0N
1)
1E
#5370
0)
0E
#5375
b11 P
b0 V
b0 Y
b0 U
b0 Z
b0 J
b0 Q
1)
1E
#5376
b0 H
b0 S
b0 R
b0 [
#5380
0)
0E
#5385
b1 P
1'
1N
1)
1E
#5389
bz !
bz 8
bz =
bz A
bz G
0;
1.
#5390
0)
0E
#5395
b0 !
b0 8
b0 =
b0 A
b0 G
1;
0.
b10 P
0'
0N
1)
1E
#5400
0)
0E
#5405
b11 P
1)
1E
#5410
0)
0E
#5415
b1 P
1'
1N
1)
1E
#5419
bz !
bz 8
bz =
bz A
bz G
0;
1.
#5420
0)
0E
#5425
b0 !
b0 8
b0 =
b0 A
b0 G
1;
0.
b10 P
0'
0N
1)
1E
#5430
0)
0E
#5435
b11 P
1)
1E
#5440
0)
0E
b1 !
b1 8
b1 =
b1 A
b1 G
b1 :
14
b10101 5
b10101 9
#5445
b1 P
1'
1N
1)
1E
#5449
bz !
bz 8
bz =
bz A
bz G
0;
1.
#5450
0)
0E
#5455
b1 !
b1 8
b1 =
b1 A
b1 G
1;
0.
b10 P
0'
0N
1)
1E
#5460
0)
0E
#5465
b11 P
b1 V
b1 Y
b100 U
b100 Z
b1 J
b1 Q
1)
1E
#5466
b101 H
b101 S
b101 R
b101 [
#5470
0)
0E
#5475
b100 P
1'
1N
1)
1E
#5479
bz !
bz 8
bz =
bz A
bz G
0;
1.
#5480
0)
0E
#5485
0"
b1111101101 `
x7
x1
x2
x3
bx +
b101 P
b100000001 *
b100000001 F
b100000001 I
1)
1E
#5486
17
b100000001 +
#5487
1"
01
#5488
12
#5489
13
#5490
0)
0E
#5495
b10101 !
b10101 8
b10101 =
b10101 A
b10101 G
1%
1<
b10101 :
1;
0.
b110 P
0'
0N
1)
1E
#5500
0)
0E
#5505
b111 P
1'
1N
b10101 V
b10101 Y
b1010100 U
b1010100 Z
b10101 J
b10101 Q
1)
1E
#5506
b1101001 H
b1101001 S
b1101001 R
b1101001 [
#5509
bz !
bz 8
bz =
bz A
bz G
0%
0<
0;
1.
#5510
0)
0E
04
b100000 5
b100000 9
b11101 ]
#5515
0"
x7
b1010110 !
b1010110 8
b1010110 =
b1010110 A
b1010110 G
x1
x2
x3
bx +
b1000 P
b1101001 V
b1101001 Y
b110100100 U
b110100100 Z
b1101001 J
b1101001 Q
b0 K
1M
b100100001 *
b100100001 F
b100100001 I
1)
1E
#5516
17
b1000001101 H
b1000001101 S
b1000001101 R
b1000001101 [
b100100001 +
#5517
1X
11
#5518
12
#5519
1"
03
#5520
0)
0E
#5525
b100 _
1$
1C
b0 #
b0 B
b0 D
b0 !
b0 8
b0 =
b0 A
b0 G
0/
b1001 P
b0 L
0&
0O
1)
1E
#5530
0)
0E
#5535
b1101001 #
b1101001 B
b1101001 D
b1101001 !
b1101001 8
b1101001 =
b1101001 A
b1101001 G
b0 P
1&
1O
b1101001 L
1)
1E
#5539
0$
0C
1/
#5540
0)
0E
#5545
0"
x7
bz !
bz 8
bz =
bz A
bz G
x1
x2
x3
bx +
b1 P
0M
b100000000 *
b100000000 F
b100000000 I
1)
1E
#5546
07
b100000000 +
#5547
1"
01
#5548
12
#5549
13
#5550
0)
0E
#5555
b0 !
b0 8
b0 =
b0 A
b0 G
b0 :
1;
0.
b10 P
0'
0N
1)
1E
#5560
0)
0E
#5565
b11 P
b0 V
b0 Y
b0 U
b0 Z
b0 J
b0 Q
1)
1E
#5566
b0 H
b0 S
b0 R
b0 [
#5567
0X
#5570
0)
0E
#5575
b1 P
1'
1N
1)
1E
#5579
bz !
bz 8
bz =
bz A
bz G
0;
1.
#5580
0)
0E
#5585
b0 !
b0 8
b0 =
b0 A
b0 G
1;
0.
b10 P
0'
0N
1)
1E
#5590
0)
0E
#5595
b11 P
1)
1E
#5600
0)
0E
#5605
b1 P
1'
1N
1)
1E
#5609
bz !
bz 8
bz =
bz A
bz G
0;
1.
#5610
0)
0E
#5615
b0 !
b0 8
b0 =
b0 A
b0 G
1;
0.
b10 P
0'
0N
1)
1E
#5620
0)
0E
#5625
b11 P
1)
1E
#5630
0)
0E
b1 !
b1 8
b1 =
b1 A
b1 G
b1 :
14
b1001110 5
b1001110 9
#5635
b1 P
1'
1N
1)
1E
#5639
bz !
bz 8
bz =
bz A
bz G
0;
1.
#5640
0)
0E
#5645
b1 !
b1 8
b1 =
b1 A
b1 G
1;
0.
b10 P
0'
0N
1)
1E
#5650
0)
0E
#5655
b11 P
b1 V
b1 Y
b100 U
b100 Z
b1 J
b1 Q
1)
1E
#5656
b101 H
b101 S
b101 R
b101 [
#5660
0)
0E
#5665
b100 P
1'
1N
1)
1E
#5669
bz !
bz 8
bz =
bz A
bz G
0;
1.
#5670
0)
0E
#5675
0"
x7
x1
x2
x3
bx +
b101 P
b100000001 *
b100000001 F
b100000001 I
1)
1E
#5676
17
b100000001 +
#5677
1"
01
#5678
12
#5679
13
#5680
0)
0E
#5685
b1001110 !
b1001110 8
b1001110 =
b1001110 A
b1001110 G
1%
1<
b1001110 :
1;
0.
b110 P
0'
0N
1)
1E
#5690
0)
0E
#5695
b111 P
1'
1N
b1001110 V
b1001110 Y
b100111000 U
b100111000 Z
b1001110 J
b1001110 Q
1)
1E
#5696
b110000110 H
b110000110 S
b110000110 R
b110000110 [
#5699
bz !
bz 8
bz =
bz A
bz G
0%
0<
0;
1.
#5700
0)
0E
b11110 ]
#5705
0"
x7
b1101001 !
b1101001 8
b1101001 =
b1101001 A
b1101001 G
x1
x2
x3
bx +
b1000 P
b10000110 V
b10000110 Y
b1000011000 U
b1000011000 Z
b10000110 J
b10000110 Q
b1 K
1M
b100100001 *
b100100001 F
b100100001 I
1)
1E
#5706
17
b1010011110 H
b1010011110 S
b1010011110 R
b1010011110 [
b100100001 +
#5707
11
#5708
12
#5709
1"
03
#5710
0)
0E
#5715
b11100110 ^
b1111 a
1-
b1 _
1$
1C
b1 #
b1 B
b1 D
b1 !
b1 8
b1 =
b1 A
b1 G
0/
b1001 P
b1 L
0&
0O
1)
1E
#5716
0-
#5720
0)
0E
#5725
b10000110 #
b10000110 B
b10000110 D
b10000110 !
b10000110 8
b10000110 =
b10000110 A
b10000110 G
b0 P
1&
1O
b10000110 L
1)
1E
#5729
0$
0C
1/
#5730
0)
0E
#5735
0"
x7
bz !
bz 8
bz =
bz A
bz G
x1
x2
x3
bx +
b1 P
0M
b100000000 *
b100000000 F
b100000000 I
1)
1E
#5736
07
b100000000 +
#5737
1"
01
#5738
12
#5739
13
#5740
0)
0E
#5745
b1 !
b1 8
b1 =
b1 A
b1 G
b1 :
1;
0.
b10 P
0'
0N
1)
1E
#5750
0)
0E
#5755
b11 P
b1 V
b1 Y
b100 U
b100 Z
b1 J
b1 Q
1)
1E
#5756
b101 H
b101 S
b101 R
b101 [
1X
#5757
0X
#5760
0)
0E
#5765
b100 P
1'
1N
1)
1E
#5769
bz !
bz 8
bz =
bz A
bz G
0;
1.
#5770
0)
0E
#5775
0"
b10001111110 `
x7
x1
x2
x3
bx +
b101 P
b100000001 *
b100000001 F
b100000001 I
1)
1E
#5776
17
b100000001 +
#5777
1"
01
#5778
12
#5779
13
#5780
0)
0E
#5785
b1001110 !
b1001110 8
b1001110 =
b1001110 A
b1001110 G
1%
1<
b1001110 :
1;
0.
b110 P
0'
0N
1)
1E
#5790
0)
0E
#5795
b111 P
1'
1N
b1001110 V
b1001110 Y
b100111000 U
b100111000 Z
b1001110 J
b1001110 Q
1)
1E
#5796
b110000110 H
b110000110 S
b110000110 R
b110000110 [
#5799
bz !
bz 8
bz =
bz A
bz G
0%
0<
0;
1.
#5800
0)
0E
#5805
0"
x7
b10000110 !
b10000110 8
b10000110 =
b10000110 A
b10000110 G
x1
x2
x3
bx +
b1000 P
b10000110 V
b10000110 Y
b1000011000 U
b1000011000 Z
b10000110 J
b10000110 Q
1M
b100100001 *
b100100001 F
b100100001 I
1)
1E
#5806
17
b1010011110 H
b1010011110 S
b1010011110 R
b1010011110 [
b100100001 +
#5807
11
#5808
12
#5809
1"
03
#5810
0)
0E
#5815
b100000001 _
1$
1C
b1 #
b1 B
b1 D
b1 !
b1 8
b1 =
b1 A
b1 G
0/
b1001 P
b1 L
0&
0O
1)
1E
#5820
0)
0E
#5825
b10000110 #
b10000110 B
b10000110 D
b10000110 !
b10000110 8
b10000110 =
b10000110 A
b10000110 G
b0 P
1&
1O
b10000110 L
1)
1E
#5829
0$
0C
1/
#5830
0)
0E
#5835
0"
x7
bz !
bz 8
bz =
bz A
bz G
x1
x2
x3
bx +
b1 P
0M
b100000000 *
b100000000 F
b100000000 I
1)
1E
#5836
07
b100000000 +
#5837
1"
01
#5838
12
#5839
13
#5840
0)
0E
#5845
b1 !
b1 8
b1 =
b1 A
b1 G
b1 :
1;
0.
b10 P
0'
0N
1)
1E
#5850
0)
0E
#5855
b11 P
b1 V
b1 Y
b100 U
b100 Z
b1 J
b1 Q
1)
1E
#5856
b101 H
b101 S
b101 R
b101 [
1X
#5857
0X
#5860
0)
0E
#5865
b100 P
1'
1N
1)
1E
#5869
bz !
bz 8
bz =
bz A
bz G
0;
1.
#5870
0)
0E
#5875
0"
x7
x1
x2
x3
bx +
b101 P
b100000001 *
b100000001 F
b100000001 I
1)
1E
#5876
17
b100000001 +
#5877
1"
01
#5878
12
#5879
13
#5880
0)
0E
#5885
b1001110 !
b1001110 8
b1001110 =
b1001110 A
b1001110 G
1%
1<
b1001110 :
1;
0.
b110 P
0'
0N
1)
1E
#5890
0)
0E
#5895
b111 P
1'
1N
b1001110 V
b1001110 Y
b100111000 U
b100111000 Z
b1001110 J
b1001110 Q
1)
1E
#5896
b110000110 H
b110000110 S
b110000110 R
b110000110 [
#5899
bz !
bz 8
bz =
bz A
bz G
0%
0<
0;
1.
#5900
0)
0E
#5905
0"
x7
b10000110 !
b10000110 8
b10000110 =
b10000110 A
b10000110 G
x1
x2
x3
bx +
b1000 P
b10000110 V
b10000110 Y
b1000011000 U
b1000011000 Z
b10000110 J
b10000110 Q
1M
b100100001 *
b100100001 F
b100100001 I
1)
1E
#5906
17
b1010011110 H
b1010011110 S
b1010011110 R
b1010011110 [
b100100001 +
#5907
11
#5908
12
#5909
1"
03
#5910
0)
0E
#5915
b101 ^
b10000 a
1-
1$
1C
b1 #
b1 B
b1 D
b1 !
b1 8
b1 =
b1 A
b1 G
0/
b1001 P
b1 L
0&
0O
1)
1E
#5916
0-
#5920
0)
0E
#5925
b10000110 #
b10000110 B
b10000110 D
b10000110 !
b10000110 8
b10000110 =
b10000110 A
b10000110 G
b0 P
1&
1O
b10000110 L
1)
1E
#5929
0$
0C
1/
#5930
0)
0E
#5935
0"
x7
bz !
bz 8
bz =
bz A
bz G
x1
x2
x3
bx +
b1 P
0M
b100000000 *
b100000000 F
b100000000 I
1)
1E
#5936
07
b100000000 +
#5937
1"
01
#5938
12
#5939
13
#5940
0)
0E
#5945
b1 !
b1 8
b1 =
b1 A
b1 G
b1 :
1;
0.
b10 P
0'
0N
1)
1E
#5950
0)
0E
#5955
b11 P
b1 V
b1 Y
b100 U
b100 Z
b1 J
b1 Q
1)
1E
#5956
b101 H
b101 S
b101 R
b101 [
1X
#5957
0X
#5960
0)
0E
#5965
b100 P
1'
1N
1)
1E
#5969
bz !
bz 8
bz =
bz A
bz G
0;
1.
#5970
0)
0E
#5975
0"
b11001 `
x7
x1
x2
x3
bx +
b101 P
b100000001 *
b100000001 F
b100000001 I
1)
1E
#5976
17
b100000001 +
#5977
1"
01
#5978
12
#5979
13
#5980
0)
0E
#5985
b1001110 !
b1001110 8
b1001110 =
b1001110 A
b1001110 G
1%
1<
b1001110 :
1;
0.
b110 P
0'
0N
1)
1E
#5990
0)
0E
#5995
b111 P
1'
1N
b1001110 V
b1001110 Y
b100111000 U
b100111000 Z
b1001110 J
b1001110 Q
1)
1E
#5996
b110000110 H
b110000110 S
b110000110 R
b110000110 [
#5999
bz !
bz 8
bz =
bz A
bz G
0%
0<
0;
1.
#6000
0)
0E
#6005
0"
x7
b10000110 !
b10000110 8
b10000110 =
b10000110 A
b10000110 G
x1
x2
x3
bx +
b1000 P
b10000110 V
b10000110 Y
b1000011000 U
b1000011000 Z
b10000110 J
b10000110 Q
1M
b100100001 *
b100100001 F
b100100001 I
1)
1E
#6006
17
b1010011110 H
b1010011110 S
b1010011110 R
b1010011110 [
b100100001 +
#6007
11
#6008
12
#6009
1"
03
#6010
0)
0E
#6015
1$
1C
b1 #
b1 B
b1 D
b1 !
b1 8
b1 =
b1 A
b1 G
0/
b1001 P
b1 L
0&
0O
1)
1E
#6020
0)
0E
#6025
b10000110 #
b10000110 B
b10000110 D
b10000110 !
b10000110 8
b10000110 =
b10000110 A
b10000110 G
b0 P
1&
1O
b10000110 L
1)
1E
#6029
0$
0C
1/
#6030
0)
0E
#6035
0"
x7
bz !
bz 8
bz =
bz A
bz G
x1
x2
x3
bx +
b1 P
0M
b100000000 *
b100000000 F
b100000000 I
1)
1E
#6036
07
b100000000 +
#6037
1"
01
#6038
12
#6039
13
#6040
0)
0E
#6045
b1 !
b1 8
b1 =
b1 A
b1 G
b1 :
1;
0.
b10 P
0'
0N
1)
1E
#6050
0)
0E
#6055
b11 P
b1 V
b1 Y
b100 U
b100 Z
b1 J
b1 Q
1)
1E
#6056
b101 H
b101 S
b101 R
b101 [
1X
#6057
0X
#6060
0)
0E
#6065
b100 P
1'
1N
1)
1E
#6069
bz !
bz 8
bz =
bz A
bz G
0;
1.
#6070
0)
0E
#6075
0"
x7
x1
x2
x3
bx +
b101 P
b100000001 *
b100000001 F
b100000001 I
1)
1E
#6076
17
b100000001 +
#6077
1"
01
#6078
12
#6079
13
#6080
0)
0E
#6085
b1001110 !
b1001110 8
b1001110 =
b1001110 A
b1001110 G
1%
1<
b1001110 :
1;
0.
b110 P
0'
0N
1)
1E
#6090
0)
0E
#6095
b111 P
1'
1N
b1001110 V
b1001110 Y
b100111000 U
b100111000 Z
b1001110 J
b1001110 Q
1)
1E
#6096
b110000110 H
b110000110 S
b110000110 R
b110000110 [
#6099
bz !
bz 8
bz =
bz A
bz G
0%
0<
0;
1.
#6100
0)
0E
#6105
0"
x7
b10000110 !
b10000110 8
b10000110 =
b10000110 A
b10000110 G
x1
x2
x3
bx +
b1000 P
b10000110 V
b10000110 Y
b1000011000 U
b1000011000 Z
b10000110 J
b10000110 Q
1M
b100100001 *
b100100001 F
b100100001 I
1)
1E
#6106
17
b1010011110 H
b1010011110 S
b1010011110 R
b1010011110 [
b100100001 +
#6107
11
#6108
12
#6109
1"
03
#6110
0)
0E
#6115
b100110 ^
b10001 a
1-
1$
1C
b1 #
b1 B
b1 D
b1 !
b1 8
b1 =
b1 A
b1 G
0/
b1001 P
b1 L
0&
0O
1)
1E
#6116
0-
#6120
0)
0E
#6125
b10000110 #
b10000110 B
b10000110 D
b10000110 !
b10000110 8
b10000110 =
b10000110 A
b10000110 G
b0 P
1&
1O
b10000110 L
1)
1E
#6129
0$
0C
1/
#6130
0)
0E
#6135
0"
x7
bz !
bz 8
bz =
bz A
bz G
x1
x2
x3
bx +
b1 P
0M
b100000000 *
b100000000 F
b100000000 I
1)
1E
#6136
07
b100000000 +
#6137
1"
01
#6138
12
#6139
13
#6140
0)
0E
#6145
b1 !
b1 8
b1 =
b1 A
b1 G
b1 :
1;
0.
b10 P
0'
0N
1)
1E
#6150
0)
0E
#6155
b11 P
b1 V
b1 Y
b100 U
b100 Z
b1 J
b1 Q
1)
1E
#6156
b101 H
b101 S
b101 R
b101 [
1X
#6157
0X
#6160
0)
0E
#6165
b100 P
1'
1N
1)
1E
#6169
bz !
bz 8
bz =
bz A
bz G
0;
1.
#6170
0)
0E
#6175
0"
b10111110 `
x7
x1
x2
x3
bx +
b101 P
b100000001 *
b100000001 F
b100000001 I
1)
1E
#6176
17
b100000001 +
#6177
1"
01
#6178
12
#6179
13
#6180
0)
0E
#6185
b1001110 !
b1001110 8
b1001110 =
b1001110 A
b1001110 G
1%
1<
b1001110 :
1;
0.
b110 P
0'
0N
1)
1E
#6190
0)
0E
#6195
b111 P
1'
1N
b1001110 V
b1001110 Y
b100111000 U
b100111000 Z
b1001110 J
b1001110 Q
1)
1E
#6196
b110000110 H
b110000110 S
b110000110 R
b110000110 [
#6199
bz !
bz 8
bz =
bz A
bz G
0%
0<
0;
1.
#6200
0)
0E
#6205
0"
x7
b10000110 !
b10000110 8
b10000110 =
b10000110 A
b10000110 G
x1
x2
x3
bx +
b1000 P
b10000110 V
b10000110 Y
b1000011000 U
b1000011000 Z
b10000110 J
b10000110 Q
1M
b100100001 *
b100100001 F
b100100001 I
1)
1E
#6206
17
b1010011110 H
b1010011110 S
b1010011110 R
b1010011110 [
b100100001 +
#6207
11
#6208
12
#6209
1"
03
#6210
0)
0E
#6215
1$
1C
b1 #
b1 B
b1 D
b1 !
b1 8
b1 =
b1 A
b1 G
0/
b1001 P
b1 L
0&
0O
1)
1E
#6220
0)
0E
#6225
b10000110 #
b10000110 B
b10000110 D
b10000110 !
b10000110 8
b10000110 =
b10000110 A
b10000110 G
b0 P
1&
1O
b10000110 L
1)
1E
#6229
0$
0C
1/
#6230
0)
0E
#6235
0"
x7
bz !
bz 8
bz =
bz A
bz G
x1
x2
x3
bx +
b1 P
0M
b100000000 *
b100000000 F
b100000000 I
1)
1E
#6236
07
b100000000 +
#6237
1"
01
#6238
12
#6239
13
#6240
0)
0E
#6245
b1 !
b1 8
b1 =
b1 A
b1 G
b1 :
1;
0.
b10 P
0'
0N
1)
1E
#6250
0)
0E
#6255
b11 P
b1 V
b1 Y
b100 U
b100 Z
b1 J
b1 Q
1)
1E
#6256
b101 H
b101 S
b101 R
b101 [
1X
#6257
0X
#6260
0)
0E
#6265
b100 P
1'
1N
1)
1E
#6269
bz !
bz 8
bz =
bz A
bz G
0;
1.
#6270
0)
0E
#6275
0"
x7
x1
x2
x3
bx +
b101 P
b100000001 *
b100000001 F
b100000001 I
1)
1E
#6276
17
b100000001 +
#6277
1"
01
#6278
12
#6279
13
#6280
0)
0E
#6285
b1001110 !
b1001110 8
b1001110 =
b1001110 A
b1001110 G
1%
1<
b1001110 :
1;
0.
b110 P
0'
0N
1)
1E
#6290
0)
0E
#6295
b111 P
1'
1N
b1001110 V
b1001110 Y
b100111000 U
b100111000 Z
b1001110 J
b1001110 Q
1)
1E
#6296
b110000110 H
b110000110 S
b110000110 R
b110000110 [
#6299
bz !
bz 8
bz =
bz A
bz G
0%
0<
0;
1.
#6300
0)
0E
#6305
0"
x7
b10000110 !
b10000110 8
b10000110 =
b10000110 A
b10000110 G
x1
x2
x3
bx +
b1000 P
b10000110 V
b10000110 Y
b1000011000 U
b1000011000 Z
b10000110 J
b10000110 Q
1M
b100100001 *
b100100001 F
b100100001 I
1)
1E
#6306
17
b1010011110 H
b1010011110 S
b1010011110 R
b1010011110 [
b100100001 +
#6307
11
#6308
12
#6309
1"
03
#6310
0)
0E
#6315
b1001001 ^
b10010 a
1-
1$
1C
b1 #
b1 B
b1 D
b1 !
b1 8
b1 =
b1 A
b1 G
0/
b1001 P
b1 L
0&
0O
1)
1E
#6316
0-
#6320
0)
0E
#6325
b10000110 #
b10000110 B
b10000110 D
b10000110 !
b10000110 8
b10000110 =
b10000110 A
b10000110 G
b0 P
1&
1O
b10000110 L
1)
1E
#6329
0$
0C
1/
#6330
0)
0E
#6335
0"
x7
bz !
bz 8
bz =
bz A
bz G
x1
x2
x3
bx +
b1 P
0M
b100000000 *
b100000000 F
b100000000 I
1)
1E
#6336
07
b100000000 +
#6337
1"
01
#6338
12
#6339
13
#6340
0)
0E
#6345
b1 !
b1 8
b1 =
b1 A
b1 G
b1 :
1;
0.
b10 P
0'
0N
1)
1E
#6350
0)
0E
#6355
b11 P
b1 V
b1 Y
b100 U
b100 Z
b1 J
b1 Q
1)
1E
#6356
b101 H
b101 S
b101 R
b101 [
1X
#6357
0X
#6360
0)
0E
#6365
b100 P
1'
1N
1)
1E
#6369
bz !
bz 8
bz =
bz A
bz G
0;
1.
#6370
0)
0E
#6375
0"
b101101101 `
x7
x1
x2
x3
bx +
b101 P
b100000001 *
b100000001 F
b100000001 I
1)
1E
#6376
17
b100000001 +
#6377
1"
01
#6378
12
#6379
13
#6380
0)
0E
#6385
b1001110 !
b1001110 8
b1001110 =
b1001110 A
b1001110 G
1%
1<
b1001110 :
1;
0.
b110 P
0'
0N
1)
1E
#6390
0)
0E
#6395
b111 P
1'
1N
b1001110 V
b1001110 Y
b100111000 U
b100111000 Z
b1001110 J
b1001110 Q
1)
1E
#6396
b110000110 H
b110000110 S
b110000110 R
b110000110 [
#6399
bz !
bz 8
bz =
bz A
bz G
0%
0<
0;
1.
#6400
0)
0E
#6405
0"
x7
b10000110 !
b10000110 8
b10000110 =
b10000110 A
b10000110 G
x1
x2
x3
bx +
b1000 P
b10000110 V
b10000110 Y
b1000011000 U
b1000011000 Z
b10000110 J
b10000110 Q
1M
b100100001 *
b100100001 F
b100100001 I
1)
1E
#6406
17
b1010011110 H
b1010011110 S
b1010011110 R
b1010011110 [
b100100001 +
#6407
11
#6408
12
#6409
1"
03
#6410
0)
0E
#6415
1$
1C
b1 #
b1 B
b1 D
b1 !
b1 8
b1 =
b1 A
b1 G
0/
b1001 P
b1 L
0&
0O
1)
1E
#6420
0)
0E
#6425
b10000110 #
b10000110 B
b10000110 D
b10000110 !
b10000110 8
b10000110 =
b10000110 A
b10000110 G
b0 P
1&
1O
b10000110 L
1)
1E
#6429
0$
0C
1/
#6430
0)
0E
#6435
0"
x7
bz !
bz 8
bz =
bz A
bz G
x1
x2
x3
bx +
b1 P
0M
b100000000 *
b100000000 F
b100000000 I
1)
1E
#6436
07
b100000000 +
#6437
1"
01
#6438
12
#6439
13
#6440
0)
0E
#6445
b1 !
b1 8
b1 =
b1 A
b1 G
b1 :
1;
0.
b10 P
0'
0N
1)
1E
#6450
0)
0E
#6455
b11 P
b1 V
b1 Y
b100 U
b100 Z
b1 J
b1 Q
1)
1E
#6456
b101 H
b101 S
b101 R
b101 [
1X
#6457
0X
#6460
0)
0E
#6465
b100 P
1'
1N
1)
1E
#6469
bz !
bz 8
bz =
bz A
bz G
0;
1.
#6470
0)
0E
#6475
0"
x7
x1
x2
x3
bx +
b101 P
b100000001 *
b100000001 F
b100000001 I
1)
1E
#6476
17
b100000001 +
#6477
1"
01
#6478
12
#6479
13
#6480
0)
0E
#6485
b1001110 !
b1001110 8
b1001110 =
b1001110 A
b1001110 G
1%
1<
b1001110 :
1;
0.
b110 P
0'
0N
1)
1E
#6490
0)
0E
#6495
b111 P
1'
1N
b1001110 V
b1001110 Y
b100111000 U
b100111000 Z
b1001110 J
b1001110 Q
1)
1E
#6496
b110000110 H
b110000110 S
b110000110 R
b110000110 [
#6499
bz !
bz 8
bz =
bz A
bz G
0%
0<
0;
1.
#6500
0)
0E
#6505
0"
x7
b10000110 !
b10000110 8
b10000110 =
b10000110 A
b10000110 G
x1
x2
x3
bx +
b1000 P
b10000110 V
b10000110 Y
b1000011000 U
b1000011000 Z
b10000110 J
b10000110 Q
1M
b100100001 *
b100100001 F
b100100001 I
1)
1E
#6506
17
b1010011110 H
b1010011110 S
b1010011110 R
b1010011110 [
b100100001 +
#6507
11
#6508
12
#6509
1"
03
#6510
0)
0E
#6515
b1101110 ^
b10011 a
1-
1$
1C
b1 #
b1 B
b1 D
b1 !
b1 8
b1 =
b1 A
b1 G
0/
b1001 P
b1 L
0&
0O
1)
1E
#6516
0-
#6520
0)
0E
#6525
b10000110 #
b10000110 B
b10000110 D
b10000110 !
b10000110 8
b10000110 =
b10000110 A
b10000110 G
b0 P
1&
1O
b10000110 L
1)
1E
#6529
0$
0C
1/
#6530
0)
0E
#6535
0"
x7
bz !
bz 8
bz =
bz A
bz G
x1
x2
x3
bx +
b1 P
0M
b100000000 *
b100000000 F
b100000000 I
1)
1E
#6536
07
b100000000 +
#6537
1"
01
#6538
12
#6539
13
#6540
0)
0E
#6545
b1 !
b1 8
b1 =
b1 A
b1 G
b1 :
1;
0.
b10 P
0'
0N
1)
1E
#6550
0)
0E
#6555
b11 P
b1 V
b1 Y
b100 U
b100 Z
b1 J
b1 Q
1)
1E
#6556
b101 H
b101 S
b101 R
b101 [
1X
#6557
0X
#6560
0)
0E
#6565
b100 P
1'
1N
1)
1E
#6569
bz !
bz 8
bz =
bz A
bz G
0;
1.
#6570
0)
0E
#6575
0"
b1000100110 `
x7
x1
x2
x3
bx +
b101 P
b100000001 *
b100000001 F
b100000001 I
1)
1E
#6576
17
b100000001 +
#6577
1"
01
#6578
12
#6579
13
#6580
0)
0E
#6585
b1001110 !
b1001110 8
b1001110 =
b1001110 A
b1001110 G
1%
1<
b1001110 :
1;
0.
b110 P
0'
0N
1)
1E
#6590
0)
0E
#6595
b111 P
1'
1N
b1001110 V
b1001110 Y
b100111000 U
b100111000 Z
b1001110 J
b1001110 Q
1)
1E
#6596
b110000110 H
b110000110 S
b110000110 R
b110000110 [
#6599
bz !
bz 8
bz =
bz A
bz G
0%
0<
0;
1.
#6600
0)
0E
#6605
0"
x7
b10000110 !
b10000110 8
b10000110 =
b10000110 A
b10000110 G
x1
x2
x3
bx +
b1000 P
b10000110 V
b10000110 Y
b1000011000 U
b1000011000 Z
b10000110 J
b10000110 Q
1M
b100100001 *
b100100001 F
b100100001 I
1)
1E
#6606
17
b1010011110 H
b1010011110 S
b1010011110 R
b1010011110 [
b100100001 +
#6607
11
#6608
12
#6609
1"
03
#6610
0)
0E
#6615
1$
1C
b1 #
b1 B
b1 D
b1 !
b1 8
b1 =
b1 A
b1 G
0/
b1001 P
b1 L
0&
0O
1)
1E
#6620
0)
0E
#6625
b10000110 #
b10000110 B
b10000110 D
b10000110 !
b10000110 8
b10000110 =
b10000110 A
b10000110 G
b0 P
1&
1O
b10000110 L
1)
1E
#6629
0$
0C
1/
#6630
0)
0E
#6635
0"
x7
bz !
bz 8
bz =
bz A
bz G
x1
x2
x3
bx +
b1 P
0M
b100000000 *
b100000000 F
b100000000 I
1)
1E
#6636
07
b100000000 +
#6637
1"
01
#6638
12
#6639
13
#6640
0)
0E
#6645
b1 !
b1 8
b1 =
b1 A
b1 G
b1 :
1;
0.
b10 P
0'
0N
1)
1E
#6650
0)
0E
#6655
b11 P
b1 V
b1 Y
b100 U
b100 Z
b1 J
b1 Q
1)
1E
#6656
b101 H
b101 S
b101 R
b101 [
1X
#6657
0X
#6660
0)
0E
#6665
b100 P
1'
1N
1)
1E
#6669
bz !
bz 8
bz =
bz A
bz G
0;
1.
#6670
0)
0E
#6675
0"
x7
x1
x2
x3
bx +
b101 P
b100000001 *
b100000001 F
b100000001 I
1)
1E
#6676
17
b100000001 +
#6677
1"
01
#6678
12
#6679
13
#6680
0)
0E
#6685
b1001110 !
b1001110 8
b1001110 =
b1001110 A
b1001110 G
1%
1<
b1001110 :
1;
0.
b110 P
0'
0N
1)
1E
#6690
0)
0E
#6695
b111 P
1'
1N
b1001110 V
b1001110 Y
b100111000 U
b100111000 Z
b1001110 J
b1001110 Q
1)
1E
#6696
b110000110 H
b110000110 S
b110000110 R
b110000110 [
#6699
bz !
bz 8
bz =
bz A
bz G
0%
0<
0;
1.
#6700
0)
0E
#6705
0"
x7
b10000110 !
b10000110 8
b10000110 =
b10000110 A
b10000110 G
x1
x2
x3
bx +
b1000 P
b10000110 V
b10000110 Y
b1000011000 U
b1000011000 Z
b10000110 J
b10000110 Q
1M
b100100001 *
b100100001 F
b100100001 I
1)
1E
#6706
17
b1010011110 H
b1010011110 S
b1010011110 R
b1010011110 [
b100100001 +
#6707
11
#6708
12
#6709
1"
03
#6710
0)
0E
#6715
b10010101 ^
b10100 a
1-
1$
1C
b1 #
b1 B
b1 D
b1 !
b1 8
b1 =
b1 A
b1 G
0/
b1001 P
b1 L
0&
0O
1)
1E
#6716
0-
#6720
0)
0E
#6725
b10000110 #
b10000110 B
b10000110 D
b10000110 !
b10000110 8
b10000110 =
b10000110 A
b10000110 G
b0 P
1&
1O
b10000110 L
1)
1E
#6729
0$
0C
1/
#6730
0)
0E
#6735
0"
x7
bz !
bz 8
bz =
bz A
bz G
x1
x2
x3
bx +
b1 P
0M
b100000000 *
b100000000 F
b100000000 I
1)
1E
#6736
07
b100000000 +
#6737
1"
01
#6738
12
#6739
13
#6740
0)
0E
#6745
b1 !
b1 8
b1 =
b1 A
b1 G
b1 :
1;
0.
b10 P
0'
0N
1)
1E
#6750
0)
0E
#6755
b11 P
b1 V
b1 Y
b100 U
b100 Z
b1 J
b1 Q
1)
1E
#6756
b101 H
b101 S
b101 R
b101 [
1X
#6757
0X
#6760
0)
0E
#6765
b100 P
1'
1N
1)
1E
#6769
bz !
bz 8
bz =
bz A
bz G
0;
1.
#6770
0)
0E
#6775
0"
b1011101001 `
x7
x1
x2
x3
bx +
b101 P
b100000001 *
b100000001 F
b100000001 I
1)
1E
#6776
17
b100000001 +
#6777
1"
01
#6778
12
#6779
13
#6780
0)
0E
#6785
b1001110 !
b1001110 8
b1001110 =
b1001110 A
b1001110 G
1%
1<
b1001110 :
1;
0.
b110 P
0'
0N
1)
1E
#6790
0)
0E
#6795
b111 P
1'
1N
b1001110 V
b1001110 Y
b100111000 U
b100111000 Z
b1001110 J
b1001110 Q
1)
1E
#6796
b110000110 H
b110000110 S
b110000110 R
b110000110 [
#6799
bz !
bz 8
bz =
bz A
bz G
0%
0<
0;
1.
#6800
0)
0E
#6805
0"
x7
b10000110 !
b10000110 8
b10000110 =
b10000110 A
b10000110 G
x1
x2
x3
bx +
b1000 P
b10000110 V
b10000110 Y
b1000011000 U
b1000011000 Z
b10000110 J
b10000110 Q
1M
b100100001 *
b100100001 F
b100100001 I
1)
1E
#6806
17
b1010011110 H
b1010011110 S
b1010011110 R
b1010011110 [
b100100001 +
#6807
11
#6808
12
#6809
1"
03
#6810
0)
0E
#6815
1$
1C
b1 #
b1 B
b1 D
b1 !
b1 8
b1 =
b1 A
b1 G
0/
b1001 P
b1 L
0&
0O
1)
1E
#6820
0)
0E
#6825
b10000110 #
b10000110 B
b10000110 D
b10000110 !
b10000110 8
b10000110 =
b10000110 A
b10000110 G
b0 P
1&
1O
b10000110 L
1)
1E
#6829
0$
0C
1/
#6830
0)
0E
#6835
0"
x7
bz !
bz 8
bz =
bz A
bz G
x1
x2
x3
bx +
b1 P
0M
b100000000 *
b100000000 F
b100000000 I
1)
1E
#6836
07
b100000000 +
#6837
1"
01
#6838
12
#6839
13
#6840
0)
0E
#6845
b1 !
b1 8
b1 =
b1 A
b1 G
b1 :
1;
0.
b10 P
0'
0N
1)
1E
#6850
0)
0E
#6855
b11 P
b1 V
b1 Y
b100 U
b100 Z
b1 J
b1 Q
1)
1E
#6856
b101 H
b101 S
b101 R
b101 [
1X
#6857
0X
#6860
0)
0E
#6865
b100 P
1'
1N
1)
1E
#6869
bz !
bz 8
bz =
bz A
bz G
0;
1.
#6870
0)
0E
#6875
0"
x7
x1
x2
x3
bx +
b101 P
b100000001 *
b100000001 F
b100000001 I
1)
1E
#6876
17
b100000001 +
#6877
1"
01
#6878
12
#6879
13
#6880
0)
0E
#6885
b1001110 !
b1001110 8
b1001110 =
b1001110 A
b1001110 G
1%
1<
b1001110 :
1;
0.
b110 P
0'
0N
1)
1E
#6890
0)
0E
#6895
b111 P
1'
1N
b1001110 V
b1001110 Y
b100111000 U
b100111000 Z
b1001110 J
b1001110 Q
1)
1E
#6896
b110000110 H
b110000110 S
b110000110 R
b110000110 [
#6899
bz !
bz 8
bz =
bz A
bz G
0%
0<
0;
1.
#6900
0)
0E
#6905
0"
x7
b10000110 !
b10000110 8
b10000110 =
b10000110 A
b10000110 G
x1
x2
x3
bx +
b1000 P
b10000110 V
b10000110 Y
b1000011000 U
b1000011000 Z
b10000110 J
b10000110 Q
1M
b100100001 *
b100100001 F
b100100001 I
1)
1E
#6906
17
b1010011110 H
b1010011110 S
b1010011110 R
b1010011110 [
b100100001 +
#6907
11
#6908
12
#6909
1"
03
#6910
0)
0E
#6915
b10111110 ^
b10101 a
1-
1$
1C
b1 #
b1 B
b1 D
b1 !
b1 8
b1 =
b1 A
b1 G
0/
b1001 P
b1 L
0&
0O
1)
1E
#6916
0-
#6920
0)
0E
#6925
b10000110 #
b10000110 B
b10000110 D
b10000110 !
b10000110 8
b10000110 =
b10000110 A
b10000110 G
b0 P
1&
1O
b10000110 L
1)
1E
#6929
0$
0C
1/
#6930
0)
0E
#6935
0"
x7
bz !
bz 8
bz =
bz A
bz G
x1
x2
x3
bx +
b1 P
0M
b100000000 *
b100000000 F
b100000000 I
1)
1E
#6936
07
b100000000 +
#6937
1"
01
#6938
12
#6939
13
#6940
0)
0E
#6945
b1 !
b1 8
b1 =
b1 A
b1 G
b1 :
1;
0.
b10 P
0'
0N
1)
1E
#6950
0)
0E
#6955
b11 P
b1 V
b1 Y
b100 U
b100 Z
b1 J
b1 Q
1)
1E
#6956
b101 H
b101 S
b101 R
b101 [
1X
#6957
0X
#6960
0)
0E
#6965
b100 P
1'
1N
1)
1E
#6969
bz !
bz 8
bz =
bz A
bz G
0;
1.
#6970
0)
0E
#6975
0"
b1110110110 `
x7
x1
x2
x3
bx +
b101 P
b100000001 *
b100000001 F
b100000001 I
1)
1E
#6976
17
b100000001 +
#6977
1"
01
#6978
12
#6979
13
#6980
0)
0E
#6985
b1001110 !
b1001110 8
b1001110 =
b1001110 A
b1001110 G
1%
1<
b1001110 :
1;
0.
b110 P
0'
0N
1)
1E
#6990
0)
0E
#6995
b111 P
1'
1N
b1001110 V
b1001110 Y
b100111000 U
b100111000 Z
b1001110 J
b1001110 Q
1)
1E
#6996
b110000110 H
b110000110 S
b110000110 R
b110000110 [
#6999
bz !
bz 8
bz =
bz A
bz G
0%
0<
0;
1.
#7000
0)
0E
#7005
0"
x7
b10000110 !
b10000110 8
b10000110 =
b10000110 A
b10000110 G
x1
x2
x3
bx +
b1000 P
b10000110 V
b10000110 Y
b1000011000 U
b1000011000 Z
b10000110 J
b10000110 Q
1M
b100100001 *
b100100001 F
b100100001 I
1)
1E
#7006
17
b1010011110 H
b1010011110 S
b1010011110 R
b1010011110 [
b100100001 +
#7007
11
#7008
12
#7009
1"
03
#7010
0)
0E
#7015
1$
1C
b1 #
b1 B
b1 D
b1 !
b1 8
b1 =
b1 A
b1 G
0/
b1001 P
b1 L
0&
0O
1)
1E
#7020
0)
0E
#7025
b10000110 #
b10000110 B
b10000110 D
b10000110 !
b10000110 8
b10000110 =
b10000110 A
b10000110 G
b0 P
1&
1O
b10000110 L
1)
1E
#7029
0$
0C
1/
#7030
0)
0E
#7035
0"
x7
bz !
bz 8
bz =
bz A
bz G
x1
x2
x3
bx +
b1 P
0M
b100000000 *
b100000000 F
b100000000 I
1)
1E
#7036
07
b100000000 +
#7037
1"
01
#7038
12
#7039
13
#7040
0)
0E
#7045
b1 !
b1 8
b1 =
b1 A
b1 G
b1 :
1;
0.
b10 P
0'
0N
1)
1E
#7050
0)
0E
#7055
b11 P
b1 V
b1 Y
b100 U
b100 Z
b1 J
b1 Q
1)
1E
#7056
b101 H
b101 S
b101 R
b101 [
1X
#7057
0X
#7060
0)
0E
#7065
b100 P
1'
1N
1)
1E
#7069
bz !
bz 8
bz =
bz A
bz G
0;
1.
#7070
0)
0E
#7075
0"
x7
x1
x2
x3
bx +
b101 P
b100000001 *
b100000001 F
b100000001 I
1)
1E
#7076
17
b100000001 +
#7077
1"
01
#7078
12
#7079
13
#7080
0)
0E
#7085
b1001110 !
b1001110 8
b1001110 =
b1001110 A
b1001110 G
1%
1<
b1001110 :
1;
0.
b110 P
0'
0N
1)
1E
#7090
0)
0E
#7095
b111 P
1'
1N
b1001110 V
b1001110 Y
b100111000 U
b100111000 Z
b1001110 J
b1001110 Q
1)
1E
#7096
b110000110 H
b110000110 S
b110000110 R
b110000110 [
#7099
bz !
bz 8
bz =
bz A
bz G
0%
0<
0;
1.
#7100
0)
0E
#7105
0"
x7
b10000110 !
b10000110 8
b10000110 =
b10000110 A
b10000110 G
x1
x2
x3
bx +
b1000 P
b10000110 V
b10000110 Y
b1000011000 U
b1000011000 Z
b10000110 J
b10000110 Q
1M
b100100001 *
b100100001 F
b100100001 I
1)
1E
#7106
17
b1010011110 H
b1010011110 S
b1010011110 R
b1010011110 [
b100100001 +
#7107
11
#7108
12
#7109
1"
03
#7110
0)
0E
#7115
b11101001 ^
b10110 a
1-
1$
1C
b1 #
b1 B
b1 D
b1 !
b1 8
b1 =
b1 A
b1 G
0/
b1001 P
b1 L
0&
0O
1)
1E
#7116
0-
#7120
0)
0E
#7125
b10000110 #
b10000110 B
b10000110 D
b10000110 !
b10000110 8
b10000110 =
b10000110 A
b10000110 G
b0 P
1&
1O
b10000110 L
1)
1E
#7129
0$
0C
1/
#7130
0)
0E
#7135
0"
x7
bz !
bz 8
bz =
bz A
bz G
x1
x2
x3
bx +
b1 P
0M
b100000000 *
b100000000 F
b100000000 I
1)
1E
#7136
07
b100000000 +
#7137
1"
01
#7138
12
#7139
13
#7140
0)
0E
#7145
b1 !
b1 8
b1 =
b1 A
b1 G
b1 :
1;
0.
b10 P
0'
0N
1)
1E
#7150
0)
0E
#7155
b11 P
b1 V
b1 Y
b100 U
b100 Z
b1 J
b1 Q
1)
1E
#7156
b101 H
b101 S
b101 R
b101 [
1X
#7157
0X
#7160
0)
0E
#7165
b100 P
1'
1N
1)
1E
#7169
bz !
bz 8
bz =
bz A
bz G
0;
1.
#7170
0)
0E
#7175
0"
b10010001101 `
x7
x1
x2
x3
bx +
b101 P
b100000001 *
b100000001 F
b100000001 I
1)
1E
#7176
17
b100000001 +
#7177
1"
01
#7178
12
#7179
13
#7180
0)
0E
#7185
b1001110 !
b1001110 8
b1001110 =
b1001110 A
b1001110 G
1%
1<
b1001110 :
1;
0.
b110 P
0'
0N
1)
1E
#7190
0)
0E
#7195
b111 P
1'
1N
b1001110 V
b1001110 Y
b100111000 U
b100111000 Z
b1001110 J
b1001110 Q
1)
1E
#7196
b110000110 H
b110000110 S
b110000110 R
b110000110 [
#7199
bz !
bz 8
bz =
bz A
bz G
0%
0<
0;
1.
#7200
0)
0E
#7205
0"
x7
b10000110 !
b10000110 8
b10000110 =
b10000110 A
b10000110 G
x1
x2
x3
bx +
b1000 P
b10000110 V
b10000110 Y
b1000011000 U
b1000011000 Z
b10000110 J
b10000110 Q
1M
b100100001 *
b100100001 F
b100100001 I
1)
1E
#7206
17
b1010011110 H
b1010011110 S
b1010011110 R
b1010011110 [
b100100001 +
#7207
11
#7208
12
#7209
1"
03
#7210
0)
0E
#7215
1$
1C
b1 #
b1 B
b1 D
b1 !
b1 8
b1 =
b1 A
b1 G
0/
b1001 P
b1 L
0&
0O
1)
1E
#7220
0)
0E
#7225
b10000110 #
b10000110 B
b10000110 D
b10000110 !
b10000110 8
b10000110 =
b10000110 A
b10000110 G
b0 P
1&
1O
b10000110 L
1)
1E
#7229
0$
0C
1/
#7230
0)
0E
#7235
0"
x7
bz !
bz 8
bz =
bz A
bz G
x1
x2
x3
bx +
b1 P
0M
b100000000 *
b100000000 F
b100000000 I
1)
1E
#7236
07
b100000000 +
#7237
1"
01
#7238
12
#7239
13
#7240
0)
0E
#7245
b1 !
b1 8
b1 =
b1 A
b1 G
b1 :
1;
0.
b10 P
0'
0N
1)
1E
#7250
0)
0E
#7255
b11 P
b1 V
b1 Y
b100 U
b100 Z
b1 J
b1 Q
1)
1E
#7256
b101 H
b101 S
b101 R
b101 [
1X
#7257
0X
#7260
0)
0E
#7265
b100 P
1'
1N
1)
1E
#7269
bz !
bz 8
bz =
bz A
bz G
0;
1.
#7270
0)
0E
#7275
0"
x7
x1
x2
x3
bx +
b101 P
b100000001 *
b100000001 F
b100000001 I
1)
1E
#7276
17
b100000001 +
#7277
1"
01
#7278
12
#7279
13
#7280
0)
0E
#7285
b1001110 !
b1001110 8
b1001110 =
b1001110 A
b1001110 G
1%
1<
b1001110 :
1;
0.
b110 P
0'
0N
1)
1E
#7290
0)
0E
#7295
b111 P
1'
1N
b1001110 V
b1001110 Y
b100111000 U
b100111000 Z
b1001110 J
b1001110 Q
1)
1E
#7296
b110000110 H
b110000110 S
b110000110 R
b110000110 [
#7299
bz !
bz 8
bz =
bz A
bz G
0%
0<
0;
1.
#7300
0)
0E
#7305
0"
x7
b10000110 !
b10000110 8
b10000110 =
b10000110 A
b10000110 G
x1
x2
x3
bx +
b1000 P
b10000110 V
b10000110 Y
b1000011000 U
b1000011000 Z
b10000110 J
b10000110 Q
1M
b100100001 *
b100100001 F
b100100001 I
1)
1E
#7306
17
b1010011110 H
b1010011110 S
b1010011110 R
b1010011110 [
b100100001 +
#7307
11
#7308
12
#7309
1"
03
#7310
0)
0E
#7315
b10110 ^
b10111 a
1-
1$
1C
b1 #
b1 B
b1 D
b1 !
b1 8
b1 =
b1 A
b1 G
0/
b1001 P
b1 L
0&
0O
1)
1E
#7316
0-
#7320
0)
0E
#7325
b10000110 #
b10000110 B
b10000110 D
b10000110 !
b10000110 8
b10000110 =
b10000110 A
b10000110 G
b0 P
1&
1O
b10000110 L
1)
1E
#7329
0$
0C
1/
#7330
0)
0E
#7335
0"
x7
bz !
bz 8
bz =
bz A
bz G
x1
x2
x3
bx +
b1 P
0M
b100000000 *
b100000000 F
b100000000 I
1)
1E
#7336
07
b100000000 +
#7337
1"
01
#7338
12
#7339
13
#7340
0)
0E
#7345
b1 !
b1 8
b1 =
b1 A
b1 G
b1 :
1;
0.
b10 P
0'
0N
1)
1E
#7350
0)
0E
#7355
b11 P
b1 V
b1 Y
b100 U
b100 Z
b1 J
b1 Q
1)
1E
#7356
b101 H
b101 S
b101 R
b101 [
1X
#7357
0X
#7360
0)
0E
#7365
b100 P
1'
1N
1)
1E
#7369
bz !
bz 8
bz =
bz A
bz G
0;
1.
#7370
0)
0E
#7375
0"
b1101110 `
x7
x1
x2
x3
bx +
b101 P
b100000001 *
b100000001 F
b100000001 I
1)
1E
#7376
17
b100000001 +
#7377
1"
01
#7378
12
#7379
13
#7380
0)
0E
#7385
b1001110 !
b1001110 8
b1001110 =
b1001110 A
b1001110 G
1%
1<
b1001110 :
1;
0.
b110 P
0'
0N
1)
1E
#7390
0)
0E
#7395
b111 P
1'
1N
b1001110 V
b1001110 Y
b100111000 U
b100111000 Z
b1001110 J
b1001110 Q
1)
1E
#7396
b110000110 H
b110000110 S
b110000110 R
b110000110 [
#7399
bz !
bz 8
bz =
bz A
bz G
0%
0<
0;
1.
#7400
0)
0E
#7405
0"
x7
b10000110 !
b10000110 8
b10000110 =
b10000110 A
b10000110 G
x1
x2
x3
bx +
b1000 P
b10000110 V
b10000110 Y
b1000011000 U
b1000011000 Z
b10000110 J
b10000110 Q
1M
b100100001 *
b100100001 F
b100100001 I
1)
1E
#7406
17
b1010011110 H
b1010011110 S
b1010011110 R
b1010011110 [
b100100001 +
#7407
11
#7408
12
#7409
1"
03
#7410
0)
0E
#7415
1$
1C
b1 #
b1 B
b1 D
b1 !
b1 8
b1 =
b1 A
b1 G
0/
b1001 P
b1 L
0&
0O
1)
1E
#7420
0)
0E
#7425
b10000110 #
b10000110 B
b10000110 D
b10000110 !
b10000110 8
b10000110 =
b10000110 A
b10000110 G
b0 P
1&
1O
b10000110 L
1)
1E
#7429
0$
0C
1/
#7430
0)
0E
#7435
0"
x7
bz !
bz 8
bz =
bz A
bz G
x1
x2
x3
bx +
b1 P
0M
b100000000 *
b100000000 F
b100000000 I
1)
1E
#7436
07
b100000000 +
#7437
1"
01
#7438
12
#7439
13
#7440
0)
0E
#7445
b1 !
b1 8
b1 =
b1 A
b1 G
b1 :
1;
0.
b10 P
0'
0N
1)
1E
#7450
0)
0E
#7455
b11 P
b1 V
b1 Y
b100 U
b100 Z
b1 J
b1 Q
1)
1E
#7456
b101 H
b101 S
b101 R
b101 [
1X
#7457
0X
#7460
0)
0E
#7465
b100 P
1'
1N
1)
1E
#7469
bz !
bz 8
bz =
bz A
bz G
0;
1.
#7470
0)
0E
#7475
0"
x7
x1
x2
x3
bx +
b101 P
b100000001 *
b100000001 F
b100000001 I
1)
1E
#7476
17
b100000001 +
#7477
1"
01
#7478
12
#7479
13
#7480
0)
0E
#7485
b1001110 !
b1001110 8
b1001110 =
b1001110 A
b1001110 G
1%
1<
b1001110 :
1;
0.
b110 P
0'
0N
1)
1E
#7490
0)
0E
#7495
b111 P
1'
1N
b1001110 V
b1001110 Y
b100111000 U
b100111000 Z
b1001110 J
b1001110 Q
1)
1E
#7496
b110000110 H
b110000110 S
b110000110 R
b110000110 [
#7499
bz !
bz 8
bz =
bz A
bz G
0%
0<
0;
1.
#7500
0)
0E
#7505
0"
x7
b10000110 !
b10000110 8
b10000110 =
b10000110 A
b10000110 G
x1
x2
x3
bx +
b1000 P
b10000110 V
b10000110 Y
b1000011000 U
b1000011000 Z
b10000110 J
b10000110 Q
1M
b100100001 *
b100100001 F
b100100001 I
1)
1E
#7506
17
b1010011110 H
b1010011110 S
b1010011110 R
b1010011110 [
b100100001 +
#7507
11
#7508
12
#7509
1"
03
#7510
0)
0E
#7515
b1000101 ^
b11000 a
1-
1$
1C
b1 #
b1 B
b1 D
b1 !
b1 8
b1 =
b1 A
b1 G
0/
b1001 P
b1 L
0&
0O
1)
1E
#7516
0-
#7520
0)
0E
#7525
b10000110 #
b10000110 B
b10000110 D
b10000110 !
b10000110 8
b10000110 =
b10000110 A
b10000110 G
b0 P
1&
1O
b10000110 L
1)
1E
#7529
0$
0C
1/
#7530
0)
0E
#7535
0"
x7
bz !
bz 8
bz =
bz A
bz G
x1
x2
x3
bx +
b1 P
0M
b100000000 *
b100000000 F
b100000000 I
1)
1E
#7536
07
b100000000 +
#7537
1"
01
#7538
12
#7539
13
#7540
0)
0E
#7545
b1 !
b1 8
b1 =
b1 A
b1 G
b1 :
1;
0.
b10 P
0'
0N
1)
1E
#7550
0)
0E
#7555
b11 P
b1 V
b1 Y
b100 U
b100 Z
b1 J
b1 Q
1)
1E
#7556
b101 H
b101 S
b101 R
b101 [
1X
#7557
0X
#7560
0)
0E
#7565
b100 P
1'
1N
1)
1E
#7569
bz !
bz 8
bz =
bz A
bz G
0;
1.
#7570
0)
0E
#7575
0"
b101011001 `
x7
x1
x2
x3
bx +
b101 P
b100000001 *
b100000001 F
b100000001 I
1)
1E
#7576
17
b100000001 +
#7577
1"
01
#7578
12
#7579
13
#7580
0)
0E
#7585
b1001110 !
b1001110 8
b1001110 =
b1001110 A
b1001110 G
1%
1<
b1001110 :
1;
0.
b110 P
0'
0N
1)
1E
#7590
0)
0E
#7595
b111 P
1'
1N
b1001110 V
b1001110 Y
b100111000 U
b100111000 Z
b1001110 J
b1001110 Q
1)
1E
#7596
b110000110 H
b110000110 S
b110000110 R
b110000110 [
#7599
bz !
bz 8
bz =
bz A
bz G
0%
0<
0;
1.
#7600
0)
0E
#7605
0"
x7
b10000110 !
b10000110 8
b10000110 =
b10000110 A
b10000110 G
x1
x2
x3
bx +
b1000 P
b10000110 V
b10000110 Y
b1000011000 U
b1000011000 Z
b10000110 J
b10000110 Q
1M
b100100001 *
b100100001 F
b100100001 I
1)
1E
#7606
17
b1010011110 H
b1010011110 S
b1010011110 R
b1010011110 [
b100100001 +
#7607
11
#7608
12
#7609
1"
03
#7610
0)
0E
#7615
1$
1C
b1 #
b1 B
b1 D
b1 !
b1 8
b1 =
b1 A
b1 G
0/
b1001 P
b1 L
0&
0O
1)
1E
#7620
0)
0E
#7625
b10000110 #
b10000110 B
b10000110 D
b10000110 !
b10000110 8
b10000110 =
b10000110 A
b10000110 G
b0 P
1&
1O
b10000110 L
1)
1E
#7629
0$
0C
1/
#7630
0)
0E
#7635
0"
x7
bz !
bz 8
bz =
bz A
bz G
x1
x2
x3
bx +
b1 P
0M
b100000000 *
b100000000 F
b100000000 I
1)
1E
#7636
07
b100000000 +
#7637
1"
01
#7638
12
#7639
13
#7640
0)
0E
#7645
b1 !
b1 8
b1 =
b1 A
b1 G
b1 :
1;
0.
b10 P
0'
0N
1)
1E
#7650
0)
0E
#7655
b11 P
b1 V
b1 Y
b100 U
b100 Z
b1 J
b1 Q
1)
1E
#7656
b101 H
b101 S
b101 R
b101 [
1X
#7657
0X
#7660
0)
0E
#7665
b100 P
1'
1N
1)
1E
#7669
bz !
bz 8
bz =
bz A
bz G
0;
1.
#7670
0)
0E
#7675
0"
x7
x1
x2
x3
bx +
b101 P
b100000001 *
b100000001 F
b100000001 I
1)
1E
#7676
17
b100000001 +
#7677
1"
01
#7678
12
#7679
13
#7680
0)
0E
#7685
b1001110 !
b1001110 8
b1001110 =
b1001110 A
b1001110 G
1%
1<
b1001110 :
1;
0.
b110 P
0'
0N
1)
1E
#7690
0)
0E
#7695
b111 P
1'
1N
b1001110 V
b1001110 Y
b100111000 U
b100111000 Z
b1001110 J
b1001110 Q
1)
1E
#7696
b110000110 H
b110000110 S
b110000110 R
b110000110 [
#7699
bz !
bz 8
bz =
bz A
bz G
0%
0<
0;
1.
#7700
0)
0E
#7705
0"
x7
b10000110 !
b10000110 8
b10000110 =
b10000110 A
b10000110 G
x1
x2
x3
bx +
b1000 P
b10000110 V
b10000110 Y
b1000011000 U
b1000011000 Z
b10000110 J
b10000110 Q
1M
b100100001 *
b100100001 F
b100100001 I
1)
1E
#7706
17
b1010011110 H
b1010011110 S
b1010011110 R
b1010011110 [
b100100001 +
#7707
11
#7708
12
#7709
1"
03
#7710
0)
0E
#7715
b1110110 ^
b11001 a
1-
1$
1C
b1 #
b1 B
b1 D
b1 !
b1 8
b1 =
b1 A
b1 G
0/
b1001 P
b1 L
0&
0O
1)
1E
#7716
0-
#7720
0)
0E
#7725
b10000110 #
b10000110 B
b10000110 D
b10000110 !
b10000110 8
b10000110 =
b10000110 A
b10000110 G
b0 P
1&
1O
b10000110 L
1)
1E
#7729
0$
0C
1/
#7730
0)
0E
#7735
0"
x7
bz !
bz 8
bz =
bz A
bz G
x1
x2
x3
bx +
b1 P
0M
b100000000 *
b100000000 F
b100000000 I
1)
1E
#7736
07
b100000000 +
#7737
1"
01
#7738
12
#7739
13
#7740
0)
0E
#7745
b1 !
b1 8
b1 =
b1 A
b1 G
b1 :
1;
0.
b10 P
0'
0N
1)
1E
#7750
0)
0E
#7755
b11 P
b1 V
b1 Y
b100 U
b100 Z
b1 J
b1 Q
1)
1E
#7756
b101 H
b101 S
b101 R
b101 [
1X
#7757
0X
#7760
0)
0E
#7765
b100 P
1'
1N
1)
1E
#7769
bz !
bz 8
bz =
bz A
bz G
0;
1.
#7770
0)
0E
#7775
0"
b1001001110 `
x7
x1
x2
x3
bx +
b101 P
b100000001 *
b100000001 F
b100000001 I
1)
1E
#7776
17
b100000001 +
#7777
1"
01
#7778
12
#7779
13
#7780
0)
0E
#7785
b1001110 !
b1001110 8
b1001110 =
b1001110 A
b1001110 G
1%
1<
b1001110 :
1;
0.
b110 P
0'
0N
1)
1E
#7790
0)
0E
#7795
b111 P
1'
1N
b1001110 V
b1001110 Y
b100111000 U
b100111000 Z
b1001110 J
b1001110 Q
1)
1E
#7796
b110000110 H
b110000110 S
b110000110 R
b110000110 [
#7799
bz !
bz 8
bz =
bz A
bz G
0%
0<
0;
1.
#7800
0)
0E
#7805
0"
x7
b10000110 !
b10000110 8
b10000110 =
b10000110 A
b10000110 G
x1
x2
x3
bx +
b1000 P
b10000110 V
b10000110 Y
b1000011000 U
b1000011000 Z
b10000110 J
b10000110 Q
1M
b100100001 *
b100100001 F
b100100001 I
1)
1E
#7806
17
b1010011110 H
b1010011110 S
b1010011110 R
b1010011110 [
b100100001 +
#7807
11
#7808
12
#7809
1"
03
#7810
0)
0E
#7815
1$
1C
b1 #
b1 B
b1 D
b1 !
b1 8
b1 =
b1 A
b1 G
0/
b1001 P
b1 L
0&
0O
1)
1E
#7820
0)
0E
#7825
b10000110 #
b10000110 B
b10000110 D
b10000110 !
b10000110 8
b10000110 =
b10000110 A
b10000110 G
b0 P
1&
1O
b10000110 L
1)
1E
#7829
0$
0C
1/
#7830
0)
0E
#7835
0"
x7
bz !
bz 8
bz =
bz A
bz G
x1
x2
x3
bx +
b1 P
0M
b100000000 *
b100000000 F
b100000000 I
1)
1E
#7836
07
b100000000 +
#7837
1"
01
#7838
12
#7839
13
#7840
0)
0E
#7845
b1 !
b1 8
b1 =
b1 A
b1 G
b1 :
1;
0.
b10 P
0'
0N
1)
1E
#7850
0)
0E
#7855
b11 P
b1 V
b1 Y
b100 U
b100 Z
b1 J
b1 Q
1)
1E
#7856
b101 H
b101 S
b101 R
b101 [
1X
#7857
0X
#7860
0)
0E
#7865
b100 P
1'
1N
1)
1E
#7869
bz !
bz 8
bz =
bz A
bz G
0;
1.
#7870
0)
0E
#7875
0"
x7
x1
x2
x3
bx +
b101 P
b100000001 *
b100000001 F
b100000001 I
1)
1E
#7876
17
b100000001 +
#7877
1"
01
#7878
12
#7879
13
#7880
0)
0E
#7885
b1001110 !
b1001110 8
b1001110 =
b1001110 A
b1001110 G
1%
1<
b1001110 :
1;
0.
b110 P
0'
0N
1)
1E
#7890
0)
0E
#7895
b111 P
1'
1N
b1001110 V
b1001110 Y
b100111000 U
b100111000 Z
b1001110 J
b1001110 Q
1)
1E
#7896
b110000110 H
b110000110 S
b110000110 R
b110000110 [
#7899
bz !
bz 8
bz =
bz A
bz G
0%
0<
0;
1.
#7900
0)
0E
#7905
0"
x7
b10000110 !
b10000110 8
b10000110 =
b10000110 A
b10000110 G
x1
x2
x3
bx +
b1000 P
b10000110 V
b10000110 Y
b1000011000 U
b1000011000 Z
b10000110 J
b10000110 Q
1M
b100100001 *
b100100001 F
b100100001 I
1)
1E
#7906
17
b1010011110 H
b1010011110 S
b1010011110 R
b1010011110 [
b100100001 +
#7907
11
#7908
12
#7909
1"
03
#7910
0)
0E
#7915
b10101001 ^
b11010 a
1-
1$
1C
b1 #
b1 B
b1 D
b1 !
b1 8
b1 =
b1 A
b1 G
0/
b1001 P
b1 L
0&
0O
1)
1E
#7916
0-
#7920
0)
0E
#7925
b10000110 #
b10000110 B
b10000110 D
b10000110 !
b10000110 8
b10000110 =
b10000110 A
b10000110 G
b0 P
1&
1O
b10000110 L
1)
1E
#7929
0$
0C
1/
#7930
0)
0E
#7935
0"
x7
bz !
bz 8
bz =
bz A
bz G
x1
x2
x3
bx +
b1 P
0M
b100000000 *
b100000000 F
b100000000 I
1)
1E
#7936
07
b100000000 +
#7937
1"
01
#7938
12
#7939
13
#7940
0)
0E
#7945
b1 !
b1 8
b1 =
b1 A
b1 G
b1 :
1;
0.
b10 P
0'
0N
1)
1E
#7950
0)
0E
#7955
b11 P
b1 V
b1 Y
b100 U
b100 Z
b1 J
b1 Q
1)
1E
#7956
b101 H
b101 S
b101 R
b101 [
1X
#7957
0X
#7960
0)
0E
#7965
b100 P
1'
1N
1)
1E
#7969
bz !
bz 8
bz =
bz A
bz G
0;
1.
#7970
0)
0E
#7975
0"
b1101001101 `
x7
x1
x2
x3
bx +
b101 P
b100000001 *
b100000001 F
b100000001 I
1)
1E
#7976
17
b100000001 +
#7977
1"
01
#7978
12
#7979
13
#7980
0)
0E
#7985
b1001110 !
b1001110 8
b1001110 =
b1001110 A
b1001110 G
1%
1<
b1001110 :
1;
0.
b110 P
0'
0N
1)
1E
#7990
0)
0E
#7995
b111 P
1'
1N
b1001110 V
b1001110 Y
b100111000 U
b100111000 Z
b1001110 J
b1001110 Q
1)
1E
#7996
b110000110 H
b110000110 S
b110000110 R
b110000110 [
#7999
bz !
bz 8
bz =
bz A
bz G
0%
0<
0;
1.
#8000
0)
0E
#8005
0"
x7
b10000110 !
b10000110 8
b10000110 =
b10000110 A
b10000110 G
x1
x2
x3
bx +
b1000 P
b10000110 V
b10000110 Y
b1000011000 U
b1000011000 Z
b10000110 J
b10000110 Q
1M
b100100001 *
b100100001 F
b100100001 I
1)
1E
#8006
17
b1010011110 H
b1010011110 S
b1010011110 R
b1010011110 [
b100100001 +
#8007
11
#8008
12
#8009
1"
03
#8010
0)
0E
#8015
1$
1C
b1 #
b1 B
b1 D
b1 !
b1 8
b1 =
b1 A
b1 G
0/
b1001 P
b1 L
0&
0O
1)
1E
#8020
0)
0E
#8025
b10000110 #
b10000110 B
b10000110 D
b10000110 !
b10000110 8
b10000110 =
b10000110 A
b10000110 G
b0 P
1&
1O
b10000110 L
1)
1E
#8029
0$
0C
1/
#8030
0)
0E
#8035
0"
x7
bz !
bz 8
bz =
bz A
bz G
x1
x2
x3
bx +
b1 P
0M
b100000000 *
b100000000 F
b100000000 I
1)
1E
#8036
07
b100000000 +
#8037
1"
01
#8038
12
#8039
13
#8040
0)
0E
#8045
b1 !
b1 8
b1 =
b1 A
b1 G
b1 :
1;
0.
b10 P
0'
0N
1)
1E
#8050
0)
0E
#8055
b11 P
b1 V
b1 Y
b100 U
b100 Z
b1 J
b1 Q
1)
1E
#8056
b101 H
b101 S
b101 R
b101 [
1X
#8057
0X
#8060
0)
0E
#8065
b100 P
1'
1N
1)
1E
#8069
bz !
bz 8
bz =
bz A
bz G
0;
1.
#8070
0)
0E
#8075
0"
x7
x1
x2
x3
bx +
b101 P
b100000001 *
b100000001 F
b100000001 I
1)
1E
#8076
17
b100000001 +
#8077
1"
01
#8078
12
#8079
13
#8080
0)
0E
#8085
b1001110 !
b1001110 8
b1001110 =
b1001110 A
b1001110 G
1%
1<
b1001110 :
1;
0.
b110 P
0'
0N
1)
1E
#8090
0)
0E
#8095
b111 P
1'
1N
b1001110 V
b1001110 Y
b100111000 U
b100111000 Z
b1001110 J
b1001110 Q
1)
1E
#8096
b110000110 H
b110000110 S
b110000110 R
b110000110 [
#8099
bz !
bz 8
bz =
bz A
bz G
0%
0<
0;
1.
#8100
0)
0E
#8105
0"
x7
b10000110 !
b10000110 8
b10000110 =
b10000110 A
b10000110 G
x1
x2
x3
bx +
b1000 P
b10000110 V
b10000110 Y
b1000011000 U
b1000011000 Z
b10000110 J
b10000110 Q
1M
b100100001 *
b100100001 F
b100100001 I
1)
1E
#8106
17
b1010011110 H
b1010011110 S
b1010011110 R
b1010011110 [
b100100001 +
#8107
11
#8108
12
#8109
1"
03
#8110
0)
0E
#8115
b11011110 ^
b11011 a
1-
1$
1C
b1 #
b1 B
b1 D
b1 !
b1 8
b1 =
b1 A
b1 G
0/
b1001 P
b1 L
0&
0O
1)
1E
#8116
0-
#8120
0)
0E
#8125
b10000110 #
b10000110 B
b10000110 D
b10000110 !
b10000110 8
b10000110 =
b10000110 A
b10000110 G
b0 P
1&
1O
b10000110 L
1)
1E
#8129
0$
0C
1/
#8130
0)
0E
#8135
0"
x7
bz !
bz 8
bz =
bz A
bz G
x1
x2
x3
bx +
b1 P
0M
b100000000 *
b100000000 F
b100000000 I
1)
1E
#8136
07
b100000000 +
#8137
1"
01
#8138
12
#8139
13
#8140
0)
0E
#8145
b1 !
b1 8
b1 =
b1 A
b1 G
b1 :
1;
0.
b10 P
0'
0N
1)
1E
#8150
0)
0E
#8155
b11 P
b1 V
b1 Y
b100 U
b100 Z
b1 J
b1 Q
1)
1E
#8156
b101 H
b101 S
b101 R
b101 [
1X
#8157
0X
#8160
0)
0E
#8165
b100 P
1'
1N
1)
1E
#8169
bz !
bz 8
bz =
bz A
bz G
0;
1.
#8170
0)
0E
#8175
0"
b10001010110 `
x7
x1
x2
x3
bx +
b101 P
b100000001 *
b100000001 F
b100000001 I
1)
1E
#8176
17
b100000001 +
#8177
1"
01
#8178
12
#8179
13
#8180
0)
0E
#8185
b1001110 !
b1001110 8
b1001110 =
b1001110 A
b1001110 G
1%
1<
b1001110 :
1;
0.
b110 P
0'
0N
1)
1E
#8190
0)
0E
#8195
b111 P
1'
1N
b1001110 V
b1001110 Y
b100111000 U
b100111000 Z
b1001110 J
b1001110 Q
1)
1E
#8196
b110000110 H
b110000110 S
b110000110 R
b110000110 [
#8199
bz !
bz 8
bz =
bz A
bz G
0%
0<
0;
1.
#8200
0)
0E
#8205
0"
x7
b10000110 !
b10000110 8
b10000110 =
b10000110 A
b10000110 G
x1
x2
x3
bx +
b1000 P
b10000110 V
b10000110 Y
b1000011000 U
b1000011000 Z
b10000110 J
b10000110 Q
1M
b100100001 *
b100100001 F
b100100001 I
1)
1E
#8206
17
b1010011110 H
b1010011110 S
b1010011110 R
b1010011110 [
b100100001 +
#8207
11
#8208
12
#8209
1"
03
#8210
0)
0E
#8215
1$
1C
b1 #
b1 B
b1 D
b1 !
b1 8
b1 =
b1 A
b1 G
0/
b1001 P
b1 L
0&
0O
1)
1E
#8220
0)
0E
#8225
b10000110 #
b10000110 B
b10000110 D
b10000110 !
b10000110 8
b10000110 =
b10000110 A
b10000110 G
b0 P
1&
1O
b10000110 L
1)
1E
#8229
0$
0C
1/
#8230
0)
0E
#8235
0"
x7
bz !
bz 8
bz =
bz A
bz G
x1
x2
x3
bx +
b1 P
0M
b100000000 *
b100000000 F
b100000000 I
1)
1E
#8236
07
b100000000 +
#8237
1"
01
#8238
12
#8239
13
#8240
0)
0E
#8245
b1 !
b1 8
b1 =
b1 A
b1 G
b1 :
1;
0.
b10 P
0'
0N
1)
1E
#8250
0)
0E
#8255
b11 P
b1 V
b1 Y
b100 U
b100 Z
b1 J
b1 Q
1)
1E
#8256
b101 H
b101 S
b101 R
b101 [
1X
#8257
0X
#8260
0)
0E
#8265
b100 P
1'
1N
1)
1E
#8269
bz !
bz 8
bz =
bz A
bz G
0;
1.
#8270
0)
0E
#8275
0"
x7
x1
x2
x3
bx +
b101 P
b100000001 *
b100000001 F
b100000001 I
1)
1E
#8276
17
b100000001 +
#8277
1"
01
#8278
12
#8279
13
#8280
0)
0E
#8285
b1001110 !
b1001110 8
b1001110 =
b1001110 A
b1001110 G
1%
1<
b1001110 :
1;
0.
b110 P
0'
0N
1)
1E
#8290
0)
0E
#8295
b111 P
1'
1N
b1001110 V
b1001110 Y
b100111000 U
b100111000 Z
b1001110 J
b1001110 Q
1)
1E
#8296
b110000110 H
b110000110 S
b110000110 R
b110000110 [
#8299
bz !
bz 8
bz =
bz A
bz G
0%
0<
0;
1.
#8300
0)
0E
#8305
0"
x7
b10000110 !
b10000110 8
b10000110 =
b10000110 A
b10000110 G
x1
x2
x3
bx +
b1000 P
b10000110 V
b10000110 Y
b1000011000 U
b1000011000 Z
b10000110 J
b10000110 Q
1M
b100100001 *
b100100001 F
b100100001 I
1)
1E
#8306
17
b1010011110 H
b1010011110 S
b1010011110 R
b1010011110 [
b100100001 +
#8307
11
#8308
12
#8309
1"
03
#8310
0)
0E
#8315
b10101 ^
b11100 a
1-
1$
1C
b1 #
b1 B
b1 D
b1 !
b1 8
b1 =
b1 A
b1 G
0/
b1001 P
b1 L
0&
0O
1)
1E
#8316
0-
#8320
0)
0E
#8325
b10000110 #
b10000110 B
b10000110 D
b10000110 !
b10000110 8
b10000110 =
b10000110 A
b10000110 G
b0 P
1&
1O
b10000110 L
1)
1E
#8329
0$
0C
1/
#8330
0)
0E
#8335
0"
x7
bz !
bz 8
bz =
bz A
bz G
x1
x2
x3
bx +
b1 P
0M
b100000000 *
b100000000 F
b100000000 I
1)
1E
#8336
07
b100000000 +
#8337
1"
01
#8338
12
#8339
13
#8340
0)
0E
#8345
b1 !
b1 8
b1 =
b1 A
b1 G
b1 :
1;
0.
b10 P
0'
0N
1)
1E
#8350
0)
0E
#8355
b11 P
b1 V
b1 Y
b100 U
b100 Z
b1 J
b1 Q
1)
1E
#8356
b101 H
b101 S
b101 R
b101 [
1X
#8357
0X
#8360
0)
0E
#8365
b100 P
1'
1N
1)
1E
#8369
bz !
bz 8
bz =
bz A
bz G
0;
1.
#8370
0)
0E
#8375
0"
b1101001 `
x7
x1
x2
x3
bx +
b101 P
b100000001 *
b100000001 F
b100000001 I
1)
1E
#8376
17
b100000001 +
#8377
1"
01
#8378
12
#8379
13
#8380
0)
0E
#8385
b1001110 !
b1001110 8
b1001110 =
b1001110 A
b1001110 G
1%
1<
b1001110 :
1;
0.
b110 P
0'
0N
1)
1E
#8390
0)
0E
#8395
b111 P
1'
1N
b1001110 V
b1001110 Y
b100111000 U
b100111000 Z
b1001110 J
b1001110 Q
1)
1E
#8396
b110000110 H
b110000110 S
b110000110 R
b110000110 [
#8399
bz !
bz 8
bz =
bz A
bz G
0%
0<
0;
1.
#8400
0)
0E
#8405
0"
x7
b10000110 !
b10000110 8
b10000110 =
b10000110 A
b10000110 G
x1
x2
x3
bx +
b1000 P
b10000110 V
b10000110 Y
b1000011000 U
b1000011000 Z
b10000110 J
b10000110 Q
1M
b100100001 *
b100100001 F
b100100001 I
1)
1E
#8406
17
b1010011110 H
b1010011110 S
b1010011110 R
b1010011110 [
b100100001 +
#8407
11
#8408
12
#8409
1"
03
#8410
0)
0E
#8415
1$
1C
b1 #
b1 B
b1 D
b1 !
b1 8
b1 =
b1 A
b1 G
0/
b1001 P
b1 L
0&
0O
1)
1E
#8420
0)
0E
#8425
b10000110 #
b10000110 B
b10000110 D
b10000110 !
b10000110 8
b10000110 =
b10000110 A
b10000110 G
b0 P
1&
1O
b10000110 L
1)
1E
#8429
0$
0C
1/
#8430
0)
0E
#8435
0"
x7
bz !
bz 8
bz =
bz A
bz G
x1
x2
x3
bx +
b1 P
0M
b100000000 *
b100000000 F
b100000000 I
1)
1E
#8436
07
b100000000 +
#8437
1"
01
#8438
12
#8439
13
#8440
0)
0E
#8445
b1 !
b1 8
b1 =
b1 A
b1 G
b1 :
1;
0.
b10 P
0'
0N
1)
1E
#8450
0)
0E
#8455
b11 P
b1 V
b1 Y
b100 U
b100 Z
b1 J
b1 Q
1)
1E
#8456
b101 H
b101 S
b101 R
b101 [
1X
#8457
0X
#8460
0)
0E
#8465
b100 P
1'
1N
1)
1E
#8469
bz !
bz 8
bz =
bz A
bz G
0;
1.
#8470
0)
0E
#8475
0"
x7
x1
x2
x3
bx +
b101 P
b100000001 *
b100000001 F
b100000001 I
1)
1E
#8476
17
b100000001 +
#8477
1"
01
#8478
12
#8479
13
#8480
0)
0E
#8485
b1001110 !
b1001110 8
b1001110 =
b1001110 A
b1001110 G
1%
1<
b1001110 :
1;
0.
b110 P
0'
0N
1)
1E
#8490
0)
0E
#8495
b111 P
1'
1N
b1001110 V
b1001110 Y
b100111000 U
b100111000 Z
b1001110 J
b1001110 Q
1)
1E
#8496
b110000110 H
b110000110 S
b110000110 R
b110000110 [
#8499
bz !
bz 8
bz =
bz A
bz G
0%
0<
0;
1.
#8500
0)
0E
#8505
0"
x7
b10000110 !
b10000110 8
b10000110 =
b10000110 A
b10000110 G
x1
x2
x3
bx +
b1000 P
b10000110 V
b10000110 Y
b1000011000 U
b1000011000 Z
b10000110 J
b10000110 Q
1M
b100100001 *
b100100001 F
b100100001 I
1)
1E
#8506
17
b1010011110 H
b1010011110 S
b1010011110 R
b1010011110 [
b100100001 +
#8507
11
#8508
12
#8509
1"
03
#8510
0)
0E
#8515
b1001110 ^
b11101 a
1-
1$
1C
b1 #
b1 B
b1 D
b1 !
b1 8
b1 =
b1 A
b1 G
0/
b1001 P
b1 L
0&
0O
1)
1E
#8516
0-
#8520
0)
0E
#8525
b10000110 #
b10000110 B
b10000110 D
b10000110 !
b10000110 8
b10000110 =
b10000110 A
b10000110 G
b0 P
1&
1O
b10000110 L
1)
1E
#8529
0$
0C
1/
#8530
0)
0E
#8535
0"
x7
bz !
bz 8
bz =
bz A
bz G
x1
x2
x3
bx +
b1 P
0M
b100000000 *
b100000000 F
b100000000 I
1)
1E
#8536
07
b100000000 +
#8537
1"
01
#8538
12
#8539
13
#8540
0)
0E
#8545
b1 !
b1 8
b1 =
b1 A
b1 G
b1 :
1;
0.
b10 P
0'
0N
1)
1E
#8550
0)
0E
#8555
b11 P
b1 V
b1 Y
b100 U
b100 Z
b1 J
b1 Q
1)
1E
#8556
b101 H
b101 S
b101 R
b101 [
1X
#8557
0X
#8560
0)
0E
#8565
b100 P
1'
1N
1)
1E
#8569
bz !
bz 8
bz =
bz A
bz G
0;
1.
#8570
0)
0E
#8575
0"
b110000110 `
x7
x1
x2
x3
bx +
b101 P
b100000001 *
b100000001 F
b100000001 I
1)
1E
#8576
17
b100000001 +
#8577
1"
01
#8578
12
#8579
13
#8580
0)
0E
#8585
b1001110 !
b1001110 8
b1001110 =
b1001110 A
b1001110 G
1%
1<
b1001110 :
1;
0.
b110 P
0'
0N
1)
1E
#8590
0)
0E
#8595
b111 P
1'
1N
b1001110 V
b1001110 Y
b100111000 U
b100111000 Z
b1001110 J
b1001110 Q
1)
1E
#8596
b110000110 H
b110000110 S
b110000110 R
b110000110 [
#8599
bz !
bz 8
bz =
bz A
bz G
0%
0<
0;
1.
#8600
0)
0E
#8605
0"
x7
b10000110 !
b10000110 8
b10000110 =
b10000110 A
b10000110 G
x1
x2
x3
bx +
b1000 P
b10000110 V
b10000110 Y
b1000011000 U
b1000011000 Z
b10000110 J
b10000110 Q
1M
b100100001 *
b100100001 F
b100100001 I
1)
1E
#8606
17
b1010011110 H
b1010011110 S
b1010011110 R
b1010011110 [
b100100001 +
#8607
11
#8608
12
#8609
1"
03
#8610
0)
0E
#8615
1$
1C
b1 #
b1 B
b1 D
b1 !
b1 8
b1 =
b1 A
b1 G
0/
b1001 P
b1 L
0&
0O
1)
1E
#8620
0)
0E
#8625
b10000110 #
b10000110 B
b10000110 D
b10000110 !
b10000110 8
b10000110 =
b10000110 A
b10000110 G
b0 P
1&
1O
b10000110 L
1)
1E
#8629
0$
0C
1/
#8630
0)
0E
#8635
0"
x7
bz !
bz 8
bz =
bz A
bz G
x1
x2
x3
bx +
b1 P
0M
b100000000 *
b100000000 F
b100000000 I
1)
1E
#8636
07
b100000000 +
#8637
1"
01
#8638
12
#8639
13
#8640
0)
0E
#8645
b1 !
b1 8
b1 =
b1 A
b1 G
b1 :
1;
0.
b10 P
0'
0N
1)
1E
#8650
0)
0E
#8655
b11 P
b1 V
b1 Y
b100 U
b100 Z
b1 J
b1 Q
1)
1E
#8656
b101 H
b101 S
b101 R
b101 [
1X
#8657
0X
#8660
0)
0E
#8665
b100 P
1'
1N
1)
1E
#8669
bz !
bz 8
bz =
bz A
bz G
0;
1.
#8670
0)
0E
#8675
0"
x7
x1
x2
x3
bx +
b101 P
b100000001 *
b100000001 F
b100000001 I
1)
1E
#8676
17
b100000001 +
#8677
1"
01
#8678
12
#8679
13
#8680
0)
0E
#8685
b1001110 !
b1001110 8
b1001110 =
b1001110 A
b1001110 G
1%
1<
b1001110 :
1;
0.
b110 P
0'
0N
1)
1E
#8690
0)
0E
#8695
b111 P
1'
1N
b1001110 V
b1001110 Y
b100111000 U
b100111000 Z
b1001110 J
b1001110 Q
1)
1E
#8696
b110000110 H
b110000110 S
b110000110 R
b110000110 [
#8699
bz !
bz 8
bz =
bz A
bz G
0%
0<
0;
1.
#8700
0)
0E
#8705
0"
x7
b10000110 !
b10000110 8
b10000110 =
b10000110 A
b10000110 G
x1
x2
x3
bx +
b1000 P
b10000110 V
b10000110 Y
b1000011000 U
b1000011000 Z
b10000110 J
b10000110 Q
1M
b100100001 *
b100100001 F
b100100001 I
1)
1E
#8706
17
b1010011110 H
b1010011110 S
b1010011110 R
b1010011110 [
b100100001 +
#8707
11
#8708
12
#8709
1"
03
#8710
0)
0E
#8715
b11110 a
1-
1$
1C
b1 #
b1 B
b1 D
b1 !
b1 8
b1 =
b1 A
b1 G
0/
b1001 P
b1 L
0&
0O
1)
1E
