$date
	Mon May 12 18:17:09 2025
$end
$version
	Icarus Verilog
$end
$timescale
	1s
$end
$scope module CR_to_MS $end
$var wire 8 ! x [7:0] $end
$var wire 1 " sgn_x $end
$var wire 8 # abs_x [7:0] $end
$upscope $end
$scope module MS_to_CR $end
$var wire 8 $ abs_x [7:0] $end
$var wire 1 % ow $end
$var wire 1 & sgn_x $end
$var wire 8 ' x [7:0] $end
$upscope $end
$scope module comp_nat $end
$var wire 2 ( a [1:0] $end
$var wire 2 ) b [1:0] $end
$var wire 1 * min $end
$var wire 1 + eq $end
$upscope $end
$scope module diff $end
$var wire 1 , b_in $end
$var wire 8 - x [7:0] $end
$var wire 8 . y [7:0] $end
$var wire 1 / ow $end
$var wire 8 0 d [7:0] $end
$var wire 1 1 b_out $end
$upscope $end
$scope module imul $end
$var wire 1 2 sgn_m $end
$var wire 8 3 x [7:0] $end
$var wire 8 4 y [7:0] $end
$var wire 1 5 sgn_y $end
$var wire 1 6 sgn_x $end
$var wire 16 7 m [15:0] $end
$var wire 8 8 abs_y [7:0] $end
$var wire 8 9 abs_x [7:0] $end
$var wire 16 : abs_m [15:0] $end
$upscope $end
$scope module mul_add_nat $end
$var wire 2 ; c [1:0] $end
$var wire 2 < x [1:0] $end
$var wire 2 = y [1:0] $end
$var wire 4 > m [3:0] $end
$upscope $end
$scope module testbench $end
$var wire 8 ? y [7:0] $end
$var wire 8 @ x [7:0] $end
$var wire 1 A soc_vy $end
$var wire 1 B soc_vx $end
$var wire 1 C eoc_p $end
$var wire 1 D clock $end
$var reg 1 E eoc_vx $end
$var reg 1 F eoc_vy $end
$var reg 1 G error $end
$var reg 1 H reset_ $end
$var reg 1 I soc_p $end
$var reg 4 J vx [3:0] $end
$var reg 4 K vy [3:0] $end
$scope function get_testcase $end
$upscope $end
$scope module clk $end
$var wire 1 D clock $end
$var reg 1 L CLOCK $end
$upscope $end
$scope module dut $end
$var wire 1 D clock $end
$var wire 1 C eoc_p $end
$var wire 1 E eoc_vx $end
$var wire 1 F eoc_vy $end
$var wire 1 H reset_ $end
$var wire 1 I soc_p $end
$var wire 1 B soc_vx $end
$var wire 1 A soc_vy $end
$var wire 1 M tuma $end
$var wire 4 N vx [3:0] $end
$var wire 4 O vy [3:0] $end
$var wire 8 P x [7:0] $end
$var wire 8 Q y [7:0] $end
$var wire 8 R y_new [7:0] $end
$var wire 8 S x_new [7:0] $end
$var reg 1 T EOC $end
$var reg 1 U SOC $end
$var reg 2 V STAR [1:0] $end
$var reg 8 W X [7:0] $end
$var reg 8 X Y [7:0] $end
$scope module PP $end
$var wire 4 Y vx [3:0] $end
$var wire 4 Z vy [3:0] $end
$var wire 8 [ x_old [7:0] $end
$var wire 8 \ y_old [7:0] $end
$var wire 8 ] y_new [7:0] $end
$var wire 8 ^ x_new [7:0] $end
$var wire 8 _ vy_e [7:0] $end
$var wire 8 ` vx_e [7:0] $end
$var wire 8 a ris_y [7:0] $end
$var wire 8 b ris_x [7:0] $end
$var wire 1 c ow_y $end
$var wire 1 d ow_x $end
$scope module Adder_x $end
$var wire 1 e c_in $end
$var wire 1 d ow $end
$var wire 8 f x [7:0] $end
$var wire 8 g y [7:0] $end
$var wire 8 h s [7:0] $end
$var wire 1 i c_out $end
$upscope $end
$scope module Adder_y $end
$var wire 1 j c_in $end
$var wire 1 c ow $end
$var wire 8 k x [7:0] $end
$var wire 8 l y [7:0] $end
$var wire 8 m s [7:0] $end
$var wire 1 n c_out $end
$upscope $end
$upscope $end
$upscope $end
$scope fork f $end
$scope begin consumer $end
$var reg 4 o c_vx [3:0] $end
$var reg 4 p c_vy [3:0] $end
$var reg 8 q c_x [7:0] $end
$var reg 8 r c_y [7:0] $end
$var reg 8 s i [7:0] $end
$var reg 8 t smp_x [7:0] $end
$var reg 8 u smp_y [7:0] $end
$upscope $end
$scope begin producer_vx $end
$var reg 8 v i [7:0] $end
$var reg 4 w pvx_vx [3:0] $end
$var reg 4 x pvx_vy [3:0] $end
$var reg 8 y pvx_x [7:0] $end
$var reg 8 z pvx_y [7:0] $end
$upscope $end
$scope begin producer_vy $end
$var reg 8 { i [7:0] $end
$var reg 4 | pvy_vx [3:0] $end
$var reg 4 } pvy_vy [3:0] $end
$var reg 8 ~ pvy_x [7:0] $end
$var reg 8 !" pvy_y [7:0] $end
$upscope $end
$upscope $end
$upscope $end
$enddefinitions $end
#0
$dumpvars
bx !"
bx ~
bx }
bx |
bx {
bx z
bx y
bx x
bx w
bx v
bx u
bx t
bx s
bx r
bx q
bx p
bx o
xn
bx m
bx l
b0 k
0j
xi
bx h
bx g
b0 f
0e
xd
xc
bx b
bx a
bx `
bx _
bx ^
bx ]
b0 \
b0 [
bx Z
bx Y
b0 X
b0 W
bx V
0U
1T
bx S
bx R
b0 Q
b0 P
bx O
bx N
zM
0L
bx K
bx J
0I
0H
0G
1F
1E
0D
1C
0B
0A
b0 @
b0 ?
bx >
bz =
bz <
bz ;
bx :
bx 9
bx 8
bx 7
z6
z5
bz 4
bz 3
x2
x1
bx 0
x/
bz .
bz -
z,
x+
x*
bz )
bz (
bx '
z&
x%
bz $
bx #
z"
bz !
$end
#5
b0 V
1D
1L
1H
#10
0D
0L
b101 w
b0 x
b101 y
b0 z
b0 v
b101 |
b0 }
b101 ~
b0 !"
b0 {
1I
b101 o
b0 p
b101 q
b0 r
b0 s
#15
b1 V
1D
1L
#20
0D
0L
#25
0C
0T
1A
1B
1U
1D
1L
#30
0D
0L
#35
1D
1L
#40
0D
0L
#45
1D
1L
0I
#50
0D
0L
#55
1D
1L
0F
#60
0D
0L
#65
1D
1L
#70
0D
0L
#75
b10 V
1D
1L
0E
#80
0D
0L
#85
0A
0B
0U
1D
1L
#90
0D
0L
#95
1D
1L
#100
0D
0L
#105
1D
1L
#110
0D
0L
#115
1D
1L
b0 _
b0 l
b0 K
b0 O
b0 Z
#116
b0 R
b0 ]
b0 a
b0 m
0n
#117
0c
#120
0D
0L
#125
1D
1L
b1001 |
b111 }
b11111110 ~
b111 !"
b1 {
1F
#130
0D
0L
#135
1D
1L
b101 `
b101 g
b101 J
b101 N
b101 Y
#136
b0x0x S
b0x0x ^
b101 b
b101 h
0i
#137
b101 S
b101 ^
0d
#140
0D
0L
#145
b11 V
1D
1L
b1001 w
b111 x
b11111110 y
b111 z
b1 v
1E
#150
0D
0L
#155
b0 V
b101 @
b101 P
b101 W
b101 [
b101 f
1D
1L
#156
b1010 S
b1010 ^
b1010 b
b1010 h
#160
0D
0L
#165
b0 u
b101 t
1C
1T
1D
1L
#170
0D
0L
#175
1D
1L
#180
0D
0L
1I
b1001 o
b111 p
b11111110 q
b111 r
b1 s
#185
b1 V
1D
1L
#190
0D
0L
#195
bx _
bx l
bx K
bx O
bx Z
bx `
bx g
bx J
bx N
bx Y
0C
0T
1A
1B
1U
1D
1L
#196
bx R
bx ]
bx S
bx ^
bx a
bx m
xn
bx b
bx h
xi
#197
xc
xd
#200
0D
0L
#205
1D
1L
#210
0D
0L
#215
1D
1L
0I
#220
0D
0L
#225
1D
1L
0F
#230
0D
0L
#235
1D
1L
#240
0D
0L
#245
b10 V
1D
1L
0E
#250
0D
0L
#255
0A
0B
0U
1D
1L
#260
0D
0L
#265
1D
1L
#270
0D
0L
#275
1D
1L
#280
0D
0L
#285
1D
1L
b111 _
b111 l
b111 K
b111 O
b111 Z
#286
b0xxx R
b0xxx ]
b111 a
b111 m
0n
#287
b111 R
b111 ]
0c
#290
0D
0L
#295
1D
1L
b100 |
b10 ~
b1110 !"
b10 {
1F
#300
0D
0L
#305
1D
1L
b11111001 `
b11111001 g
b1001 J
b1001 N
b1001 Y
#306
b11111110 S
b11111110 ^
b11111110 b
b11111110 h
0i
0d
#310
0D
0L
#315
b11 V
1D
1L
b100 w
b10 y
b1110 z
b10 v
1E
#320
0D
0L
#325
b0 V
b111 ?
b111 Q
b111 X
b111 \
b111 k
b11111110 @
b11111110 P
b11111110 W
b11111110 [
b11111110 f
1D
1L
#326
b1110 R
b1110 ]
b11110111 S
b11110111 ^
b1110 a
b1110 m
b11110111 b
b11110111 h
1i
#330
0D
0L
#335
b111 u
b11111110 t
1C
1T
1D
1L
#340
0D
0L
#345
1D
1L
#350
0D
0L
1I
b100 o
b10 q
b1110 r
b10 s
#355
b1 V
1D
1L
#360
0D
0L
#365
bx _
bx l
bx K
bx O
bx Z
bx `
bx g
bx J
bx N
bx Y
0C
0T
1A
1B
1U
1D
1L
#366
bx R
bx ]
bx S
bx ^
bx a
bx m
xn
bx b
bx h
xi
#367
xc
xd
#370
0D
0L
#375
1D
1L
#380
0D
0L
#385
1D
1L
0I
#390
0D
0L
#395
1D
1L
0F
#400
0D
0L
#405
1D
1L
#410
0D
0L
#415
b10 V
1D
1L
0E
#420
0D
0L
#425
0A
0B
0U
1D
1L
#430
0D
0L
#435
1D
1L
#440
0D
0L
#445
1D
1L
#450
0D
0L
#455
1D
1L
b111 _
b111 l
b111 K
b111 O
b111 Z
#456
b0x11x R
b0x11x ]
b1110 a
b1110 m
0n
#457
b1110 R
b1110 ]
0c
#460
0D
0L
#465
1D
1L
b1111 |
b10 }
b1 ~
b10000 !"
b11 {
1F
#470
0D
0L
#475
1D
1L
b100 `
b100 g
b100 J
b100 N
b100 Y
#476
b10 S
b10 ^
b10 b
b10 h
1i
0d
#480
0D
0L
#485
b11 V
1D
1L
b1111 w
b10 x
b1 y
b10000 z
b11 v
1E
#490
0D
0L
#495
b0 V
b1110 ?
b1110 Q
b1110 X
b1110 \
b1110 k
b10 @
b10 P
b10 W
b10 [
b10 f
1D
1L
#496
b10101 R
b10101 ]
b110 S
b110 ^
b10101 a
b10101 m
b110 b
b110 h
0i
#500
0D
0L
#505
b1110 u
b10 t
1C
1T
1D
1L
#510
0D
0L
#515
1D
1L
#520
0D
0L
1I
b1111 o
b10 p
b1 q
b10000 r
b11 s
#525
b1 V
1D
1L
#530
0D
0L
#535
bx _
bx l
bx K
bx O
bx Z
bx `
bx g
bx J
bx N
bx Y
0C
0T
1A
1B
1U
1D
1L
#536
bx R
bx ]
bx S
bx ^
bx a
bx m
xn
bx b
bx h
xi
#537
xc
xd
#540
0D
0L
#545
1D
1L
#550
0D
0L
#555
1D
1L
0I
#560
0D
0L
#565
1D
1L
0F
#570
0D
0L
#575
1D
1L
#580
0D
0L
#585
b10 V
1D
1L
0E
#590
0D
0L
#595
0A
0B
0U
1D
1L
#600
0D
0L
#605
1D
1L
#610
0D
0L
#615
1D
1L
#620
0D
0L
#625
1D
1L
b10 _
b10 l
b10 K
b10 O
b10 Z
#626
b0xxxx0 R
b0xxxx0 ]
b10000 a
b10000 m
0n
#627
b10000 R
b10000 ]
0c
#630
0D
0L
#635
1D
1L
b1101 }
b0 ~
b1101 !"
b100 {
1F
#640
0D
0L
#645
1D
1L
b11111111 `
b11111111 g
b1111 J
b1111 N
b1111 Y
#646
b1 S
b1 ^
b1 b
b1 h
1i
0d
#650
0D
0L
#655
b11 V
1D
1L
b1101 x
b0 y
b1101 z
b100 v
1E
#660
0D
0L
#665
b0 V
b10000 ?
b10000 Q
b10000 X
b10000 \
b10000 k
b1 @
b1 P
b1 W
b1 [
b1 f
1D
1L
#666
b10010 R
b10010 ]
b0 S
b0 ^
b10010 a
b10010 m
b0 b
b0 h
#670
0D
0L
#675
b10000 u
b1 t
1C
1T
1D
1L
#680
0D
0L
#685
1D
1L
#690
0D
0L
1I
b1101 p
b0 q
b1101 r
b100 s
#695
b1 V
1D
1L
#700
0D
0L
#705
bx _
bx l
bx K
bx O
bx Z
bx `
bx g
bx J
bx N
bx Y
0C
0T
1A
1B
1U
1D
1L
#706
bx R
bx ]
bx S
bx ^
bx a
bx m
xn
bx b
bx h
xi
#707
xc
xd
#710
0D
0L
#715
1D
1L
#720
0D
0L
#725
1D
1L
0I
#730
0D
0L
#735
1D
1L
0F
#740
0D
0L
#745
1D
1L
#750
0D
0L
#755
b10 V
1D
1L
0E
#760
0D
0L
#765
0A
0B
0U
1D
1L
#770
0D
0L
#775
1D
1L
#780
0D
0L
#785
1D
1L
#790
0D
0L
#795
1D
1L
b11111101 _
b11111101 l
b1101 K
b1101 O
b1101 Z
#796
b1101 R
b1101 ]
b1101 a
b1101 m
1n
0c
#800
0D
0L
#805
1D
1L
b110 |
b100 }
b110 ~
b10001 !"
b101 {
1F
#810
0D
0L
#815
1D
1L
b11111111 `
b11111111 g
b1111 J
b1111 N
b1111 Y
#816
b0 S
b0 ^
b0 b
b0 h
1i
0d
#820
0D
0L
#825
b11 V
1D
1L
b110 w
b100 x
b110 y
b10001 z
b101 v
1E
#830
0D
0L
#835
b0 V
b1101 ?
b1101 Q
b1101 X
b1101 \
b1101 k
b0 @
b0 P
b0 W
b0 [
b0 f
1D
1L
#836
b1010 R
b1010 ]
b11111111 S
b11111111 ^
b1010 a
b1010 m
b11111111 b
b11111111 h
0i
#840
0D
0L
#845
b1101 u
b0 t
1C
1T
1D
1L
#850
0D
0L
#855
1D
1L
#860
0D
0L
1I
b110 o
b100 p
b110 q
b10001 r
b101 s
#865
b1 V
1D
1L
#870
0D
0L
#875
bx _
bx l
bx K
bx O
bx Z
bx `
bx g
bx J
bx N
bx Y
0C
0T
1A
1B
1U
1D
1L
#876
bx R
bx ]
bx S
bx ^
bx a
bx m
xn
bx b
bx h
xi
xd
#877
xc
#880
0D
0L
#885
1D
1L
#890
0D
0L
#895
1D
1L
0I
#900
0D
0L
#905
1D
1L
0F
#910
0D
0L
#915
1D
1L
#920
0D
0L
#925
b10 V
1D
1L
0E
#930
0D
0L
#935
0A
0B
0U
1D
1L
#940
0D
0L
#945
1D
1L
#950
0D
0L
#955
1D
1L
#960
0D
0L
#965
1D
1L
b100 _
b100 l
b100 K
b100 O
b100 Z
#966
b0xxx01 R
b0xxx01 ]
b10001 a
b10001 m
0n
#967
b10001 R
b10001 ]
0c
#970
0D
0L
#975
1D
1L
b1011 |
b110 }
b1 ~
b10111 !"
b110 {
1F
#980
0D
0L
#985
1D
1L
b110 `
b110 g
b110 J
b110 N
b110 Y
#986
b0xx0 S
b0xx0 ^
b110 b
b110 h
0i
#987
b110 S
b110 ^
0d
#990
0D
0L
#995
b11 V
1D
1L
b1011 w
b110 x
b1 y
b10111 z
b110 v
1E
#1000
0D
0L
#1005
b0 V
b10001 ?
b10001 Q
b10001 X
b10001 \
b10001 k
b110 @
b110 P
b110 W
b110 [
b110 f
1D
1L
#1006
b10101 R
b10101 ]
b1100 S
b1100 ^
b10101 a
b10101 m
b1100 b
b1100 h
#1010
0D
0L
#1015
b10001 u
b110 t
1C
1T
1D
1L
#1020
0D
0L
#1025
1D
1L
#1030
0D
0L
1I
b1011 o
b110 p
b1 q
b10111 r
b110 s
#1035
b1 V
1D
1L
#1040
0D
0L
#1045
bx _
bx l
bx K
bx O
bx Z
bx `
bx g
bx J
bx N
bx Y
0C
0T
1A
1B
1U
1D
1L
#1046
bx R
bx ]
bx S
bx ^
bx a
bx m
xn
bx b
bx h
xi
#1047
xc
xd
#1050
0D
0L
#1055
1D
1L
#1060
0D
0L
#1065
1D
1L
0I
#1070
0D
0L
#1075
1D
1L
0F
#1080
0D
0L
#1085
1D
1L
#1090
0D
0L
#1095
b10 V
1D
1L
0E
#1100
0D
0L
#1105
0A
0B
0U
1D
1L
#1110
0D
0L
#1115
1D
1L
#1120
0D
0L
#1125
1D
1L
#1130
0D
0L
#1135
1D
1L
b110 _
b110 l
b110 K
b110 O
b110 Z
#1136
b10xx1 R
b10xx1 ]
b10111 a
b10111 m
0n
#1137
b10111 R
b10111 ]
0c
#1140
0D
0L
#1145
1D
1L
b1001 }
b11111100 ~
b10000 !"
b111 {
1F
#1150
0D
0L
#1155
1D
1L
b11111011 `
b11111011 g
b1011 J
b1011 N
b1011 Y
#1156
b1 S
b1 ^
b1 b
b1 h
1i
0d
#1160
0D
0L
#1165
b11 V
1D
1L
b1001 x
b11111100 y
b10000 z
b111 v
1E
#1170
0D
0L
#1175
b0 V
b10111 ?
b10111 Q
b10111 X
b10111 \
b10111 k
b1 @
b1 P
b1 W
b1 [
b1 f
1D
1L
#1176
b11101 R
b11101 ]
b11111100 S
b11111100 ^
b11101 a
b11101 m
b11111100 b
b11111100 h
0i
#1180
0D
0L
#1185
b10111 u
b1 t
1C
1T
1D
1L
#1190
0D
0L
#1195
1D
1L
#1200
0D
0L
1I
b1001 p
b11111100 q
b10000 r
b111 s
#1205
b1 V
1D
1L
#1210
0D
0L
#1215
bx _
bx l
bx K
bx O
bx Z
bx `
bx g
bx J
bx N
bx Y
0C
0T
1A
1B
1U
1D
1L
#1216
bx R
bx ]
bx S
bx ^
bx a
bx m
xn
bx b
bx h
xi
xd
#1217
xc
#1220
0D
0L
#1225
1D
1L
#1230
0D
0L
#1235
1D
1L
0I
#1240
0D
0L
#1245
1D
1L
0F
#1250
0D
0L
#1255
1D
1L
#1260
0D
0L
#1265
b10 V
1D
1L
0E
#1270
0D
0L
#1275
0A
0B
0U
1D
1L
#1280
0D
0L
#1285
1D
1L
#1290
0D
0L
#1295
1D
1L
#1300
0D
0L
#1305
1D
1L
b11111001 _
b11111001 l
b1001 K
b1001 O
b1001 Z
#1306
b10000 R
b10000 ]
b10000 a
b10000 m
1n
0c
#1310
0D
0L
#1315
1D
1L
b0 |
b1011 }
b1011 !"
b1000 {
1F
#1320
0D
0L
#1325
1D
1L
b11111011 `
b11111011 g
b1011 J
b1011 N
b1011 Y
#1326
b11111100 S
b11111100 ^
b11111100 b
b11111100 h
0i
0d
#1330
0D
0L
#1335
b11 V
1D
1L
b0 w
b1011 x
b1011 z
b1000 v
1E
#1340
0D
0L
#1345
b0 V
b10000 ?
b10000 Q
b10000 X
b10000 \
b10000 k
b11111100 @
b11111100 P
b11111100 W
b11111100 [
b11111100 f
1D
1L
#1346
b1001 R
b1001 ]
b11110111 S
b11110111 ^
b1001 a
b1001 m
b11110111 b
b11110111 h
1i
#1350
0D
0L
#1355
b10000 u
b11111100 t
1C
1T
1D
1L
#1360
0D
0L
#1365
1D
1L
#1370
0D
0L
1I
b0 o
b1011 p
b1011 r
b1000 s
#1375
b1 V
1D
1L
#1380
0D
0L
#1385
bx _
bx l
bx K
bx O
bx Z
bx `
bx g
bx J
bx N
bx Y
0C
0T
1A
1B
1U
1D
1L
#1386
bx R
bx ]
bx S
bx ^
bx a
bx m
xn
bx b
bx h
xi
#1387
xc
xd
#1390
0D
0L
#1395
1D
1L
#1400
0D
0L
#1405
1D
1L
0I
#1410
0D
0L
#1415
1D
1L
0F
#1420
0D
0L
#1425
1D
1L
#1430
0D
0L
#1435
b10 V
1D
1L
0E
#1440
0D
0L
#1445
0A
0B
0U
1D
1L
#1450
0D
0L
#1455
1D
1L
#1460
0D
0L
#1465
1D
1L
#1470
0D
0L
#1475
1D
1L
b11111011 _
b11111011 l
b1011 K
b1011 O
b1011 Z
#1476
b1011 R
b1011 ]
b1011 a
b1011 m
1n
0c
#1480
0D
0L
#1485
1D
1L
b1 }
b1100 !"
b1001 {
1F
#1490
0D
0L
#1495
1D
1L
b0 `
b0 g
b0 J
b0 N
b0 Y
#1496
b11111100 S
b11111100 ^
b11111100 b
b11111100 h
0i
0d
#1500
0D
0L
#1505
b11 V
1D
1L
b1 x
b1100 z
b1001 v
1E
#1510
0D
0L
#1515
b0 V
b1011 ?
b1011 Q
b1011 X
b1011 \
b1011 k
1D
1L
#1516
b110 R
b110 ]
b110 a
b110 m
#1520
0D
0L
#1525
b1011 u
1C
1T
1D
1L
#1530
0D
0L
#1535
1D
1L
#1540
0D
0L
1I
b1 p
b1100 r
b1001 s
#1545
b1 V
1D
1L
#1550
0D
0L
#1555
bx _
bx l
bx K
bx O
bx Z
bx `
bx g
bx J
bx N
bx Y
0C
0T
1A
1B
1U
1D
1L
#1556
bx R
bx ]
bx S
bx ^
bx a
bx m
xn
bx b
bx h
xi
#1557
xc
xd
#1560
0D
0L
#1565
1D
1L
#1570
0D
0L
#1575
1D
1L
0I
#1580
0D
0L
#1585
1D
1L
0F
#1590
0D
0L
#1595
1D
1L
#1600
0D
0L
#1605
b10 V
1D
1L
0E
#1610
0D
0L
#1615
0A
0B
0U
1D
1L
#1620
0D
0L
#1625
1D
1L
#1630
0D
0L
#1635
1D
1L
#1640
0D
0L
#1645
1D
1L
b1 _
b1 l
b1 K
b1 O
b1 Z
#1646
b1xxx R
b1xxx ]
b1100 a
b1100 m
0n
#1647
b1100 R
b1100 ]
0c
#1650
0D
0L
#1655
1D
1L
b1010 |
b1001 }
b11110110 ~
b101 !"
b1010 {
1F
#1660
0D
0L
#1665
1D
1L
b0 `
b0 g
b0 J
b0 N
b0 Y
#1666
b11111100 S
b11111100 ^
b11111100 b
b11111100 h
0i
0d
#1670
0D
0L
#1675
b11 V
1D
1L
b1010 w
b1001 x
b11110110 y
b101 z
b1010 v
1E
#1680
0D
0L
#1685
b0 V
b1100 ?
b1100 Q
b1100 X
b1100 \
b1100 k
1D
1L
#1686
b1101 R
b1101 ]
b1101 a
b1101 m
#1690
0D
0L
#1695
b1100 u
1C
1T
1D
1L
#1700
0D
0L
#1705
1D
1L
#1710
0D
0L
1I
b1010 o
b1001 p
b11110110 q
b101 r
b1010 s
#1715
b1 V
1D
1L
#1720
0D
0L
#1725
bx _
bx l
bx K
bx O
bx Z
bx `
bx g
bx J
bx N
bx Y
0C
0T
1A
1B
1U
1D
1L
#1726
bx R
bx ]
bx S
bx ^
bx a
bx m
xn
bx b
bx h
xi
#1727
xc
xd
#1730
0D
0L
#1735
1D
1L
#1740
0D
0L
#1745
1D
1L
0I
#1750
0D
0L
#1755
1D
1L
0F
#1760
0D
0L
#1765
1D
1L
#1770
0D
0L
#1775
b10 V
1D
1L
0E
#1780
0D
0L
#1785
0A
0B
0U
1D
1L
#1790
0D
0L
#1795
1D
1L
#1800
0D
0L
#1805
1D
1L
#1810
0D
0L
#1815
1D
1L
b11111001 _
b11111001 l
b1001 K
b1001 O
b1001 Z
#1816
b101 R
b101 ]
b101 a
b101 m
1n
0c
#1820
0D
0L
#1825
1D
1L
b1100 |
b110 }
b11110010 ~
b1011 !"
b1011 {
1F
#1830
0D
0L
#1835
1D
1L
b11111010 `
b11111010 g
b1010 J
b1010 N
b1010 Y
#1836
b1111x1x0 S
b1111x1x0 ^
b11110110 b
b11110110 h
1i
#1837
b11110110 S
b11110110 ^
0d
#1840
0D
0L
#1845
b11 V
1D
1L
b1100 w
b110 x
b11110010 y
b1011 z
b1011 v
1E
#1850
0D
0L
#1855
b0 V
b101 ?
b101 Q
b101 X
b101 \
b101 k
b11110110 @
b11110110 P
b11110110 W
b11110110 [
b11110110 f
1D
1L
#1856
b11111110 R
b11111110 ]
b11110000 S
b11110000 ^
b11111110 a
b11111110 m
0n
b11110000 b
b11110000 h
#1860
0D
0L
#1865
b101 u
b11110110 t
1C
1T
1D
1L
#1870
0D
0L
#1875
1D
1L
#1880
0D
0L
1I
b1100 o
b110 p
b11110010 q
b1011 r
b1011 s
#1885
b1 V
1D
1L
#1890
0D
0L
#1895
bx _
bx l
bx K
bx O
bx Z
bx `
bx g
bx J
bx N
bx Y
0C
0T
1A
1B
1U
1D
1L
#1896
bx S
bx ^
bx R
bx ]
bx a
bx m
xn
bx b
bx h
xi
xc
#1897
xd
#1900
0D
0L
#1905
1D
1L
#1910
0D
0L
#1915
1D
1L
0I
#1920
0D
0L
#1925
1D
1L
0F
#1930
0D
0L
#1935
1D
1L
#1940
0D
0L
#1945
b10 V
1D
1L
0E
#1950
0D
0L
#1955
0A
0B
0U
1D
1L
#1960
0D
0L
#1965
1D
1L
#1970
0D
0L
#1975
1D
1L
#1980
0D
0L
#1985
1D
1L
b110 _
b110 l
b110 K
b110 O
b110 Z
#1986
b0xxx1 R
b0xxx1 ]
b1011 a
b1011 m
0n
#1987
b1011 R
b1011 ]
0c
#1990
0D
0L
#1995
1D
1L
b111 |
b10 }
b11111001 ~
b1101 !"
b1100 {
1F
#2000
0D
0L
#2005
1D
1L
b11111100 `
b11111100 g
b1100 J
b1100 N
b1100 Y
#2006
b11110x10 S
b11110x10 ^
b11110010 b
b11110010 h
1i
#2007
b11110010 S
b11110010 ^
0d
#2010
0D
0L
#2015
b11 V
1D
1L
b111 w
b10 x
b11111001 y
b1101 z
b1100 v
1E
#2020
0D
0L
#2025
b0 V
b1011 ?
b1011 Q
b1011 X
b1011 \
b1011 k
b11110010 @
b11110010 P
b11110010 W
b11110010 [
b11110010 f
1D
1L
#2026
b10001 R
b10001 ]
b11101110 S
b11101110 ^
b10001 a
b10001 m
b11101110 b
b11101110 h
#2030
0D
0L
#2035
b1011 u
b11110010 t
1C
1T
1D
1L
#2040
0D
0L
#2045
1D
1L
#2050
0D
0L
1I
b111 o
b10 p
b11111001 q
b1101 r
b1100 s
#2055
b1 V
1D
1L
#2060
0D
0L
#2065
bx _
bx l
bx K
bx O
bx Z
bx `
bx g
bx J
bx N
bx Y
0C
0T
1A
1B
1U
1D
1L
#2066
bx R
bx ]
bx S
bx ^
bx a
bx m
xn
bx b
bx h
xi
#2067
xc
xd
#2070
0D
0L
#2075
1D
1L
#2080
0D
0L
#2085
1D
1L
0I
#2090
0D
0L
#2095
1D
1L
0F
#2100
0D
0L
#2105
1D
1L
#2110
0D
0L
#2115
b10 V
1D
1L
0E
#2120
0D
0L
#2125
0A
0B
0U
1D
1L
#2130
0D
0L
#2135
1D
1L
#2140
0D
0L
#2145
1D
1L
#2150
0D
0L
#2155
1D
1L
b10 _
b10 l
b10 K
b10 O
b10 Z
#2156
b1xx1 R
b1xx1 ]
b1101 a
b1101 m
0n
#2157
b1101 R
b1101 ]
0c
#2160
0D
0L
#2165
1D
1L
b1000 |
b11 }
b11110001 ~
b10000 !"
b1101 {
1F
#2170
0D
0L
#2175
1D
1L
b111 `
b111 g
b111 J
b111 N
b111 Y
#2176
b11111001 S
b11111001 ^
b11111001 b
b11111001 h
0i
0d
#2180
0D
0L
#2185
b11 V
1D
1L
b1000 w
b11 x
b11110001 y
b10000 z
b1101 v
1E
#2190
0D
0L
#2195
b0 V
b1101 ?
b1101 Q
b1101 X
b1101 \
b1101 k
b11111001 @
b11111001 P
b11111001 W
b11111001 [
b11111001 f
1D
1L
#2196
b1111 R
b1111 ]
b0 S
b0 ^
b1111 a
b1111 m
b0 b
b0 h
1i
#2200
0D
0L
#2205
b1101 u
b11111001 t
1C
1T
1D
1L
#2210
0D
0L
#2215
1D
1L
#2220
0D
0L
1I
b1000 o
b11 p
b11110001 q
b10000 r
b1101 s
#2225
b1 V
1D
1L
#2230
0D
0L
#2235
bx _
bx l
bx K
bx O
bx Z
bx `
bx g
bx J
bx N
bx Y
0C
0T
1A
1B
1U
1D
1L
#2236
bx R
bx ]
bx S
bx ^
bx a
bx m
xn
bx b
bx h
xi
xd
#2237
xc
#2240
0D
0L
#2245
1D
1L
#2250
0D
0L
#2255
1D
1L
0I
#2260
0D
0L
#2265
1D
1L
0F
#2270
0D
0L
#2275
1D
1L
#2280
0D
0L
#2285
b10 V
1D
1L
0E
#2290
0D
0L
#2295
0A
0B
0U
1D
1L
#2300
0D
0L
#2305
1D
1L
#2310
0D
0L
#2315
1D
1L
#2320
0D
0L
#2325
1D
1L
b11 _
b11 l
b11 K
b11 O
b11 Z
#2326
b0xxx0x R
b0xxx0x ]
b10000 a
b10000 m
0n
#2327
b10000 R
b10000 ]
0c
#2330
0D
0L
#2335
1D
1L
b1001 |
b101 }
b11101010 ~
b10101 !"
b1110 {
1F
#2340
0D
0L
#2345
1D
1L
b11111000 `
b11111000 g
b1000 J
b1000 N
b1000 Y
#2346
b1111x001 S
b1111x001 ^
b11110001 b
b11110001 h
1i
#2347
b11110001 S
b11110001 ^
0d
#2350
0D
0L
#2355
b11 V
1D
1L
b1001 w
b101 x
b11101010 y
b10101 z
b1110 v
1E
#2360
0D
0L
#2365
b0 V
b10000 ?
b10000 Q
b10000 X
b10000 \
b10000 k
b11110001 @
b11110001 P
b11110001 W
b11110001 [
b11110001 f
1D
1L
#2366
b10011 R
b10011 ]
b11101001 S
b11101001 ^
b10011 a
b10011 m
b11101001 b
b11101001 h
#2370
0D
0L
#2375
b10000 u
b11110001 t
1C
1T
1D
1L
#2380
0D
0L
#2385
1D
1L
#2390
0D
0L
1I
b1001 o
b101 p
b11101010 q
b10101 r
b1110 s
#2395
b1 V
1D
1L
#2400
0D
0L
#2405
bx _
bx l
bx K
bx O
bx Z
bx `
bx g
bx J
bx N
bx Y
0C
0T
1A
1B
1U
1D
1L
#2406
bx R
bx ]
bx S
bx ^
bx a
bx m
xn
bx b
bx h
xi
#2407
xc
xd
#2410
0D
0L
#2415
1D
1L
#2420
0D
0L
#2425
1D
1L
0I
#2430
0D
0L
#2435
1D
1L
0F
#2440
0D
0L
#2445
1D
1L
#2450
0D
0L
#2455
b10 V
1D
1L
0E
#2460
0D
0L
#2465
0A
0B
0U
1D
1L
#2470
0D
0L
#2475
1D
1L
#2480
0D
0L
#2485
1D
1L
#2490
0D
0L
#2495
1D
1L
b101 _
b101 l
b101 K
b101 O
b101 Z
#2496
b10x0x R
b10x0x ]
b10101 a
b10101 m
0n
#2497
b10101 R
b10101 ]
0c
#2500
0D
0L
#2505
1D
1L
b1111 |
b1111 }
b11101001 ~
b10100 !"
b1111 {
1F
#2510
0D
0L
#2515
1D
1L
b11111001 `
b11111001 g
b1001 J
b1001 N
b1001 Y
#2516
b111xx0xx S
b111xx0xx ^
b11101010 b
b11101010 h
1i
#2517
b11101010 S
b11101010 ^
0d
#2520
0D
0L
#2525
b11 V
1D
1L
b1111 w
b1111 x
b11101001 y
b10100 z
b1111 v
1E
#2530
0D
0L
#2535
b0 V
b10101 ?
b10101 Q
b10101 X
b10101 \
b10101 k
b11101010 @
b11101010 P
b11101010 W
b11101010 [
b11101010 f
1D
1L
#2536
b11010 R
b11010 ]
b11100011 S
b11100011 ^
b11010 a
b11010 m
b11100011 b
b11100011 h
#2540
0D
0L
#2545
b10101 u
b11101010 t
1C
1T
1D
1L
#2550
0D
0L
#2555
1D
1L
#2560
0D
0L
1I
b1111 o
b1111 p
b11101001 q
b10100 r
b1111 s
#2565
b1 V
1D
1L
#2570
0D
0L
#2575
bx _
bx l
bx K
bx O
bx Z
bx `
bx g
bx J
bx N
bx Y
0C
0T
1A
1B
1U
1D
1L
#2576
bx R
bx ]
bx S
bx ^
bx a
bx m
xn
bx b
bx h
xi
#2577
xc
xd
#2580
0D
0L
#2585
1D
1L
#2590
0D
0L
#2595
1D
1L
0I
#2600
0D
0L
#2605
1D
1L
0F
#2610
0D
0L
#2615
1D
1L
#2620
0D
0L
#2625
b10 V
1D
1L
0E
#2630
0D
0L
#2635
0A
0B
0U
1D
1L
#2640
0D
0L
#2645
1D
1L
#2650
0D
0L
#2655
1D
1L
#2660
0D
0L
#2665
1D
1L
b11111111 _
b11111111 l
b1111 K
b1111 O
b1111 Z
#2666
b10100 R
b10100 ]
b10100 a
b10100 m
1n
0c
#2670
0D
0L
#2675
1D
1L
b111 |
b0 }
b11110000 ~
b10000 {
1F
#2680
0D
0L
#2685
1D
1L
b11111111 `
b11111111 g
b1111 J
b1111 N
b1111 Y
#2686
b111010xx S
b111010xx ^
b11101001 b
b11101001 h
1i
#2687
b11101001 S
b11101001 ^
0d
#2690
0D
0L
#2695
b11 V
1D
1L
b111 w
b0 x
b11110000 y
b10000 v
1E
#2700
0D
0L
#2705
b0 V
b10100 ?
b10100 Q
b10100 X
b10100 \
b10100 k
b11101001 @
b11101001 P
b11101001 W
b11101001 [
b11101001 f
1D
1L
#2706
b10011 R
b10011 ]
b11101000 S
b11101000 ^
b10011 a
b10011 m
b11101000 b
b11101000 h
#2710
0D
0L
#2715
b10100 u
b11101001 t
1C
1T
1D
1L
#2720
0D
0L
#2725
1D
1L
#2730
0D
0L
1I
b111 o
b0 p
b11110000 q
b10000 s
#2735
b1 V
1D
1L
#2740
0D
0L
#2745
bx _
bx l
bx K
bx O
bx Z
bx `
bx g
bx J
bx N
bx Y
0C
0T
1A
1B
1U
1D
1L
#2746
bx R
bx ]
bx S
bx ^
bx a
bx m
xn
bx b
bx h
xi
#2747
xc
xd
#2750
0D
0L
#2755
1D
1L
#2760
0D
0L
#2765
1D
1L
0I
#2770
0D
0L
#2775
1D
1L
0F
#2780
0D
0L
#2785
1D
1L
#2790
0D
0L
#2795
b10 V
1D
1L
0E
#2800
0D
0L
#2805
0A
0B
0U
1D
1L
#2810
0D
0L
#2815
1D
1L
#2820
0D
0L
#2825
1D
1L
#2830
0D
0L
#2835
1D
1L
b0 _
b0 l
b0 K
b0 O
b0 Z
#2836
b10100 R
b10100 ]
b10100 a
b10100 m
0n
#2837
0c
#2840
0D
0L
#2845
1D
1L
b1100 |
b1001 }
b11101100 ~
b1101 !"
b10001 {
1F
#2850
0D
0L
#2855
1D
1L
b111 `
b111 g
b111 J
b111 N
b111 Y
#2856
b11110000 S
b11110000 ^
b11110000 b
b11110000 h
0i
0d
#2860
0D
0L
#2865
b11 V
1D
1L
b1100 w
b1001 x
b11101100 y
b1101 z
b10001 v
1E
#2870
0D
0L
#2875
b0 V
b11110000 @
b11110000 P
b11110000 W
b11110000 [
b11110000 f
1D
1L
#2876
b11110111 S
b11110111 ^
b11110111 b
b11110111 h
#2880
0D
0L
#2885
b11110000 t
1C
1T
1D
1L
#2890
0D
0L
#2895
1D
1L
#2900
0D
0L
1I
b1100 o
b1001 p
b11101100 q
b1101 r
b10001 s
#2905
b1 V
1D
1L
#2910
0D
0L
#2915
bx _
bx l
bx K
bx O
bx Z
bx `
bx g
bx J
bx N
bx Y
0C
0T
1A
1B
1U
1D
1L
#2916
bx R
bx ]
bx S
bx ^
bx a
bx m
xn
bx b
bx h
xi
#2917
xc
xd
#2920
0D
0L
#2925
1D
1L
#2930
0D
0L
#2935
1D
1L
0I
#2940
0D
0L
#2945
1D
1L
0F
#2950
0D
0L
#2955
1D
1L
#2960
0D
0L
#2965
b10 V
1D
1L
0E
#2970
0D
0L
#2975
0A
0B
0U
1D
1L
#2980
0D
0L
#2985
1D
1L
#2990
0D
0L
#2995
1D
1L
#3000
0D
0L
#3005
1D
1L
b11111001 _
b11111001 l
b1001 K
b1001 O
b1001 Z
#3006
b1101 R
b1101 ]
b1101 a
b1101 m
1n
0c
#3010
0D
0L
#3015
1D
1L
b1010 |
b0 }
b11100110 ~
b10010 {
1F
#3020
0D
0L
#3025
1D
1L
b11111100 `
b11111100 g
b1100 J
b1100 N
b1100 Y
#3026
b111xxx00 S
b111xxx00 ^
b11101100 b
b11101100 h
1i
#3027
b11101100 S
b11101100 ^
0d
#3030
0D
0L
#3035
b11 V
1D
1L
b1010 w
b0 x
b11100110 y
b10010 v
1E
#3040
0D
0L
#3045
b0 V
b1101 ?
b1101 Q
b1101 X
b1101 \
b1101 k
b11101100 @
b11101100 P
b11101100 W
b11101100 [
b11101100 f
1D
1L
#3046
b110 R
b110 ]
b11101000 S
b11101000 ^
b110 a
b110 m
b11101000 b
b11101000 h
#3050
0D
0L
#3055
b1101 u
b11101100 t
1C
1T
1D
1L
#3060
0D
0L
#3065
1D
1L
#3070
0D
0L
1I
b1010 o
b0 p
b11100110 q
b10010 s
#3075
b1 V
1D
1L
#3080
0D
0L
#3085
bx _
bx l
bx K
bx O
bx Z
bx `
bx g
bx J
bx N
bx Y
0C
0T
1A
1B
1U
1D
1L
#3086
bx R
bx ]
bx S
bx ^
bx a
bx m
xn
bx b
bx h
xi
#3087
xc
xd
#3090
0D
0L
#3095
1D
1L
#3100
0D
0L
#3105
1D
1L
0I
#3110
0D
0L
#3115
1D
1L
0F
#3120
0D
0L
#3125
1D
1L
#3130
0D
0L
#3135
b10 V
1D
1L
0E
#3140
0D
0L
#3145
0A
0B
0U
1D
1L
#3150
0D
0L
#3155
1D
1L
#3160
0D
0L
#3165
1D
1L
#3170
0D
0L
#3175
1D
1L
b0 _
b0 l
b0 K
b0 O
b0 Z
#3176
b1101 R
b1101 ]
b1101 a
b1101 m
0n
#3177
0c
#3180
0D
0L
#3185
1D
1L
b1111 |
b1010 }
b11100101 ~
b111 !"
b10011 {
1F
#3190
0D
0L
#3195
1D
1L
b11111010 `
b11111010 g
b1010 J
b1010 N
b1010 Y
#3196
b1110x1x0 S
b1110x1x0 ^
b11100110 b
b11100110 h
1i
#3197
b11100110 S
b11100110 ^
0d
#3200
0D
0L
#3205
b11 V
1D
1L
b1111 w
b1010 x
b11100101 y
b111 z
b10011 v
1E
#3210
0D
0L
#3215
b0 V
b11100110 @
b11100110 P
b11100110 W
b11100110 [
b11100110 f
1D
1L
#3216
b11100000 S
b11100000 ^
b11100000 b
b11100000 h
#3220
0D
0L
#3225
b11100110 t
1C
1T
1D
1L
#3230
0D
0L
#3235
1D
1L
#3240
0D
0L
1I
b1111 o
b1010 p
b11100101 q
b111 r
b10011 s
#3245
b1 V
1D
1L
#3250
0D
0L
#3255
bx _
bx l
bx K
bx O
bx Z
bx `
bx g
bx J
bx N
bx Y
0C
0T
1A
1B
1U
1D
1L
#3256
bx R
bx ]
bx S
bx ^
bx a
bx m
xn
bx b
bx h
xi
#3257
xc
xd
#3260
0D
0L
#3265
1D
1L
#3270
0D
0L
#3275
1D
1L
0I
#3280
0D
0L
#3285
1D
1L
0F
#3290
0D
0L
#3295
1D
1L
#3300
0D
0L
#3305
b10 V
1D
1L
0E
#3310
0D
0L
#3315
0A
0B
0U
1D
1L
#3320
0D
0L
#3325
1D
1L
#3330
0D
0L
#3335
1D
1L
#3340
0D
0L
#3345
1D
1L
b11111010 _
b11111010 l
b1010 K
b1010 O
b1010 Z
#3346
b111 R
b111 ]
b111 a
b111 m
1n
0c
#3350
0D
0L
#3355
1D
1L
b11 |
b1011 }
b11101000 ~
b10 !"
b10100 {
1F
#3360
0D
0L
#3365
1D
1L
b11111111 `
b11111111 g
b1111 J
b1111 N
b1111 Y
#3366
b111001xx S
b111001xx ^
b11100101 b
b11100101 h
1i
#3367
b11100101 S
b11100101 ^
0d
#3370
0D
0L
#3375
b11 V
1D
1L
b11 w
b1011 x
b11101000 y
b10 z
b10100 v
1E
#3380
0D
0L
#3385
b0 V
b111 ?
b111 Q
b111 X
b111 \
b111 k
b11100101 @
b11100101 P
b11100101 W
b11100101 [
b11100101 f
1D
1L
#3386
b1 R
b1 ]
b11100100 S
b11100100 ^
b1 a
b1 m
b11100100 b
b11100100 h
#3390
0D
0L
#3395
b111 u
b11100101 t
1C
1T
1D
1L
#3400
0D
0L
#3405
1D
1L
#3410
0D
0L
1I
b11 o
b1011 p
b11101000 q
b10 r
b10100 s
#3415
b1 V
1D
1L
#3420
0D
0L
#3425
bx _
bx l
bx K
bx O
bx Z
bx `
bx g
bx J
bx N
bx Y
0C
0T
1A
1B
1U
1D
1L
#3426
bx R
bx ]
bx S
bx ^
bx a
bx m
xn
bx b
bx h
xi
#3427
xc
xd
#3430
0D
0L
#3435
1D
1L
#3440
0D
0L
#3445
1D
1L
0I
#3450
0D
0L
#3455
1D
1L
0F
#3460
0D
0L
#3465
1D
1L
#3470
0D
0L
#3475
b10 V
1D
1L
0E
#3480
0D
0L
#3485
0A
0B
0U
1D
1L
#3490
0D
0L
#3495
1D
1L
#3500
0D
0L
#3505
1D
1L
#3510
0D
0L
#3515
1D
1L
b11111011 _
b11111011 l
b1011 K
b1011 O
b1011 Z
#3516
b10 R
b10 ]
b10 a
b10 m
1n
0c
#3520
0D
0L
#3525
1D
1L
b1001 |
b1 }
b11100001 ~
b11 !"
b10101 {
1F
#3530
0D
0L
#3535
1D
1L
b11 `
b11 g
b11 J
b11 N
b11 Y
#3536
b11101000 S
b11101000 ^
b11101000 b
b11101000 h
0i
0d
#3540
0D
0L
#3545
b11 V
1D
1L
b1001 w
b1 x
b11100001 y
b11 z
b10101 v
1E
#3550
0D
0L
#3555
b0 V
b10 ?
b10 Q
b10 X
b10 \
b10 k
b11101000 @
b11101000 P
b11101000 W
b11101000 [
b11101000 f
1D
1L
#3556
b11111101 R
b11111101 ]
b11101011 S
b11101011 ^
b11111101 a
b11111101 m
0n
b11101011 b
b11101011 h
#3560
0D
0L
#3565
b10 u
b11101000 t
1C
1T
1D
1L
#3570
0D
0L
#3575
1D
1L
#3580
0D
0L
1I
b1001 o
b1 p
b11100001 q
b11 r
b10101 s
#3585
b1 V
1D
1L
#3590
0D
0L
#3595
bx _
bx l
bx K
bx O
bx Z
bx `
bx g
bx J
bx N
bx Y
0C
0T
1A
1B
1U
1D
1L
#3596
bx S
bx ^
bx R
bx ]
bx a
bx m
xn
bx b
bx h
xi
xc
#3597
xd
#3600
0D
0L
#3605
1D
1L
#3610
0D
0L
#3615
1D
1L
0I
#3620
0D
0L
#3625
1D
1L
0F
#3630
0D
0L
#3635
1D
1L
#3640
0D
0L
#3645
b10 V
1D
1L
0E
#3650
0D
0L
#3655
0A
0B
0U
1D
1L
#3660
0D
0L
#3665
1D
1L
#3670
0D
0L
#3675
1D
1L
#3680
0D
0L
#3685
1D
1L
b1 _
b1 l
b1 K
b1 O
b1 Z
#3686
b1x R
b1x ]
b11 a
b11 m
0n
#3687
b11 R
b11 ]
0c
#3690
0D
0L
#3695
1D
1L
b1110 |
b1110 }
b11011111 ~
b1 !"
b10110 {
1F
#3700
0D
0L
#3705
1D
1L
b11111001 `
b11111001 g
b1001 J
b1001 N
b1001 Y
#3706
b1110x00x S
b1110x00x ^
b11100001 b
b11100001 h
1i
#3707
b11100001 S
b11100001 ^
0d
#3710
0D
0L
#3715
b11 V
1D
1L
b1110 w
b1110 x
b11011111 y
b1 z
b10110 v
1E
#3720
0D
0L
#3725
b0 V
b11 ?
b11 Q
b11 X
b11 \
b11 k
b11100001 @
b11100001 P
b11100001 W
b11100001 [
b11100001 f
1D
1L
#3726
b100 R
b100 ]
b11011010 S
b11011010 ^
b100 a
b100 m
b11011010 b
b11011010 h
#3730
0D
0L
#3735
b11 u
b11100001 t
1C
1T
1D
1L
#3740
0D
0L
#3745
1D
1L
#3750
0D
0L
1I
b1110 o
b1110 p
b11011111 q
b1 r
b10110 s
#3755
b1 V
1D
1L
#3760
0D
0L
#3765
bx _
bx l
bx K
bx O
bx Z
bx `
bx g
bx J
bx N
bx Y
0C
0T
1A
1B
1U
1D
1L
#3766
bx R
bx ]
bx S
bx ^
bx a
bx m
xn
bx b
bx h
xi
#3767
xc
xd
#3770
0D
0L
#3775
1D
1L
#3780
0D
0L
#3785
1D
1L
0I
#3790
0D
0L
#3795
1D
1L
0F
#3800
0D
0L
#3805
1D
1L
#3810
0D
0L
#3815
b10 V
1D
1L
0E
#3820
0D
0L
#3825
0A
0B
0U
1D
1L
#3830
0D
0L
#3835
1D
1L
#3840
0D
0L
#3845
1D
1L
#3850
0D
0L
#3855
1D
1L
b11111110 _
b11111110 l
b1110 K
b1110 O
b1110 Z
#3856
b1 R
b1 ]
b1 a
b1 m
1n
0c
#3860
0D
0L
#3865
1D
1L
b1111 |
b1001 }
b11011110 ~
b11111010 !"
b10111 {
1F
#3870
0D
0L
#3875
1D
1L
b11111110 `
b11111110 g
b1110 J
b1110 N
b1110 Y
#3876
b11xxxxx1 S
b11xxxxx1 ^
b11011111 b
b11011111 h
1i
#3877
b11011111 S
b11011111 ^
0d
#3880
0D
0L
#3885
b11 V
1D
1L
b1111 w
b1001 x
b11011110 y
b11111010 z
b10111 v
1E
#3890
0D
0L
#3895
b0 V
b1 ?
b1 Q
b1 X
b1 \
b1 k
b11011111 @
b11011111 P
b11011111 W
b11011111 [
b11011111 f
1D
1L
#3896
b11111111 R
b11111111 ]
b11011101 S
b11011101 ^
b11111111 a
b11111111 m
0n
b11011101 b
b11011101 h
#3900
0D
0L
#3905
b1 u
b11011111 t
1C
1T
1D
1L
#3910
0D
0L
#3915
1D
1L
#3920
0D
0L
1I
b1111 o
b1001 p
b11011110 q
b11111010 r
b10111 s
#3925
b1 V
1D
1L
#3930
0D
0L
#3935
bx _
bx l
bx K
bx O
bx Z
bx `
bx g
bx J
bx N
bx Y
0C
0T
1A
1B
1U
1D
1L
#3936
bx S
bx ^
bx R
bx ]
bx a
bx m
xn
bx b
bx h
xi
xc
#3937
xd
#3940
0D
0L
#3945
1D
1L
#3950
0D
0L
#3955
1D
1L
0I
#3960
0D
0L
#3965
1D
1L
0F
#3970
0D
0L
#3975
1D
1L
#3980
0D
0L
#3985
b10 V
1D
1L
0E
#3990
0D
0L
#3995
0A
0B
0U
1D
1L
#4000
0D
0L
#4005
1D
1L
#4010
0D
0L
#4015
1D
1L
#4020
0D
0L
#4025
1D
1L
b11111001 _
b11111001 l
b1001 K
b1001 O
b1001 Z
#4026
b11111010 R
b11111010 ]
b11111010 a
b11111010 m
0n
0c
#4030
0D
0L
#4035
1D
1L
b1011 |
b110 }
b11011001 ~
b0 !"
b11000 {
1F
#4040
0D
0L
#4045
1D
1L
b11111111 `
b11111111 g
b1111 J
b1111 N
b1111 Y
#4046
b1101111x S
b1101111x ^
b11011110 b
b11011110 h
1i
#4047
b11011110 S
b11011110 ^
0d
#4050
0D
0L
#4055
b11 V
1D
1L
b1011 w
b110 x
b11011001 y
b0 z
b11000 v
1E
#4060
0D
0L
#4065
b0 V
b11111010 ?
b11111010 Q
b11111010 X
b11111010 \
b11111010 k
b11011110 @
b11011110 P
b11011110 W
b11011110 [
b11011110 f
1D
1L
#4066
b11110011 R
b11110011 ]
b11011101 S
b11011101 ^
b11110011 a
b11110011 m
1n
b11011101 b
b11011101 h
#4070
0D
0L
#4075
b11111010 u
b11011110 t
1C
1T
1D
1L
#4080
0D
0L
#4085
1D
1L
#4090
0D
0L
1I
b1011 o
b110 p
b11011001 q
b0 r
b11000 s
#4095
b1 V
1D
1L
#4100
0D
0L
#4105
bx _
bx l
bx K
bx O
bx Z
bx `
bx g
bx J
bx N
bx Y
0C
0T
1A
1B
1U
1D
1L
#4106
bx R
bx ]
bx S
bx ^
bx a
bx m
xn
bx b
bx h
xi
#4107
xc
xd
#4110
0D
0L
#4115
1D
1L
#4120
0D
0L
#4125
1D
1L
0I
#4130
0D
0L
#4135
1D
1L
0F
#4140
0D
0L
#4145
1D
1L
#4150
0D
0L
#4155
b10 V
1D
1L
0E
#4160
0D
0L
#4165
0A
0B
0U
1D
1L
#4170
0D
0L
#4175
1D
1L
#4180
0D
0L
#4185
1D
1L
#4190
0D
0L
#4195
1D
1L
b110 _
b110 l
b110 K
b110 O
b110 Z
#4196
b0 R
b0 ]
b0 a
b0 m
1n
0c
#4200
0D
0L
#4205
1D
1L
b1000 |
b1001 }
b11010001 ~
b11111001 !"
b11001 {
1F
#4210
0D
0L
#4215
1D
1L
b11111011 `
b11111011 g
b1011 J
b1011 N
b1011 Y
#4216
b11011xxx S
b11011xxx ^
b11011001 b
b11011001 h
1i
#4217
b11011001 S
b11011001 ^
0d
#4220
0D
0L
#4225
b11 V
1D
1L
b1000 w
b1001 x
b11010001 y
b11111001 z
b11001 v
1E
#4230
0D
0L
#4235
b0 V
b0 ?
b0 Q
b0 X
b0 \
b0 k
b11011001 @
b11011001 P
b11011001 W
b11011001 [
b11011001 f
1D
1L
#4236
b110 R
b110 ]
b11010100 S
b11010100 ^
b110 a
b110 m
0n
b11010100 b
b11010100 h
#4240
0D
0L
#4245
b0 u
b11011001 t
1C
1T
1D
1L
#4250
0D
0L
#4255
1D
1L
#4260
0D
0L
1I
b1000 o
b1001 p
b11010001 q
b11111001 r
b11001 s
#4265
b1 V
1D
1L
#4270
0D
0L
#4275
bx _
bx l
bx K
bx O
bx Z
bx `
bx g
bx J
bx N
bx Y
0C
0T
1A
1B
1U
1D
1L
#4276
bx R
bx ]
bx S
bx ^
bx a
bx m
xn
bx b
bx h
xi
#4277
xc
xd
#4280
0D
0L
#4285
1D
1L
#4290
0D
0L
#4295
1D
1L
0I
#4300
0D
0L
#4305
1D
1L
0F
#4310
0D
0L
#4315
1D
1L
#4320
0D
0L
#4325
b10 V
1D
1L
0E
#4330
0D
0L
#4335
0A
0B
0U
1D
1L
#4340
0D
0L
#4345
1D
1L
#4350
0D
0L
#4355
1D
1L
#4360
0D
0L
#4365
1D
1L
b11111001 _
b11111001 l
b1001 K
b1001 O
b1001 Z
#4366
b11111001 R
b11111001 ]
b11111001 a
b11111001 m
0n
0c
#4370
0D
0L
#4375
1D
1L
b1111 |
b110 }
b11010000 ~
b11111111 !"
b11010 {
1F
#4380
0D
0L
#4385
1D
1L
b11111000 `
b11111000 g
b1000 J
b1000 N
b1000 Y
#4386
b1101x001 S
b1101x001 ^
b11010001 b
b11010001 h
1i
#4387
b11010001 S
b11010001 ^
0d
#4390
0D
0L
#4395
b11 V
1D
1L
b1111 w
b110 x
b11010000 y
b11111111 z
b11010 v
1E
#4400
0D
0L
#4405
b0 V
b11111001 ?
b11111001 Q
b11111001 X
b11111001 \
b11111001 k
b11010001 @
b11010001 P
b11010001 W
b11010001 [
b11010001 f
1D
1L
#4406
b11110010 R
b11110010 ]
b11001001 S
b11001001 ^
b11110010 a
b11110010 m
1n
b11001001 b
b11001001 h
#4410
0D
0L
#4415
b11111001 u
b11010001 t
1C
1T
1D
1L
#4420
0D
0L
#4425
1D
1L
#4430
0D
0L
1I
b1111 o
b110 p
b11010000 q
b11111111 r
b11010 s
#4435
b1 V
1D
1L
#4440
0D
0L
#4445
bx _
bx l
bx K
bx O
bx Z
bx `
bx g
bx J
bx N
bx Y
0C
0T
1A
1B
1U
1D
1L
#4446
bx R
bx ]
bx S
bx ^
bx a
bx m
xn
bx b
bx h
xi
#4447
xc
xd
#4450
0D
0L
#4455
1D
1L
#4460
0D
0L
#4465
1D
1L
0I
#4470
0D
0L
#4475
1D
1L
0F
#4480
0D
0L
#4485
1D
1L
#4490
0D
0L
#4495
b10 V
1D
1L
0E
#4500
0D
0L
#4505
0A
0B
0U
1D
1L
#4510
0D
0L
#4515
1D
1L
#4520
0D
0L
#4525
1D
1L
#4530
0D
0L
#4535
1D
1L
b110 _
b110 l
b110 K
b110 O
b110 Z
#4536
b11111111 R
b11111111 ]
b11111111 a
b11111111 m
0n
0c
#4540
0D
0L
#4545
1D
1L
b1000 |
b1010 }
b11001000 ~
b11111001 !"
b11011 {
1F
#4550
0D
0L
#4555
1D
1L
b11111111 `
b11111111 g
b1111 J
b1111 N
b1111 Y
#4556
b1101000x S
b1101000x ^
b11010000 b
b11010000 h
1i
#4557
b11010000 S
b11010000 ^
0d
#4560
0D
0L
#4565
b11 V
1D
1L
b1000 w
b1010 x
b11001000 y
b11111001 z
b11011 v
1E
#4570
0D
0L
#4575
b0 V
b11111111 ?
b11111111 Q
b11111111 X
b11111111 \
b11111111 k
b11010000 @
b11010000 P
b11010000 W
b11010000 [
b11010000 f
1D
1L
#4576
b101 R
b101 ]
b11001111 S
b11001111 ^
b101 a
b101 m
1n
b11001111 b
b11001111 h
#4580
0D
0L
#4585
b11111111 u
b11010000 t
1C
1T
1D
1L
#4590
0D
0L
#4595
1D
1L
#4600
0D
0L
1I
b1000 o
b1010 p
b11001000 q
b11111001 r
b11011 s
#4605
b1 V
1D
1L
#4610
0D
0L
#4615
bx _
bx l
bx K
bx O
bx Z
bx `
bx g
bx J
bx N
bx Y
0C
0T
1A
1B
1U
1D
1L
#4616
bx S
bx ^
bx R
bx ]
bx a
bx m
xn
bx b
bx h
xi
xc
#4617
xd
#4620
0D
0L
#4625
1D
1L
#4630
0D
0L
#4635
1D
1L
0I
#4640
0D
0L
#4645
1D
1L
0F
#4650
0D
0L
#4655
1D
1L
#4660
0D
0L
#4665
b10 V
1D
1L
0E
#4670
0D
0L
#4675
0A
0B
0U
1D
1L
#4680
0D
0L
#4685
1D
1L
#4690
0D
0L
#4695
1D
1L
#4700
0D
0L
#4705
1D
1L
b11111010 _
b11111010 l
b1010 K
b1010 O
b1010 Z
#4706
b11111xx1 R
b11111xx1 ]
b11111001 a
b11111001 m
1n
#4707
b11111001 R
b11111001 ]
0c
#4710
0D
0L
#4715
1D
1L
b110 |
b11001110 ~
b11110011 !"
b11100 {
1F
#4720
0D
0L
#4725
1D
1L
b11111000 `
b11111000 g
b1000 J
b1000 N
b1000 Y
#4726
b110xx000 S
b110xx000 ^
b11001000 b
b11001000 h
1i
#4727
b11001000 S
b11001000 ^
0d
#4730
0D
0L
#4735
b11 V
1D
1L
b110 w
b11001110 y
b11110011 z
b11100 v
1E
#4740
0D
0L
#4745
b0 V
b11111001 ?
b11111001 Q
b11111001 X
b11111001 \
b11111001 k
b11001000 @
b11001000 P
b11001000 W
b11001000 [
b11001000 f
1D
1L
#4746
b11110011 R
b11110011 ]
b11000000 S
b11000000 ^
b11110011 a
b11110011 m
b11000000 b
b11000000 h
#4750
0D
0L
#4755
b11111001 u
b11001000 t
1C
1T
1D
1L
#4760
0D
0L
#4765
1D
1L
#4770
0D
0L
1I
b110 o
b11001110 q
b11110011 r
b11100 s
#4775
b1 V
1D
1L
#4780
0D
0L
#4785
bx _
bx l
bx K
bx O
bx Z
bx `
bx g
bx J
bx N
bx Y
0C
0T
1A
1B
1U
1D
1L
#4786
bx R
bx ]
bx S
bx ^
bx a
bx m
xn
bx b
bx h
xi
#4787
xc
xd
#4790
0D
0L
#4795
1D
1L
#4800
0D
0L
#4805
1D
1L
0I
#4810
0D
0L
#4815
1D
1L
0F
#4820
0D
0L
#4825
1D
1L
#4830
0D
0L
#4835
b10 V
1D
1L
0E
#4840
0D
0L
#4845
0A
0B
0U
1D
1L
#4850
0D
0L
#4855
1D
1L
#4860
0D
0L
#4865
1D
1L
#4870
0D
0L
#4875
1D
1L
b11111010 _
b11111010 l
b1010 K
b1010 O
b1010 Z
#4876
b1111x0x1 R
b1111x0x1 ]
b11110011 a
b11110011 m
1n
#4877
b11110011 R
b11110011 ]
0c
#4880
0D
0L
#4885
1D
1L
b1100 |
b0 }
b11001010 ~
b11101 {
1F
#4890
0D
0L
#4895
1D
1L
b110 `
b110 g
b110 J
b110 N
b110 Y
#4896
b11001110 S
b11001110 ^
b11001110 b
b11001110 h
0i
0d
#4900
0D
0L
#4905
b11 V
1D
1L
b1100 w
b0 x
b11001010 y
b11101 v
1E
#4910
0D
0L
#4915
b0 V
b11110011 ?
b11110011 Q
b11110011 X
b11110011 \
b11110011 k
b11001110 @
b11001110 P
b11001110 W
b11001110 [
b11001110 f
1D
1L
#4916
b11101101 R
b11101101 ]
b11010100 S
b11010100 ^
b11101101 a
b11101101 m
b11010100 b
b11010100 h
#4920
0D
0L
#4925
b11110011 u
b11001110 t
1C
1T
1D
1L
#4930
0D
0L
#4935
1D
1L
#4940
0D
0L
1I
b1100 o
b0 p
b11001010 q
b11101 s
#4945
b1 V
1D
1L
#4950
0D
0L
#4955
bx _
bx l
bx K
bx O
bx Z
bx `
bx g
bx J
bx N
bx Y
0C
0T
1A
1B
1U
1D
1L
#4956
bx R
bx ]
bx S
bx ^
bx a
bx m
xn
bx b
bx h
xi
#4957
xc
xd
#4960
0D
0L
#4965
1D
1L
#4970
0D
0L
#4975
1D
1L
0I
#4980
0D
0L
#4985
1D
1L
0F
#4990
0D
0L
#4995
1D
1L
#5000
0D
0L
#5005
b10 V
1D
1L
0E
#5010
0D
0L
#5015
0A
0B
0U
1D
1L
#5020
0D
0L
#5025
1D
1L
#5030
0D
0L
#5035
1D
1L
#5040
0D
0L
#5045
1D
1L
b0 _
b0 l
b0 K
b0 O
b0 Z
#5046
b11110011 R
b11110011 ]
b11110011 a
b11110011 m
0n
0c
#5050
0D
0L
#5055
1D
1L
b1011 |
b1000 }
b11000101 ~
b11101011 !"
b11110 {
1F
#5060
0D
0L
#5065
1D
1L
b11111100 `
b11111100 g
b1100 J
b1100 N
b1100 Y
#5066
b11001x10 S
b11001x10 ^
b11001010 b
b11001010 h
1i
#5067
b11001010 S
b11001010 ^
0d
#5070
0D
0L
#5075
b11 V
1D
1L
b1011 w
b1000 x
b11000101 y
b11101011 z
b11110 v
1E
#5080
0D
0L
#5085
b0 V
b11001010 @
b11001010 P
b11001010 W
b11001010 [
b11001010 f
1D
1L
#5086
b11000110 S
b11000110 ^
b11000110 b
b11000110 h
#5090
0D
0L
#5095
b11001010 t
1C
1T
1D
1L
#5100
0D
0L
#5105
1D
1L
#5110
0D
0L
1I
b1011 o
b1000 p
b11000101 q
b11101011 r
b11110 s
#5115
b1 V
1D
1L
#5120
0D
0L
#5125
bx _
bx l
bx K
bx O
bx Z
bx `
bx g
bx J
bx N
bx Y
0C
0T
1A
1B
1U
1D
1L
#5126
bx R
bx ]
bx S
bx ^
bx a
bx m
xn
bx b
bx h
xi
#5127
xc
xd
#5130
0D
0L
#5135
1D
1L
#5140
0D
0L
#5145
1D
1L
0I
#5150
0D
0L
#5155
1D
1L
0F
#5160
0D
0L
#5165
1D
1L
#5170
0D
0L
#5175
b10 V
1D
1L
0E
#5180
0D
0L
#5185
0A
0B
0U
1D
1L
#5190
0D
0L
#5195
1D
1L
#5200
0D
0L
#5205
1D
1L
#5210
0D
0L
#5215
1D
1L
b11111000 _
b11111000 l
b1000 K
b1000 O
b1000 Z
#5216
b111xx011 R
b111xx011 ]
b11101011 a
b11101011 m
1n
#5217
b11101011 R
b11101011 ]
0c
#5220
0D
0L
#5225
1D
1L
b100 }
b11000000 ~
b11101111 !"
b11111 {
1F
#5230
0D
0L
#5235
1D
1L
b11111011 `
b11111011 g
b1011 J
b1011 N
b1011 Y
#5236
b1100xxxx S
b1100xxxx ^
b11000101 b
b11000101 h
1i
#5237
b11000101 S
b11000101 ^
0d
#5240
0D
0L
#5245
b11 V
1D
1L
b100 x
b11000000 y
b11101111 z
b11111 v
1E
#5250
0D
0L
#5255
b0 V
b11101011 ?
b11101011 Q
b11101011 X
b11101011 \
b11101011 k
b11000101 @
b11000101 P
b11000101 W
b11000101 [
b11000101 f
1D
1L
#5256
b11100011 R
b11100011 ]
b11000000 S
b11000000 ^
b11100011 a
b11100011 m
b11000000 b
b11000000 h
#5260
0D
0L
#5265
b11101011 u
b11000101 t
1C
1T
1D
1L
#5270
0D
0L
#5275
1D
1L
#5280
0D
0L
1I
b100 p
b11000000 q
b11101111 r
b11111 s
#5285
b1 V
1D
1L
#5290
0D
0L
#5295
bx _
bx l
bx K
bx O
bx Z
bx `
bx g
bx J
bx N
bx Y
0C
0T
1A
1B
1U
1D
1L
#5296
bx R
bx ]
bx S
bx ^
bx a
bx m
xn
bx b
bx h
xi
#5297
xc
xd
#5300
0D
0L
#5305
1D
1L
#5310
0D
0L
#5315
1D
1L
0I
#5320
0D
0L
#5325
1D
1L
0F
#5330
0D
0L
#5335
1D
1L
#5340
0D
0L
#5345
b10 V
1D
1L
0E
#5350
0D
0L
#5355
0A
0B
0U
1D
1L
#5360
0D
0L
#5365
1D
1L
#5370
0D
0L
#5375
1D
1L
#5380
0D
0L
#5385
1D
1L
b100 _
b100 l
b100 K
b100 O
b100 Z
#5386
b11101111 R
b11101111 ]
b11101111 a
b11101111 m
0n
0c
#5390
0D
0L
#5395
1D
1L
b0 |
b1111 }
b11101110 !"
b100000 {
1F
#5400
0D
0L
#5405
1D
1L
b11111011 `
b11111011 g
b1011 J
b1011 N
b1011 Y
#5406
b11000x0x S
b11000x0x ^
b11000000 b
b11000000 h
1i
#5407
b11000000 S
b11000000 ^
0d
#5410
0D
0L
#5415
b11 V
1D
1L
b0 w
b1111 x
b11101110 z
b100000 v
1E
#5420
0D
0L
#5425
b0 V
b11101111 ?
b11101111 Q
b11101111 X
b11101111 \
b11101111 k
b11000000 @
b11000000 P
b11000000 W
b11000000 [
b11000000 f
1D
1L
#5426
b11110011 R
b11110011 ]
b10111011 S
b10111011 ^
b11110011 a
b11110011 m
b10111011 b
b10111011 h
#5430
0D
0L
#5435
b11101111 u
b11000000 t
1C
1T
1D
1L
#5440
0D
0L
#5445
1D
1L
#5450
0D
0L
1I
b0 o
b1111 p
b11101110 r
b100000 s
#5455
b1 V
1D
1L
#5460
0D
0L
#5465
bx _
bx l
bx K
bx O
bx Z
bx `
bx g
bx J
bx N
bx Y
0C
0T
1A
1B
1U
1D
1L
#5466
bx R
bx ]
bx S
bx ^
bx a
bx m
xn
bx b
bx h
xi
#5467
xc
xd
#5470
0D
0L
#5475
1D
1L
#5480
0D
0L
#5485
1D
1L
0I
#5490
0D
0L
#5495
1D
1L
0F
#5500
0D
0L
#5505
1D
1L
#5510
0D
0L
#5515
b10 V
1D
1L
0E
#5520
0D
0L
#5525
0A
0B
0U
1D
1L
#5530
0D
0L
#5535
1D
1L
#5540
0D
0L
#5545
1D
1L
#5550
0D
0L
#5555
1D
1L
b11111111 _
b11111111 l
b1111 K
b1111 O
b1111 Z
#5556
b1110111x R
b1110111x ]
b11101110 a
b11101110 m
1n
#5557
b11101110 R
b11101110 ]
0c
#5560
0D
0L
#5565
1D
1L
b101 |
b100 }
b11000101 ~
b11110010 !"
b100001 {
1F
#5570
0D
0L
#5575
1D
1L
b0 `
b0 g
b0 J
b0 N
b0 Y
#5576
b11000000 S
b11000000 ^
b11000000 b
b11000000 h
0i
0d
#5580
0D
0L
#5585
b11 V
1D
1L
b101 w
b100 x
b11000101 y
b11110010 z
b100001 v
1E
#5590
0D
0L
#5595
b0 V
b11101110 ?
b11101110 Q
b11101110 X
b11101110 \
b11101110 k
1D
1L
#5596
b11101101 R
b11101101 ]
b11101101 a
b11101101 m
#5600
0D
0L
#5605
b11101110 u
1C
1T
1D
1L
#5610
0D
0L
#5615
1D
1L
#5620
0D
0L
1I
b101 o
b100 p
b11000101 q
b11110010 r
b100001 s
#5625
b1 V
1D
1L
#5630
0D
0L
#5635
bx _
bx l
bx K
bx O
bx Z
bx `
bx g
bx J
bx N
bx Y
0C
0T
1A
1B
1U
1D
1L
#5636
bx R
bx ]
bx S
bx ^
bx a
bx m
xn
bx b
bx h
xi
#5637
xc
xd
#5640
0D
0L
#5645
1D
1L
#5650
0D
0L
#5655
1D
1L
0I
#5660
0D
0L
#5665
1D
1L
0F
#5670
0D
0L
#5675
1D
1L
#5680
0D
0L
#5685
b10 V
1D
1L
0E
#5690
0D
0L
#5695
0A
0B
0U
1D
1L
#5700
0D
0L
#5705
1D
1L
#5710
0D
0L
#5715
1D
1L
#5720
0D
0L
#5725
1D
1L
b100 _
b100 l
b100 K
b100 O
b100 Z
#5726
b11110010 R
b11110010 ]
b11110010 a
b11110010 m
0n
0c
#5730
0D
0L
#5735
1D
1L
b1000 |
b101 }
b10111101 ~
b11110111 !"
b100010 {
1F
#5740
0D
0L
#5745
1D
1L
b101 `
b101 g
b101 J
b101 N
b101 Y
#5746
b11000101 S
b11000101 ^
b11000101 b
b11000101 h
0i
0d
#5750
0D
0L
#5755
b11 V
1D
1L
b1000 w
b101 x
b10111101 y
b11110111 z
b100010 v
1E
#5760
0D
0L
#5765
b0 V
b11110010 ?
b11110010 Q
b11110010 X
b11110010 \
b11110010 k
b11000101 @
b11000101 P
b11000101 W
b11000101 [
b11000101 f
1D
1L
#5766
b11110110 R
b11110110 ]
b11001010 S
b11001010 ^
b11110110 a
b11110110 m
b11001010 b
b11001010 h
#5770
0D
0L
#5775
b11110010 u
b11000101 t
1C
1T
1D
1L
#5780
0D
0L
#5785
1D
1L
#5790
0D
0L
1I
b1000 o
b101 p
b10111101 q
b11110111 r
b100010 s
#5795
b1 V
1D
1L
#5800
0D
0L
#5805
bx _
bx l
bx K
bx O
bx Z
bx `
bx g
bx J
bx N
bx Y
0C
0T
1A
1B
1U
1D
1L
#5806
bx R
bx ]
bx S
bx ^
bx a
bx m
xn
bx b
bx h
xi
#5807
xc
xd
#5810
0D
0L
#5815
1D
1L
#5820
0D
0L
#5825
1D
1L
0I
#5830
0D
0L
#5835
1D
1L
0F
#5840
0D
0L
#5845
1D
1L
#5850
0D
0L
#5855
b10 V
1D
1L
0E
#5860
0D
0L
#5865
0A
0B
0U
1D
1L
#5870
0D
0L
#5875
1D
1L
#5880
0D
0L
#5885
1D
1L
#5890
0D
0L
#5895
1D
1L
b101 _
b101 l
b101 K
b101 O
b101 Z
#5896
b11110111 R
b11110111 ]
b11110111 a
b11110111 m
0n
0c
#5900
0D
0L
#5905
1D
1L
b1 |
b1 }
b10111110 ~
b11111000 !"
b100011 {
1F
#5910
0D
0L
#5915
1D
1L
b11111000 `
b11111000 g
b1000 J
b1000 N
b1000 Y
#5916
b1xxxx101 S
b1xxxx101 ^
b10111101 b
b10111101 h
1i
#5917
b10111101 S
b10111101 ^
0d
#5920
0D
0L
#5925
b11 V
1D
1L
b1 w
b1 x
b10111110 y
b11111000 z
b100011 v
1E
#5930
0D
0L
#5935
b0 V
b11110111 ?
b11110111 Q
b11110111 X
b11110111 \
b11110111 k
b10111101 @
b10111101 P
b10111101 W
b10111101 [
b10111101 f
1D
1L
#5936
b11111100 R
b11111100 ]
b10110101 S
b10110101 ^
b11111100 a
b11111100 m
b10110101 b
b10110101 h
#5940
0D
0L
#5945
b11110111 u
b10111101 t
1C
1T
1D
1L
#5950
0D
0L
#5955
1D
1L
#5960
0D
0L
1I
b1 o
b1 p
b10111110 q
b11111000 r
b100011 s
#5965
b1 V
1D
1L
#5970
0D
0L
#5975
bx _
bx l
bx K
bx O
bx Z
bx `
bx g
bx J
bx N
bx Y
0C
0T
1A
1B
1U
1D
1L
#5976
bx R
bx ]
bx S
bx ^
bx a
bx m
xn
bx b
bx h
xi
#5977
xc
xd
#5980
0D
0L
#5985
1D
1L
#5990
0D
0L
#5995
1D
1L
0I
#6000
0D
0L
#6005
1D
1L
0F
#6010
0D
0L
#6015
1D
1L
#6020
0D
0L
#6025
b10 V
1D
1L
0E
#6030
0D
0L
#6035
0A
0B
0U
1D
1L
#6040
0D
0L
#6045
1D
1L
#6050
0D
0L
#6055
1D
1L
#6060
0D
0L
#6065
1D
1L
b1 _
b1 l
b1 K
b1 O
b1 Z
#6066
b11111000 R
b11111000 ]
b11111000 a
b11111000 m
0n
0c
#6070
0D
0L
#6075
1D
1L
b1100 |
b1011 }
b10111010 ~
b11110011 !"
b100100 {
1F
#6080
0D
0L
#6085
1D
1L
b1 `
b1 g
b1 J
b1 N
b1 Y
#6086
b10111110 S
b10111110 ^
b10111110 b
b10111110 h
0i
0d
#6090
0D
0L
#6095
b11 V
1D
1L
b1100 w
b1011 x
b10111010 y
b11110011 z
b100100 v
1E
#6100
0D
0L
#6105
b0 V
b11111000 ?
b11111000 Q
b11111000 X
b11111000 \
b11111000 k
b10111110 @
b10111110 P
b10111110 W
b10111110 [
b10111110 f
1D
1L
#6106
b11111001 R
b11111001 ]
b10111111 S
b10111111 ^
b11111001 a
b11111001 m
b10111111 b
b10111111 h
#6110
0D
0L
#6115
b11111000 u
b10111110 t
1C
1T
1D
1L
#6120
0D
0L
#6125
1D
1L
#6130
0D
0L
1I
b1100 o
b1011 p
b10111010 q
b11110011 r
b100100 s
#6135
b1 V
1D
1L
#6140
0D
0L
#6145
bx _
bx l
bx K
bx O
bx Z
bx `
bx g
bx J
bx N
bx Y
0C
0T
1A
1B
1U
1D
1L
#6146
bx R
bx ]
bx S
bx ^
bx a
bx m
xn
bx b
bx h
xi
#6147
xc
xd
#6150
0D
0L
#6155
1D
1L
#6160
0D
0L
#6165
1D
1L
0I
#6170
0D
0L
#6175
1D
1L
0F
#6180
0D
0L
#6185
1D
1L
#6190
0D
0L
#6195
b10 V
1D
1L
0E
#6200
0D
0L
#6205
0A
0B
0U
1D
1L
#6210
0D
0L
#6215
1D
1L
#6220
0D
0L
#6225
1D
1L
#6230
0D
0L
#6235
1D
1L
b11111011 _
b11111011 l
b1011 K
b1011 O
b1011 Z
#6236
b1111x0xx R
b1111x0xx ]
b11110011 a
b11110011 m
1n
#6237
b11110011 R
b11110011 ]
0c
#6240
0D
0L
#6245
1D
1L
b1110 |
b110 }
b10111000 ~
b11111001 !"
b100101 {
1F
#6250
0D
0L
#6255
1D
1L
b11111100 `
b11111100 g
b1100 J
b1100 N
b1100 Y
#6256
b10111x10 S
b10111x10 ^
b10111010 b
b10111010 h
1i
#6257
b10111010 S
b10111010 ^
0d
#6260
0D
0L
#6265
b11 V
1D
1L
b1110 w
b110 x
b10111000 y
b11111001 z
b100101 v
1E
#6270
0D
0L
#6275
b0 V
b11110011 ?
b11110011 Q
b11110011 X
b11110011 \
b11110011 k
b10111010 @
b10111010 P
b10111010 W
b10111010 [
b10111010 f
1D
1L
#6276
b11101110 R
b11101110 ]
b10110110 S
b10110110 ^
b11101110 a
b11101110 m
b10110110 b
b10110110 h
#6280
0D
0L
#6285
b11110011 u
b10111010 t
1C
1T
1D
1L
#6290
0D
0L
#6295
1D
1L
#6300
0D
0L
1I
b1110 o
b110 p
b10111000 q
b11111001 r
b100101 s
#6305
b1 V
1D
1L
#6310
0D
0L
#6315
bx _
bx l
bx K
bx O
bx Z
bx `
bx g
bx J
bx N
bx Y
0C
0T
1A
1B
1U
1D
1L
#6316
bx R
bx ]
bx S
bx ^
bx a
bx m
xn
bx b
bx h
xi
#6317
xc
xd
#6320
0D
0L
#6325
1D
1L
#6330
0D
0L
#6335
1D
1L
0I
#6340
0D
0L
#6345
1D
1L
0F
#6350
0D
0L
#6355
1D
1L
#6360
0D
0L
#6365
b10 V
1D
1L
0E
#6370
0D
0L
#6375
0A
0B
0U
1D
1L
#6380
0D
0L
#6385
1D
1L
#6390
0D
0L
#6395
1D
1L
#6400
0D
0L
#6405
1D
1L
b110 _
b110 l
b110 K
b110 O
b110 Z
#6406
b11111001 R
b11111001 ]
b11111001 a
b11111001 m
0n
0c
#6410
0D
0L
#6415
1D
1L
b1100 |
b1101 }
b10110100 ~
b11110110 !"
b100110 {
1F
#6420
0D
0L
#6425
1D
1L
b11111110 `
b11111110 g
b1110 J
b1110 N
b1110 Y
#6426
b101110x0 S
b101110x0 ^
b10111000 b
b10111000 h
1i
#6427
b10111000 S
b10111000 ^
0d
#6430
0D
0L
#6435
b11 V
1D
1L
b1100 w
b1101 x
b10110100 y
b11110110 z
b100110 v
1E
#6440
0D
0L
#6445
b0 V
b11111001 ?
b11111001 Q
b11111001 X
b11111001 \
b11111001 k
b10111000 @
b10111000 P
b10111000 W
b10111000 [
b10111000 f
1D
1L
#6446
b11111111 R
b11111111 ]
b10110110 S
b10110110 ^
b11111111 a
b11111111 m
b10110110 b
b10110110 h
#6450
0D
0L
#6455
b11111001 u
b10111000 t
1C
1T
1D
1L
#6460
0D
0L
#6465
1D
1L
#6470
0D
0L
1I
b1100 o
b1101 p
b10110100 q
b11110110 r
b100110 s
#6475
b1 V
1D
1L
#6480
0D
0L
#6485
bx _
bx l
bx K
bx O
bx Z
bx `
bx g
bx J
bx N
bx Y
0C
0T
1A
1B
1U
1D
1L
#6486
bx R
bx ]
bx S
bx ^
bx a
bx m
xn
bx b
bx h
xi
#6487
xc
xd
#6490
0D
0L
#6495
1D
1L
#6500
0D
0L
#6505
1D
1L
0I
#6510
0D
0L
#6515
1D
1L
0F
#6520
0D
0L
#6525
1D
1L
#6530
0D
0L
#6535
b10 V
1D
1L
0E
#6540
0D
0L
#6545
0A
0B
0U
1D
1L
#6550
0D
0L
#6555
1D
1L
#6560
0D
0L
#6565
1D
1L
#6570
0D
0L
#6575
1D
1L
b11111101 _
b11111101 l
b1101 K
b1101 O
b1101 Z
#6576
b1111xxxx R
b1111xxxx ]
b11110110 a
b11110110 m
1n
#6577
b11110110 R
b11110110 ]
0c
#6580
0D
0L
#6585
1D
1L
b1 }
b10110000 ~
b11110111 !"
b100111 {
1F
#6590
0D
0L
#6595
1D
1L
b11111100 `
b11111100 g
b1100 J
b1100 N
b1100 Y
#6596
b1011xx00 S
b1011xx00 ^
b10110100 b
b10110100 h
1i
#6597
b10110100 S
b10110100 ^
0d
#6600
0D
0L
#6605
b11 V
1D
1L
b1 x
b10110000 y
b11110111 z
b100111 v
1E
#6610
0D
0L
#6615
b0 V
b11110110 ?
b11110110 Q
b11110110 X
b11110110 \
b11110110 k
b10110100 @
b10110100 P
b10110100 W
b10110100 [
b10110100 f
1D
1L
#6616
b11110011 R
b11110011 ]
b10110000 S
b10110000 ^
b11110011 a
b11110011 m
b10110000 b
b10110000 h
#6620
0D
0L
#6625
b11110110 u
b10110100 t
1C
1T
1D
1L
#6630
0D
0L
#6635
1D
1L
#6640
0D
0L
1I
b1 p
b10110000 q
b11110111 r
b100111 s
#6645
b1 V
1D
1L
#6650
0D
0L
#6655
bx _
bx l
bx K
bx O
bx Z
bx `
bx g
bx J
bx N
bx Y
0C
0T
1A
1B
1U
1D
1L
#6656
bx R
bx ]
bx S
bx ^
bx a
bx m
xn
bx b
bx h
xi
#6657
xc
xd
#6660
0D
0L
#6665
1D
1L
#6670
0D
0L
#6675
1D
1L
0I
#6680
0D
0L
#6685
1D
1L
0F
#6690
0D
0L
#6695
1D
1L
#6700
0D
0L
#6705
b10 V
1D
1L
0E
#6710
0D
0L
#6715
0A
0B
0U
1D
1L
#6720
0D
0L
#6725
1D
1L
#6730
0D
0L
#6735
1D
1L
#6740
0D
0L
#6745
1D
1L
b1 _
b1 l
b1 K
b1 O
b1 Z
#6746
b11110111 R
b11110111 ]
b11110111 a
b11110111 m
0n
0c
#6750
0D
0L
#6755
1D
1L
b1001 |
b1110 }
b10101001 ~
b11110101 !"
b101000 {
1F
#6760
0D
0L
#6765
1D
1L
b11111100 `
b11111100 g
b1100 J
b1100 N
b1100 Y
#6766
b10110x00 S
b10110x00 ^
b10110000 b
b10110000 h
1i
#6767
b10110000 S
b10110000 ^
0d
#6770
0D
0L
#6775
b11 V
1D
1L
b1001 w
b1110 x
b10101001 y
b11110101 z
b101000 v
1E
#6780
0D
0L
#6785
b0 V
b11110111 ?
b11110111 Q
b11110111 X
b11110111 \
b11110111 k
b10110000 @
b10110000 P
b10110000 W
b10110000 [
b10110000 f
1D
1L
#6786
b11111000 R
b11111000 ]
b10101100 S
b10101100 ^
b11111000 a
b11111000 m
b10101100 b
b10101100 h
#6790
0D
0L
#6795
b11110111 u
b10110000 t
1C
1T
1D
1L
#6800
0D
0L
#6805
1D
1L
#6810
0D
0L
1I
b1001 o
b1110 p
b10101001 q
b11110101 r
b101000 s
#6815
b1 V
1D
1L
#6820
0D
0L
#6825
bx _
bx l
bx K
bx O
bx Z
bx `
bx g
bx J
bx N
bx Y
0C
0T
1A
1B
1U
1D
1L
#6826
bx R
bx ]
bx S
bx ^
bx a
bx m
xn
bx b
bx h
xi
#6827
xc
xd
#6830
0D
0L
#6835
1D
1L
#6840
0D
0L
#6845
1D
1L
0I
#6850
0D
0L
#6855
1D
1L
0F
#6860
0D
0L
#6865
1D
1L
#6870
0D
0L
#6875
b10 V
1D
1L
0E
#6880
0D
0L
#6885
0A
0B
0U
1D
1L
#6890
0D
0L
#6895
1D
1L
#6900
0D
0L
#6905
1D
1L
#6910
0D
0L
#6915
1D
1L
b11111110 _
b11111110 l
b1110 K
b1110 O
b1110 Z
#6916
b111101x1 R
b111101x1 ]
b11110101 a
b11110101 m
1n
#6917
b11110101 R
b11110101 ]
0c
#6920
0D
0L
#6925
1D
1L
b1 |
b1 }
b10101010 ~
b11110110 !"
b101001 {
1F
#6930
0D
0L
#6935
1D
1L
b11111001 `
b11111001 g
b1001 J
b1001 N
b1001 Y
#6936
b101xx00x S
b101xx00x ^
b10101001 b
b10101001 h
1i
#6937
b10101001 S
b10101001 ^
0d
#6940
0D
0L
#6945
b11 V
1D
1L
b1 w
b1 x
b10101010 y
b11110110 z
b101001 v
1E
#6950
0D
0L
#6955
b0 V
b11110101 ?
b11110101 Q
b11110101 X
b11110101 \
b11110101 k
b10101001 @
b10101001 P
b10101001 W
b10101001 [
b10101001 f
1D
1L
#6956
b11110011 R
b11110011 ]
b10100010 S
b10100010 ^
b11110011 a
b11110011 m
b10100010 b
b10100010 h
#6960
0D
0L
#6965
b11110101 u
b10101001 t
1C
1T
1D
1L
#6970
0D
0L
#6975
1D
1L
#6980
0D
0L
1I
b1 o
b1 p
b10101010 q
b11110110 r
b101001 s
#6985
b1 V
1D
1L
#6990
0D
0L
#6995
bx _
bx l
bx K
bx O
bx Z
bx `
bx g
bx J
bx N
bx Y
0C
0T
1A
1B
1U
1D
1L
#6996
bx R
bx ]
bx S
bx ^
bx a
bx m
xn
bx b
bx h
xi
#6997
xc
xd
#7000
0D
0L
#7005
1D
1L
#7010
0D
0L
#7015
1D
1L
0I
#7020
0D
0L
#7025
1D
1L
0F
#7030
0D
0L
#7035
1D
1L
#7040
0D
0L
#7045
b10 V
1D
1L
0E
#7050
0D
0L
#7055
0A
0B
0U
1D
1L
#7060
0D
0L
#7065
1D
1L
#7070
0D
0L
#7075
1D
1L
#7080
0D
0L
#7085
1D
1L
b1 _
b1 l
b1 K
b1 O
b1 Z
#7086
b11110110 R
b11110110 ]
b11110110 a
b11110110 m
0n
0c
#7090
0D
0L
#7095
1D
1L
b0 |
b11 }
b11111001 !"
b101010 {
1F
#7100
0D
0L
#7105
1D
1L
b1 `
b1 g
b1 J
b1 N
b1 Y
#7106
b10101010 S
b10101010 ^
b10101010 b
b10101010 h
0i
0d
#7110
0D
0L
#7115
b11 V
1D
1L
b0 w
b11 x
b11111001 z
b101010 v
1E
#7120
0D
0L
#7125
b0 V
b11110110 ?
b11110110 Q
b11110110 X
b11110110 \
b11110110 k
b10101010 @
b10101010 P
b10101010 W
b10101010 [
b10101010 f
1D
1L
#7126
b11110111 R
b11110111 ]
b10101011 S
b10101011 ^
b11110111 a
b11110111 m
b10101011 b
b10101011 h
#7130
0D
0L
#7135
b11110110 u
b10101010 t
1C
1T
1D
1L
#7140
0D
0L
#7145
1D
1L
#7150
0D
0L
1I
b0 o
b11 p
b11111001 r
b101010 s
#7155
b1 V
1D
1L
#7160
0D
0L
#7165
bx _
bx l
bx K
bx O
bx Z
bx `
bx g
bx J
bx N
bx Y
0C
0T
1A
1B
1U
1D
1L
#7166
bx R
bx ]
bx S
bx ^
bx a
bx m
xn
bx b
bx h
xi
#7167
xc
xd
#7170
0D
0L
#7175
1D
1L
#7180
0D
0L
#7185
1D
1L
0I
#7190
0D
0L
#7195
1D
1L
0F
#7200
0D
0L
#7205
1D
1L
#7210
0D
0L
#7215
b10 V
1D
1L
0E
#7220
0D
0L
#7225
0A
0B
0U
1D
1L
#7230
0D
0L
#7235
1D
1L
#7240
0D
0L
#7245
1D
1L
#7250
0D
0L
#7255
1D
1L
b11 _
b11 l
b11 K
b11 O
b11 Z
#7256
b11111001 R
b11111001 ]
b11111001 a
b11111001 m
0n
0c
#7260
0D
0L
#7265
1D
1L
b100 }
b11111101 !"
b101011 {
1F
#7270
0D
0L
#7275
1D
1L
b0 `
b0 g
b0 J
b0 N
b0 Y
#7276
b10101010 S
b10101010 ^
b10101010 b
b10101010 h
0i
0d
#7280
0D
0L
#7285
b11 V
1D
1L
b100 x
b11111101 z
b101011 v
1E
#7290
0D
0L
#7295
b0 V
b11111001 ?
b11111001 Q
b11111001 X
b11111001 \
b11111001 k
1D
1L
#7296
b11111100 R
b11111100 ]
b11111100 a
b11111100 m
#7300
0D
0L
#7305
b11111001 u
1C
1T
1D
1L
#7310
0D
0L
#7315
1D
1L
#7320
0D
0L
1I
b100 p
b11111101 r
b101011 s
#7325
b1 V
1D
1L
#7330
0D
0L
#7335
bx _
bx l
bx K
bx O
bx Z
bx `
bx g
bx J
bx N
bx Y
0C
0T
1A
1B
1U
1D
1L
#7336
bx R
bx ]
bx S
bx ^
bx a
bx m
xn
bx b
bx h
xi
#7337
xc
xd
#7340
0D
0L
#7345
1D
1L
#7350
0D
0L
#7355
1D
1L
0I
#7360
0D
0L
#7365
1D
1L
0F
#7370
0D
0L
#7375
1D
1L
#7380
0D
0L
#7385
b10 V
1D
1L
0E
#7390
0D
0L
#7395
0A
0B
0U
1D
1L
#7400
0D
0L
#7405
1D
1L
#7410
0D
0L
#7415
1D
1L
#7420
0D
0L
#7425
1D
1L
b100 _
b100 l
b100 K
b100 O
b100 Z
#7426
b11111101 R
b11111101 ]
b11111101 a
b11111101 m
0n
0c
#7430
0D
0L
#7435
1D
1L
b111 |
b1000 }
b10110001 ~
b11110101 !"
b101100 {
1F
#7440
0D
0L
#7445
1D
1L
b0 `
b0 g
b0 J
b0 N
b0 Y
#7446
b10101010 S
b10101010 ^
b10101010 b
b10101010 h
0i
0d
#7450
0D
0L
#7455
b11 V
1D
1L
b111 w
b1000 x
b10110001 y
b11110101 z
b101100 v
1E
#7460
0D
0L
#7465
b0 V
b11111101 ?
b11111101 Q
b11111101 X
b11111101 \
b11111101 k
1D
1L
#7466
b1 R
b1 ]
b1 a
b1 m
1n
#7470
0D
0L
#7475
b11111101 u
1C
1T
1D
1L
#7480
0D
0L
#7485
1D
1L
#7490
0D
0L
1I
b111 o
b1000 p
b10110001 q
b11110101 r
b101100 s
#7495
b1 V
1D
1L
#7500
0D
0L
#7505
bx _
bx l
bx K
bx O
bx Z
bx `
bx g
bx J
bx N
bx Y
0C
0T
1A
1B
1U
1D
1L
#7506
bx S
bx ^
bx R
bx ]
bx a
bx m
xn
bx b
bx h
xi
xc
#7507
xd
#7510
0D
0L
#7515
1D
1L
#7520
0D
0L
#7525
1D
1L
0I
#7530
0D
0L
#7535
1D
1L
0F
#7540
0D
0L
#7545
1D
1L
#7550
0D
0L
#7555
b10 V
1D
1L
0E
#7560
0D
0L
#7565
0A
0B
0U
1D
1L
#7570
0D
0L
#7575
1D
1L
#7580
0D
0L
#7585
1D
1L
#7590
0D
0L
#7595
1D
1L
b11111000 _
b11111000 l
b1000 K
b1000 O
b1000 Z
#7596
b1111x101 R
b1111x101 ]
b11110101 a
b11110101 m
1n
#7597
b11110101 R
b11110101 ]
0c
#7600
0D
0L
#7605
1D
1L
b0 |
b1101 }
b11110010 !"
b101101 {
1F
#7610
0D
0L
#7615
1D
1L
b111 `
b111 g
b111 J
b111 N
b111 Y
#7616
b10110001 S
b10110001 ^
b10110001 b
b10110001 h
0i
0d
#7620
0D
0L
#7625
b11 V
1D
1L
b0 w
b1101 x
b11110010 z
b101101 v
1E
#7630
0D
0L
#7635
b0 V
b11110101 ?
b11110101 Q
b11110101 X
b11110101 \
b11110101 k
b10110001 @
b10110001 P
b10110001 W
b10110001 [
b10110001 f
1D
1L
#7636
b11101101 R
b11101101 ]
b10111000 S
b10111000 ^
b11101101 a
b11101101 m
b10111000 b
b10111000 h
#7640
0D
0L
#7645
b11110101 u
b10110001 t
1C
1T
1D
1L
#7650
0D
0L
#7655
1D
1L
#7660
0D
0L
1I
b0 o
b1101 p
b11110010 r
b101101 s
#7665
b1 V
1D
1L
#7670
0D
0L
#7675
bx _
bx l
bx K
bx O
bx Z
bx `
bx g
bx J
bx N
bx Y
0C
0T
1A
1B
1U
1D
1L
#7676
bx R
bx ]
bx S
bx ^
bx a
bx m
xn
bx b
bx h
xi
#7677
xc
xd
#7680
0D
0L
#7685
1D
1L
#7690
0D
0L
#7695
1D
1L
0I
#7700
0D
0L
#7705
1D
1L
0F
#7710
0D
0L
#7715
1D
1L
#7720
0D
0L
#7725
b10 V
1D
1L
0E
#7730
0D
0L
#7735
0A
0B
0U
1D
1L
#7740
0D
0L
#7745
1D
1L
#7750
0D
0L
#7755
1D
1L
#7760
0D
0L
#7765
1D
1L
b11111101 _
b11111101 l
b1101 K
b1101 O
b1101 Z
#7766
b11110xxx R
b11110xxx ]
b11110010 a
b11110010 m
1n
#7767
b11110010 R
b11110010 ]
0c
#7770
0D
0L
#7775
1D
1L
b1011 |
b110 }
b10101100 ~
b11111000 !"
b101110 {
1F
#7780
0D
0L
#7785
1D
1L
b0 `
b0 g
b0 J
b0 N
b0 Y
#7786
b10110001 S
b10110001 ^
b10110001 b
b10110001 h
0i
0d
#7790
0D
0L
#7795
b11 V
1D
1L
b1011 w
b110 x
b10101100 y
b11111000 z
b101110 v
1E
#7800
0D
0L
#7805
b0 V
b11110010 ?
b11110010 Q
b11110010 X
b11110010 \
b11110010 k
1D
1L
#7806
b11101111 R
b11101111 ]
b11101111 a
b11101111 m
#7810
0D
0L
#7815
b11110010 u
1C
1T
1D
1L
#7820
0D
0L
#7825
1D
1L
#7830
0D
0L
1I
b1011 o
b110 p
b10101100 q
b11111000 r
b101110 s
#7835
b1 V
1D
1L
#7840
0D
0L
#7845
bx _
bx l
bx K
bx O
bx Z
bx `
bx g
bx J
bx N
bx Y
0C
0T
1A
1B
1U
1D
1L
#7846
bx R
bx ]
bx S
bx ^
bx a
bx m
xn
bx b
bx h
xi
#7847
xc
xd
#7850
0D
0L
#7855
1D
1L
#7860
0D
0L
#7865
1D
1L
0I
#7870
0D
0L
#7875
1D
1L
0F
#7880
0D
0L
#7885
1D
1L
#7890
0D
0L
#7895
b10 V
1D
1L
0E
#7900
0D
0L
#7905
0A
0B
0U
1D
1L
#7910
0D
0L
#7915
1D
1L
#7920
0D
0L
#7925
1D
1L
#7930
0D
0L
#7935
1D
1L
b110 _
b110 l
b110 K
b110 O
b110 Z
#7936
b11111000 R
b11111000 ]
b11111000 a
b11111000 m
0n
0c
#7940
0D
0L
#7945
1D
1L
b1101 |
b111 }
b10101001 ~
b11111111 !"
b101111 {
1F
#7950
0D
0L
#7955
1D
1L
b11111011 `
b11111011 g
b1011 J
b1011 N
b1011 Y
#7956
b101xxx0x S
b101xxx0x ^
b10101100 b
b10101100 h
1i
#7957
b10101100 S
b10101100 ^
0d
#7960
0D
0L
#7965
b11 V
1D
1L
b1101 w
b111 x
b10101001 y
b11111111 z
b101111 v
1E
#7970
0D
0L
#7975
b0 V
b11111000 ?
b11111000 Q
b11111000 X
b11111000 \
b11111000 k
b10101100 @
b10101100 P
b10101100 W
b10101100 [
b10101100 f
1D
1L
#7976
b11111110 R
b11111110 ]
b10100111 S
b10100111 ^
b11111110 a
b11111110 m
b10100111 b
b10100111 h
#7980
0D
0L
#7985
b11111000 u
b10101100 t
1C
1T
1D
1L
#7990
0D
0L
#7995
1D
1L
#8000
0D
0L
1I
b1101 o
b111 p
b10101001 q
b11111111 r
b101111 s
#8005
b1 V
1D
1L
#8010
0D
0L
#8015
bx _
bx l
bx K
bx O
bx Z
bx `
bx g
bx J
bx N
bx Y
0C
0T
1A
1B
1U
1D
1L
#8016
bx R
bx ]
bx S
bx ^
bx a
bx m
xn
bx b
bx h
xi
#8017
xc
xd
#8020
0D
0L
#8025
1D
1L
#8030
0D
0L
#8035
1D
1L
0I
#8040
0D
0L
#8045
1D
1L
0F
#8050
0D
0L
#8055
1D
1L
#8060
0D
0L
#8065
b10 V
1D
1L
0E
#8070
0D
0L
#8075
0A
0B
0U
1D
1L
#8080
0D
0L
#8085
1D
1L
#8090
0D
0L
#8095
1D
1L
#8100
0D
0L
#8105
1D
1L
b111 _
b111 l
b111 K
b111 O
b111 Z
#8106
b11111111 R
b11111111 ]
b11111111 a
b11111111 m
0n
0c
#8110
0D
0L
#8115
1D
1L
b1011 |
b0 }
b10100100 ~
b110000 {
1F
#8120
0D
0L
#8125
1D
1L
b11111101 `
b11111101 g
b1101 J
b1101 N
b1101 Y
#8126
b10101x0x S
b10101x0x ^
b10101001 b
b10101001 h
1i
#8127
b10101001 S
b10101001 ^
0d
#8130
0D
0L
#8135
b11 V
1D
1L
b1011 w
b0 x
b10100100 y
b110000 v
1E
#8140
0D
0L
#8145
b0 V
b11111111 ?
b11111111 Q
b11111111 X
b11111111 \
b11111111 k
b10101001 @
b10101001 P
b10101001 W
b10101001 [
b10101001 f
1D
1L
#8146
b110 R
b110 ]
b10100110 S
b10100110 ^
b110 a
b110 m
1n
b10100110 b
b10100110 h
#8150
0D
0L
#8155
b11111111 u
b10101001 t
1C
1T
1D
1L
#8160
0D
0L
#8165
1D
1L
#8170
0D
0L
1I
b1011 o
b0 p
b10100100 q
b110000 s
#8175
b1 V
1D
1L
#8180
0D
0L
#8185
bx _
bx l
bx K
bx O
bx Z
bx `
bx g
bx J
bx N
bx Y
0C
0T
1A
1B
1U
1D
1L
#8186
bx S
bx ^
bx R
bx ]
bx a
bx m
xn
bx b
bx h
xi
xc
#8187
xd
#8190
0D
0L
#8195
1D
1L
#8200
0D
0L
#8205
1D
1L
0I
#8210
0D
0L
#8215
1D
1L
0F
#8220
0D
0L
#8225
1D
1L
#8230
0D
0L
#8235
b10 V
1D
1L
0E
#8240
0D
0L
#8245
0A
0B
0U
1D
1L
#8250
0D
0L
#8255
1D
1L
#8260
0D
0L
#8265
1D
1L
#8270
0D
0L
#8275
1D
1L
b0 _
b0 l
b0 K
b0 O
b0 Z
#8276
b11111111 R
b11111111 ]
b11111111 a
b11111111 m
0n
0c
#8280
0D
0L
#8285
1D
1L
b1000 |
b1001 }
b10011100 ~
b11111000 !"
b110001 {
1F
#8290
0D
0L
#8295
1D
1L
b11111011 `
b11111011 g
b1011 J
b1011 N
b1011 Y
#8296
b1010xx0x S
b1010xx0x ^
b10100100 b
b10100100 h
1i
#8297
b10100100 S
b10100100 ^
0d
#8300
0D
0L
#8305
b11 V
1D
1L
b1000 w
b1001 x
b10011100 y
b11111000 z
b110001 v
1E
#8310
0D
0L
#8315
b0 V
b10100100 @
b10100100 P
b10100100 W
b10100100 [
b10100100 f
1D
1L
#8316
b10011111 S
b10011111 ^
b10011111 b
b10011111 h
#8320
0D
0L
#8325
b10100100 t
1C
1T
1D
1L
#8330
0D
0L
#8335
1D
1L
#8340
0D
0L
1I
b1000 o
b1001 p
b10011100 q
b11111000 r
b110001 s
#8345
b1 V
1D
1L
#8350
0D
0L
#8355
bx _
bx l
bx K
bx O
bx Z
bx `
bx g
bx J
bx N
bx Y
0C
0T
1A
1B
1U
1D
1L
#8356
bx R
bx ]
bx S
bx ^
bx a
bx m
xn
bx b
bx h
xi
#8357
xc
xd
#8360
0D
0L
#8365
1D
1L
#8370
0D
0L
#8375
1D
1L
0I
#8380
0D
0L
#8385
1D
1L
0F
#8390
0D
0L
#8395
1D
1L
#8400
0D
0L
#8405
b10 V
1D
1L
0E
#8410
0D
0L
#8415
0A
0B
0U
1D
1L
#8420
0D
0L
#8425
1D
1L
#8430
0D
0L
#8435
1D
1L
#8440
0D
0L
#8445
1D
1L
b11111001 _
b11111001 l
b1001 K
b1001 O
b1001 Z
#8446
b11111xxx R
b11111xxx ]
b11111000 a
b11111000 m
1n
#8447
b11111000 R
b11111000 ]
0c
#8450
0D
0L
#8455
1D
1L
b1111 |
b11 }
b10011011 ~
b11111011 !"
b110010 {
1F
#8460
0D
0L
#8465
1D
1L
b11111000 `
b11111000 g
b1000 J
b1000 N
b1000 Y
#8466
b10xxx100 S
b10xxx100 ^
b10011100 b
b10011100 h
1i
#8467
b10011100 S
b10011100 ^
0d
#8470
0D
0L
#8475
b11 V
1D
1L
b1111 w
b11 x
b10011011 y
b11111011 z
b110010 v
1E
#8480
0D
0L
#8485
b0 V
b11111000 ?
b11111000 Q
b11111000 X
b11111000 \
b11111000 k
b10011100 @
b10011100 P
b10011100 W
b10011100 [
b10011100 f
1D
1L
#8486
b11110001 R
b11110001 ]
b10010100 S
b10010100 ^
b11110001 a
b11110001 m
b10010100 b
b10010100 h
#8490
0D
0L
#8495
b11111000 u
b10011100 t
1C
1T
1D
1L
#8500
0D
0L
#8505
1D
1L
#8510
0D
0L
1I
b1111 o
b11 p
b10011011 q
b11111011 r
b110010 s
#8515
b1 V
1D
1L
#8520
0D
0L
#8525
bx _
bx l
bx K
bx O
bx Z
bx `
bx g
bx J
bx N
bx Y
0C
0T
1A
1B
1U
1D
1L
#8526
bx R
bx ]
bx S
bx ^
bx a
bx m
xn
bx b
bx h
xi
#8527
xc
xd
#8530
0D
0L
#8535
1D
1L
#8540
0D
0L
#8545
1D
1L
0I
#8550
0D
0L
#8555
1D
1L
0F
#8560
0D
0L
#8565
1D
1L
#8570
0D
0L
#8575
b10 V
1D
1L
0E
#8580
0D
0L
#8585
0A
0B
0U
1D
1L
#8590
0D
0L
#8595
1D
1L
#8600
0D
0L
#8605
1D
1L
#8610
0D
0L
#8615
1D
1L
b11 _
b11 l
b11 K
b11 O
b11 Z
#8616
b11111011 R
b11111011 ]
b11111011 a
b11111011 m
0n
0c
#8620
0D
0L
#8625
1D
1L
b1010 |
b1010 }
b10010101 ~
b11110101 !"
b110011 {
1F
#8630
0D
0L
#8635
1D
1L
b11111111 `
b11111111 g
b1111 J
b1111 N
b1111 Y
#8636
b10011xxx S
b10011xxx ^
b10011011 b
b10011011 h
1i
#8637
b10011011 S
b10011011 ^
0d
#8640
0D
0L
#8645
b11 V
1D
1L
b1010 w
b1010 x
b10010101 y
b11110101 z
b110011 v
1E
#8650
0D
0L
#8655
b0 V
b11111011 ?
b11111011 Q
b11111011 X
b11111011 \
b11111011 k
b10011011 @
b10011011 P
b10011011 W
b10011011 [
b10011011 f
1D
1L
#8656
b11111110 R
b11111110 ]
b10011010 S
b10011010 ^
b11111110 a
b11111110 m
b10011010 b
b10011010 h
#8660
0D
0L
#8665
b11111011 u
b10011011 t
1C
1T
1D
1L
#8670
0D
0L
#8675
1D
1L
#8680
0D
0L
1I
b1010 o
b1010 p
b10010101 q
b11110101 r
b110011 s
#8685
b1 V
1D
1L
#8690
0D
0L
#8695
bx _
bx l
bx K
bx O
bx Z
bx `
bx g
bx J
bx N
bx Y
0C
0T
1A
1B
1U
1D
1L
#8696
bx R
bx ]
bx S
bx ^
bx a
bx m
xn
bx b
bx h
xi
#8697
xc
xd
#8700
0D
0L
#8705
1D
1L
#8710
0D
0L
#8715
1D
1L
0I
#8720
0D
0L
#8725
1D
1L
0F
#8730
0D
0L
#8735
1D
1L
#8740
0D
0L
#8745
b10 V
1D
1L
0E
#8750
0D
0L
#8755
0A
0B
0U
1D
1L
#8760
0D
0L
#8765
1D
1L
#8770
0D
0L
#8775
1D
1L
#8780
0D
0L
#8785
1D
1L
b11111010 _
b11111010 l
b1010 K
b1010 O
b1010 Z
#8786
b1111xxx1 R
b1111xxx1 ]
b11110101 a
b11110101 m
1n
#8787
b11110101 R
b11110101 ]
0c
#8790
0D
0L
#8795
1D
1L
b100 |
b1000 }
b10011001 ~
b11101101 !"
b110100 {
1F
#8800
0D
0L
#8805
1D
1L
b11111010 `
b11111010 g
b1010 J
b1010 N
b1010 Y
#8806
b1001xxx1 S
b1001xxx1 ^
b10010101 b
b10010101 h
1i
#8807
b10010101 S
b10010101 ^
0d
#8810
0D
0L
#8815
b11 V
1D
1L
b100 w
b1000 x
b10011001 y
b11101101 z
b110100 v
1E
#8820
0D
0L
#8825
b0 V
b11110101 ?
b11110101 Q
b11110101 X
b11110101 \
b11110101 k
b10010101 @
b10010101 P
b10010101 W
b10010101 [
b10010101 f
1D
1L
#8826
b11101111 R
b11101111 ]
b10001111 S
b10001111 ^
b11101111 a
b11101111 m
b10001111 b
b10001111 h
#8830
0D
0L
#8835
b11110101 u
b10010101 t
1C
1T
1D
1L
#8840
0D
0L
#8845
1D
1L
#8850
0D
0L
1I
b100 o
b1000 p
b10011001 q
b11101101 r
b110100 s
#8855
b1 V
1D
1L
#8860
0D
0L
#8865
bx _
bx l
bx K
bx O
bx Z
bx `
bx g
bx J
bx N
bx Y
0C
0T
1A
1B
1U
1D
1L
#8866
bx R
bx ]
bx S
bx ^
bx a
bx m
xn
bx b
bx h
xi
#8867
xc
xd
#8870
0D
0L
#8875
1D
1L
#8880
0D
0L
#8885
1D
1L
0I
#8890
0D
0L
#8895
1D
1L
0F
#8900
0D
0L
#8905
1D
1L
#8910
0D
0L
#8915
b10 V
1D
1L
0E
#8920
0D
0L
#8925
0A
0B
0U
1D
1L
#8930
0D
0L
#8935
1D
1L
#8940
0D
0L
#8945
1D
1L
#8950
0D
0L
#8955
1D
1L
b11111000 _
b11111000 l
b1000 K
b1000 O
b1000 Z
#8956
b111xx101 R
b111xx101 ]
b11101101 a
b11101101 m
1n
#8957
b11101101 R
b11101101 ]
0c
#8960
0D
0L
#8965
1D
1L
b0 |
b101 }
b11110010 !"
b110101 {
1F
#8970
0D
0L
#8975
1D
1L
b100 `
b100 g
b100 J
b100 N
b100 Y
#8976
b10011001 S
b10011001 ^
b10011001 b
b10011001 h
0i
0d
#8980
0D
0L
#8985
b11 V
1D
1L
b0 w
b101 x
b11110010 z
b110101 v
1E
#8990
0D
0L
#8995
b0 V
b11101101 ?
b11101101 Q
b11101101 X
b11101101 \
b11101101 k
b10011001 @
b10011001 P
b10011001 W
b10011001 [
b10011001 f
1D
1L
#8996
b11100101 R
b11100101 ]
b10011101 S
b10011101 ^
b11100101 a
b11100101 m
b10011101 b
b10011101 h
#9000
0D
0L
#9005
b11101101 u
b10011001 t
1C
1T
1D
1L
#9010
0D
0L
#9015
1D
1L
#9020
0D
0L
1I
b0 o
b101 p
b11110010 r
b110101 s
#9025
b1 V
1D
1L
#9030
0D
0L
#9035
bx _
bx l
bx K
bx O
bx Z
bx `
bx g
bx J
bx N
bx Y
0C
0T
1A
1B
1U
1D
1L
#9036
bx R
bx ]
bx S
bx ^
bx a
bx m
xn
bx b
bx h
xi
#9037
xc
xd
#9040
0D
0L
#9045
1D
1L
#9050
0D
0L
#9055
1D
1L
0I
#9060
0D
0L
#9065
1D
1L
0F
#9070
0D
0L
#9075
1D
1L
#9080
0D
0L
#9085
b10 V
1D
1L
0E
#9090
0D
0L
#9095
0A
0B
0U
1D
1L
#9100
0D
0L
#9105
1D
1L
#9110
0D
0L
#9115
1D
1L
#9120
0D
0L
#9125
1D
1L
b101 _
b101 l
b101 K
b101 O
b101 Z
#9126
b11110010 R
b11110010 ]
b11110010 a
b11110010 m
0n
0c
#9130
0D
0L
#9135
1D
1L
b1001 |
b100 }
b10010010 ~
b11110110 !"
b110110 {
1F
#9140
0D
0L
#9145
1D
1L
b0 `
b0 g
b0 J
b0 N
b0 Y
#9146
b10011001 S
b10011001 ^
b10011001 b
b10011001 h
0i
0d
#9150
0D
0L
#9155
b11 V
1D
1L
b1001 w
b100 x
b10010010 y
b11110110 z
b110110 v
1E
#9160
0D
0L
#9165
b0 V
b11110010 ?
b11110010 Q
b11110010 X
b11110010 \
b11110010 k
1D
1L
#9166
b11110111 R
b11110111 ]
b11110111 a
b11110111 m
#9170
0D
0L
#9175
b11110010 u
1C
1T
1D
1L
#9180
0D
0L
#9185
1D
1L
#9190
0D
0L
1I
b1001 o
b100 p
b10010010 q
b11110110 r
b110110 s
#9195
b1 V
1D
1L
#9200
0D
0L
#9205
bx _
bx l
bx K
bx O
bx Z
bx `
bx g
bx J
bx N
bx Y
0C
0T
1A
1B
1U
1D
1L
#9206
bx R
bx ]
bx S
bx ^
bx a
bx m
xn
bx b
bx h
xi
#9207
xc
xd
#9210
0D
0L
#9215
1D
1L
#9220
0D
0L
#9225
1D
1L
0I
#9230
0D
0L
#9235
1D
1L
0F
#9240
0D
0L
#9245
1D
1L
#9250
0D
0L
#9255
b10 V
1D
1L
0E
#9260
0D
0L
#9265
0A
0B
0U
1D
1L
#9270
0D
0L
#9275
1D
1L
#9280
0D
0L
#9285
1D
1L
#9290
0D
0L
#9295
1D
1L
b100 _
b100 l
b100 K
b100 O
b100 Z
#9296
b11110110 R
b11110110 ]
b11110110 a
b11110110 m
0n
0c
#9300
0D
0L
#9305
1D
1L
b1000 |
b10001010 ~
b11111010 !"
b110111 {
1F
#9310
0D
0L
#9315
1D
1L
b11111001 `
b11111001 g
b1001 J
b1001 N
b1001 Y
#9316
b1001x0xx S
b1001x0xx ^
b10010010 b
b10010010 h
1i
#9317
b10010010 S
b10010010 ^
0d
#9320
0D
0L
#9325
b11 V
1D
1L
b1000 w
b10001010 y
b11111010 z
b110111 v
1E
#9330
0D
0L
#9335
b0 V
b11110110 ?
b11110110 Q
b11110110 X
b11110110 \
b11110110 k
b10010010 @
b10010010 P
b10010010 W
b10010010 [
b10010010 f
1D
1L
#9336
b11111010 R
b11111010 ]
b10001011 S
b10001011 ^
b11111010 a
b11111010 m
b10001011 b
b10001011 h
#9340
0D
0L
#9345
b11110110 u
b10010010 t
1C
1T
1D
1L
#9350
0D
0L
#9355
1D
1L
#9360
0D
0L
1I
b1000 o
b10001010 q
b11111010 r
b110111 s
#9365
b1 V
1D
1L
#9370
0D
0L
#9375
bx _
bx l
bx K
bx O
bx Z
bx `
bx g
bx J
bx N
bx Y
0C
0T
1A
1B
1U
1D
1L
#9376
bx R
bx ]
bx S
bx ^
bx a
bx m
xn
bx b
bx h
xi
#9377
xc
xd
#9380
0D
0L
#9385
1D
1L
#9390
0D
0L
#9395
1D
1L
0I
#9400
0D
0L
#9405
1D
1L
0F
#9410
0D
0L
#9415
1D
1L
#9420
0D
0L
#9425
b10 V
1D
1L
0E
#9430
0D
0L
#9435
0A
0B
0U
1D
1L
#9440
0D
0L
#9445
1D
1L
#9450
0D
0L
#9455
1D
1L
#9460
0D
0L
#9465
1D
1L
b100 _
b100 l
b100 K
b100 O
b100 Z
#9466
b11111010 R
b11111010 ]
b11111010 a
b11111010 m
0n
0c
#9470
0D
0L
#9475
1D
1L
b100 |
b110 }
b10001110 ~
b0 !"
b111000 {
1F
#9480
0D
0L
#9485
1D
1L
b11111000 `
b11111000 g
b1000 J
b1000 N
b1000 Y
#9486
b100xx010 S
b100xx010 ^
b10001010 b
b10001010 h
1i
#9487
b10001010 S
b10001010 ^
0d
#9490
0D
0L
#9495
b11 V
1D
1L
b100 w
b110 x
b10001110 y
b0 z
b111000 v
1E
#9500
0D
0L
#9505
b0 V
b11111010 ?
b11111010 Q
b11111010 X
b11111010 \
b11111010 k
b10001010 @
b10001010 P
b10001010 W
b10001010 [
b10001010 f
1D
1L
#9506
b11111110 R
b11111110 ]
b10000010 S
b10000010 ^
b11111110 a
b11111110 m
b10000010 b
b10000010 h
#9510
0D
0L
#9515
b11111010 u
b10001010 t
1C
1T
1D
1L
#9520
0D
0L
#9525
1D
1L
#9530
0D
0L
1I
b100 o
b110 p
b10001110 q
b0 r
b111000 s
#9535
b1 V
1D
1L
#9540
0D
0L
#9545
bx _
bx l
bx K
bx O
bx Z
bx `
bx g
bx J
bx N
bx Y
0C
0T
1A
1B
1U
1D
1L
#9546
bx R
bx ]
bx S
bx ^
bx a
bx m
xn
bx b
bx h
xi
#9547
xc
xd
#9550
0D
0L
#9555
1D
1L
#9560
0D
0L
#9565
1D
1L
0I
#9570
0D
0L
#9575
1D
1L
0F
#9580
0D
0L
#9585
1D
1L
#9590
0D
0L
#9595
b10 V
1D
1L
0E
#9600
0D
0L
#9605
0A
0B
0U
1D
1L
#9610
0D
0L
#9615
1D
1L
#9620
0D
0L
#9625
1D
1L
#9630
0D
0L
#9635
1D
1L
b110 _
b110 l
b110 K
b110 O
b110 Z
#9636
b0 R
b0 ]
b0 a
b0 m
1n
0c
#9640
0D
0L
#9645
1D
1L
b1111 |
b1110 }
b10001101 ~
b11111110 !"
b111001 {
1F
#9650
0D
0L
#9655
1D
1L
b100 `
b100 g
b100 J
b100 N
b100 Y
#9656
b10001110 S
b10001110 ^
b10001110 b
b10001110 h
0i
0d
#9660
0D
0L
#9665
b11 V
1D
1L
b1111 w
b1110 x
b10001101 y
b11111110 z
b111001 v
1E
#9670
0D
0L
#9675
b0 V
b0 ?
b0 Q
b0 X
b0 \
b0 k
b10001110 @
b10001110 P
b10001110 W
b10001110 [
b10001110 f
1D
1L
#9676
b110 R
b110 ]
b10010010 S
b10010010 ^
b110 a
b110 m
0n
b10010010 b
b10010010 h
#9680
0D
0L
#9685
b0 u
b10001110 t
1C
1T
1D
1L
#9690
0D
0L
#9695
1D
1L
#9700
0D
0L
1I
b1111 o
b1110 p
b10001101 q
b11111110 r
b111001 s
#9705
b1 V
1D
1L
#9710
0D
0L
#9715
bx _
bx l
bx K
bx O
bx Z
bx `
bx g
bx J
bx N
bx Y
0C
0T
1A
1B
1U
1D
1L
#9716
bx R
bx ]
bx S
bx ^
bx a
bx m
xn
bx b
bx h
xi
#9717
xc
xd
#9720
0D
0L
#9725
1D
1L
#9730
0D
0L
#9735
1D
1L
0I
#9740
0D
0L
#9745
1D
1L
0F
#9750
0D
0L
#9755
1D
1L
#9760
0D
0L
#9765
b10 V
1D
1L
0E
#9770
0D
0L
#9775
0A
0B
0U
1D
1L
#9780
0D
0L
#9785
1D
1L
#9790
0D
0L
#9795
1D
1L
#9800
0D
0L
#9805
1D
1L
b11111110 _
b11111110 l
b1110 K
b1110 O
b1110 Z
#9806
b11111110 R
b11111110 ]
b11111110 a
b11111110 m
0n
0c
#9810
0D
0L
#9815
1D
1L
b1000 |
b110 }
b10000101 ~
b100 !"
b111010 {
1F
#9820
0D
0L
#9825
1D
1L
b11111111 `
b11111111 g
b1111 J
b1111 N
b1111 Y
#9826
b100011xx S
b100011xx ^
b10001101 b
b10001101 h
1i
#9827
b10001101 S
b10001101 ^
0d
#9830
0D
0L
#9835
b11 V
1D
1L
b1000 w
b110 x
b10000101 y
b100 z
b111010 v
1E
#9840
0D
0L
#9845
b0 V
b11111110 ?
b11111110 Q
b11111110 X
b11111110 \
b11111110 k
b10001101 @
b10001101 P
b10001101 W
b10001101 [
b10001101 f
1D
1L
#9846
b11111100 R
b11111100 ]
b10001100 S
b10001100 ^
b11111100 a
b11111100 m
1n
b10001100 b
b10001100 h
#9850
0D
0L
#9855
b11111110 u
b10001101 t
1C
1T
1D
1L
#9860
0D
0L
#9865
1D
1L
#9870
0D
0L
1I
b1000 o
b110 p
b10000101 q
b100 r
b111010 s
#9875
b1 V
1D
1L
#9880
0D
0L
#9885
bx _
bx l
bx K
bx O
bx Z
bx `
bx g
bx J
bx N
bx Y
0C
0T
1A
1B
1U
1D
1L
#9886
bx R
bx ]
bx S
bx ^
bx a
bx m
xn
bx b
bx h
xi
#9887
xc
xd
#9890
0D
0L
#9895
1D
1L
#9900
0D
0L
#9905
1D
1L
0I
#9910
0D
0L
#9915
1D
1L
0F
#9920
0D
0L
#9925
1D
1L
#9930
0D
0L
#9935
b10 V
1D
1L
0E
#9940
0D
0L
#9945
0A
0B
0U
1D
1L
#9950
0D
0L
#9955
1D
1L
#9960
0D
0L
#9965
1D
1L
#9970
0D
0L
#9975
1D
1L
b110 _
b110 l
b110 K
b110 O
b110 Z
#9976
b100 R
b100 ]
b100 a
b100 m
1n
0c
#9980
0D
0L
#9985
1D
1L
b1010 |
b100 }
b1000 !"
b111011 {
1F
#9990
0D
0L
#9995
1D
1L
b11111000 `
b11111000 g
b1000 J
b1000 N
b1000 Y
#9996
b1000x101 S
b1000x101 ^
b10000101 b
b10000101 h
1i
#9997
b10000101 S
b10000101 ^
0d
#10000
0D
0L
#10005
b11 V
1D
1L
b1010 w
b100 x
b1000 z
b111011 v
1E
#10010
0D
0L
#10015
b0 V
b100 ?
b100 Q
b100 X
b100 \
b100 k
b10000101 @
b10000101 P
b10000101 W
b10000101 [
b10000101 f
1D
1L
#10016
b1010 R
b1010 ]
b1111101 S
b1111101 ^
b1010 a
b1010 m
0n
b1111101 b
b1111101 h
#10017
b10000101 S
b10000101 ^
1d
#10020
0D
0L
#10025
b100 u
b10000101 t
1C
1T
1D
1L
#10030
0D
0L
#10035
1D
1L
#10040
0D
0L
1I
b1010 o
b100 p
b1000 r
b111011 s
#10045
b1 V
1D
1L
#10050
0D
0L
#10055
bx _
bx l
bx K
bx O
bx Z
bx `
bx g
bx J
bx N
bx Y
0C
0T
1A
1B
1U
1D
1L
#10056
bx R
bx ]
bx S
bx ^
bx a
bx m
xn
bx b
bx h
xi
xd
#10057
xc
#10060
0D
0L
#10065
1D
1L
#10070
0D
0L
#10075
1D
1L
0I
#10080
0D
0L
#10085
1D
1L
0F
#10090
0D
0L
#10095
1D
1L
#10100
0D
0L
#10105
b10 V
1D
1L
0E
#10110
0D
0L
#10115
0A
0B
0U
1D
1L
#10120
0D
0L
#10125
1D
1L
#10130
0D
0L
#10135
1D
1L
#10140
0D
0L
#10145
1D
1L
b100 _
b100 l
b100 K
b100 O
b100 Z
#10146
b0xx00 R
b0xx00 ]
b1000 a
b1000 m
0n
#10147
b1000 R
b1000 ]
0c
#10150
0D
0L
#10155
1D
1L
b1101 |
b11 }
b10000010 ~
b1011 !"
b111100 {
1F
#10160
0D
0L
#10165
1D
1L
b11111010 `
b11111010 g
b1010 J
b1010 N
b1010 Y
#10166
bx1x1 S
bx1x1 ^
b1111111 b
b1111111 h
1i
#10167
b10000101 S
b10000101 ^
1d
#10170
0D
0L
#10175
b11 V
1D
1L
b1101 w
b11 x
b10000010 y
b1011 z
b111100 v
1E
#10180
0D
0L
#10185
b0 V
b1000 ?
b1000 Q
b1000 X
b1000 \
b1000 k
1D
1L
#10186
b1100 R
b1100 ]
b1100 a
b1100 m
#10190
0D
0L
#10195
b1000 u
1C
1T
1D
1L
#10200
0D
0L
#10205
1D
1L
#10210
0D
0L
1I
b1101 o
b11 p
b10000010 q
b1011 r
b111100 s
#10215
b1 V
1D
1L
#10220
0D
0L
#10225
bx _
bx l
bx K
bx O
bx Z
bx `
bx g
bx J
bx N
bx Y
0C
0T
1A
1B
1U
1D
1L
#10226
bx R
bx ]
bx S
bx ^
bx a
bx m
xn
bx b
bx h
xi
xd
#10227
xc
#10230
0D
0L
#10235
1D
1L
#10240
0D
0L
#10245
1D
1L
0I
#10250
0D
0L
#10255
1D
1L
0F
#10260
0D
0L
#10265
1D
1L
#10270
0D
0L
#10275
b10 V
1D
1L
0E
#10280
0D
0L
#10285
0A
0B
0U
1D
1L
#10290
0D
0L
#10295
1D
1L
#10300
0D
0L
#10305
1D
1L
#10310
0D
0L
#10315
1D
1L
b11 _
b11 l
b11 K
b11 O
b11 Z
#10316
b10xx R
b10xx ]
b1011 a
b1011 m
0n
#10317
b1011 R
b1011 ]
0c
#10320
0D
0L
#10325
1D
1L
b100 |
b101 }
b10000110 ~
b10000 !"
b111101 {
1F
#10330
0D
0L
#10335
1D
1L
b11111101 `
b11111101 g
b1101 J
b1101 N
b1101 Y
#10336
b10000xxx S
b10000xxx ^
b10000010 b
b10000010 h
1i
#10337
b10000010 S
b10000010 ^
0d
#10340
0D
0L
#10345
b11 V
1D
1L
b100 w
b101 x
b10000110 y
b10000 z
b111101 v
1E
#10350
0D
0L
#10355
b0 V
b1011 ?
b1011 Q
b1011 X
b1011 \
b1011 k
b10000010 @
b10000010 P
b10000010 W
b10000010 [
b10000010 f
1D
1L
#10356
b1110 R
b1110 ]
b1111111 S
b1111111 ^
b1110 a
b1110 m
b1111111 b
b1111111 h
#10357
b10000010 S
b10000010 ^
1d
#10360
0D
0L
#10365
b1011 u
b10000010 t
1C
1T
1D
1L
#10370
0D
0L
#10375
1D
1L
#10380
0D
0L
1I
b100 o
b101 p
b10000110 q
b10000 r
b111101 s
#10385
b1 V
1D
1L
#10390
0D
0L
#10395
bx _
bx l
bx K
bx O
bx Z
bx `
bx g
bx J
bx N
bx Y
0C
0T
1A
1B
1U
1D
1L
#10396
bx R
bx ]
bx S
bx ^
bx a
bx m
xn
bx b
bx h
xi
xd
#10397
xc
#10400
0D
0L
#10405
1D
1L
#10410
0D
0L
#10415
1D
1L
0I
#10420
0D
0L
#10425
1D
1L
0F
#10430
0D
0L
#10435
1D
1L
#10440
0D
0L
#10445
b10 V
1D
1L
0E
#10450
0D
0L
#10455
0A
0B
0U
1D
1L
#10460
0D
0L
#10465
1D
1L
#10470
0D
0L
#10475
1D
1L
#10480
0D
0L
#10485
1D
1L
b101 _
b101 l
b101 K
b101 O
b101 Z
#10486
b0xx0xx R
b0xx0xx ]
b10000 a
b10000 m
0n
#10487
b10000 R
b10000 ]
0c
#10490
0D
0L
#10495
1D
1L
b1000 |
b1110 }
b1110 !"
b111110 {
1F
#10500
0D
0L
#10505
1D
1L
b100 `
b100 g
b100 J
b100 N
b100 Y
#10506
b10000110 S
b10000110 ^
b10000110 b
b10000110 h
0i
0d
#10510
0D
0L
#10515
b11 V
1D
1L
b1000 w
b1110 x
b1110 z
b111110 v
1E
#10520
0D
0L
#10525
b0 V
b10000 ?
b10000 Q
b10000 X
b10000 \
b10000 k
b10000110 @
b10000110 P
b10000110 W
b10000110 [
b10000110 f
1D
1L
#10526
b10101 R
b10101 ]
b10001010 S
b10001010 ^
b10101 a
b10101 m
b10001010 b
b10001010 h
#10530
0D
0L
#10535
b10000 u
b10000110 t
1C
1T
1D
1L
#10540
0D
0L
#10545
1D
1L
#10550
0D
0L
1I
b1000 o
b1110 p
b1110 r
b111110 s
#10555
b1 V
1D
1L
#10560
0D
0L
#10565
bx _
bx l
bx K
bx O
bx Z
bx `
bx g
bx J
bx N
bx Y
0C
0T
1A
1B
1U
1D
1L
#10566
bx R
bx ]
bx S
bx ^
bx a
bx m
xn
bx b
bx h
xi
#10567
xc
xd
#10570
0D
0L
#10575
1D
1L
#10580
0D
0L
#10585
1D
1L
0I
#10590
0D
0L
#10595
1D
1L
0F
#10600
0D
0L
#10605
1D
1L
#10610
0D
0L
#10615
b10 V
1D
1L
0E
#10620
0D
0L
#10625
0A
0B
0U
1D
1L
#10630
0D
0L
#10635
1D
1L
#10640
0D
0L
#10645
1D
1L
#10650
0D
0L
#10655
1D
1L
b11111110 _
b11111110 l
b1110 K
b1110 O
b1110 Z
#10656
b1110 R
b1110 ]
b1110 a
b1110 m
1n
0c
#10660
0D
0L
#10665
1D
1L
b110 |
b1001 }
b10001100 ~
b111 !"
b111111 {
1F
#10670
0D
0L
#10675
1D
1L
b11111000 `
b11111000 g
b1000 J
b1000 N
b1000 Y
#10676
bx110 S
bx110 ^
b1111110 b
b1111110 h
1i
#10677
b10000110 S
b10000110 ^
1d
#10680
0D
0L
#10685
b11 V
1D
1L
b110 w
b1001 x
b10001100 y
b111 z
b111111 v
1E
#10690
0D
0L
#10695
b0 V
b1110 ?
b1110 Q
b1110 X
b1110 \
b1110 k
1D
1L
#10696
b1100 R
b1100 ]
b1100 a
b1100 m
#10700
0D
0L
#10705
b1110 u
1C
1T
1D
1L
#10710
0D
0L
#10715
1D
1L
#10720
0D
0L
1I
b110 o
b1001 p
b10001100 q
b111 r
b111111 s
#10725
b1 V
1D
1L
#10730
0D
0L
#10735
bx _
bx l
bx K
bx O
bx Z
bx `
bx g
bx J
bx N
bx Y
0C
0T
1A
1B
1U
1D
1L
#10736
bx R
bx ]
bx S
bx ^
bx a
bx m
xn
bx b
bx h
xi
xd
#10737
xc
#10740
0D
0L
#10745
1D
1L
#10750
0D
0L
#10755
1D
1L
0I
#10760
0D
0L
#10765
1D
1L
0F
#10770
0D
0L
#10775
1D
1L
#10780
0D
0L
#10785
b10 V
1D
1L
0E
#10790
0D
0L
#10795
0A
0B
0U
1D
1L
#10800
0D
0L
#10805
1D
1L
#10810
0D
0L
#10815
1D
1L
#10820
0D
0L
#10825
1D
1L
b11111001 _
b11111001 l
b1001 K
b1001 O
b1001 Z
#10826
b111 R
b111 ]
b111 a
b111 m
1n
0c
#10830
0D
0L
#10835
1D
1L
b1111 |
b1110 }
b10001011 ~
b101 !"
b1000000 {
1F
#10840
0D
0L
#10845
1D
1L
b110 `
b110 g
b110 J
b110 N
b110 Y
#10846
b10001100 S
b10001100 ^
b10001100 b
b10001100 h
0i
0d
#10850
0D
0L
#10855
b11 V
1D
1L
b1111 w
b1110 x
b10001011 y
b101 z
b1000000 v
1E
#10860
0D
0L
#10865
b0 V
b111 ?
b111 Q
b111 X
b111 \
b111 k
b10001100 @
b10001100 P
b10001100 W
b10001100 [
b10001100 f
1D
1L
#10866
b0 R
b0 ]
b10010010 S
b10010010 ^
b0 a
b0 m
b10010010 b
b10010010 h
#10870
0D
0L
#10875
b111 u
b10001100 t
1C
1T
1D
1L
#10880
0D
0L
#10885
1D
1L
#10890
0D
0L
1I
b1111 o
b1110 p
b10001011 q
b101 r
b1000000 s
#10895
b1 V
1D
1L
#10900
0D
0L
#10905
bx _
bx l
bx K
bx O
bx Z
bx `
bx g
bx J
bx N
bx Y
0C
0T
1A
1B
1U
1D
1L
#10906
bx R
bx ]
bx S
bx ^
bx a
bx m
xn
bx b
bx h
xi
#10907
xc
xd
#10910
0D
0L
#10915
1D
1L
#10920
0D
0L
#10925
1D
1L
0I
#10930
0D
0L
#10935
1D
1L
0F
#10940
0D
0L
#10945
1D
1L
#10950
0D
0L
#10955
b10 V
1D
1L
0E
#10960
0D
0L
#10965
0A
0B
0U
1D
1L
#10970
0D
0L
#10975
1D
1L
#10980
0D
0L
#10985
1D
1L
#10990
0D
0L
#10995
1D
1L
b11111110 _
b11111110 l
b1110 K
b1110 O
b1110 Z
#10996
b101 R
b101 ]
b101 a
b101 m
1n
0c
#11000
0D
0L
#11005
1D
1L
b1010 |
b11 }
b10000101 ~
b1000 !"
b1000001 {
1F
#11010
0D
0L
#11015
1D
1L
b11111111 `
b11111111 g
b1111 J
b1111 N
b1111 Y
#11016
b10001xxx S
b10001xxx ^
b10001011 b
b10001011 h
1i
#11017
b10001011 S
b10001011 ^
0d
#11020
0D
0L
#11025
b11 V
1D
1L
b1010 w
b11 x
b10000101 y
b1000 z
b1000001 v
1E
#11030
0D
0L
#11035
b0 V
b101 ?
b101 Q
b101 X
b101 \
b101 k
b10001011 @
b10001011 P
b10001011 W
b10001011 [
b10001011 f
1D
1L
#11036
b11 R
b11 ]
b10001010 S
b10001010 ^
b11 a
b11 m
b10001010 b
b10001010 h
#11040
0D
0L
#11045
b101 u
b10001011 t
1C
1T
1D
1L
#11050
0D
0L
#11055
1D
1L
#11060
0D
0L
1I
b1010 o
b11 p
b10000101 q
b1000 r
b1000001 s
#11065
b1 V
1D
1L
#11070
0D
0L
#11075
bx _
bx l
bx K
bx O
bx Z
bx `
bx g
bx J
bx N
bx Y
0C
0T
1A
1B
1U
1D
1L
#11076
bx R
bx ]
bx S
bx ^
bx a
bx m
xn
bx b
bx h
xi
#11077
xc
xd
#11080
0D
0L
#11085
1D
1L
#11090
0D
0L
#11095
1D
1L
0I
#11100
0D
0L
#11105
1D
1L
0F
#11110
0D
0L
#11115
1D
1L
#11120
0D
0L
#11125
b10 V
1D
1L
0E
#11130
0D
0L
#11135
0A
0B
0U
1D
1L
#11140
0D
0L
#11145
1D
1L
#11150
0D
0L
#11155
1D
1L
#11160
0D
0L
#11165
1D
1L
b11 _
b11 l
b11 K
b11 O
b11 Z
#11166
b0xx0x R
b0xx0x ]
b1000 a
b1000 m
0n
#11167
b1000 R
b1000 ]
0c
#11170
0D
0L
#11175
1D
1L
b1011 }
b11 !"
b1000010 {
1F
#11180
0D
0L
#11185
1D
1L
b11111010 `
b11111010 g
b1010 J
b1010 N
b1010 Y
#11186
b1000xxx1 S
b1000xxx1 ^
b10000101 b
b10000101 h
1i
#11187
b10000101 S
b10000101 ^
0d
#11190
0D
0L
#11195
b11 V
1D
1L
b1011 x
b11 z
b1000010 v
1E
#11200
0D
0L
#11205
b0 V
b1000 ?
b1000 Q
b1000 X
b1000 \
b1000 k
b10000101 @
b10000101 P
b10000101 W
b10000101 [
b10000101 f
1D
1L
#11206
b1011 R
b1011 ]
b1111111 S
b1111111 ^
b1011 a
b1011 m
b1111111 b
b1111111 h
#11207
b10000101 S
b10000101 ^
1d
#11210
0D
0L
#11215
b1000 u
b10000101 t
1C
1T
1D
1L
#11220
0D
0L
#11225
1D
1L
#11230
0D
0L
1I
b1011 p
b11 r
b1000010 s
#11235
b1 V
1D
1L
#11240
0D
0L
#11245
bx _
bx l
bx K
bx O
bx Z
bx `
bx g
bx J
bx N
bx Y
0C
0T
1A
1B
1U
1D
1L
#11246
bx R
bx ]
bx S
bx ^
bx a
bx m
xn
bx b
bx h
xi
xd
#11247
xc
#11250
0D
0L
#11255
1D
1L
#11260
0D
0L
#11265
1D
1L
0I
#11270
0D
0L
#11275
1D
1L
0F
#11280
0D
0L
#11285
1D
1L
#11290
0D
0L
#11295
b10 V
1D
1L
0E
#11300
0D
0L
#11305
0A
0B
0U
1D
1L
#11310
0D
0L
#11315
1D
1L
#11320
0D
0L
#11325
1D
1L
#11330
0D
0L
#11335
1D
1L
b11111011 _
b11111011 l
b1011 K
b1011 O
b1011 Z
#11336
b11 R
b11 ]
b11 a
b11 m
1n
0c
#11340
0D
0L
#11345
1D
1L
b100 |
b0 }
b10001001 ~
b1000011 {
1F
#11350
0D
0L
#11355
1D
1L
b11111010 `
b11111010 g
b1010 J
b1010 N
b1010 Y
#11356
bx1x1 S
bx1x1 ^
b1111111 b
b1111111 h
1i
#11357
b10000101 S
b10000101 ^
1d
#11360
0D
0L
#11365
b11 V
1D
1L
b100 w
b0 x
b10001001 y
b1000011 v
1E
#11370
0D
0L
#11375
b0 V
b11 ?
b11 Q
b11 X
b11 \
b11 k
1D
1L
#11376
b11111110 R
b11111110 ]
b11111110 a
b11111110 m
0n
#11380
0D
0L
#11385
b11 u
1C
1T
1D
1L
#11390
0D
0L
#11395
1D
1L
#11400
0D
0L
1I
b100 o
b0 p
b10001001 q
b1000011 s
#11405
b1 V
1D
1L
#11410
0D
0L
#11415
bx _
bx l
bx K
bx O
bx Z
bx `
bx g
bx J
bx N
bx Y
0C
0T
1A
1B
1U
1D
1L
#11416
bx R
bx ]
bx S
bx ^
bx a
bx m
xn
bx b
bx h
xi
xc
xd
#11420
0D
0L
#11425
1D
1L
#11430
0D
0L
#11435
1D
1L
0I
#11440
0D
0L
#11445
1D
1L
0F
#11450
0D
0L
#11455
1D
1L
#11460
0D
0L
#11465
b10 V
1D
1L
0E
#11470
0D
0L
#11475
0A
0B
0U
1D
1L
#11480
0D
0L
#11485
1D
1L
#11490
0D
0L
#11495
1D
1L
#11500
0D
0L
#11505
1D
1L
b0 _
b0 l
b0 K
b0 O
b0 Z
#11506
b11 R
b11 ]
b11 a
b11 m
0n
#11507
0c
#11510
0D
0L
#11515
1D
1L
b111 |
b1100 }
b10010000 ~
b11111111 !"
b1000100 {
1F
#11520
0D
0L
#11525
1D
1L
b100 `
b100 g
b100 J
b100 N
b100 Y
#11526
b10001001 S
b10001001 ^
b10001001 b
b10001001 h
0i
0d
#11530
0D
0L
#11535
b11 V
1D
1L
b111 w
b1100 x
b10010000 y
b11111111 z
b1000100 v
1E
#11540
0D
0L
#11545
b0 V
b10001001 @
b10001001 P
b10001001 W
b10001001 [
b10001001 f
1D
1L
#11546
b10001101 S
b10001101 ^
b10001101 b
b10001101 h
#11550
0D
0L
#11555
b10001001 t
1C
1T
1D
1L
#11560
0D
0L
#11565
1D
1L
#11570
0D
0L
1I
b111 o
b1100 p
b10010000 q
b11111111 r
b1000100 s
#11575
b1 V
1D
1L
#11580
0D
0L
#11585
bx _
bx l
bx K
bx O
bx Z
bx `
bx g
bx J
bx N
bx Y
0C
0T
1A
1B
1U
1D
1L
#11586
bx R
bx ]
bx S
bx ^
bx a
bx m
xn
bx b
bx h
xi
#11587
xc
xd
#11590
0D
0L
#11595
1D
1L
#11600
0D
0L
#11605
1D
1L
0I
#11610
0D
0L
#11615
1D
1L
0F
#11620
0D
0L
#11625
1D
1L
#11630
0D
0L
#11635
b10 V
1D
1L
0E
#11640
0D
0L
#11645
0A
0B
0U
1D
1L
#11650
0D
0L
#11655
1D
1L
#11660
0D
0L
#11665
1D
1L
#11670
0D
0L
#11675
1D
1L
b11111100 _
b11111100 l
b1100 K
b1100 O
b1100 Z
#11676
b11111111 R
b11111111 ]
b11111111 a
b11111111 m
0n
0c
#11680
0D
0L
#11685
1D
1L
b10 |
b1101 }
b10010010 ~
b11111100 !"
b1000101 {
1F
#11690
0D
0L
#11695
1D
1L
b111 `
b111 g
b111 J
b111 N
b111 Y
#11696
b10010000 S
b10010000 ^
b10010000 b
b10010000 h
0i
0d
#11700
0D
0L
#11705
b11 V
1D
1L
b10 w
b1101 x
b10010010 y
b11111100 z
b1000101 v
1E
#11710
0D
0L
#11715
b0 V
b11111111 ?
b11111111 Q
b11111111 X
b11111111 \
b11111111 k
b10010000 @
b10010000 P
b10010000 W
b10010000 [
b10010000 f
1D
1L
#11716
b11111011 R
b11111011 ]
b10010111 S
b10010111 ^
b11111011 a
b11111011 m
1n
b10010111 b
b10010111 h
#11720
0D
0L
#11725
b11111111 u
b10010000 t
1C
1T
1D
1L
#11730
0D
0L
#11735
1D
1L
#11740
0D
0L
1I
b10 o
b1101 p
b10010010 q
b11111100 r
b1000101 s
#11745
b1 V
1D
1L
#11750
0D
0L
#11755
bx _
bx l
bx K
bx O
bx Z
bx `
bx g
bx J
bx N
bx Y
0C
0T
1A
1B
1U
1D
1L
#11756
bx R
bx ]
bx S
bx ^
bx a
bx m
xn
bx b
bx h
xi
#11757
xc
xd
#11760
0D
0L
#11765
1D
1L
#11770
0D
0L
#11775
1D
1L
0I
#11780
0D
0L
#11785
1D
1L
0F
#11790
0D
0L
#11795
1D
1L
#11800
0D
0L
#11805
b10 V
1D
1L
0E
#11810
0D
0L
#11815
0A
0B
0U
1D
1L
#11820
0D
0L
#11825
1D
1L
#11830
0D
0L
#11835
1D
1L
#11840
0D
0L
#11845
1D
1L
b11111101 _
b11111101 l
b1101 K
b1101 O
b1101 Z
#11846
b111111xx R
b111111xx ]
b11111100 a
b11111100 m
1n
#11847
b11111100 R
b11111100 ]
0c
#11850
0D
0L
#11855
1D
1L
b11 |
b10 }
b10010101 ~
b11111110 !"
b1000110 {
1F
#11860
0D
0L
#11865
1D
1L
b10 `
b10 g
b10 J
b10 N
b10 Y
#11866
b10010010 S
b10010010 ^
b10010010 b
b10010010 h
0i
0d
#11870
0D
0L
#11875
b11 V
1D
1L
b11 w
b10 x
b10010101 y
b11111110 z
b1000110 v
1E
#11880
0D
0L
#11885
b0 V
b11111100 ?
b11111100 Q
b11111100 X
b11111100 \
b11111100 k
b10010010 @
b10010010 P
b10010010 W
b10010010 [
b10010010 f
1D
1L
#11886
b11111001 R
b11111001 ]
b10010100 S
b10010100 ^
b11111001 a
b11111001 m
b10010100 b
b10010100 h
#11890
0D
0L
#11895
b11111100 u
b10010010 t
1C
1T
1D
1L
#11900
0D
0L
#11905
1D
1L
#11910
0D
0L
1I
b11 o
b10 p
b10010101 q
b11111110 r
b1000110 s
#11915
b1 V
1D
1L
#11920
0D
0L
#11925
bx _
bx l
bx K
bx O
bx Z
bx `
bx g
bx J
bx N
bx Y
0C
0T
1A
1B
1U
1D
1L
#11926
bx R
bx ]
bx S
bx ^
bx a
bx m
xn
bx b
bx h
xi
#11927
xc
xd
#11930
0D
0L
#11935
1D
1L
#11940
0D
0L
#11945
1D
1L
0I
#11950
0D
0L
#11955
1D
1L
0F
#11960
0D
0L
#11965
1D
1L
#11970
0D
0L
#11975
b10 V
1D
1L
0E
#11980
0D
0L
#11985
0A
0B
0U
1D
1L
#11990
0D
0L
#11995
1D
1L
#12000
0D
0L
#12005
1D
1L
#12010
0D
0L
#12015
1D
1L
b10 _
b10 l
b10 K
b10 O
b10 Z
#12016
b11111110 R
b11111110 ]
b11111110 a
b11111110 m
0n
0c
#12020
0D
0L
#12025
1D
1L
b1110 |
b10010011 ~
b0 !"
b1000111 {
1F
#12030
0D
0L
#12035
1D
1L
b11 `
b11 g
b11 J
b11 N
b11 Y
#12036
b10010101 S
b10010101 ^
b10010101 b
b10010101 h
0i
0d
#12040
0D
0L
#12045
b11 V
1D
1L
b1110 w
b10010011 y
b0 z
b1000111 v
1E
#12050
0D
0L
#12055
b0 V
b11111110 ?
b11111110 Q
b11111110 X
b11111110 \
b11111110 k
b10010101 @
b10010101 P
b10010101 W
b10010101 [
b10010101 f
1D
1L
#12056
b0 R
b0 ]
b10011000 S
b10011000 ^
b0 a
b0 m
1n
b10011000 b
b10011000 h
#12060
0D
0L
#12065
b11111110 u
b10010101 t
1C
1T
1D
1L
#12070
0D
0L
#12075
1D
1L
#12080
0D
0L
1I
b1110 o
b10010011 q
b0 r
b1000111 s
#12085
b1 V
1D
1L
#12090
0D
0L
#12095
bx _
bx l
bx K
bx O
bx Z
bx `
bx g
bx J
bx N
bx Y
0C
0T
1A
1B
1U
1D
1L
#12096
bx S
bx ^
bx R
bx ]
bx a
bx m
xn
bx b
bx h
xi
xc
#12097
xd
#12100
0D
0L
#12105
1D
1L
#12110
0D
0L
#12115
1D
1L
0I
#12120
0D
0L
#12125
1D
1L
0F
#12130
0D
0L
#12135
1D
1L
#12140
0D
0L
#12145
b10 V
1D
1L
0E
#12150
0D
0L
#12155
0A
0B
0U
1D
1L
#12160
0D
0L
#12165
1D
1L
#12170
0D
0L
#12175
1D
1L
#12180
0D
0L
#12185
1D
1L
b10 _
b10 l
b10 K
b10 O
b10 Z
#12186
b0 R
b0 ]
b0 a
b0 m
1n
0c
#12190
0D
0L
#12195
1D
1L
b11 |
b1111 }
b10010110 ~
b11111111 !"
b1001000 {
1F
#12200
0D
0L
#12205
1D
1L
b11111110 `
b11111110 g
b1110 J
b1110 N
b1110 Y
#12206
b10010xx1 S
b10010xx1 ^
b10010011 b
b10010011 h
1i
#12207
b10010011 S
b10010011 ^
0d
#12210
0D
0L
#12215
b11 V
1D
1L
b11 w
b1111 x
b10010110 y
b11111111 z
b1001000 v
1E
#12220
0D
0L
#12225
b0 V
b0 ?
b0 Q
b0 X
b0 \
b0 k
b10010011 @
b10010011 P
b10010011 W
b10010011 [
b10010011 f
1D
1L
#12226
b10 R
b10 ]
b10010001 S
b10010001 ^
b10 a
b10 m
0n
b10010001 b
b10010001 h
#12230
0D
0L
#12235
b0 u
b10010011 t
1C
1T
1D
1L
#12240
0D
0L
#12245
1D
1L
#12250
0D
0L
1I
b11 o
b1111 p
b10010110 q
b11111111 r
b1001000 s
#12255
b1 V
1D
1L
#12260
0D
0L
#12265
bx _
bx l
bx K
bx O
bx Z
bx `
bx g
bx J
bx N
bx Y
0C
0T
1A
1B
1U
1D
1L
#12266
bx R
bx ]
bx S
bx ^
bx a
bx m
xn
bx b
bx h
xi
#12267
xc
xd
#12270
0D
0L
#12275
1D
1L
#12280
0D
0L
#12285
1D
1L
0I
#12290
0D
0L
#12295
1D
1L
0F
#12300
0D
0L
#12305
1D
1L
#12310
0D
0L
#12315
b10 V
1D
1L
0E
#12320
0D
0L
#12325
0A
0B
0U
1D
1L
#12330
0D
0L
#12335
1D
1L
#12340
0D
0L
#12345
1D
1L
#12350
0D
0L
#12355
1D
1L
b11111111 _
b11111111 l
b1111 K
b1111 O
b1111 Z
#12356
b11111111 R
b11111111 ]
b11111111 a
b11111111 m
0n
0c
#12360
0D
0L
#12365
1D
1L
b1100 |
b0 }
b10010010 ~
b1001001 {
1F
#12370
0D
0L
#12375
1D
1L
b11 `
b11 g
b11 J
b11 N
b11 Y
#12376
b10010110 S
b10010110 ^
b10010110 b
b10010110 h
0i
0d
#12380
0D
0L
#12385
b11 V
1D
1L
b1100 w
b0 x
b10010010 y
b1001001 v
1E
#12390
0D
0L
#12395
b0 V
b11111111 ?
b11111111 Q
b11111111 X
b11111111 \
b11111111 k
b10010110 @
b10010110 P
b10010110 W
b10010110 [
b10010110 f
1D
1L
#12396
b11111110 R
b11111110 ]
b10011001 S
b10011001 ^
b11111110 a
b11111110 m
1n
b10011001 b
b10011001 h
#12400
0D
0L
#12405
b11111111 u
b10010110 t
1C
1T
1D
1L
#12410
0D
0L
#12415
1D
1L
#12420
0D
0L
1I
b1100 o
b0 p
b10010010 q
b1001001 s
#12425
b1 V
1D
1L
#12430
0D
0L
#12435
bx _
bx l
bx K
bx O
bx Z
bx `
bx g
bx J
bx N
bx Y
0C
0T
1A
1B
1U
1D
1L
#12436
bx R
bx ]
bx S
bx ^
bx a
bx m
xn
bx b
bx h
xi
#12437
xc
xd
#12440
0D
0L
#12445
1D
1L
#12450
0D
0L
#12455
1D
1L
0I
#12460
0D
0L
#12465
1D
1L
0F
#12470
0D
0L
#12475
1D
1L
#12480
0D
0L
#12485
b10 V
1D
1L
0E
#12490
0D
0L
#12495
0A
0B
0U
1D
1L
#12500
0D
0L
#12505
1D
1L
#12510
0D
0L
#12515
1D
1L
#12520
0D
0L
#12525
1D
1L
b0 _
b0 l
b0 K
b0 O
b0 Z
#12526
b11111111 R
b11111111 ]
b11111111 a
b11111111 m
0n
0c
#12530
0D
0L
#12535
1D
1L
b11 |
b1 }
b10010101 ~
b0 !"
b1001010 {
1F
#12540
0D
0L
#12545
1D
1L
b11111100 `
b11111100 g
b1100 J
b1100 N
b1100 Y
#12546
b10010x10 S
b10010x10 ^
b10010010 b
b10010010 h
1i
#12547
b10010010 S
b10010010 ^
0d
#12550
0D
0L
#12555
b11 V
1D
1L
b11 w
b1 x
b10010101 y
b0 z
b1001010 v
1E
#12560
0D
0L
#12565
b0 V
b10010010 @
b10010010 P
b10010010 W
b10010010 [
b10010010 f
1D
1L
#12566
b10001110 S
b10001110 ^
b10001110 b
b10001110 h
#12570
0D
0L
#12575
b10010010 t
1C
1T
1D
1L
#12580
0D
0L
#12585
1D
1L
#12590
0D
0L
1I
b11 o
b1 p
b10010101 q
b0 r
b1001010 s
#12595
b1 V
1D
1L
#12600
0D
0L
#12605
bx _
bx l
bx K
bx O
bx Z
bx `
bx g
bx J
bx N
bx Y
0C
0T
1A
1B
1U
1D
1L
#12606
bx R
bx ]
bx S
bx ^
bx a
bx m
xn
bx b
bx h
xi
#12607
xc
xd
#12610
0D
0L
#12615
1D
1L
#12620
0D
0L
#12625
1D
1L
0I
#12630
0D
0L
#12635
1D
1L
0F
#12640
0D
0L
#12645
1D
1L
#12650
0D
0L
#12655
b10 V
1D
1L
0E
#12660
0D
0L
#12665
0A
0B
0U
1D
1L
#12670
0D
0L
#12675
1D
1L
#12680
0D
0L
#12685
1D
1L
#12690
0D
0L
#12695
1D
1L
b1 _
b1 l
b1 K
b1 O
b1 Z
#12696
b0 R
b0 ]
b0 a
b0 m
1n
0c
#12700
0D
0L
#12705
1D
1L
b1 |
b1010 }
b10010110 ~
b11111010 !"
b1001011 {
1F
#12710
0D
0L
#12715
1D
1L
b11 `
b11 g
b11 J
b11 N
b11 Y
#12716
b10010101 S
b10010101 ^
b10010101 b
b10010101 h
0i
0d
#12720
0D
0L
#12725
b11 V
1D
1L
b1 w
b1010 x
b10010110 y
b11111010 z
b1001011 v
1E
#12730
0D
0L
#12735
b0 V
b0 ?
b0 Q
b0 X
b0 \
b0 k
b10010101 @
b10010101 P
b10010101 W
b10010101 [
b10010101 f
1D
1L
#12736
b1 R
b1 ]
b10011000 S
b10011000 ^
b1 a
b1 m
0n
b10011000 b
b10011000 h
#12740
0D
0L
#12745
b0 u
b10010101 t
1C
1T
1D
1L
#12750
0D
0L
#12755
1D
1L
#12760
0D
0L
1I
b1 o
b1010 p
b10010110 q
b11111010 r
b1001011 s
#12765
b1 V
1D
1L
#12770
0D
0L
#12775
bx _
bx l
bx K
bx O
bx Z
bx `
bx g
bx J
bx N
bx Y
0C
0T
1A
1B
1U
1D
1L
#12776
bx R
bx ]
bx S
bx ^
bx a
bx m
xn
bx b
bx h
xi
#12777
xc
xd
#12780
0D
0L
#12785
1D
1L
#12790
0D
0L
#12795
1D
1L
0I
#12800
0D
0L
#12805
1D
1L
0F
#12810
0D
0L
#12815
1D
1L
#12820
0D
0L
#12825
b10 V
1D
1L
0E
#12830
0D
0L
#12835
0A
0B
0U
1D
1L
#12840
0D
0L
#12845
1D
1L
#12850
0D
0L
#12855
1D
1L
#12860
0D
0L
#12865
1D
1L
b11111010 _
b11111010 l
b1010 K
b1010 O
b1010 Z
#12866
b11111010 R
b11111010 ]
b11111010 a
b11111010 m
0n
0c
#12870
0D
0L
#12875
1D
1L
b1010 |
b10 }
b10010000 ~
b11111100 !"
b1001100 {
1F
#12880
0D
0L
#12885
1D
1L
b1 `
b1 g
b1 J
b1 N
b1 Y
#12886
b10010110 S
b10010110 ^
b10010110 b
b10010110 h
0i
0d
#12890
0D
0L
#12895
b11 V
1D
1L
b1010 w
b10 x
b10010000 y
b11111100 z
b1001100 v
1E
#12900
0D
0L
#12905
b0 V
b11111010 ?
b11111010 Q
b11111010 X
b11111010 \
b11111010 k
b10010110 @
b10010110 P
b10010110 W
b10010110 [
b10010110 f
1D
1L
#12906
b11110100 R
b11110100 ]
b10010111 S
b10010111 ^
b11110100 a
b11110100 m
1n
b10010111 b
b10010111 h
#12910
0D
0L
#12915
b11111010 u
b10010110 t
1C
1T
1D
1L
#12920
0D
0L
#12925
1D
1L
#12930
0D
0L
1I
b1010 o
b10 p
b10010000 q
b11111100 r
b1001100 s
#12935
b1 V
1D
1L
#12940
0D
0L
#12945
bx _
bx l
bx K
bx O
bx Z
bx `
bx g
bx J
bx N
bx Y
0C
0T
1A
1B
1U
1D
1L
#12946
bx R
bx ]
bx S
bx ^
bx a
bx m
xn
bx b
bx h
xi
#12947
xc
xd
#12950
0D
0L
#12955
1D
1L
#12960
0D
0L
#12965
1D
1L
0I
#12970
0D
0L
#12975
1D
1L
0F
#12980
0D
0L
#12985
1D
1L
#12990
0D
0L
#12995
b10 V
1D
1L
0E
#13000
0D
0L
#13005
0A
0B
0U
1D
1L
#13010
0D
0L
#13015
1D
1L
#13020
0D
0L
#13025
1D
1L
#13030
0D
0L
#13035
1D
1L
b10 _
b10 l
b10 K
b10 O
b10 Z
#13036
b11111100 R
b11111100 ]
b11111100 a
b11111100 m
0n
0c
#13040
0D
0L
#13045
1D
1L
b10 |
b111 }
b10010010 ~
b11 !"
b1001101 {
1F
#13050
0D
0L
#13055
1D
1L
b11111010 `
b11111010 g
b1010 J
b1010 N
b1010 Y
#13056
b10010xx0 S
b10010xx0 ^
b10010000 b
b10010000 h
1i
#13057
b10010000 S
b10010000 ^
0d
#13060
0D
0L
#13065
b11 V
1D
1L
b10 w
b111 x
b10010010 y
b11 z
b1001101 v
1E
#13070
0D
0L
#13075
b0 V
b11111100 ?
b11111100 Q
b11111100 X
b11111100 \
b11111100 k
b10010000 @
b10010000 P
b10010000 W
b10010000 [
b10010000 f
1D
1L
#13076
b11111110 R
b11111110 ]
b10001010 S
b10001010 ^
b11111110 a
b11111110 m
b10001010 b
b10001010 h
#13080
0D
0L
#13085
b11111100 u
b10010000 t
1C
1T
1D
1L
#13090
0D
0L
#13095
1D
1L
#13100
0D
0L
1I
b10 o
b111 p
b10010010 q
b11 r
b1001101 s
#13105
b1 V
1D
1L
#13110
0D
0L
#13115
bx _
bx l
bx K
bx O
bx Z
bx `
bx g
bx J
bx N
bx Y
0C
0T
1A
1B
1U
1D
1L
#13116
bx R
bx ]
bx S
bx ^
bx a
bx m
xn
bx b
bx h
xi
#13117
xc
xd
#13120
0D
0L
#13125
1D
1L
#13130
0D
0L
#13135
1D
1L
0I
#13140
0D
0L
#13145
1D
1L
0F
#13150
0D
0L
#13155
1D
1L
#13160
0D
0L
#13165
b10 V
1D
1L
0E
#13170
0D
0L
#13175
0A
0B
0U
1D
1L
#13180
0D
0L
#13185
1D
1L
#13190
0D
0L
#13195
1D
1L
#13200
0D
0L
#13205
1D
1L
b111 _
b111 l
b111 K
b111 O
b111 Z
#13206
b11 R
b11 ]
b11 a
b11 m
1n
0c
#13210
0D
0L
#13215
1D
1L
b1101 |
b110 }
b10001111 ~
b1001 !"
b1001110 {
1F
#13220
0D
0L
#13225
1D
1L
b10 `
b10 g
b10 J
b10 N
b10 Y
#13226
b10010010 S
b10010010 ^
b10010010 b
b10010010 h
0i
0d
#13230
0D
0L
#13235
b11 V
1D
1L
b1101 w
b110 x
b10001111 y
b1001 z
b1001110 v
1E
#13240
0D
0L
#13245
b0 V
b11 ?
b11 Q
b11 X
b11 \
b11 k
b10010010 @
b10010010 P
b10010010 W
b10010010 [
b10010010 f
1D
1L
#13246
b1010 R
b1010 ]
b10010100 S
b10010100 ^
b1010 a
b1010 m
0n
b10010100 b
b10010100 h
#13250
0D
0L
#13255
b11 u
b10010010 t
1C
1T
1D
1L
#13260
0D
0L
#13265
1D
1L
#13270
0D
0L
1I
b1101 o
b110 p
b10001111 q
b1001 r
b1001110 s
#13275
b1 V
1D
1L
#13280
0D
0L
#13285
bx _
bx l
bx K
bx O
bx Z
bx `
bx g
bx J
bx N
bx Y
0C
0T
1A
1B
1U
1D
1L
#13286
bx R
bx ]
bx S
bx ^
bx a
bx m
xn
bx b
bx h
xi
#13287
xc
xd
#13290
0D
0L
#13295
1D
1L
#13300
0D
0L
#13305
1D
1L
0I
#13310
0D
0L
#13315
1D
1L
0F
#13320
0D
0L
#13325
1D
1L
#13330
0D
0L
#13335
b10 V
1D
1L
0E
#13340
0D
0L
#13345
0A
0B
0U
1D
1L
#13350
0D
0L
#13355
1D
1L
#13360
0D
0L
#13365
1D
1L
#13370
0D
0L
#13375
1D
1L
b110 _
b110 l
b110 K
b110 O
b110 Z
#13376
b0x0x1 R
b0x0x1 ]
b1001 a
b1001 m
0n
#13377
b1001 R
b1001 ]
0c
#13380
0D
0L
#13385
1D
1L
b1100 |
b100 }
b10001011 ~
b1101 !"
b1001111 {
1F
#13390
0D
0L
#13395
1D
1L
b11111101 `
b11111101 g
b1101 J
b1101 N
b1101 Y
#13396
b100xxx1x S
b100xxx1x ^
b10001111 b
b10001111 h
1i
#13397
b10001111 S
b10001111 ^
0d
#13400
0D
0L
#13405
b11 V
1D
1L
b1100 w
b100 x
b10001011 y
b1101 z
b1001111 v
1E
#13410
0D
0L
#13415
b0 V
b1001 ?
b1001 Q
b1001 X
b1001 \
b1001 k
b10001111 @
b10001111 P
b10001111 W
b10001111 [
b10001111 f
1D
1L
#13416
b1111 R
b1111 ]
b10001100 S
b10001100 ^
b1111 a
b1111 m
b10001100 b
b10001100 h
#13420
0D
0L
#13425
b1001 u
b10001111 t
1C
1T
1D
1L
#13430
0D
0L
#13435
1D
1L
#13440
0D
0L
1I
b1100 o
b100 p
b10001011 q
b1101 r
b1001111 s
#13445
b1 V
1D
1L
#13450
0D
0L
#13455
bx _
bx l
bx K
bx O
bx Z
bx `
bx g
bx J
bx N
bx Y
0C
0T
1A
1B
1U
1D
1L
#13456
bx R
bx ]
bx S
bx ^
bx a
bx m
xn
bx b
bx h
xi
#13457
xc
xd
#13460
0D
0L
#13465
1D
1L
#13470
0D
0L
#13475
1D
1L
0I
#13480
0D
0L
#13485
1D
1L
0F
#13490
0D
0L
#13495
1D
1L
#13500
0D
0L
#13505
b10 V
1D
1L
0E
#13510
0D
0L
#13515
0A
0B
0U
1D
1L
#13520
0D
0L
#13525
1D
1L
#13530
0D
0L
#13535
1D
1L
#13540
0D
0L
#13545
1D
1L
b100 _
b100 l
b100 K
b100 O
b100 Z
#13546
b1x01 R
b1x01 ]
b1101 a
b1101 m
0n
#13547
b1101 R
b1101 ]
0c
#13550
0D
0L
#13555
1D
1L
b1101 |
b1100 }
b10001000 ~
b1001 !"
b1010000 {
1F
#13560
0D
0L
#13565
1D
1L
b11111100 `
b11111100 g
b1100 J
b1100 N
b1100 Y
#13566
b10001x11 S
b10001x11 ^
b10001011 b
b10001011 h
1i
#13567
b10001011 S
b10001011 ^
0d
#13570
0D
0L
#13575
b11 V
1D
1L
b1101 w
b1100 x
b10001000 y
b1001 z
b1010000 v
1E
#13580
0D
0L
#13585
b0 V
b1101 ?
b1101 Q
b1101 X
b1101 \
b1101 k
b10001011 @
b10001011 P
b10001011 W
b10001011 [
b10001011 f
1D
1L
#13586
b10001 R
b10001 ]
b10000111 S
b10000111 ^
b10001 a
b10001 m
b10000111 b
b10000111 h
#13590
0D
0L
#13595
b1101 u
b10001011 t
1C
1T
1D
1L
#13600
0D
0L
#13605
1D
1L
#13610
0D
0L
1I
b1101 o
b1100 p
b10001000 q
b1001 r
b1010000 s
#13615
b1 V
1D
1L
#13620
0D
0L
#13625
bx _
bx l
bx K
bx O
bx Z
bx `
bx g
bx J
bx N
bx Y
0C
0T
1A
1B
1U
1D
1L
#13626
bx R
bx ]
bx S
bx ^
bx a
bx m
xn
bx b
bx h
xi
#13627
xc
xd
#13630
0D
0L
#13635
1D
1L
#13640
0D
0L
#13645
1D
1L
0I
#13650
0D
0L
#13655
1D
1L
0F
#13660
0D
0L
#13665
1D
1L
#13670
0D
0L
#13675
b10 V
1D
1L
0E
#13680
0D
0L
#13685
0A
0B
0U
1D
1L
#13690
0D
0L
#13695
1D
1L
#13700
0D
0L
#13705
1D
1L
#13710
0D
0L
#13715
1D
1L
b11111100 _
b11111100 l
b1100 K
b1100 O
b1100 Z
#13716
b1001 R
b1001 ]
b1001 a
b1001 m
1n
0c
#13720
0D
0L
#13725
1D
1L
b100 |
b101 }
b10001100 ~
b1110 !"
b1010001 {
1F
#13730
0D
0L
#13735
1D
1L
b11111101 `
b11111101 g
b1101 J
b1101 N
b1101 Y
#13736
b100010xx S
b100010xx ^
b10001000 b
b10001000 h
1i
#13737
b10001000 S
b10001000 ^
0d
#13740
0D
0L
#13745
b11 V
1D
1L
b100 w
b101 x
b10001100 y
b1110 z
b1010001 v
1E
#13750
0D
0L
#13755
b0 V
b1001 ?
b1001 Q
b1001 X
b1001 \
b1001 k
b10001000 @
b10001000 P
b10001000 W
b10001000 [
b10001000 f
1D
1L
#13756
b101 R
b101 ]
b10000101 S
b10000101 ^
b101 a
b101 m
b10000101 b
b10000101 h
#13760
0D
0L
#13765
b1001 u
b10001000 t
1C
1T
1D
1L
#13770
0D
0L
#13775
1D
1L
#13780
0D
0L
1I
b100 o
b101 p
b10001100 q
b1110 r
b1010001 s
#13785
b1 V
1D
1L
#13790
0D
0L
#13795
bx _
bx l
bx K
bx O
bx Z
bx `
bx g
bx J
bx N
bx Y
0C
0T
1A
1B
1U
1D
1L
#13796
bx R
bx ]
bx S
bx ^
bx a
bx m
xn
bx b
bx h
xi
#13797
xc
xd
#13800
0D
0L
#13805
1D
1L
#13810
0D
0L
#13815
1D
1L
0I
#13820
0D
0L
#13825
1D
1L
0F
#13830
0D
0L
#13835
1D
1L
#13840
0D
0L
#13845
b10 V
1D
1L
0E
#13850
0D
0L
#13855
0A
0B
0U
1D
1L
#13860
0D
0L
#13865
1D
1L
#13870
0D
0L
#13875
1D
1L
#13880
0D
0L
#13885
1D
1L
b101 _
b101 l
b101 K
b101 O
b101 Z
#13886
b1xxx R
b1xxx ]
b1110 a
b1110 m
0n
#13887
b1110 R
b1110 ]
0c
#13890
0D
0L
#13895
1D
1L
b110 |
b1000 }
b10010010 ~
b110 !"
b1010010 {
1F
#13900
0D
0L
#13905
1D
1L
b100 `
b100 g
b100 J
b100 N
b100 Y
#13906
b10001100 S
b10001100 ^
b10001100 b
b10001100 h
0i
0d
#13910
0D
0L
#13915
b11 V
1D
1L
b110 w
b1000 x
b10010010 y
b110 z
b1010010 v
1E
#13920
0D
0L
#13925
b0 V
b1110 ?
b1110 Q
b1110 X
b1110 \
b1110 k
b10001100 @
b10001100 P
b10001100 W
b10001100 [
b10001100 f
1D
1L
#13926
b10011 R
b10011 ]
b10010000 S
b10010000 ^
b10011 a
b10011 m
b10010000 b
b10010000 h
#13930
0D
0L
#13935
b1110 u
b10001100 t
1C
1T
1D
1L
#13940
0D
0L
#13945
1D
1L
#13950
0D
0L
1I
b110 o
b1000 p
b10010010 q
b110 r
b1010010 s
#13955
b1 V
1D
1L
#13960
0D
0L
#13965
bx _
bx l
bx K
bx O
bx Z
bx `
bx g
bx J
bx N
bx Y
0C
0T
1A
1B
1U
1D
1L
#13966
bx R
bx ]
bx S
bx ^
bx a
bx m
xn
bx b
bx h
xi
#13967
xc
xd
#13970
0D
0L
#13975
1D
1L
#13980
0D
0L
#13985
1D
1L
0I
#13990
0D
0L
#13995
1D
1L
0F
#14000
0D
0L
#14005
1D
1L
#14010
0D
0L
#14015
b10 V
1D
1L
0E
#14020
0D
0L
#14025
0A
0B
0U
1D
1L
#14030
0D
0L
#14035
1D
1L
#14040
0D
0L
#14045
1D
1L
#14050
0D
0L
#14055
1D
1L
b11111000 _
b11111000 l
b1000 K
b1000 O
b1000 Z
#14056
b110 R
b110 ]
b110 a
b110 m
1n
0c
#14060
0D
0L
#14065
1D
1L
b1011 |
b111 }
b10001101 ~
b1101 !"
b1010011 {
1F
#14070
0D
0L
#14075
1D
1L
b110 `
b110 g
b110 J
b110 N
b110 Y
#14076
b10010010 S
b10010010 ^
b10010010 b
b10010010 h
0i
0d
#14080
0D
0L
#14085
b11 V
1D
1L
b1011 w
b111 x
b10001101 y
b1101 z
b1010011 v
1E
#14090
0D
0L
#14095
b0 V
b110 ?
b110 Q
b110 X
b110 \
b110 k
b10010010 @
b10010010 P
b10010010 W
b10010010 [
b10010010 f
1D
1L
#14096
b11111110 R
b11111110 ]
b10011000 S
b10011000 ^
b11111110 a
b11111110 m
0n
b10011000 b
b10011000 h
#14100
0D
0L
#14105
b110 u
b10010010 t
1C
1T
1D
1L
#14110
0D
0L
#14115
1D
1L
#14120
0D
0L
1I
b1011 o
b111 p
b10001101 q
b1101 r
b1010011 s
#14125
b1 V
1D
1L
#14130
0D
0L
#14135
bx _
bx l
bx K
bx O
bx Z
bx `
bx g
bx J
bx N
bx Y
0C
0T
1A
1B
1U
1D
1L
#14136
bx S
bx ^
bx R
bx ]
bx a
bx m
xn
bx b
bx h
xi
xc
#14137
xd
#14140
0D
0L
#14145
1D
1L
#14150
0D
0L
#14155
1D
1L
0I
#14160
0D
0L
#14165
1D
1L
0F
#14170
0D
0L
#14175
1D
1L
#14180
0D
0L
#14185
b10 V
1D
1L
0E
#14190
0D
0L
#14195
0A
0B
0U
1D
1L
#14200
0D
0L
#14205
1D
1L
#14210
0D
0L
#14215
1D
1L
#14220
0D
0L
#14225
1D
1L
b111 _
b111 l
b111 K
b111 O
b111 Z
#14226
b0x1xx R
b0x1xx ]
b1101 a
b1101 m
0n
#14227
b1101 R
b1101 ]
0c
#14230
0D
0L
#14235
1D
1L
b101 |
b1100 }
b10010010 ~
b1001 !"
b1010100 {
1F
#14240
0D
0L
#14245
1D
1L
b11111011 `
b11111011 g
b1011 J
b1011 N
b1011 Y
#14246
b100xxxxx S
b100xxxxx ^
b10001101 b
b10001101 h
1i
#14247
b10001101 S
b10001101 ^
0d
#14250
0D
0L
#14255
b11 V
1D
1L
b101 w
b1100 x
b10010010 y
b1001 z
b1010100 v
1E
#14260
0D
0L
#14265
b0 V
b1101 ?
b1101 Q
b1101 X
b1101 \
b1101 k
b10001101 @
b10001101 P
b10001101 W
b10001101 [
b10001101 f
1D
1L
#14266
b10100 R
b10100 ]
b10001000 S
b10001000 ^
b10100 a
b10100 m
b10001000 b
b10001000 h
#14270
0D
0L
#14275
b1101 u
b10001101 t
1C
1T
1D
1L
#14280
0D
0L
#14285
1D
1L
#14290
0D
0L
1I
b101 o
b1100 p
b10010010 q
b1001 r
b1010100 s
#14295
b1 V
1D
1L
#14300
0D
0L
#14305
bx _
bx l
bx K
bx O
bx Z
bx `
bx g
bx J
bx N
bx Y
0C
0T
1A
1B
1U
1D
1L
#14306
bx R
bx ]
bx S
bx ^
bx a
bx m
xn
bx b
bx h
xi
#14307
xc
xd
#14310
0D
0L
#14315
1D
1L
#14320
0D
0L
#14325
1D
1L
0I
#14330
0D
0L
#14335
1D
1L
0F
#14340
0D
0L
#14345
1D
1L
#14350
0D
0L
#14355
b10 V
1D
1L
0E
#14360
0D
0L
#14365
0A
0B
0U
1D
1L
#14370
0D
0L
#14375
1D
1L
#14380
0D
0L
#14385
1D
1L
#14390
0D
0L
#14395
1D
1L
b11111100 _
b11111100 l
b1100 K
b1100 O
b1100 Z
#14396
b1001 R
b1001 ]
b1001 a
b1001 m
1n
0c
#14400
0D
0L
#14405
1D
1L
b11 |
b1000 }
b10010101 ~
b1 !"
b1010101 {
1F
#14410
0D
0L
#14415
1D
1L
b101 `
b101 g
b101 J
b101 N
b101 Y
#14416
b10010010 S
b10010010 ^
b10010010 b
b10010010 h
0i
0d
#14420
0D
0L
#14425
b11 V
1D
1L
b11 w
b1000 x
b10010101 y
b1 z
b1010101 v
1E
#14430
0D
0L
#14435
b0 V
b1001 ?
b1001 Q
b1001 X
b1001 \
b1001 k
b10010010 @
b10010010 P
b10010010 W
b10010010 [
b10010010 f
1D
1L
#14436
b101 R
b101 ]
b10010111 S
b10010111 ^
b101 a
b101 m
b10010111 b
b10010111 h
#14440
0D
0L
#14445
b1001 u
b10010010 t
1C
1T
1D
1L
#14450
0D
0L
#14455
1D
1L
#14460
0D
0L
1I
b11 o
b1000 p
b10010101 q
b1 r
b1010101 s
#14465
b1 V
1D
1L
#14470
0D
0L
#14475
bx _
bx l
bx K
bx O
bx Z
bx `
bx g
bx J
bx N
bx Y
0C
0T
1A
1B
1U
1D
1L
#14476
bx R
bx ]
bx S
bx ^
bx a
bx m
xn
bx b
bx h
xi
#14477
xc
xd
#14480
0D
0L
#14485
1D
1L
#14490
0D
0L
#14495
1D
1L
0I
#14500
0D
0L
#14505
1D
1L
0F
#14510
0D
0L
#14515
1D
1L
#14520
0D
0L
#14525
b10 V
1D
1L
0E
#14530
0D
0L
#14535
0A
0B
0U
1D
1L
#14540
0D
0L
#14545
1D
1L
#14550
0D
0L
#14555
1D
1L
#14560
0D
0L
#14565
1D
1L
b11111000 _
b11111000 l
b1000 K
b1000 O
b1000 Z
#14566
b1 R
b1 ]
b1 a
b1 m
1n
0c
#14570
0D
0L
#14575
1D
1L
b1110 |
b1101 }
b10010011 ~
b11111110 !"
b1010110 {
1F
#14580
0D
0L
#14585
1D
1L
b11 `
b11 g
b11 J
b11 N
b11 Y
#14586
b10010101 S
b10010101 ^
b10010101 b
b10010101 h
0i
0d
#14590
0D
0L
#14595
b11 V
1D
1L
b1110 w
b1101 x
b10010011 y
b11111110 z
b1010110 v
1E
#14600
0D
0L
#14605
b0 V
b1 ?
b1 Q
b1 X
b1 \
b1 k
b10010101 @
b10010101 P
b10010101 W
b10010101 [
b10010101 f
1D
1L
#14606
b11111001 R
b11111001 ]
b10011000 S
b10011000 ^
b11111001 a
b11111001 m
0n
b10011000 b
b10011000 h
#14610
0D
0L
#14615
b1 u
b10010101 t
1C
1T
1D
1L
#14620
0D
0L
#14625
1D
1L
#14630
0D
0L
1I
b1110 o
b1101 p
b10010011 q
b11111110 r
b1010110 s
#14635
b1 V
1D
1L
#14640
0D
0L
#14645
bx _
bx l
bx K
bx O
bx Z
bx `
bx g
bx J
bx N
bx Y
0C
0T
1A
1B
1U
1D
1L
#14646
bx S
bx ^
bx R
bx ]
bx a
bx m
xn
bx b
bx h
xi
xc
#14647
xd
#14650
0D
0L
#14655
1D
1L
#14660
0D
0L
#14665
1D
1L
0I
#14670
0D
0L
#14675
1D
1L
0F
#14680
0D
0L
#14685
1D
1L
#14690
0D
0L
#14695
b10 V
1D
1L
0E
#14700
0D
0L
#14705
0A
0B
0U
1D
1L
#14710
0D
0L
#14715
1D
1L
#14720
0D
0L
#14725
1D
1L
#14730
0D
0L
#14735
1D
1L
b11111101 _
b11111101 l
b1101 K
b1101 O
b1101 Z
#14736
b11111110 R
b11111110 ]
b11111110 a
b11111110 m
0n
0c
#14740
0D
0L
#14745
1D
1L
b1101 |
b110 }
b10010000 ~
b100 !"
b1010111 {
1F
#14750
0D
0L
#14755
1D
1L
b11111110 `
b11111110 g
b1110 J
b1110 N
b1110 Y
#14756
b10010xx1 S
b10010xx1 ^
b10010011 b
b10010011 h
1i
#14757
b10010011 S
b10010011 ^
0d
#14760
0D
0L
#14765
b11 V
1D
1L
b1101 w
b110 x
b10010000 y
b100 z
b1010111 v
1E
#14770
0D
0L
#14775
b0 V
b11111110 ?
b11111110 Q
b11111110 X
b11111110 \
b11111110 k
b10010011 @
b10010011 P
b10010011 W
b10010011 [
b10010011 f
1D
1L
#14776
b11111011 R
b11111011 ]
b10010001 S
b10010001 ^
b11111011 a
b11111011 m
1n
b10010001 b
b10010001 h
#14780
0D
0L
#14785
b11111110 u
b10010011 t
1C
1T
1D
1L
#14790
0D
0L
#14795
1D
1L
#14800
0D
0L
1I
b1101 o
b110 p
b10010000 q
b100 r
b1010111 s
#14805
b1 V
1D
1L
#14810
0D
0L
#14815
bx _
bx l
bx K
bx O
bx Z
bx `
bx g
bx J
bx N
bx Y
0C
0T
1A
1B
1U
1D
1L
#14816
bx R
bx ]
bx S
bx ^
bx a
bx m
xn
bx b
bx h
xi
#14817
xc
xd
#14820
0D
0L
#14825
1D
1L
#14830
0D
0L
#14835
1D
1L
0I
#14840
0D
0L
#14845
1D
1L
0F
#14850
0D
0L
#14855
1D
1L
#14860
0D
0L
#14865
b10 V
1D
1L
0E
#14870
0D
0L
#14875
0A
0B
0U
1D
1L
#14880
0D
0L
#14885
1D
1L
#14890
0D
0L
#14895
1D
1L
#14900
0D
0L
#14905
1D
1L
b110 _
b110 l
b110 K
b110 O
b110 Z
#14906
b100 R
b100 ]
b100 a
b100 m
1n
0c
#14910
0D
0L
#14915
1D
1L
b1001 |
b1101 }
b10001001 ~
b1 !"
b1011000 {
1F
#14920
0D
0L
#14925
1D
1L
b11111101 `
b11111101 g
b1101 J
b1101 N
b1101 Y
#14926
b100100xx S
b100100xx ^
b10010000 b
b10010000 h
1i
#14927
b10010000 S
b10010000 ^
0d
#14930
0D
0L
#14935
b11 V
1D
1L
b1001 w
b1101 x
b10001001 y
b1 z
b1011000 v
1E
#14940
0D
0L
#14945
b0 V
b100 ?
b100 Q
b100 X
b100 \
b100 k
b10010000 @
b10010000 P
b10010000 W
b10010000 [
b10010000 f
1D
1L
#14946
b1010 R
b1010 ]
b10001101 S
b10001101 ^
b1010 a
b1010 m
0n
b10001101 b
b10001101 h
#14950
0D
0L
#14955
b100 u
b10010000 t
1C
1T
1D
1L
#14960
0D
0L
#14965
1D
1L
#14970
0D
0L
1I
b1001 o
b1101 p
b10001001 q
b1 r
b1011000 s
#14975
b1 V
1D
1L
#14980
0D
0L
#14985
bx _
bx l
bx K
bx O
bx Z
bx `
bx g
bx J
bx N
bx Y
0C
0T
1A
1B
1U
1D
1L
#14986
bx R
bx ]
bx S
bx ^
bx a
bx m
xn
bx b
bx h
xi
#14987
xc
xd
#14990
0D
0L
#14995
1D
1L
#15000
0D
0L
#15005
1D
1L
0I
#15010
0D
0L
#15015
1D
1L
0F
#15020
0D
0L
#15025
1D
1L
#15030
0D
0L
#15035
b10 V
1D
1L
0E
#15040
0D
0L
#15045
0A
0B
0U
1D
1L
#15050
0D
0L
#15055
1D
1L
#15060
0D
0L
#15065
1D
1L
#15070
0D
0L
#15075
1D
1L
b11111101 _
b11111101 l
b1101 K
b1101 O
b1101 Z
#15076
b1 R
b1 ]
b1 a
b1 m
1n
0c
#15080
0D
0L
#15085
1D
1L
b0 }
b10000010 ~
b1011001 {
1F
#15090
0D
0L
#15095
1D
1L
b11111001 `
b11111001 g
b1001 J
b1001 N
b1001 Y
#15096
b100xx00x S
b100xx00x ^
b10001001 b
b10001001 h
1i
#15097
b10001001 S
b10001001 ^
0d
#15100
0D
0L
#15105
b11 V
1D
1L
b0 x
b10000010 y
b1011001 v
1E
#15110
0D
0L
#15115
b0 V
b1 ?
b1 Q
b1 X
b1 \
b1 k
b10001001 @
b10001001 P
b10001001 W
b10001001 [
b10001001 f
1D
1L
#15116
b11111110 R
b11111110 ]
b10000010 S
b10000010 ^
b11111110 a
b11111110 m
0n
b10000010 b
b10000010 h
#15120
0D
0L
#15125
b1 u
b10001001 t
1C
1T
1D
1L
#15130
0D
0L
#15135
1D
1L
#15140
0D
0L
1I
b0 p
b10000010 q
b1011001 s
#15145
b1 V
1D
1L
#15150
0D
0L
#15155
bx _
bx l
bx K
bx O
bx Z
bx `
bx g
bx J
bx N
bx Y
0C
0T
1A
1B
1U
1D
1L
#15156
bx S
bx ^
bx R
bx ]
bx a
bx m
xn
bx b
bx h
xi
xc
#15157
xd
#15160
0D
0L
#15165
1D
1L
#15170
0D
0L
#15175
1D
1L
0I
#15180
0D
0L
#15185
1D
1L
0F
#15190
0D
0L
#15195
1D
1L
#15200
0D
0L
#15205
b10 V
1D
1L
0E
#15210
0D
0L
#15215
0A
0B
0U
1D
1L
#15220
0D
0L
#15225
1D
1L
#15230
0D
0L
#15235
1D
1L
#15240
0D
0L
#15245
1D
1L
b0 _
b0 l
b0 K
b0 O
b0 Z
#15246
b1 R
b1 ]
b1 a
b1 m
0n
#15247
0c
#15250
0D
0L
#15255
1D
1L
b110 |
b1100 }
b10001000 ~
b11111101 !"
b1011010 {
1F
#15260
0D
0L
#15265
1D
1L
b11111001 `
b11111001 g
b1001 J
b1001 N
b1001 Y
#15266
b1000x0xx S
b1000x0xx ^
b10000010 b
b10000010 h
1i
#15267
b10000010 S
b10000010 ^
0d
#15270
0D
0L
#15275
b11 V
1D
1L
b110 w
b1100 x
b10001000 y
b11111101 z
b1011010 v
1E
#15280
0D
0L
#15285
b0 V
b10000010 @
b10000010 P
b10000010 W
b10000010 [
b10000010 f
1D
1L
#15286
b1111011 S
b1111011 ^
b1111011 b
b1111011 h
#15287
b10000010 S
b10000010 ^
1d
#15290
0D
0L
#15295
b10000010 t
1C
1T
1D
1L
#15300
0D
0L
#15305
1D
1L
#15310
0D
0L
1I
b110 o
b1100 p
b10001000 q
b11111101 r
b1011010 s
#15315
b1 V
1D
1L
#15320
0D
0L
#15325
bx _
bx l
bx K
bx O
bx Z
bx `
bx g
bx J
bx N
bx Y
0C
0T
1A
1B
1U
1D
1L
#15326
bx R
bx ]
bx S
bx ^
bx a
bx m
xn
bx b
bx h
xi
xd
#15327
xc
#15330
0D
0L
#15335
1D
1L
#15340
0D
0L
#15345
1D
1L
0I
#15350
0D
0L
#15355
1D
1L
0F
#15360
0D
0L
#15365
1D
1L
#15370
0D
0L
#15375
b10 V
1D
1L
0E
#15380
0D
0L
#15385
0A
0B
0U
1D
1L
#15390
0D
0L
#15395
1D
1L
#15400
0D
0L
#15405
1D
1L
#15410
0D
0L
#15415
1D
1L
b11111100 _
b11111100 l
b1100 K
b1100 O
b1100 Z
#15416
b11111101 R
b11111101 ]
b11111101 a
b11111101 m
0n
0c
#15420
0D
0L
#15425
1D
1L
b1011 |
b1011 }
b10000011 ~
b11111000 !"
b1011011 {
1F
#15430
0D
0L
#15435
1D
1L
b110 `
b110 g
b110 J
b110 N
b110 Y
#15436
b10001000 S
b10001000 ^
b10001000 b
b10001000 h
0i
0d
#15440
0D
0L
#15445
b11 V
1D
1L
b1011 w
b1011 x
b10000011 y
b11111000 z
b1011011 v
1E
#15450
0D
0L
#15455
b0 V
b11111101 ?
b11111101 Q
b11111101 X
b11111101 \
b11111101 k
b10001000 @
b10001000 P
b10001000 W
b10001000 [
b10001000 f
1D
1L
#15456
b11111001 R
b11111001 ]
b10001110 S
b10001110 ^
b11111001 a
b11111001 m
1n
b10001110 b
b10001110 h
#15460
0D
0L
#15465
b11111101 u
b10001000 t
1C
1T
1D
1L
#15470
0D
0L
#15475
1D
1L
#15480
0D
0L
1I
b1011 o
b1011 p
b10000011 q
b11111000 r
b1011011 s
#15485
b1 V
1D
1L
#15490
0D
0L
#15495
bx _
bx l
bx K
bx O
bx Z
bx `
bx g
bx J
bx N
bx Y
0C
0T
1A
1B
1U
1D
1L
#15496
bx R
bx ]
bx S
bx ^
bx a
bx m
xn
bx b
bx h
xi
#15497
xc
xd
#15500
0D
0L
#15505
1D
1L
#15510
0D
0L
#15515
1D
1L
0I
#15520
0D
0L
#15525
1D
1L
0F
#15530
0D
0L
#15535
1D
1L
#15540
0D
0L
#15545
b10 V
1D
1L
0E
#15550
0D
0L
#15555
0A
0B
0U
1D
1L
#15560
0D
0L
#15565
1D
1L
#15570
0D
0L
#15575
1D
1L
#15580
0D
0L
#15585
1D
1L
b11111011 _
b11111011 l
b1011 K
b1011 O
b1011 Z
#15586
b11111x0x R
b11111x0x ]
b11111000 a
b11111000 m
1n
#15587
b11111000 R
b11111000 ]
0c
#15590
0D
0L
#15595
1D
1L
b111 |
b1110 }
b10001010 ~
b11110110 !"
b1011100 {
1F
#15600
0D
0L
#15605
1D
1L
b11111011 `
b11111011 g
b1011 J
b1011 N
b1011 Y
#15606
b1000x0xx S
b1000x0xx ^
b10000011 b
b10000011 h
1i
#15607
b10000011 S
b10000011 ^
0d
#15610
0D
0L
#15615
b11 V
1D
1L
b111 w
b1110 x
b10001010 y
b11110110 z
b1011100 v
1E
#15620
0D
0L
#15625
b0 V
b11111000 ?
b11111000 Q
b11111000 X
b11111000 \
b11111000 k
b10000011 @
b10000011 P
b10000011 W
b10000011 [
b10000011 f
1D
1L
#15626
b11110011 R
b11110011 ]
b1111110 S
b1111110 ^
b11110011 a
b11110011 m
b1111110 b
b1111110 h
#15627
b10000011 S
b10000011 ^
1d
#15630
0D
0L
#15635
b11111000 u
b10000011 t
1C
1T
1D
1L
#15640
0D
0L
#15645
1D
1L
#15650
0D
0L
1I
b111 o
b1110 p
b10001010 q
b11110110 r
b1011100 s
#15655
b1 V
1D
1L
#15660
0D
0L
#15665
bx _
bx l
bx K
bx O
bx Z
bx `
bx g
bx J
bx N
bx Y
0C
0T
1A
1B
1U
1D
1L
#15666
bx R
bx ]
bx S
bx ^
bx a
bx m
xn
bx b
bx h
xi
xd
#15667
xc
#15670
0D
0L
#15675
1D
1L
#15680
0D
0L
#15685
1D
1L
0I
#15690
0D
0L
#15695
1D
1L
0F
#15700
0D
0L
#15705
1D
1L
#15710
0D
0L
#15715
b10 V
1D
1L
0E
#15720
0D
0L
#15725
0A
0B
0U
1D
1L
#15730
0D
0L
#15735
1D
1L
#15740
0D
0L
#15745
1D
1L
#15750
0D
0L
#15755
1D
1L
b11111110 _
b11111110 l
b1110 K
b1110 O
b1110 Z
#15756
b1111xxx0 R
b1111xxx0 ]
b11110110 a
b11110110 m
1n
#15757
b11110110 R
b11110110 ]
0c
#15760
0D
0L
#15765
1D
1L
b101 |
b1101 }
b10001111 ~
b11110011 !"
b1011101 {
1F
#15770
0D
0L
#15775
1D
1L
b111 `
b111 g
b111 J
b111 N
b111 Y
#15776
b10001010 S
b10001010 ^
b10001010 b
b10001010 h
0i
0d
#15780
0D
0L
#15785
b11 V
1D
1L
b101 w
b1101 x
b10001111 y
b11110011 z
b1011101 v
1E
#15790
0D
0L
#15795
b0 V
b11110110 ?
b11110110 Q
b11110110 X
b11110110 \
b11110110 k
b10001010 @
b10001010 P
b10001010 W
b10001010 [
b10001010 f
1D
1L
#15796
b11110100 R
b11110100 ]
b10010001 S
b10010001 ^
b11110100 a
b11110100 m
b10010001 b
b10010001 h
#15800
0D
0L
#15805
b11110110 u
b10001010 t
1C
1T
1D
1L
#15810
0D
0L
#15815
1D
1L
#15820
0D
0L
1I
b101 o
b1101 p
b10001111 q
b11110011 r
b1011101 s
#15825
b1 V
1D
1L
#15830
0D
0L
#15835
bx _
bx l
bx K
bx O
bx Z
bx `
bx g
bx J
bx N
bx Y
0C
0T
1A
1B
1U
1D
1L
#15836
bx R
bx ]
bx S
bx ^
bx a
bx m
xn
bx b
bx h
xi
#15837
xc
xd
#15840
0D
0L
#15845
1D
1L
#15850
0D
0L
#15855
1D
1L
0I
#15860
0D
0L
#15865
1D
1L
0F
#15870
0D
0L
#15875
1D
1L
#15880
0D
0L
#15885
b10 V
1D
1L
0E
#15890
0D
0L
#15895
0A
0B
0U
1D
1L
#15900
0D
0L
#15905
1D
1L
#15910
0D
0L
#15915
1D
1L
#15920
0D
0L
#15925
1D
1L
b11111101 _
b11111101 l
b1101 K
b1101 O
b1101 Z
#15926
b11110x1x R
b11110x1x ]
b11110011 a
b11110011 m
1n
#15927
b11110011 R
b11110011 ]
0c
#15930
0D
0L
#15935
1D
1L
b1010 |
b1000 }
b10001001 ~
b11101011 !"
b1011110 {
1F
#15940
0D
0L
#15945
1D
1L
b101 `
b101 g
b101 J
b101 N
b101 Y
#15946
b10001111 S
b10001111 ^
b10001111 b
b10001111 h
0i
0d
#15950
0D
0L
#15955
b11 V
1D
1L
b1010 w
b1000 x
b10001001 y
b11101011 z
b1011110 v
1E
#15960
0D
0L
#15965
b0 V
b11110011 ?
b11110011 Q
b11110011 X
b11110011 \
b11110011 k
b10001111 @
b10001111 P
b10001111 W
b10001111 [
b10001111 f
1D
1L
#15966
b11110000 R
b11110000 ]
b10010100 S
b10010100 ^
b11110000 a
b11110000 m
b10010100 b
b10010100 h
#15970
0D
0L
#15975
b11110011 u
b10001111 t
1C
1T
1D
1L
#15980
0D
0L
#15985
1D
1L
#15990
0D
0L
1I
b1010 o
b1000 p
b10001001 q
b11101011 r
b1011110 s
#15995
b1 V
1D
1L
#16000
0D
0L
#16005
bx _
bx l
bx K
bx O
bx Z
bx `
bx g
bx J
bx N
bx Y
0C
0T
1A
1B
1U
1D
1L
#16006
bx R
bx ]
bx S
bx ^
bx a
bx m
xn
bx b
bx h
xi
#16007
xc
xd
#16010
0D
0L
#16015
1D
1L
#16020
0D
0L
#16025
1D
1L
0I
#16030
0D
0L
#16035
1D
1L
0F
#16040
0D
0L
#16045
1D
1L
#16050
0D
0L
#16055
b10 V
1D
1L
0E
#16060
0D
0L
#16065
0A
0B
0U
1D
1L
#16070
0D
0L
#16075
1D
1L
#16080
0D
0L
#16085
1D
1L
#16090
0D
0L
#16095
1D
1L
b11111000 _
b11111000 l
b1000 K
b1000 O
b1000 Z
#16096
b111xx011 R
b111xx011 ]
b11101011 a
b11101011 m
1n
#16097
b11101011 R
b11101011 ]
0c
#16100
0D
0L
#16105
1D
1L
b101 }
b10000011 ~
b11110000 !"
b1011111 {
1F
#16110
0D
0L
#16115
1D
1L
b11111010 `
b11111010 g
b1010 J
b1010 N
b1010 Y
#16116
b10001xx1 S
b10001xx1 ^
b10001001 b
b10001001 h
1i
#16117
b10001001 S
b10001001 ^
0d
#16120
0D
0L
#16125
b11 V
1D
1L
b101 x
b10000011 y
b11110000 z
b1011111 v
1E
#16130
0D
0L
#16135
b0 V
b11101011 ?
b11101011 Q
b11101011 X
b11101011 \
b11101011 k
b10001001 @
b10001001 P
b10001001 W
b10001001 [
b10001001 f
1D
1L
#16136
b11100011 R
b11100011 ]
b10000011 S
b10000011 ^
b11100011 a
b11100011 m
b10000011 b
b10000011 h
#16140
0D
0L
#16145
b11101011 u
b10001001 t
1C
1T
1D
1L
#16150
0D
0L
#16155
1D
1L
#16160
0D
0L
1I
b101 p
b10000011 q
b11110000 r
b1011111 s
#16165
b1 V
1D
1L
#16170
0D
0L
#16175
bx _
bx l
bx K
bx O
bx Z
bx `
bx g
bx J
bx N
bx Y
0C
0T
1A
1B
1U
1D
1L
#16176
bx R
bx ]
bx S
bx ^
bx a
bx m
xn
bx b
bx h
xi
#16177
xc
xd
#16180
0D
0L
#16185
1D
1L
#16190
0D
0L
#16195
1D
1L
0I
#16200
0D
0L
#16205
1D
1L
0F
#16210
0D
0L
#16215
1D
1L
#16220
0D
0L
#16225
b10 V
1D
1L
0E
#16230
0D
0L
#16235
0A
0B
0U
1D
1L
#16240
0D
0L
#16245
1D
1L
#16250
0D
0L
#16255
1D
1L
#16260
0D
0L
#16265
1D
1L
b101 _
b101 l
b101 K
b101 O
b101 Z
#16266
b11110000 R
b11110000 ]
b11110000 a
b11110000 m
0n
0c
#16270
0D
0L
#16275
1D
1L
b1110 |
b1101 }
b10000001 ~
b11101101 !"
b1100000 {
1F
#16280
0D
0L
#16285
1D
1L
b11111010 `
b11111010 g
b1010 J
b1010 N
b1010 Y
#16286
b1000x0x1 S
b1000x0x1 ^
b10000011 b
b10000011 h
1i
#16287
b10000011 S
b10000011 ^
0d
#16290
0D
0L
#16295
b11 V
1D
1L
b1110 w
b1101 x
b10000001 y
b11101101 z
b1100000 v
1E
#16300
0D
0L
#16305
b0 V
b11110000 ?
b11110000 Q
b11110000 X
b11110000 \
b11110000 k
b10000011 @
b10000011 P
b10000011 W
b10000011 [
b10000011 f
1D
1L
#16306
b11110101 R
b11110101 ]
b1111101 S
b1111101 ^
b11110101 a
b11110101 m
b1111101 b
b1111101 h
#16307
b10000011 S
b10000011 ^
1d
#16310
0D
0L
#16315
b11110000 u
b10000011 t
1C
1T
1D
1L
#16320
0D
0L
#16325
1D
1L
#16330
0D
0L
1I
b1110 o
b1101 p
b10000001 q
b11101101 r
b1100000 s
#16335
b1 V
1D
1L
#16340
0D
0L
#16345
bx _
bx l
bx K
bx O
bx Z
bx `
bx g
bx J
bx N
bx Y
0C
0T
1A
1B
1U
1D
1L
#16346
bx R
bx ]
bx S
bx ^
bx a
bx m
xn
bx b
bx h
xi
xd
#16347
xc
#16350
0D
0L
#16355
1D
1L
#16360
0D
0L
#16365
1D
1L
0I
#16370
0D
0L
#16375
1D
1L
0F
#16380
0D
0L
#16385
1D
1L
#16390
0D
0L
#16395
b10 V
1D
1L
0E
#16400
0D
0L
#16405
0A
0B
0U
1D
1L
#16410
0D
0L
#16415
1D
1L
#16420
0D
0L
#16425
1D
1L
#16430
0D
0L
#16435
1D
1L
b11111101 _
b11111101 l
b1101 K
b1101 O
b1101 Z
#16436
b111xxx0x R
b111xxx0x ]
b11101101 a
b11101101 m
1n
#16437
b11101101 R
b11101101 ]
0c
#16440
0D
0L
#16445
1D
1L
b1111 |
b1110 }
b10000000 ~
b11101011 !"
b1100001 {
1F
#16450
0D
0L
#16455
1D
1L
b11111110 `
b11111110 g
b1110 J
b1110 N
b1110 Y
#16456
b100000x1 S
b100000x1 ^
b10000001 b
b10000001 h
1i
#16457
b10000001 S
b10000001 ^
0d
#16460
0D
0L
#16465
b11 V
1D
1L
b1111 w
b1110 x
b10000000 y
b11101011 z
b1100001 v
1E
#16470
0D
0L
#16475
b0 V
b11101101 ?
b11101101 Q
b11101101 X
b11101101 \
b11101101 k
b10000001 @
b10000001 P
b10000001 W
b10000001 [
b10000001 f
1D
1L
#16476
b11101010 R
b11101010 ]
b1111111 S
b1111111 ^
b11101010 a
b11101010 m
b1111111 b
b1111111 h
#16477
b10000001 S
b10000001 ^
1d
#16480
0D
0L
#16485
b11101101 u
b10000001 t
1C
1T
1D
1L
#16490
0D
0L
#16495
1D
1L
#16500
0D
0L
1I
b1111 o
b1110 p
b10000000 q
b11101011 r
b1100001 s
#16505
b1 V
1D
1L
#16510
0D
0L
#16515
bx _
bx l
bx K
bx O
bx Z
bx `
bx g
bx J
bx N
bx Y
0C
0T
1A
1B
1U
1D
1L
#16516
bx R
bx ]
bx S
bx ^
bx a
bx m
xn
bx b
bx h
xi
xd
#16517
xc
#16520
0D
0L
#16525
1D
1L
#16530
0D
0L
#16535
1D
1L
0I
#16540
0D
0L
#16545
1D
1L
0F
#16550
0D
0L
#16555
1D
1L
#16560
0D
0L
#16565
b10 V
1D
1L
0E
#16570
0D
0L
#16575
0A
0B
0U
1D
1L
#16580
0D
0L
#16585
1D
1L
#16590
0D
0L
#16595
1D
1L
#16600
0D
0L
#16605
1D
1L
b11111110 _
b11111110 l
b1110 K
b1110 O
b1110 Z
#16606
b11101xx1 R
b11101xx1 ]
b11101011 a
b11101011 m
1n
#16607
b11101011 R
b11101011 ]
0c
#16610
0D
0L
#16615
1D
1L
b0 |
b1011 }
b11100110 !"
b1100010 {
1F
#16620
0D
0L
#16625
1D
1L
b11111111 `
b11111111 g
b1111 J
b1111 N
b1111 Y
#16626
b1000000x S
b1000000x ^
b10000000 b
b10000000 h
1i
#16627
b10000000 S
b10000000 ^
0d
#16630
0D
0L
#16635
b11 V
1D
1L
b0 w
b1011 x
b11100110 z
b1100010 v
1E
#16640
0D
0L
#16645
b0 V
b11101011 ?
b11101011 Q
b11101011 X
b11101011 \
b11101011 k
b10000000 @
b10000000 P
b10000000 W
b10000000 [
b10000000 f
1D
1L
#16646
b11101001 R
b11101001 ]
b1111111 S
b1111111 ^
b11101001 a
b11101001 m
b1111111 b
b1111111 h
#16647
b10000000 S
b10000000 ^
1d
#16650
0D
0L
#16655
b11101011 u
b10000000 t
1C
1T
1D
1L
#16660
0D
0L
#16665
1D
1L
#16670
0D
0L
1I
b0 o
b1011 p
b11100110 r
b1100010 s
#16675
b1 V
1D
1L
#16680
0D
0L
#16685
bx _
bx l
bx K
bx O
bx Z
bx `
bx g
bx J
bx N
bx Y
0C
0T
1A
1B
1U
1D
1L
#16686
bx R
bx ]
bx S
bx ^
bx a
bx m
xn
bx b
bx h
xi
xd
#16687
xc
#16690
0D
0L
#16695
1D
1L
#16700
0D
0L
#16705
1D
1L
0I
#16710
0D
0L
#16715
1D
1L
0F
#16720
0D
0L
#16725
1D
1L
#16730
0D
0L
#16735
b10 V
1D
1L
0E
#16740
0D
0L
#16745
0A
0B
0U
1D
1L
#16750
0D
0L
#16755
1D
1L
#16760
0D
0L
#16765
1D
1L
#16770
0D
0L
#16775
1D
1L
b11111011 _
b11111011 l
b1011 K
b1011 O
b1011 Z
#16776
b1110xx1x R
b1110xx1x ]
b11100110 a
b11100110 m
1n
#16777
b11100110 R
b11100110 ]
0c
#16780
0D
0L
#16785
1D
1L
b1011 |
b11 }
b11101001 !"
b1100011 {
1F
#16790
0D
0L
#16795
1D
1L
b0 `
b0 g
b0 J
b0 N
b0 Y
#16796
b10000000 S
b10000000 ^
b10000000 b
b10000000 h
0i
0d
#16800
0D
0L
#16805
b11 V
1D
1L
b1011 w
b11 x
b11101001 z
b1100011 v
1E
#16810
0D
0L
#16815
b0 V
b11100110 ?
b11100110 Q
b11100110 X
b11100110 \
b11100110 k
1D
1L
#16816
b11100001 R
b11100001 ]
b11100001 a
b11100001 m
#16820
0D
0L
#16825
b11100110 u
1C
1T
1D
1L
#16830
0D
0L
#16835
1D
1L
#16840
0D
0L
1I
b1011 o
b11 p
b11101001 r
b1100011 s
#16845
b1 V
1D
1L
#16850
0D
0L
#16855
bx _
bx l
bx K
bx O
bx Z
bx `
bx g
bx J
bx N
bx Y
0C
0T
1A
1B
1U
1D
1L
#16856
bx R
bx ]
bx S
bx ^
bx a
bx m
xn
bx b
bx h
xi
#16857
xc
xd
#16860
0D
0L
#16865
1D
1L
#16870
0D
0L
#16875
1D
1L
0I
#16880
0D
0L
#16885
1D
1L
0F
#16890
0D
0L
#16895
1D
1L
#16900
0D
0L
#16905
b10 V
1D
1L
0E
#16910
0D
0L
#16915
0A
0B
0U
1D
1L
#16920
0D
0L
#16925
1D
1L
#16930
0D
0L
#16935
1D
1L
#16940
0D
0L
#16945
1D
1L
b11 _
b11 l
b11 K
b11 O
b11 Z
#16946
b11101001 R
b11101001 ]
b11101001 a
b11101001 m
0n
0c
#16950
0D
0L
#16955
1D
1L
b1001 |
b1011 }
b11100100 !"
b1100100 {
1F
#16960
0D
0L
#16965
1D
1L
b11111011 `
b11111011 g
b1011 J
b1011 N
b1011 Y
#16966
bx0xx S
bx0xx ^
b1111011 b
b1111011 h
1i
#16967
b10000000 S
b10000000 ^
1d
#16970
0D
0L
#16975
b11 V
1D
1L
b1001 w
b1011 x
b11100100 z
b1100100 v
1E
#16980
0D
0L
#16985
b0 V
b11101001 ?
b11101001 Q
b11101001 X
b11101001 \
b11101001 k
1D
1L
#16986
b11101100 R
b11101100 ]
b11101100 a
b11101100 m
#16990
0D
0L
#16995
b11101001 u
1C
1T
1D
1L
#17000
0D
0L
#17005
1D
1L
#17010
0D
0L
1I
b1001 o
b1011 p
b11100100 r
b1100100 s
#17015
b1 V
1D
1L
#17020
0D
0L
#17025
bx _
bx l
bx K
bx O
bx Z
bx `
bx g
bx J
bx N
bx Y
0C
0T
1A
1B
1U
1D
1L
#17026
bx R
bx ]
bx S
bx ^
bx a
bx m
xn
bx b
bx h
xi
xd
#17027
xc
#17030
0D
0L
#17035
1D
1L
#17040
0D
0L
#17045
1D
1L
0I
#17050
0D
0L
#17055
1D
1L
0F
#17060
0D
0L
#17065
1D
1L
#17070
0D
0L
#17075
b10 V
1D
1L
0E
#17080
0D
0L
#17085
0A
0B
0U
1D
1L
#17090
0D
0L
#17095
1D
1L
#17100
0D
0L
#17105
1D
1L
#17110
0D
0L
#17115
1D
1L
b11111011 _
b11111011 l
b1011 K
b1011 O
b1011 Z
#17116
b1110xx0x R
b1110xx0x ]
b11100100 a
b11100100 m
1n
#17117
b11100100 R
b11100100 ]
0c
#17120
0D
0L
#17125
1D
1L
b10 |
b1100 }
b10000010 ~
b11100000 !"
b1100101 {
1F
#17130
0D
0L
#17135
1D
1L
b11111001 `
b11111001 g
b1001 J
b1001 N
b1001 Y
#17136
bx00x S
bx00x ^
b1111001 b
b1111001 h
1i
#17137
b10000000 S
b10000000 ^
1d
#17140
0D
0L
#17145
b11 V
1D
1L
b10 w
b1100 x
b10000010 y
b11100000 z
b1100101 v
1E
#17150
0D
0L
#17155
b0 V
b11100100 ?
b11100100 Q
b11100100 X
b11100100 \
b11100100 k
1D
1L
#17156
b11011111 R
b11011111 ]
b11011111 a
b11011111 m
#17160
0D
0L
#17165
b11100100 u
1C
1T
1D
1L
#17170
0D
0L
#17175
1D
1L
#17180
0D
0L
1I
b10 o
b1100 p
b10000010 q
b11100000 r
b1100101 s
#17185
b1 V
1D
1L
#17190
0D
0L
#17195
bx _
bx l
bx K
bx O
bx Z
bx `
bx g
bx J
bx N
bx Y
0C
0T
1A
1B
1U
1D
1L
#17196
bx R
bx ]
bx S
bx ^
bx a
bx m
xn
bx b
bx h
xi
xd
#17197
xc
#17200
0D
0L
#17205
1D
1L
#17210
0D
0L
#17215
1D
1L
0I
#17220
0D
0L
#17225
1D
1L
0F
#17230
0D
0L
#17235
1D
1L
#17240
0D
0L
#17245
b10 V
1D
1L
0E
#17250
0D
0L
#17255
0A
0B
0U
1D
1L
#17260
0D
0L
#17265
1D
1L
#17270
0D
0L
#17275
1D
1L
#17280
0D
0L
#17285
1D
1L
b11111100 _
b11111100 l
b1100 K
b1100 O
b1100 Z
#17286
b11100x00 R
b11100x00 ]
b11100000 a
b11100000 m
1n
#17287
b11100000 R
b11100000 ]
0c
#17290
0D
0L
#17295
1D
1L
b1000 |
b1 }
b11100001 !"
b1100110 {
1F
#17300
0D
0L
#17305
1D
1L
b10 `
b10 g
b10 J
b10 N
b10 Y
#17306
b10000010 S
b10000010 ^
b10000010 b
b10000010 h
0i
0d
#17310
0D
0L
#17315
b11 V
1D
1L
b1000 w
b1 x
b11100001 z
b1100110 v
1E
#17320
0D
0L
#17325
b0 V
b11100000 ?
b11100000 Q
b11100000 X
b11100000 \
b11100000 k
b10000010 @
b10000010 P
b10000010 W
b10000010 [
b10000010 f
1D
1L
#17326
b11011100 R
b11011100 ]
b10000100 S
b10000100 ^
b11011100 a
b11011100 m
b10000100 b
b10000100 h
#17330
0D
0L
#17335
b11100000 u
b10000010 t
1C
1T
1D
1L
#17340
0D
0L
#17345
1D
1L
#17350
0D
0L
1I
b1000 o
b1 p
b11100001 r
b1100110 s
#17355
b1 V
1D
1L
#17360
0D
0L
#17365
bx _
bx l
bx K
bx O
bx Z
bx `
bx g
bx J
bx N
bx Y
0C
0T
1A
1B
1U
1D
1L
#17366
bx R
bx ]
bx S
bx ^
bx a
bx m
xn
bx b
bx h
xi
#17367
xc
xd
#17370
0D
0L
#17375
1D
1L
#17380
0D
0L
#17385
1D
1L
0I
#17390
0D
0L
#17395
1D
1L
0F
#17400
0D
0L
#17405
1D
1L
#17410
0D
0L
#17415
b10 V
1D
1L
0E
#17420
0D
0L
#17425
0A
0B
0U
1D
1L
#17430
0D
0L
#17435
1D
1L
#17440
0D
0L
#17445
1D
1L
#17450
0D
0L
#17455
1D
1L
b1 _
b1 l
b1 K
b1 O
b1 Z
#17456
b11100001 R
b11100001 ]
b11100001 a
b11100001 m
0n
0c
#17460
0D
0L
#17465
1D
1L
b111 |
b101 }
b10001001 ~
b11100110 !"
b1100111 {
1F
#17470
0D
0L
#17475
1D
1L
b11111000 `
b11111000 g
b1000 J
b1000 N
b1000 Y
#17476
bx010 S
bx010 ^
b1111010 b
b1111010 h
1i
#17477
b10000010 S
b10000010 ^
1d
#17480
0D
0L
#17485
b11 V
1D
1L
b111 w
b101 x
b10001001 y
b11100110 z
b1100111 v
1E
#17490
0D
0L
#17495
b0 V
b11100001 ?
b11100001 Q
b11100001 X
b11100001 \
b11100001 k
1D
1L
#17496
b11100010 R
b11100010 ]
b11100010 a
b11100010 m
#17500
0D
0L
#17505
b11100001 u
1C
1T
1D
1L
#17510
0D
0L
#17515
1D
1L
#17520
0D
0L
1I
b111 o
b101 p
b10001001 q
b11100110 r
b1100111 s
#17525
b1 V
1D
1L
#17530
0D
0L
#17535
bx _
bx l
bx K
bx O
bx Z
bx `
bx g
bx J
bx N
bx Y
0C
0T
1A
1B
1U
1D
1L
#17536
bx R
bx ]
bx S
bx ^
bx a
bx m
xn
bx b
bx h
xi
xd
#17537
xc
#17540
0D
0L
#17545
1D
1L
#17550
0D
0L
#17555
1D
1L
0I
#17560
0D
0L
#17565
1D
1L
0F
#17570
0D
0L
#17575
1D
1L
#17580
0D
0L
#17585
b10 V
1D
1L
0E
#17590
0D
0L
#17595
0A
0B
0U
1D
1L
#17600
0D
0L
#17605
1D
1L
#17610
0D
0L
#17615
1D
1L
#17620
0D
0L
#17625
1D
1L
b101 _
b101 l
b101 K
b101 O
b101 Z
#17626
b11100110 R
b11100110 ]
b11100110 a
b11100110 m
0n
0c
#17630
0D
0L
#17635
1D
1L
b0 |
b1101 }
b11100011 !"
b1101000 {
1F
#17640
0D
0L
#17645
1D
1L
b111 `
b111 g
b111 J
b111 N
b111 Y
#17646
b10001001 S
b10001001 ^
b10001001 b
b10001001 h
0i
0d
#17650
0D
0L
#17655
b11 V
1D
1L
b0 w
b1101 x
b11100011 z
b1101000 v
1E
#17660
0D
0L
#17665
b0 V
b11100110 ?
b11100110 Q
b11100110 X
b11100110 \
b11100110 k
b10001001 @
b10001001 P
b10001001 W
b10001001 [
b10001001 f
1D
1L
#17666
b11101011 R
b11101011 ]
b10010000 S
b10010000 ^
b11101011 a
b11101011 m
b10010000 b
b10010000 h
#17670
0D
0L
#17675
b11100110 u
b10001001 t
1C
1T
1D
1L
#17680
0D
0L
#17685
1D
1L
#17690
0D
0L
1I
b0 o
b1101 p
b11100011 r
b1101000 s
#17695
b1 V
1D
1L
#17700
0D
0L
#17705
bx _
bx l
bx K
bx O
bx Z
bx `
bx g
bx J
bx N
bx Y
0C
0T
1A
1B
1U
1D
1L
#17706
bx R
bx ]
bx S
bx ^
bx a
bx m
xn
bx b
bx h
xi
#17707
xc
xd
#17710
0D
0L
#17715
1D
1L
#17720
0D
0L
#17725
1D
1L
0I
#17730
0D
0L
#17735
1D
1L
0F
#17740
0D
0L
#17745
1D
1L
#17750
0D
0L
#17755
b10 V
1D
1L
0E
#17760
0D
0L
#17765
0A
0B
0U
1D
1L
#17770
0D
0L
#17775
1D
1L
#17780
0D
0L
#17785
1D
1L
#17790
0D
0L
#17795
1D
1L
b11111101 _
b11111101 l
b1101 K
b1101 O
b1101 Z
#17796
b11100x1x R
b11100x1x ]
b11100011 a
b11100011 m
1n
#17797
b11100011 R
b11100011 ]
0c
#17800
0D
0L
#17805
1D
1L
b1101 |
b10000110 ~
b11100000 !"
b1101001 {
1F
#17810
0D
0L
#17815
1D
1L
b0 `
b0 g
b0 J
b0 N
b0 Y
#17816
b10001001 S
b10001001 ^
b10001001 b
b10001001 h
0i
0d
#17820
0D
0L
#17825
b11 V
1D
1L
b1101 w
b10000110 y
b11100000 z
b1101001 v
1E
#17830
0D
0L
#17835
b0 V
b11100011 ?
b11100011 Q
b11100011 X
b11100011 \
b11100011 k
1D
1L
#17836
b11100000 R
b11100000 ]
b11100000 a
b11100000 m
#17840
0D
0L
#17845
b11100011 u
1C
1T
1D
1L
#17850
0D
0L
#17855
1D
1L
#17860
0D
0L
1I
b1101 o
b10000110 q
b11100000 r
b1101001 s
#17865
b1 V
1D
1L
#17870
0D
0L
#17875
bx _
bx l
bx K
bx O
bx Z
bx `
bx g
bx J
bx N
bx Y
0C
0T
1A
1B
1U
1D
1L
#17876
bx R
bx ]
bx S
bx ^
bx a
bx m
xn
bx b
bx h
xi
#17877
xc
xd
#17880
0D
0L
#17885
1D
1L
#17890
0D
0L
#17895
1D
1L
0I
#17900
0D
0L
#17905
1D
1L
0F
#17910
0D
0L
#17915
1D
1L
#17920
0D
0L
#17925
b10 V
1D
1L
0E
#17930
0D
0L
#17935
0A
0B
0U
1D
1L
#17940
0D
0L
#17945
1D
1L
#17950
0D
0L
#17955
1D
1L
#17960
0D
0L
#17965
1D
1L
b11111101 _
b11111101 l
b1101 K
b1101 O
b1101 Z
#17966
b111000xx R
b111000xx ]
b11100000 a
b11100000 m
1n
#17967
b11100000 R
b11100000 ]
0c
#17970
0D
0L
#17975
1D
1L
b1110 |
b1 }
b10000100 ~
b11100001 !"
b1101010 {
1F
#17980
0D
0L
#17985
1D
1L
b11111101 `
b11111101 g
b1101 J
b1101 N
b1101 Y
#17986
b1000xxxx S
b1000xxxx ^
b10000110 b
b10000110 h
1i
#17987
b10000110 S
b10000110 ^
0d
#17990
0D
0L
#17995
b11 V
1D
1L
b1110 w
b1 x
b10000100 y
b11100001 z
b1101010 v
1E
#18000
0D
0L
#18005
b0 V
b11100000 ?
b11100000 Q
b11100000 X
b11100000 \
b11100000 k
b10000110 @
b10000110 P
b10000110 W
b10000110 [
b10000110 f
1D
1L
#18006
b11011101 R
b11011101 ]
b10000011 S
b10000011 ^
b11011101 a
b11011101 m
b10000011 b
b10000011 h
#18010
0D
0L
#18015
b11100000 u
b10000110 t
1C
1T
1D
1L
#18020
0D
0L
#18025
1D
1L
#18030
0D
0L
1I
b1110 o
b1 p
b10000100 q
b11100001 r
b1101010 s
#18035
b1 V
1D
1L
#18040
0D
0L
#18045
bx _
bx l
bx K
bx O
bx Z
bx `
bx g
bx J
bx N
bx Y
0C
0T
1A
1B
1U
1D
1L
#18046
bx R
bx ]
bx S
bx ^
bx a
bx m
xn
bx b
bx h
xi
#18047
xc
xd
#18050
0D
0L
#18055
1D
1L
#18060
0D
0L
#18065
1D
1L
0I
#18070
0D
0L
#18075
1D
1L
0F
#18080
0D
0L
#18085
1D
1L
#18090
0D
0L
#18095
b10 V
1D
1L
0E
#18100
0D
0L
#18105
0A
0B
0U
1D
1L
#18110
0D
0L
#18115
1D
1L
#18120
0D
0L
#18125
1D
1L
#18130
0D
0L
#18135
1D
1L
b1 _
b1 l
b1 K
b1 O
b1 Z
#18136
b11100001 R
b11100001 ]
b11100001 a
b11100001 m
0n
0c
#18140
0D
0L
#18145
1D
1L
b1000 |
b1110 }
b11011111 !"
b1101011 {
1F
#18150
0D
0L
#18155
1D
1L
b11111110 `
b11111110 g
b1110 J
b1110 N
b1110 Y
#18156
b100001x0 S
b100001x0 ^
b10000100 b
b10000100 h
1i
#18157
b10000100 S
b10000100 ^
0d
#18160
0D
0L
#18165
b11 V
1D
1L
b1000 w
b1110 x
b11011111 z
b1101011 v
1E
#18170
0D
0L
#18175
b0 V
b11100001 ?
b11100001 Q
b11100001 X
b11100001 \
b11100001 k
b10000100 @
b10000100 P
b10000100 W
b10000100 [
b10000100 f
1D
1L
#18176
b11100010 R
b11100010 ]
b10000010 S
b10000010 ^
b11100010 a
b11100010 m
b10000010 b
b10000010 h
#18180
0D
0L
#18185
b11100001 u
b10000100 t
1C
1T
1D
1L
#18190
0D
0L
#18195
1D
1L
#18200
0D
0L
1I
b1000 o
b1110 p
b11011111 r
b1101011 s
#18205
b1 V
1D
1L
#18210
0D
0L
#18215
bx _
bx l
bx K
bx O
bx Z
bx `
bx g
bx J
bx N
bx Y
0C
0T
1A
1B
1U
1D
1L
#18216
bx R
bx ]
bx S
bx ^
bx a
bx m
xn
bx b
bx h
xi
#18217
xc
xd
#18220
0D
0L
#18225
1D
1L
#18230
0D
0L
#18235
1D
1L
0I
#18240
0D
0L
#18245
1D
1L
0F
#18250
0D
0L
#18255
1D
1L
#18260
0D
0L
#18265
b10 V
1D
1L
0E
#18270
0D
0L
#18275
0A
0B
0U
1D
1L
#18280
0D
0L
#18285
1D
1L
#18290
0D
0L
#18295
1D
1L
#18300
0D
0L
#18305
1D
1L
b11111110 _
b11111110 l
b1110 K
b1110 O
b1110 Z
#18306
b11xxxxx1 R
b11xxxxx1 ]
b11011111 a
b11011111 m
1n
#18307
b11011111 R
b11011111 ]
0c
#18310
0D
0L
#18315
1D
1L
b111 |
b1 }
b10001011 ~
b11100000 !"
b1101100 {
1F
#18320
0D
0L
#18325
1D
1L
b11111000 `
b11111000 g
b1000 J
b1000 N
b1000 Y
#18326
bx100 S
bx100 ^
b1111100 b
b1111100 h
1i
#18327
b10000100 S
b10000100 ^
1d
#18330
0D
0L
#18335
b11 V
1D
1L
b111 w
b1 x
b10001011 y
b11100000 z
b1101100 v
1E
#18340
0D
0L
#18345
b0 V
b11011111 ?
b11011111 Q
b11011111 X
b11011111 \
b11011111 k
1D
1L
#18346
b11011101 R
b11011101 ]
b11011101 a
b11011101 m
#18350
0D
0L
#18355
b11011111 u
1C
1T
1D
1L
#18360
0D
0L
#18365
1D
1L
#18370
0D
0L
1I
b111 o
b1 p
b10001011 q
b11100000 r
b1101100 s
#18375
b1 V
1D
1L
#18380
0D
0L
#18385
bx _
bx l
bx K
bx O
bx Z
bx `
bx g
bx J
bx N
bx Y
0C
0T
1A
1B
1U
1D
1L
#18386
bx R
bx ]
bx S
bx ^
bx a
bx m
xn
bx b
bx h
xi
xd
#18387
xc
#18390
0D
0L
#18395
1D
1L
#18400
0D
0L
#18405
1D
1L
0I
#18410
0D
0L
#18415
1D
1L
0F
#18420
0D
0L
#18425
1D
1L
#18430
0D
0L
#18435
b10 V
1D
1L
0E
#18440
0D
0L
#18445
0A
0B
0U
1D
1L
#18450
0D
0L
#18455
1D
1L
#18460
0D
0L
#18465
1D
1L
#18470
0D
0L
#18475
1D
1L
b1 _
b1 l
b1 K
b1 O
b1 Z
#18476
b11100000 R
b11100000 ]
b11100000 a
b11100000 m
0n
0c
#18480
0D
0L
#18485
1D
1L
b1101 |
b111 }
b10001000 ~
b11100111 !"
b1101101 {
1F
#18490
0D
0L
#18495
1D
1L
b111 `
b111 g
b111 J
b111 N
b111 Y
#18496
b10001011 S
b10001011 ^
b10001011 b
b10001011 h
0i
0d
#18500
0D
0L
#18505
b11 V
1D
1L
b1101 w
b111 x
b10001000 y
b11100111 z
b1101101 v
1E
#18510
0D
0L
#18515
b0 V
b11100000 ?
b11100000 Q
b11100000 X
b11100000 \
b11100000 k
b10001011 @
b10001011 P
b10001011 W
b10001011 [
b10001011 f
1D
1L
#18516
b11100001 R
b11100001 ]
b10010010 S
b10010010 ^
b11100001 a
b11100001 m
b10010010 b
b10010010 h
#18520
0D
0L
#18525
b11100000 u
b10001011 t
1C
1T
1D
1L
#18530
0D
0L
#18535
1D
1L
#18540
0D
0L
1I
b1101 o
b111 p
b10001000 q
b11100111 r
b1101101 s
#18545
b1 V
1D
1L
#18550
0D
0L
#18555
bx _
bx l
bx K
bx O
bx Z
bx `
bx g
bx J
bx N
bx Y
0C
0T
1A
1B
1U
1D
1L
#18556
bx R
bx ]
bx S
bx ^
bx a
bx m
xn
bx b
bx h
xi
#18557
xc
xd
#18560
0D
0L
#18565
1D
1L
#18570
0D
0L
#18575
1D
1L
0I
#18580
0D
0L
#18585
1D
1L
0F
#18590
0D
0L
#18595
1D
1L
#18600
0D
0L
#18605
b10 V
1D
1L
0E
#18610
0D
0L
#18615
0A
0B
0U
1D
1L
#18620
0D
0L
#18625
1D
1L
#18630
0D
0L
#18635
1D
1L
#18640
0D
0L
#18645
1D
1L
b111 _
b111 l
b111 K
b111 O
b111 Z
#18646
b11100111 R
b11100111 ]
b11100111 a
b11100111 m
0n
0c
#18650
0D
0L
#18655
1D
1L
b100 |
b1100 }
b10001100 ~
b11100011 !"
b1101110 {
1F
#18660
0D
0L
#18665
1D
1L
b11111101 `
b11111101 g
b1101 J
b1101 N
b1101 Y
#18666
b100010xx S
b100010xx ^
b10001000 b
b10001000 h
1i
#18667
b10001000 S
b10001000 ^
0d
#18670
0D
0L
#18675
b11 V
1D
1L
b100 w
b1100 x
b10001100 y
b11100011 z
b1101110 v
1E
#18680
0D
0L
#18685
b0 V
b11100111 ?
b11100111 Q
b11100111 X
b11100111 \
b11100111 k
b10001000 @
b10001000 P
b10001000 W
b10001000 [
b10001000 f
1D
1L
#18686
b11101110 R
b11101110 ]
b10000101 S
b10000101 ^
b11101110 a
b11101110 m
b10000101 b
b10000101 h
#18690
0D
0L
#18695
b11100111 u
b10001000 t
1C
1T
1D
1L
#18700
0D
0L
#18705
1D
1L
#18710
0D
0L
1I
b100 o
b1100 p
b10001100 q
b11100011 r
b1101110 s
#18715
b1 V
1D
1L
#18720
0D
0L
#18725
bx _
bx l
bx K
bx O
bx Z
bx `
bx g
bx J
bx N
bx Y
0C
0T
1A
1B
1U
1D
1L
#18726
bx R
bx ]
bx S
bx ^
bx a
bx m
xn
bx b
bx h
xi
#18727
xc
xd
#18730
0D
0L
#18735
1D
1L
#18740
0D
0L
#18745
1D
1L
0I
#18750
0D
0L
#18755
1D
1L
0F
#18760
0D
0L
#18765
1D
1L
#18770
0D
0L
#18775
b10 V
1D
1L
0E
#18780
0D
0L
#18785
0A
0B
0U
1D
1L
#18790
0D
0L
#18795
1D
1L
#18800
0D
0L
#18805
1D
1L
#18810
0D
0L
#18815
1D
1L
b11111100 _
b11111100 l
b1100 K
b1100 O
b1100 Z
#18816
b11100x11 R
b11100x11 ]
b11100011 a
b11100011 m
1n
#18817
b11100011 R
b11100011 ]
0c
#18820
0D
0L
#18825
1D
1L
b10 |
b0 }
b10001110 ~
b1101111 {
1F
#18830
0D
0L
#18835
1D
1L
b100 `
b100 g
b100 J
b100 N
b100 Y
#18836
b10001100 S
b10001100 ^
b10001100 b
b10001100 h
0i
0d
#18840
0D
0L
#18845
b11 V
1D
1L
b10 w
b0 x
b10001110 y
b1101111 v
1E
#18850
0D
0L
#18855
b0 V
b11100011 ?
b11100011 Q
b11100011 X
b11100011 \
b11100011 k
b10001100 @
b10001100 P
b10001100 W
b10001100 [
b10001100 f
1D
1L
#18856
b11011111 R
b11011111 ]
b10010000 S
b10010000 ^
b11011111 a
b11011111 m
b10010000 b
b10010000 h
#18860
0D
0L
#18865
b11100011 u
b10001100 t
1C
1T
1D
1L
#18870
0D
0L
#18875
1D
1L
#18880
0D
0L
1I
b10 o
b0 p
b10001110 q
b1101111 s
#18885
b1 V
1D
1L
#18890
0D
0L
#18895
bx _
bx l
bx K
bx O
bx Z
bx `
bx g
bx J
bx N
bx Y
0C
0T
1A
1B
1U
1D
1L
#18896
bx R
bx ]
bx S
bx ^
bx a
bx m
xn
bx b
bx h
xi
#18897
xc
xd
#18900
0D
0L
#18905
1D
1L
#18910
0D
0L
#18915
1D
1L
0I
#18920
0D
0L
#18925
1D
1L
0F
#18930
0D
0L
#18935
1D
1L
#18940
0D
0L
#18945
b10 V
1D
1L
0E
#18950
0D
0L
#18955
0A
0B
0U
1D
1L
#18960
0D
0L
#18965
1D
1L
#18970
0D
0L
#18975
1D
1L
#18980
0D
0L
#18985
1D
1L
b0 _
b0 l
b0 K
b0 O
b0 Z
#18986
b11100011 R
b11100011 ]
b11100011 a
b11100011 m
0n
0c
#18990
0D
0L
#18995
1D
1L
b1100 |
b10 }
b10001010 ~
b11100101 !"
b1110000 {
1F
#19000
0D
0L
#19005
1D
1L
b10 `
b10 g
b10 J
b10 N
b10 Y
#19006
b10001110 S
b10001110 ^
b10001110 b
b10001110 h
0i
0d
#19010
0D
0L
#19015
b11 V
1D
1L
b1100 w
b10 x
b10001010 y
b11100101 z
b1110000 v
1E
#19020
0D
0L
#19025
b0 V
b10001110 @
b10001110 P
b10001110 W
b10001110 [
b10001110 f
1D
1L
#19026
b10010000 S
b10010000 ^
b10010000 b
b10010000 h
#19030
0D
0L
#19035
b10001110 t
1C
1T
1D
1L
#19040
0D
0L
#19045
1D
1L
#19050
0D
0L
1I
b1100 o
b10 p
b10001010 q
b11100101 r
b1110000 s
#19055
b1 V
1D
1L
#19060
0D
0L
#19065
bx _
bx l
bx K
bx O
bx Z
bx `
bx g
bx J
bx N
bx Y
0C
0T
1A
1B
1U
1D
1L
#19066
bx R
bx ]
bx S
bx ^
bx a
bx m
xn
bx b
bx h
xi
#19067
xc
xd
#19070
0D
0L
#19075
1D
1L
#19080
0D
0L
#19085
1D
1L
0I
#19090
0D
0L
#19095
1D
1L
0F
#19100
0D
0L
#19105
1D
1L
#19110
0D
0L
#19115
b10 V
1D
1L
0E
#19120
0D
0L
#19125
0A
0B
0U
1D
1L
#19130
0D
0L
#19135
1D
1L
#19140
0D
0L
#19145
1D
1L
#19150
0D
0L
#19155
1D
1L
b10 _
b10 l
b10 K
b10 O
b10 Z
#19156
b11100101 R
b11100101 ]
b11100101 a
b11100101 m
0n
0c
#19160
0D
0L
#19165
1D
1L
b11 |
b1100 }
b10001101 ~
b11100001 !"
b1110001 {
1F
#19170
0D
0L
#19175
1D
1L
b11111100 `
b11111100 g
b1100 J
b1100 N
b1100 Y
#19176
b10001x10 S
b10001x10 ^
b10001010 b
b10001010 h
1i
#19177
b10001010 S
b10001010 ^
0d
#19180
0D
0L
#19185
b11 V
1D
1L
b11 w
b1100 x
b10001101 y
b11100001 z
b1110001 v
1E
#19190
0D
0L
#19195
b0 V
b11100101 ?
b11100101 Q
b11100101 X
b11100101 \
b11100101 k
b10001010 @
b10001010 P
b10001010 W
b10001010 [
b10001010 f
1D
1L
#19196
b11100111 R
b11100111 ]
b10000110 S
b10000110 ^
b11100111 a
b11100111 m
b10000110 b
b10000110 h
#19200
0D
0L
#19205
b11100101 u
b10001010 t
1C
1T
1D
1L
#19210
0D
0L
#19215
1D
1L
#19220
0D
0L
1I
b11 o
b1100 p
b10001101 q
b11100001 r
b1110001 s
#19225
b1 V
1D
1L
#19230
0D
0L
#19235
bx _
bx l
bx K
bx O
bx Z
bx `
bx g
bx J
bx N
bx Y
0C
0T
1A
1B
1U
1D
1L
#19236
bx R
bx ]
bx S
bx ^
bx a
bx m
xn
bx b
bx h
xi
#19237
xc
xd
#19240
0D
0L
#19245
1D
1L
#19250
0D
0L
#19255
1D
1L
0I
#19260
0D
0L
#19265
1D
1L
0F
#19270
0D
0L
#19275
1D
1L
#19280
0D
0L
#19285
b10 V
1D
1L
0E
#19290
0D
0L
#19295
0A
0B
0U
1D
1L
#19300
0D
0L
#19305
1D
1L
#19310
0D
0L
#19315
1D
1L
#19320
0D
0L
#19325
1D
1L
b11111100 _
b11111100 l
b1100 K
b1100 O
b1100 Z
#19326
b11100x01 R
b11100x01 ]
b11100001 a
b11100001 m
1n
#19327
b11100001 R
b11100001 ]
0c
#19330
0D
0L
#19335
1D
1L
b110 |
b1011 }
b10010011 ~
b11011100 !"
b1110010 {
1F
#19340
0D
0L
#19345
1D
1L
b11 `
b11 g
b11 J
b11 N
b11 Y
#19346
b10001101 S
b10001101 ^
b10001101 b
b10001101 h
0i
0d
#19350
0D
0L
#19355
b11 V
1D
1L
b110 w
b1011 x
b10010011 y
b11011100 z
b1110010 v
1E
#19360
0D
0L
#19365
b0 V
b11100001 ?
b11100001 Q
b11100001 X
b11100001 \
b11100001 k
b10001101 @
b10001101 P
b10001101 W
b10001101 [
b10001101 f
1D
1L
#19366
b11011101 R
b11011101 ]
b10010000 S
b10010000 ^
b11011101 a
b11011101 m
b10010000 b
b10010000 h
#19370
0D
0L
#19375
b11100001 u
b10001101 t
1C
1T
1D
1L
#19380
0D
0L
#19385
1D
1L
#19390
0D
0L
1I
b110 o
b1011 p
b10010011 q
b11011100 r
b1110010 s
#19395
b1 V
1D
1L
#19400
0D
0L
#19405
bx _
bx l
bx K
bx O
bx Z
bx `
bx g
bx J
bx N
bx Y
0C
0T
1A
1B
1U
1D
1L
#19406
bx R
bx ]
bx S
bx ^
bx a
bx m
xn
bx b
bx h
xi
#19407
xc
xd
#19410
0D
0L
#19415
1D
1L
#19420
0D
0L
#19425
1D
1L
0I
#19430
0D
0L
#19435
1D
1L
0F
#19440
0D
0L
#19445
1D
1L
#19450
0D
0L
#19455
b10 V
1D
1L
0E
#19460
0D
0L
#19465
0A
0B
0U
1D
1L
#19470
0D
0L
#19475
1D
1L
#19480
0D
0L
#19485
1D
1L
#19490
0D
0L
#19495
1D
1L
b11111011 _
b11111011 l
b1011 K
b1011 O
b1011 Z
#19496
b11xxxx0x R
b11xxxx0x ]
b11011100 a
b11011100 m
1n
#19497
b11011100 R
b11011100 ]
0c
#19500
0D
0L
#19505
1D
1L
b11 |
b10010110 ~
b11010111 !"
b1110011 {
1F
#19510
0D
0L
#19515
1D
1L
b110 `
b110 g
b110 J
b110 N
b110 Y
#19516
b10010011 S
b10010011 ^
b10010011 b
b10010011 h
0i
0d
#19520
0D
0L
#19525
b11 V
1D
1L
b11 w
b10010110 y
b11010111 z
b1110011 v
1E
#19530
0D
0L
#19535
b0 V
b11011100 ?
b11011100 Q
b11011100 X
b11011100 \
b11011100 k
b10010011 @
b10010011 P
b10010011 W
b10010011 [
b10010011 f
1D
1L
#19536
b11010111 R
b11010111 ]
b10011001 S
b10011001 ^
b11010111 a
b11010111 m
b10011001 b
b10011001 h
#19540
0D
0L
#19545
b11011100 u
b10010011 t
1C
1T
1D
1L
#19550
0D
0L
#19555
1D
1L
#19560
0D
0L
1I
b11 o
b10010110 q
b11010111 r
b1110011 s
#19565
b1 V
1D
1L
#19570
0D
0L
#19575
bx _
bx l
bx K
bx O
bx Z
bx `
bx g
bx J
bx N
bx Y
0C
0T
1A
1B
1U
1D
1L
#19576
bx R
bx ]
bx S
bx ^
bx a
bx m
xn
bx b
bx h
xi
#19577
xc
xd
#19580
0D
0L
#19585
1D
1L
#19590
0D
0L
#19595
1D
1L
0I
#19600
0D
0L
#19605
1D
1L
0F
#19610
0D
0L
#19615
1D
1L
#19620
0D
0L
#19625
b10 V
1D
1L
0E
#19630
0D
0L
#19635
0A
0B
0U
1D
1L
#19640
0D
0L
#19645
1D
1L
#19650
0D
0L
#19655
1D
1L
#19660
0D
0L
#19665
1D
1L
b11111011 _
b11111011 l
b1011 K
b1011 O
b1011 Z
#19666
b1101x1xx R
b1101x1xx ]
b11010111 a
b11010111 m
1n
#19667
b11010111 R
b11010111 ]
0c
#19670
0D
0L
#19675
1D
1L
b1101 }
b10011001 ~
b11010100 !"
b1110100 {
1F
#19680
0D
0L
#19685
1D
1L
b11 `
b11 g
b11 J
b11 N
b11 Y
#19686
b10010110 S
b10010110 ^
b10010110 b
b10010110 h
0i
0d
#19690
0D
0L
#19695
b11 V
1D
1L
b1101 x
b10011001 y
b11010100 z
b1110100 v
1E
#19700
0D
0L
#19705
b0 V
b11010111 ?
b11010111 Q
b11010111 X
b11010111 \
b11010111 k
b10010110 @
b10010110 P
b10010110 W
b10010110 [
b10010110 f
1D
1L
#19706
b11010010 R
b11010010 ]
b10011001 S
b10011001 ^
b11010010 a
b11010010 m
b10011001 b
b10011001 h
#19710
0D
0L
#19715
b11010111 u
b10010110 t
1C
1T
1D
1L
#19720
0D
0L
#19725
1D
1L
#19730
0D
0L
1I
b1101 p
b10011001 q
b11010100 r
b1110100 s
#19735
b1 V
1D
1L
#19740
0D
0L
#19745
bx _
bx l
bx K
bx O
bx Z
bx `
bx g
bx J
bx N
bx Y
0C
0T
1A
1B
1U
1D
1L
#19746
bx R
bx ]
bx S
bx ^
bx a
bx m
xn
bx b
bx h
xi
#19747
xc
xd
#19750
0D
0L
#19755
1D
1L
#19760
0D
0L
#19765
1D
1L
0I
#19770
0D
0L
#19775
1D
1L
0F
#19780
0D
0L
#19785
1D
1L
#19790
0D
0L
#19795
b10 V
1D
1L
0E
#19800
0D
0L
#19805
0A
0B
0U
1D
1L
#19810
0D
0L
#19815
1D
1L
#19820
0D
0L
#19825
1D
1L
#19830
0D
0L
#19835
1D
1L
b11111101 _
b11111101 l
b1101 K
b1101 O
b1101 Z
#19836
b110101xx R
b110101xx ]
b11010100 a
b11010100 m
1n
#19837
b11010100 R
b11010100 ]
0c
#19840
0D
0L
#19845
1D
1L
b1110 }
b10011100 ~
b11010010 !"
b1110101 {
1F
#19850
0D
0L
#19855
1D
1L
b11 `
b11 g
b11 J
b11 N
b11 Y
#19856
b10011001 S
b10011001 ^
b10011001 b
b10011001 h
0i
0d
#19860
0D
0L
#19865
b11 V
1D
1L
b1110 x
b10011100 y
b11010010 z
b1110101 v
1E
#19870
0D
0L
#19875
b0 V
b11010100 ?
b11010100 Q
b11010100 X
b11010100 \
b11010100 k
b10011001 @
b10011001 P
b10011001 W
b10011001 [
b10011001 f
1D
1L
#19876
b11010001 R
b11010001 ]
b10011100 S
b10011100 ^
b11010001 a
b11010001 m
b10011100 b
b10011100 h
#19880
0D
0L
#19885
b11010100 u
b10011001 t
1C
1T
1D
1L
#19890
0D
0L
#19895
1D
1L
#19900
0D
0L
1I
b1110 p
b10011100 q
b11010010 r
b1110101 s
#19905
b1 V
1D
1L
#19910
0D
0L
#19915
bx _
bx l
bx K
bx O
bx Z
bx `
bx g
bx J
bx N
bx Y
0C
0T
1A
1B
1U
1D
1L
#19916
bx R
bx ]
bx S
bx ^
bx a
bx m
xn
bx b
bx h
xi
#19917
xc
xd
#19920
0D
0L
#19925
1D
1L
#19930
0D
0L
#19935
1D
1L
0I
#19940
0D
0L
#19945
1D
1L
0F
#19950
0D
0L
#19955
1D
1L
#19960
0D
0L
#19965
b10 V
1D
1L
0E
#19970
0D
0L
#19975
0A
0B
0U
1D
1L
#19980
0D
0L
#19985
1D
1L
#19990
0D
0L
#19995
1D
1L
#20000
0D
0L
#20005
1D
1L
b11111110 _
b11111110 l
b1110 K
b1110 O
b1110 Z
#20006
b11010xx0 R
b11010xx0 ]
b11010010 a
b11010010 m
1n
#20007
b11010010 R
b11010010 ]
0c
#20010
0D
0L
#20015
1D
1L
b1100 |
b11 }
b10011000 ~
b11010101 !"
b1110110 {
1F
#20020
0D
0L
#20025
1D
1L
b11 `
b11 g
b11 J
b11 N
b11 Y
#20026
b10011100 S
b10011100 ^
b10011100 b
b10011100 h
0i
0d
#20030
0D
0L
#20035
b11 V
1D
1L
b1100 w
b11 x
b10011000 y
b11010101 z
b1110110 v
1E
#20040
0D
0L
#20045
b0 V
b11010010 ?
b11010010 Q
b11010010 X
b11010010 \
b11010010 k
b10011100 @
b10011100 P
b10011100 W
b10011100 [
b10011100 f
1D
1L
#20046
b11010000 R
b11010000 ]
b10011111 S
b10011111 ^
b11010000 a
b11010000 m
b10011111 b
b10011111 h
#20050
0D
0L
#20055
b11010010 u
b10011100 t
1C
1T
1D
1L
#20060
0D
0L
#20065
1D
1L
#20070
0D
0L
1I
b1100 o
b11 p
b10011000 q
b11010101 r
b1110110 s
#20075
b1 V
1D
1L
#20080
0D
0L
#20085
bx _
bx l
bx K
bx O
bx Z
bx `
bx g
bx J
bx N
bx Y
0C
0T
1A
1B
1U
1D
1L
#20086
bx R
bx ]
bx S
bx ^
bx a
bx m
xn
bx b
bx h
xi
#20087
xc
xd
#20090
0D
0L
#20095
1D
1L
#20100
0D
0L
#20105
1D
1L
0I
#20110
0D
0L
#20115
1D
1L
0F
#20120
0D
0L
#20125
1D
1L
#20130
0D
0L
#20135
b10 V
1D
1L
0E
#20140
0D
0L
#20145
0A
0B
0U
1D
1L
#20150
0D
0L
#20155
1D
1L
#20160
0D
0L
#20165
1D
1L
#20170
0D
0L
#20175
1D
1L
b11 _
b11 l
b11 K
b11 O
b11 Z
#20176
b11010101 R
b11010101 ]
b11010101 a
b11010101 m
0n
0c
#20180
0D
0L
#20185
1D
1L
b1001 |
b1 }
b10010001 ~
b11010110 !"
b1110111 {
1F
#20190
0D
0L
#20195
1D
1L
b11111100 `
b11111100 g
b1100 J
b1100 N
b1100 Y
#20196
b10011x00 S
b10011x00 ^
b10011000 b
b10011000 h
1i
#20197
b10011000 S
b10011000 ^
0d
#20200
0D
0L
#20205
b11 V
1D
1L
b1001 w
b1 x
b10010001 y
b11010110 z
b1110111 v
1E
#20210
0D
0L
#20215
b0 V
b11010101 ?
b11010101 Q
b11010101 X
b11010101 \
b11010101 k
b10011000 @
b10011000 P
b10011000 W
b10011000 [
b10011000 f
1D
1L
#20216
b11011000 R
b11011000 ]
b10010100 S
b10010100 ^
b11011000 a
b11011000 m
b10010100 b
b10010100 h
#20220
0D
0L
#20225
b11010101 u
b10011000 t
1C
1T
1D
1L
#20230
0D
0L
#20235
1D
1L
#20240
0D
0L
1I
b1001 o
b1 p
b10010001 q
b11010110 r
b1110111 s
#20245
b1 V
1D
1L
#20250
0D
0L
#20255
bx _
bx l
bx K
bx O
bx Z
bx `
bx g
bx J
bx N
bx Y
0C
0T
1A
1B
1U
1D
1L
#20256
bx R
bx ]
bx S
bx ^
bx a
bx m
xn
bx b
bx h
xi
#20257
xc
xd
#20260
0D
0L
#20265
1D
1L
#20270
0D
0L
#20275
1D
1L
0I
#20280
0D
0L
#20285
1D
1L
0F
#20290
0D
0L
#20295
1D
1L
#20300
0D
0L
#20305
b10 V
1D
1L
0E
#20310
0D
0L
#20315
0A
0B
0U
1D
1L
#20320
0D
0L
#20325
1D
1L
#20330
0D
0L
#20335
1D
1L
#20340
0D
0L
#20345
1D
1L
b1 _
b1 l
b1 K
b1 O
b1 Z
#20346
b11010110 R
b11010110 ]
b11010110 a
b11010110 m
0n
0c
#20350
0D
0L
#20355
1D
1L
b1101 |
b1011 }
b10001110 ~
b11010001 !"
b1111000 {
1F
#20360
0D
0L
#20365
1D
1L
b11111001 `
b11111001 g
b1001 J
b1001 N
b1001 Y
#20366
b1001x00x S
b1001x00x ^
b10010001 b
b10010001 h
1i
#20367
b10010001 S
b10010001 ^
0d
#20370
0D
0L
#20375
b11 V
1D
1L
b1101 w
b1011 x
b10001110 y
b11010001 z
b1111000 v
1E
#20380
0D
0L
#20385
b0 V
b11010110 ?
b11010110 Q
b11010110 X
b11010110 \
b11010110 k
b10010001 @
b10010001 P
b10010001 W
b10010001 [
b10010001 f
1D
1L
#20386
b11010111 R
b11010111 ]
b10001010 S
b10001010 ^
b11010111 a
b11010111 m
b10001010 b
b10001010 h
#20390
0D
0L
#20395
b11010110 u
b10010001 t
1C
1T
1D
1L
#20400
0D
0L
#20405
1D
1L
#20410
0D
0L
1I
b1101 o
b1011 p
b10001110 q
b11010001 r
b1111000 s
#20415
b1 V
1D
1L
#20420
0D
0L
#20425
bx _
bx l
bx K
bx O
bx Z
bx `
bx g
bx J
bx N
bx Y
0C
0T
1A
1B
1U
1D
1L
#20426
bx R
bx ]
bx S
bx ^
bx a
bx m
xn
bx b
bx h
xi
#20427
xc
xd
#20430
0D
0L
#20435
1D
1L
#20440
0D
0L
#20445
1D
1L
0I
#20450
0D
0L
#20455
1D
1L
0F
#20460
0D
0L
#20465
1D
1L
#20470
0D
0L
#20475
b10 V
1D
1L
0E
#20480
0D
0L
#20485
0A
0B
0U
1D
1L
#20490
0D
0L
#20495
1D
1L
#20500
0D
0L
#20505
1D
1L
#20510
0D
0L
#20515
1D
1L
b11111011 _
b11111011 l
b1011 K
b1011 O
b1011 Z
#20516
b11010xxx R
b11010xxx ]
b11010001 a
b11010001 m
1n
#20517
b11010001 R
b11010001 ]
0c
#20520
0D
0L
#20525
1D
1L
b1011 |
b101 }
b10001001 ~
b11010110 !"
b1111001 {
1F
#20530
0D
0L
#20535
1D
1L
b11111101 `
b11111101 g
b1101 J
b1101 N
b1101 Y
#20536
b100xxxxx S
b100xxxxx ^
b10001110 b
b10001110 h
1i
#20537
b10001110 S
b10001110 ^
0d
#20540
0D
0L
#20545
b11 V
1D
1L
b1011 w
b101 x
b10001001 y
b11010110 z
b1111001 v
1E
#20550
0D
0L
#20555
b0 V
b11010001 ?
b11010001 Q
b11010001 X
b11010001 \
b11010001 k
b10001110 @
b10001110 P
b10001110 W
b10001110 [
b10001110 f
1D
1L
#20556
b11001100 R
b11001100 ]
b10001011 S
b10001011 ^
b11001100 a
b11001100 m
b10001011 b
b10001011 h
#20560
0D
0L
#20565
b11010001 u
b10001110 t
1C
1T
1D
1L
#20570
0D
0L
#20575
1D
1L
#20580
0D
0L
1I
b1011 o
b101 p
b10001001 q
b11010110 r
b1111001 s
#20585
b1 V
1D
1L
#20590
0D
0L
#20595
bx _
bx l
bx K
bx O
bx Z
bx `
bx g
bx J
bx N
bx Y
0C
0T
1A
1B
1U
1D
1L
#20596
bx R
bx ]
bx S
bx ^
bx a
bx m
xn
bx b
bx h
xi
#20597
xc
xd
#20600
0D
0L
#20605
1D
1L
#20610
0D
0L
#20615
1D
1L
0I
#20620
0D
0L
#20625
1D
1L
0F
#20630
0D
0L
#20635
1D
1L
#20640
0D
0L
#20645
b10 V
1D
1L
0E
#20650
0D
0L
#20655
0A
0B
0U
1D
1L
#20660
0D
0L
#20665
1D
1L
#20670
0D
0L
#20675
1D
1L
#20680
0D
0L
#20685
1D
1L
b101 _
b101 l
b101 K
b101 O
b101 Z
#20686
b11010110 R
b11010110 ]
b11010110 a
b11010110 m
0n
0c
#20690
0D
0L
#20695
1D
1L
b1101 }
b10000100 ~
b11010011 !"
b1111010 {
1F
#20700
0D
0L
#20705
1D
1L
b11111011 `
b11111011 g
b1011 J
b1011 N
b1011 Y
#20706
b10001xxx S
b10001xxx ^
b10001001 b
b10001001 h
1i
#20707
b10001001 S
b10001001 ^
0d
#20710
0D
0L
#20715
b11 V
1D
1L
b1101 x
b10000100 y
b11010011 z
b1111010 v
1E
#20720
0D
0L
#20725
b0 V
b11010110 ?
b11010110 Q
b11010110 X
b11010110 \
b11010110 k
b10001001 @
b10001001 P
b10001001 W
b10001001 [
b10001001 f
1D
1L
#20726
b11011011 R
b11011011 ]
b10000100 S
b10000100 ^
b11011011 a
b11011011 m
b10000100 b
b10000100 h
#20730
0D
0L
#20735
b11010110 u
b10001001 t
1C
1T
1D
1L
#20740
0D
0L
#20745
1D
1L
#20750
0D
0L
1I
b1101 p
b10000100 q
b11010011 r
b1111010 s
#20755
b1 V
1D
1L
#20760
0D
0L
#20765
bx _
bx l
bx K
bx O
bx Z
bx `
bx g
bx J
bx N
bx Y
0C
0T
1A
1B
1U
1D
1L
#20766
bx R
bx ]
bx S
bx ^
bx a
bx m
xn
bx b
bx h
xi
#20767
xc
xd
#20770
0D
0L
#20775
1D
1L
#20780
0D
0L
#20785
1D
1L
0I
#20790
0D
0L
#20795
1D
1L
0F
#20800
0D
0L
#20805
1D
1L
#20810
0D
0L
#20815
b10 V
1D
1L
0E
#20820
0D
0L
#20825
0A
0B
0U
1D
1L
#20830
0D
0L
#20835
1D
1L
#20840
0D
0L
#20845
1D
1L
#20850
0D
0L
#20855
1D
1L
b11111101 _
b11111101 l
b1101 K
b1101 O
b1101 Z
#20856
b11010x1x R
b11010x1x ]
b11010011 a
b11010011 m
1n
#20857
b11010011 R
b11010011 ]
0c
#20860
0D
0L
#20865
1D
1L
b1 |
b110 }
b10000101 ~
b11011001 !"
b1111011 {
1F
#20870
0D
0L
#20875
1D
1L
b11111011 `
b11111011 g
b1011 J
b1011 N
b1011 Y
#20876
b1000xx0x S
b1000xx0x ^
b10000100 b
b10000100 h
1i
#20877
b10000100 S
b10000100 ^
0d
#20880
0D
0L
#20885
b11 V
1D
1L
b1 w
b110 x
b10000101 y
b11011001 z
b1111011 v
1E
#20890
0D
0L
#20895
b0 V
b11010011 ?
b11010011 Q
b11010011 X
b11010011 \
b11010011 k
b10000100 @
b10000100 P
b10000100 W
b10000100 [
b10000100 f
1D
1L
#20896
b11010000 R
b11010000 ]
b1111111 S
b1111111 ^
b11010000 a
b11010000 m
b1111111 b
b1111111 h
#20897
b10000100 S
b10000100 ^
1d
#20900
0D
0L
#20905
b11010011 u
b10000100 t
1C
1T
1D
1L
#20910
0D
0L
#20915
1D
1L
#20920
0D
0L
1I
b1 o
b110 p
b10000101 q
b11011001 r
b1111011 s
#20925
b1 V
1D
1L
#20930
0D
0L
#20935
bx _
bx l
bx K
bx O
bx Z
bx `
bx g
bx J
bx N
bx Y
0C
0T
1A
1B
1U
1D
1L
#20936
bx R
bx ]
bx S
bx ^
bx a
bx m
xn
bx b
bx h
xi
xd
#20937
xc
#20940
0D
0L
#20945
1D
1L
#20950
0D
0L
#20955
1D
1L
0I
#20960
0D
0L
#20965
1D
1L
0F
#20970
0D
0L
#20975
1D
1L
#20980
0D
0L
#20985
b10 V
1D
1L
0E
#20990
0D
0L
#20995
0A
0B
0U
1D
1L
#21000
0D
0L
#21005
1D
1L
#21010
0D
0L
#21015
1D
1L
#21020
0D
0L
#21025
1D
1L
b110 _
b110 l
b110 K
b110 O
b110 Z
#21026
b11011001 R
b11011001 ]
b11011001 a
b11011001 m
0n
0c
#21030
0D
0L
#21035
1D
1L
b1011 |
b1010 }
b10000000 ~
b11010011 !"
b1111100 {
1F
#21040
0D
0L
#21045
1D
1L
b1 `
b1 g
b1 J
b1 N
b1 Y
#21046
b10000101 S
b10000101 ^
b10000101 b
b10000101 h
0i
0d
#21050
0D
0L
#21055
b11 V
1D
1L
b1011 w
b1010 x
b10000000 y
b11010011 z
b1111100 v
1E
#21060
0D
0L
#21065
b0 V
b11011001 ?
b11011001 Q
b11011001 X
b11011001 \
b11011001 k
b10000101 @
b10000101 P
b10000101 W
b10000101 [
b10000101 f
1D
1L
#21066
b11011111 R
b11011111 ]
b10000110 S
b10000110 ^
b11011111 a
b11011111 m
b10000110 b
b10000110 h
#21070
0D
0L
#21075
b11011001 u
b10000101 t
1C
1T
1D
1L
#21080
0D
0L
#21085
1D
1L
#21090
0D
0L
1I
b1011 o
b1010 p
b10000000 q
b11010011 r
b1111100 s
#21095
b1 V
1D
1L
#21100
0D
0L
#21105
bx _
bx l
bx K
bx O
bx Z
bx `
bx g
bx J
bx N
bx Y
0C
0T
1A
1B
1U
1D
1L
#21106
bx R
bx ]
bx S
bx ^
bx a
bx m
xn
bx b
bx h
xi
#21107
xc
xd
#21110
0D
0L
#21115
1D
1L
#21120
0D
0L
#21125
1D
1L
0I
#21130
0D
0L
#21135
1D
1L
0F
#21140
0D
0L
#21145
1D
1L
#21150
0D
0L
#21155
b10 V
1D
1L
0E
#21160
0D
0L
#21165
0A
0B
0U
1D
1L
#21170
0D
0L
#21175
1D
1L
#21180
0D
0L
#21185
1D
1L
#21190
0D
0L
#21195
1D
1L
b11111010 _
b11111010 l
b1010 K
b1010 O
b1010 Z
#21196
b1101x0x1 R
b1101x0x1 ]
b11010011 a
b11010011 m
1n
#21197
b11010011 R
b11010011 ]
0c
#21200
0D
0L
#21205
1D
1L
b1000 |
b100 }
b11010111 !"
b1111101 {
1F
#21210
0D
0L
#21215
1D
1L
b11111011 `
b11111011 g
b1011 J
b1011 N
b1011 Y
#21216
b10000x0x S
b10000x0x ^
b10000000 b
b10000000 h
1i
#21217
b10000000 S
b10000000 ^
0d
#21220
0D
0L
#21225
b11 V
1D
1L
b1000 w
b100 x
b11010111 z
b1111101 v
1E
#21230
0D
0L
#21235
b0 V
b11010011 ?
b11010011 Q
b11010011 X
b11010011 \
b11010011 k
b10000000 @
b10000000 P
b10000000 W
b10000000 [
b10000000 f
1D
1L
#21236
b11001101 R
b11001101 ]
b1111011 S
b1111011 ^
b11001101 a
b11001101 m
b1111011 b
b1111011 h
#21237
b10000000 S
b10000000 ^
1d
#21240
0D
0L
#21245
b11010011 u
b10000000 t
1C
1T
1D
1L
#21250
0D
0L
#21255
1D
1L
#21260
0D
0L
1I
b1000 o
b100 p
b11010111 r
b1111101 s
#21265
b1 V
1D
1L
#21270
0D
0L
#21275
bx _
bx l
bx K
bx O
bx Z
bx `
bx g
bx J
bx N
bx Y
0C
0T
1A
1B
1U
1D
1L
#21276
bx R
bx ]
bx S
bx ^
bx a
bx m
xn
bx b
bx h
xi
xd
#21277
xc
#21280
0D
0L
#21285
1D
1L
#21290
0D
0L
#21295
1D
1L
0I
#21300
0D
0L
#21305
1D
1L
0F
#21310
0D
0L
#21315
1D
1L
#21320
0D
0L
#21325
b10 V
1D
1L
0E
#21330
0D
0L
#21335
0A
0B
0U
1D
1L
#21340
0D
0L
#21345
1D
1L
#21350
0D
0L
#21355
1D
1L
#21360
0D
0L
#21365
1D
1L
b100 _
b100 l
b100 K
b100 O
b100 Z
#21366
b11010111 R
b11010111 ]
b11010111 a
b11010111 m
0n
0c
#21370
0D
0L
#21375
1D
1L
b101 |
b1111 }
b10000101 ~
b11010110 !"
b1111110 {
1F
#21380
0D
0L
#21385
1D
1L
b11111000 `
b11111000 g
b1000 J
b1000 N
b1000 Y
#21386
bx000 S
bx000 ^
b1111000 b
b1111000 h
1i
#21387
b10000000 S
b10000000 ^
1d
#21390
0D
0L
#21395
b11 V
1D
1L
b101 w
b1111 x
b10000101 y
b11010110 z
b1111110 v
1E
#21400
0D
0L
#21405
b0 V
b11010111 ?
b11010111 Q
b11010111 X
b11010111 \
b11010111 k
1D
1L
#21406
b11011011 R
b11011011 ]
b11011011 a
b11011011 m
#21410
0D
0L
#21415
b11010111 u
1C
1T
1D
1L
#21420
0D
0L
#21425
1D
1L
#21430
0D
0L
1I
b101 o
b1111 p
b10000101 q
b11010110 r
b1111110 s
#21435
b1 V
1D
1L
#21440
0D
0L
#21445
bx _
bx l
bx K
bx O
bx Z
bx `
bx g
bx J
bx N
bx Y
0C
0T
1A
1B
1U
1D
1L
#21446
bx R
bx ]
bx S
bx ^
bx a
bx m
xn
bx b
bx h
xi
xd
#21447
xc
#21450
0D
0L
#21455
1D
1L
#21460
0D
0L
#21465
1D
1L
0I
#21470
0D
0L
#21475
1D
1L
0F
#21480
0D
0L
#21485
1D
1L
#21490
0D
0L
#21495
b10 V
1D
1L
0E
#21500
0D
0L
#21505
0A
0B
0U
1D
1L
#21510
0D
0L
#21515
1D
1L
#21520
0D
0L
#21525
1D
1L
#21530
0D
0L
#21535
1D
1L
b11111111 _
b11111111 l
b1111 K
b1111 O
b1111 Z
#21536
b1101011x R
b1101011x ]
b11010110 a
b11010110 m
1n
#21537
b11010110 R
b11010110 ]
0c
#21540
0D
0L
#21545
1D
1L
b1000 |
b1001 }
b11001111 !"
b1111111 {
1F
#21550
0D
0L
#21555
1D
1L
b101 `
b101 g
b101 J
b101 N
b101 Y
#21556
b10000101 S
b10000101 ^
b10000101 b
b10000101 h
0i
0d
#21560
0D
0L
#21565
b11 V
1D
1L
b1000 w
b1001 x
b11001111 z
b1111111 v
1E
#21570
0D
0L
#21575
b0 V
b11010110 ?
b11010110 Q
b11010110 X
b11010110 \
b11010110 k
b10000101 @
b10000101 P
b10000101 W
b10000101 [
b10000101 f
1D
1L
#21576
b11010101 R
b11010101 ]
b10001010 S
b10001010 ^
b11010101 a
b11010101 m
b10001010 b
b10001010 h
#21580
0D
0L
#21585
b11010110 u
b10000101 t
1C
1T
1D
1L
#21590
0D
0L
#21595
1D
1L
#21600
0D
0L
1I
b1000 o
b1001 p
b11001111 r
b1111111 s
#21605
b1 V
1D
1L
#21610
0D
0L
#21615
bx _
bx l
bx K
bx O
bx Z
bx `
bx g
bx J
bx N
bx Y
0C
0T
1A
1B
1U
1D
1L
#21616
bx R
bx ]
bx S
bx ^
bx a
bx m
xn
bx b
bx h
xi
#21617
xc
xd
#21620
0D
0L
#21625
1D
1L
#21630
0D
0L
#21635
1D
1L
0I
#21640
0D
0L
#21645
1D
1L
0F
#21650
0D
0L
#21655
1D
1L
#21660
0D
0L
#21665
b10 V
1D
1L
0E
#21670
0D
0L
#21675
0A
0B
0U
1D
1L
#21680
0D
0L
#21685
1D
1L
#21690
0D
0L
#21695
1D
1L
#21700
0D
0L
#21705
1D
1L
b11111001 _
b11111001 l
b1001 K
b1001 O
b1001 Z
#21706
b110xx11x R
b110xx11x ]
b11001111 a
b11001111 m
1n
#21707
b11001111 R
b11001111 ]
0c
#21710
0D
0L
#21715
1D
1L
b10000000 {
1F
#21720
0D
0L
#21725
1D
1L
b11111000 `
b11111000 g
b1000 J
b1000 N
b1000 Y
#21726
bx101 S
bx101 ^
b1111101 b
b1111101 h
1i
#21727
b10000101 S
b10000101 ^
1d
#21730
0D
0L
#21735
b11 V
1D
1L
b10000000 v
1E
#21740
0D
0L
#21745
b0 V
b11001111 ?
b11001111 Q
b11001111 X
b11001111 \
b11001111 k
1D
1L
#21746
b11001000 R
b11001000 ]
b11001000 a
b11001000 m
#21750
0D
0L
#21755
b11001111 u
1C
1T
1D
1L
#21760
0D
0L
#21765
1D
1L
#21770
0D
0L
b10000000 s
