$date
	Fri May 16 14:27:24 2025
$end
$version
	Icarus Verilog
$end
$timescale
	1s
$end
$scope module add $end
$var wire 1 ! c_in $end
$var wire 1 " ow $end
$var wire 2 # x [1:0] $end
$var wire 2 $ y [1:0] $end
$var wire 2 % s [1:0] $end
$var wire 1 & c_out $end
$upscope $end
$scope module comp_nat $end
$var wire 2 ' a [1:0] $end
$var wire 2 ( b [1:0] $end
$var wire 1 ) min $end
$var wire 1 * eq $end
$upscope $end
$scope module diff $end
$var wire 1 + b_in $end
$var wire 8 , x [7:0] $end
$var wire 8 - y [7:0] $end
$var wire 1 . ow $end
$var wire 8 / d [7:0] $end
$var wire 1 0 b_out $end
$upscope $end
$scope module testbench $end
$var wire 1 1 soc3 $end
$var wire 1 2 soc2 $end
$var wire 1 3 soc1 $end
$var wire 16 4 result [15:0] $end
$var wire 1 5 dav_ $end
$var wire 1 6 clock $end
$var reg 1 7 eoc1 $end
$var reg 1 8 eoc2 $end
$var reg 1 9 eoc3 $end
$var reg 1 : reset_ $end
$var reg 1 ; rfd $end
$var reg 8 < x1 [7:0] $end
$var reg 8 = x2 [7:0] $end
$var reg 8 > x3 [7:0] $end
$scope function get_testcase $end
$upscope $end
$scope module clk $end
$var wire 1 6 clock $end
$var reg 1 ? CLOCK $end
$upscope $end
$scope module dut $end
$var wire 1 6 clock $end
$var wire 1 7 eoc1 $end
$var wire 1 8 eoc2 $end
$var wire 1 9 eoc3 $end
$var wire 1 : reset_ $end
$var wire 1 ; rfd $end
$var wire 8 @ x1 [7:0] $end
$var wire 8 A x2 [7:0] $end
$var wire 8 B x3 [7:0] $end
$var wire 1 1 soc3 $end
$var wire 1 2 soc2 $end
$var wire 1 3 soc1 $end
$var wire 16 C result [15:0] $end
$var wire 1 5 dav_ $end
$var wire 1 D c2 $end
$var wire 1 E c1 $end
$var wire 1 F c0 $end
$var wire 1 G b4 $end
$var wire 1 H b3 $end
$var wire 1 I b1 $end
$scope module pc $end
$var wire 1 6 clock $end
$var wire 1 : reset_ $end
$var wire 1 D c2 $end
$var wire 1 E c1 $end
$var wire 1 F c0 $end
$var wire 1 G b4 $end
$var wire 1 H b3 $end
$var wire 1 I b1 $end
$var reg 2 J STAR [1:0] $end
$upscope $end
$scope module po $end
$var wire 1 I b1 $end
$var wire 1 H b3 $end
$var wire 1 G b4 $end
$var wire 1 F c0 $end
$var wire 1 E c1 $end
$var wire 1 D c2 $end
$var wire 1 6 clock $end
$var wire 1 5 dav_ $end
$var wire 1 7 eoc1 $end
$var wire 1 8 eoc2 $end
$var wire 1 9 eoc3 $end
$var wire 1 : reset_ $end
$var wire 16 K result [15:0] $end
$var wire 1 ; rfd $end
$var wire 1 3 soc1 $end
$var wire 1 2 soc2 $end
$var wire 1 1 soc3 $end
$var wire 8 L x1 [7:0] $end
$var wire 8 M x2 [7:0] $end
$var wire 8 N x3 [7:0] $end
$var wire 13 O expr [12:0] $end
$var reg 1 P DAV_ $end
$var reg 16 Q RESULT [15:0] $end
$var reg 1 R SOC $end
$scope module e $end
$var wire 8 S x1 [7:0] $end
$var wire 8 T x2 [7:0] $end
$var wire 8 U x3 [7:0] $end
$var wire 10 V rInter [9:0] $end
$var wire 13 W expr [12:0] $end
$scope module mul_1 $end
$var wire 8 X c [7:0] $end
$var wire 8 Y x [7:0] $end
$var wire 2 Z y [1:0] $end
$var wire 10 [ m [9:0] $end
$upscope $end
$scope module mul_2 $end
$var wire 10 \ c [9:0] $end
$var wire 10 ] x [9:0] $end
$var wire 3 ^ y [2:0] $end
$var wire 13 _ m [12:0] $end
$upscope $end
$upscope $end
$upscope $end
$upscope $end
$scope fork f $end
$scope begin consumer $end
$var reg 16 ` expected_result [15:0] $end
$var reg 5 a i [4:0] $end
$var reg 8 b v1 [7:0] $end
$var reg 8 c v2 [7:0] $end
$var reg 8 d v3 [7:0] $end
$upscope $end
$scope begin producer_1 $end
$var reg 16 e expected_result [15:0] $end
$var reg 5 f i [4:0] $end
$var reg 8 g v1 [7:0] $end
$var reg 8 h v2 [7:0] $end
$var reg 8 i v3 [7:0] $end
$upscope $end
$scope begin producer_2 $end
$var reg 16 j expected_result [15:0] $end
$var reg 5 k i [4:0] $end
$var reg 8 l v1 [7:0] $end
$var reg 8 m v2 [7:0] $end
$var reg 8 n v3 [7:0] $end
$upscope $end
$scope begin producer_3 $end
$var reg 16 o expected_result [15:0] $end
$var reg 5 p i [4:0] $end
$var reg 8 q v1 [7:0] $end
$var reg 8 r v2 [7:0] $end
$var reg 8 s v3 [7:0] $end
$upscope $end
$upscope $end
$upscope $end
$enddefinitions $end
#0
$dumpvars
bx s
bx r
bx q
bx p
bx o
bx n
bx m
bx l
bx k
bx j
bx i
bx h
bx g
bx f
bx e
bx d
bx c
bx b
bx a
bx `
bx _
b101 ^
bx ]
b0xxxxxxxx \
bx [
b11 Z
bx Y
bx X
bx W
bx V
bx U
bx T
bx S
xR
bx Q
xP
bx O
bx N
bx M
bx L
bx K
bx J
xI
xH
xG
0F
1E
0D
bx C
bx B
bx A
bx @
0?
bx >
bx =
bx <
1;
0:
19
18
17
06
x5
bx 4
x3
x2
x1
x0
bx /
x.
bz -
bz ,
z+
x*
x)
bz (
bz '
x&
bx %
bz $
bz #
x"
z!
$end
#1
0I
0H
0G
b0 J
01
02
03
0R
05
0P
b0 4
b0 C
b0 K
b0 Q
#5
16
1?
b1010 g
b10100 h
b11110 i
b101111100 e
b0 f
b1010 l
b10100 m
b11110 n
b101111100 j
b0 k
b1010 q
b10100 r
b11110 s
b101111100 o
b0 p
b1010 b
b10100 c
b11110 d
b101111100 `
b0 a
1:
#8
11
12
13
1R
#10
06
0?
#15
16
1?
#18
0E
07
#20
06
0?
#25
16
1?
#28
08
#30
06
0?
#35
16
1?
#38
1F
09
#40
06
0?
#45
16
1?
#48
1G
b1 J
#50
06
0?
#55
16
1?
#58
b0xxxxxxxxxxxxx 4
b0xxxxxxxxxxxxx C
b0xxxxxxxxxxxxx K
b0xxxxxxxxxxxxx Q
01
02
03
0R
#60
06
0?
#65
16
1?
#68
b1010 <
b1010 @
b1010 L
b1010 S
b1010 X
#70
06
0?
#75
16
1?
#78
0F
b10110 g
b100001 h
b1011 i
b1001101000 e
b1 f
17
b10100 =
b10100 A
b10100 M
b10100 T
b10100 Y
#79
b1000110 V
b1000110 [
b1000110 ]
#80
06
0?
#85
16
1?
#88
b11110 \
b11110 >
b11110 B
b11110 N
b11110 U
#89
b101111100 O
b101111100 W
b101111100 _
#90
06
0?
#95
16
1?
#98
b101111100 4
b101111100 C
b101111100 K
b101111100 Q
b10110 l
b100001 m
b1011 n
b1001101000 j
b1 k
18
#100
06
0?
#105
16
1?
#110
06
0?
#115
16
1?
#118
1E
b10110 q
b100001 r
b1011 s
b1001101000 o
b1 p
19
#120
06
0?
#125
16
1?
#128
1I
0G
b10 J
#130
06
0?
#135
16
1?
#140
06
0?
#145
16
1?
#150
06
0?
#155
16
1?
#160
06
0?
#165
16
1?
#170
06
0?
#175
16
1?
#180
06
0?
#185
16
1?
#190
06
0?
#195
16
1?
#200
06
0?
#205
16
1?
#210
06
0?
#215
16
1?
#220
06
0?
#225
16
1?
#230
06
0?
#235
16
1?
#240
06
0?
#245
16
1?
#250
06
0?
#255
16
1?
#260
06
0?
#265
16
1?
#270
06
0?
#275
16
1?
#280
06
0?
#285
16
1?
#290
06
0?
#295
16
1?
#300
06
0?
#305
16
1?
#310
06
0?
#315
16
1?
#320
06
0?
#325
16
1?
#330
06
0?
#335
16
1?
#340
06
0?
#345
16
1?
#350
06
0?
#355
16
1?
#360
06
0?
#365
16
1?
#370
06
0?
#375
16
1?
#380
06
0?
#385
16
1?
#390
06
0?
#395
16
1?
#400
06
0?
#405
16
1?
#410
06
0?
#415
16
1?
#420
06
0?
#425
16
1?
#430
06
0?
#435
16
1?
#440
06
0?
#445
16
1?
#450
06
0?
#455
16
1?
#460
06
0?
#465
16
1?
#470
06
0?
#475
16
1?
#480
06
0?
#485
16
1?
#490
06
0?
#495
16
1?
#500
06
0?
#505
16
1?
#510
06
0?
#515
16
1?
#520
06
0?
#525
16
1?
#530
06
0?
#535
16
1?
#540
06
0?
#545
16
1?
#550
06
0?
#555
16
1?
#560
06
0?
#565
16
1?
#570
06
0?
#575
16
1?
#580
06
0?
#585
16
1?
#590
06
0?
#595
16
1?
#600
06
0?
#605
16
1?
#610
06
0?
#615
16
1?
#620
06
0?
#625
16
1?
#630
06
0?
#635
16
1?
#640
06
0?
#645
16
1?
#650
06
0?
#655
16
1?
#660
06
0?
#665
16
1?
#670
06
0?
#675
16
1?
#680
06
0?
#685
16
1?
#690
06
0?
#695
16
1?
#700
06
0?
#705
16
1?
#710
06
0?
#715
16
1?
#720
06
0?
#725
16
1?
#730
06
0?
#735
16
1?
#740
06
0?
#745
16
1?
#750
06
0?
#755
16
1?
#760
06
0?
#765
16
1?
#770
06
0?
#775
16
1?
#780
06
0?
#785
16
1?
#790
06
0?
#795
16
1?
#800
06
0?
#805
16
1?
#810
06
0?
#815
16
1?
#820
06
0?
#825
16
1?
#830
06
0?
#835
16
1?
#840
06
0?
#845
16
1?
#850
06
0?
#855
16
1?
#860
06
0?
#865
16
1?
#870
06
0?
#875
16
1?
#880
06
0?
#885
16
1?
#890
06
0?
#895
16
1?
#900
06
0?
#905
16
1?
#910
06
0?
#915
16
1?
#920
06
0?
#925
16
1?
#930
06
0?
#935
16
1?
#940
06
0?
#945
16
1?
#950
06
0?
#955
16
1?
#960
06
0?
#965
16
1?
#970
06
0?
#975
16
1?
#980
06
0?
#985
16
1?
#990
06
0?
#995
16
1?
#1000
06
0?
#1005
16
1?
#1010
06
0?
#1015
16
1?
#1020
06
0?
#1025
16
1?
#1030
06
0?
#1035
16
1?
#1040
06
0?
#1045
16
1?
#1050
06
0?
#1055
16
1?
#1060
06
0?
#1065
16
1?
#1070
06
0?
#1075
16
1?
#1080
06
0?
#1085
16
1?
#1090
06
0?
#1095
16
1?
#1100
06
0?
#1105
16
1?
#1110
06
0?
#1115
16
1?
#1120
06
0?
#1125
16
1?
#1130
06
0?
#1135
16
1?
#1140
06
0?
#1145
16
1?
#1150
06
0?
#1155
16
1?
#1160
06
0?
#1165
16
1?
#1170
06
0?
#1175
16
1?
#1180
06
0?
#1185
16
1?
#1190
06
0?
#1195
16
1?
#1200
06
0?
#1205
16
1?
#1210
06
0?
#1215
16
1?
#1220
06
0?
#1225
16
1?
#1230
06
0?
#1235
16
1?
#1240
06
0?
#1245
16
1?
#1250
06
0?
#1255
16
1?
#1260
06
0?
#1265
16
1?
#1270
06
0?
#1275
16
1?
#1280
06
0?
#1285
16
1?
#1290
06
0?
#1295
16
1?
#1300
06
0?
#1305
16
1?
#1310
06
0?
#1315
16
1?
#1320
06
0?
#1325
16
1?
#1330
06
0?
#1335
16
1?
#1340
06
0?
#1345
16
1?
#1350
06
0?
#1355
16
1?
#1360
06
0?
#1365
16
1?
#1370
06
0?
#1375
16
1?
#1380
06
0?
#1385
16
1?
#1390
06
0?
#1395
16
1?
#1400
06
0?
#1405
16
1?
#1410
06
0?
#1415
16
1?
#1420
06
0?
#1425
16
1?
#1430
06
0?
#1435
16
1?
#1440
06
0?
#1445
16
1?
#1450
06
0?
#1455
16
1?
#1460
06
0?
#1465
16
1?
#1470
06
0?
#1475
16
1?
#1480
06
0?
#1485
16
1?
#1490
06
0?
#1495
16
1?
#1500
06
0?
#1505
16
1?
#1510
06
0?
#1515
16
1?
#1520
06
0?
#1525
16
1?
#1530
06
0?
#1535
16
1?
#1540
06
0?
#1545
16
1?
#1550
06
0?
#1555
16
1?
#1560
06
0?
#1565
16
1?
#1570
06
0?
#1575
16
1?
#1580
06
0?
#1585
16
1?
#1590
06
0?
#1595
16
1?
#1600
06
0?
#1605
16
1?
#1610
06
0?
#1615
16
1?
#1620
06
0?
#1625
16
1?
#1630
06
0?
#1635
16
1?
#1640
06
0?
#1645
16
1?
#1650
06
0?
#1655
16
1?
#1660
06
0?
#1665
16
1?
#1670
06
0?
#1675
16
1?
#1680
06
0?
#1685
16
1?
#1690
06
0?
#1695
16
1?
#1700
06
0?
#1705
16
1?
#1710
06
0?
#1715
16
1?
#1720
06
0?
#1725
16
1?
#1730
06
0?
#1735
16
1?
#1740
06
0?
#1745
16
1?
#1750
06
0?
#1755
16
1?
#1760
06
0?
#1765
16
1?
#1770
06
0?
#1775
16
1?
#1780
06
0?
#1785
16
1?
#1790
06
0?
#1795
16
1?
#1800
06
0?
#1805
16
1?
#1810
06
0?
#1815
16
1?
#1820
06
0?
#1825
16
1?
#1830
06
0?
#1835
16
1?
#1840
06
0?
#1845
16
1?
#1850
06
0?
#1855
16
1?
#1860
06
0?
#1865
16
1?
#1870
06
0?
#1875
16
1?
#1880
06
0?
#1885
16
1?
#1890
06
0?
#1895
16
1?
#1900
06
0?
#1905
16
1?
#1910
06
0?
#1915
16
1?
#1920
06
0?
#1925
16
1?
#1930
06
0?
#1935
16
1?
#1940
06
0?
#1945
16
1?
#1950
06
0?
#1955
16
1?
#1960
06
0?
#1965
16
1?
#1970
06
0?
#1975
16
1?
#1980
06
0?
#1985
16
1?
#1990
06
0?
#1995
16
1?
#2000
06
0?
#2005
16
1?
#2010
06
0?
#2015
16
1?
#2020
06
0?
#2025
16
1?
#2030
06
0?
#2035
16
1?
#2040
06
0?
#2045
16
1?
#2050
06
0?
#2055
16
1?
#2060
06
0?
#2065
16
1?
#2070
06
0?
#2075
16
1?
#2080
06
0?
#2085
16
1?
#2090
06
0?
#2095
16
1?
#2100
06
0?
#2105
16
1?
#2110
06
0?
#2115
16
1?
#2120
06
0?
#2125
16
1?
#2130
06
0?
#2135
16
1?
#2140
06
0?
#2145
16
1?
#2150
06
0?
#2155
16
1?
#2160
06
0?
#2165
16
1?
#2170
06
0?
#2175
16
1?
#2180
06
0?
#2185
16
1?
#2190
06
0?
#2195
16
1?
#2200
06
0?
#2205
16
1?
#2210
06
0?
#2215
16
1?
#2220
06
0?
#2225
16
1?
#2230
06
0?
#2235
16
1?
#2240
06
0?
#2245
16
1?
#2250
06
0?
#2255
16
1?
#2260
06
0?
#2265
16
1?
#2270
06
0?
#2275
16
1?
#2280
06
0?
#2285
16
1?
#2290
06
0?
#2295
16
1?
#2300
06
0?
#2305
16
1?
#2310
06
0?
#2315
16
1?
#2320
06
0?
#2325
16
1?
#2330
06
0?
#2335
16
1?
#2340
06
0?
#2345
16
1?
#2350
06
0?
#2355
16
1?
#2360
06
0?
#2365
16
1?
#2370
06
0?
#2375
16
1?
#2380
06
0?
#2385
16
1?
#2390
06
0?
#2395
16
1?
#2400
06
0?
#2405
16
1?
#2410
06
0?
#2415
16
1?
#2420
06
0?
#2425
16
1?
#2430
06
0?
#2435
16
1?
#2440
06
0?
#2445
16
1?
#2450
06
0?
#2455
16
1?
#2460
06
0?
#2465
16
1?
#2470
06
0?
#2475
16
1?
#2480
06
0?
#2485
16
1?
#2490
06
0?
#2495
16
1?
#2500
06
0?
#2505
16
1?
#2510
06
0?
#2515
16
1?
#2520
06
0?
#2525
16
1?
#2530
06
0?
#2535
16
1?
#2540
06
0?
#2545
16
1?
#2550
06
0?
#2555
16
1?
#2560
06
0?
#2565
16
1?
#2570
06
0?
#2575
16
1?
#2580
06
0?
#2585
16
1?
#2590
06
0?
#2595
16
1?
#2600
06
0?
#2605
16
1?
#2610
06
0?
#2615
16
1?
#2620
06
0?
#2625
16
1?
#2630
06
0?
#2635
16
1?
#2640
06
0?
#2645
16
1?
#2650
06
0?
#2655
16
1?
#2660
06
0?
#2665
16
1?
#2670
06
0?
#2675
16
1?
#2680
06
0?
#2685
16
1?
#2690
06
0?
#2695
16
1?
#2700
06
0?
#2705
16
1?
#2710
06
0?
#2715
16
1?
#2720
06
0?
#2725
16
1?
#2730
06
0?
#2735
16
1?
#2740
06
0?
#2745
16
1?
#2750
06
0?
#2755
16
1?
#2760
06
0?
#2765
16
1?
#2770
06
0?
#2775
16
1?
#2780
06
0?
#2785
16
1?
#2790
06
0?
#2795
16
1?
#2800
06
0?
#2805
16
1?
#2810
06
0?
#2815
16
1?
#2820
06
0?
#2825
16
1?
#2830
06
0?
#2835
16
1?
#2840
06
0?
#2845
16
1?
#2850
06
0?
#2855
16
1?
#2860
06
0?
#2865
16
1?
#2870
06
0?
#2875
16
1?
#2880
06
0?
#2885
16
1?
#2890
06
0?
#2895
16
1?
#2900
06
0?
#2905
16
1?
#2910
06
0?
#2915
16
1?
#2920
06
0?
#2925
16
1?
#2930
06
0?
#2935
16
1?
#2940
06
0?
#2945
16
1?
#2950
06
0?
#2955
16
1?
#2960
06
0?
#2965
16
1?
#2970
06
0?
#2975
16
1?
#2980
06
0?
#2985
16
1?
#2990
06
0?
#2995
16
1?
#3000
06
0?
#3005
16
1?
#3010
06
0?
#3015
16
1?
#3020
06
0?
#3025
16
1?
#3030
06
0?
#3035
16
1?
#3040
06
0?
#3045
16
1?
#3050
06
0?
#3055
16
1?
#3060
06
0?
#3065
16
1?
#3070
06
0?
#3075
16
1?
#3080
06
0?
#3085
16
1?
#3090
06
0?
#3095
16
1?
#3100
06
0?
#3105
16
1?
#3110
06
0?
#3115
16
1?
#3120
06
0?
#3125
16
1?
#3130
06
0?
#3135
16
1?
#3140
06
0?
#3145
16
1?
#3150
06
0?
#3155
16
1?
#3160
06
0?
#3165
16
1?
#3170
06
0?
#3175
16
1?
#3180
06
0?
#3185
16
1?
#3190
06
0?
#3195
16
1?
#3200
06
0?
#3205
16
1?
#3210
06
0?
#3215
16
1?
#3220
06
0?
#3225
16
1?
#3230
06
0?
#3235
16
1?
#3240
06
0?
#3245
16
1?
#3250
06
0?
#3255
16
1?
#3260
06
0?
#3265
16
1?
#3270
06
0?
#3275
16
1?
#3280
06
0?
#3285
16
1?
#3290
06
0?
#3295
16
1?
#3300
06
0?
#3305
16
1?
#3310
06
0?
#3315
16
1?
#3320
06
0?
#3325
16
1?
#3330
06
0?
#3335
16
1?
#3340
06
0?
#3345
16
1?
#3350
06
0?
#3355
16
1?
#3360
06
0?
#3365
16
1?
#3370
06
0?
#3375
16
1?
#3380
06
0?
#3385
16
1?
#3390
06
0?
#3395
16
1?
#3400
06
0?
#3405
16
1?
#3410
06
0?
#3415
16
1?
#3420
06
0?
#3425
16
1?
#3430
06
0?
#3435
16
1?
#3440
06
0?
#3445
16
1?
#3450
06
0?
#3455
16
1?
#3460
06
0?
#3465
16
1?
#3470
06
0?
#3475
16
1?
#3480
06
0?
#3485
16
1?
#3490
06
0?
#3495
16
1?
#3500
06
0?
#3505
16
1?
#3510
06
0?
#3515
16
1?
#3520
06
0?
#3525
16
1?
#3530
06
0?
#3535
16
1?
#3540
06
0?
#3545
16
1?
#3550
06
0?
#3555
16
1?
#3560
06
0?
#3565
16
1?
#3570
06
0?
#3575
16
1?
#3580
06
0?
#3585
16
1?
#3590
06
0?
#3595
16
1?
#3600
06
0?
#3605
16
1?
#3610
06
0?
#3615
16
1?
#3620
06
0?
#3625
16
1?
#3630
06
0?
#3635
16
1?
#3640
06
0?
#3645
16
1?
#3650
06
0?
#3655
16
1?
#3660
06
0?
#3665
16
1?
#3670
06
0?
#3675
16
1?
#3680
06
0?
#3685
16
1?
#3690
06
0?
#3695
16
1?
#3700
06
0?
#3705
16
1?
#3710
06
0?
#3715
16
1?
#3720
06
0?
#3725
16
1?
#3730
06
0?
#3735
16
1?
#3740
06
0?
#3745
16
1?
#3750
06
0?
#3755
16
1?
#3760
06
0?
#3765
16
1?
#3770
06
0?
#3775
16
1?
#3780
06
0?
#3785
16
1?
#3790
06
0?
#3795
16
1?
#3800
06
0?
#3805
16
1?
#3810
06
0?
#3815
16
1?
#3820
06
0?
#3825
16
1?
#3830
06
0?
#3835
16
1?
#3840
06
0?
#3845
16
1?
#3850
06
0?
#3855
16
1?
#3860
06
0?
#3865
16
1?
#3870
06
0?
#3875
16
1?
#3880
06
0?
#3885
16
1?
#3890
06
0?
#3895
16
1?
#3900
06
0?
#3905
16
1?
#3910
06
0?
#3915
16
1?
#3920
06
0?
#3925
16
1?
#3930
06
0?
#3935
16
1?
#3940
06
0?
#3945
16
1?
#3950
06
0?
#3955
16
1?
#3960
06
0?
#3965
16
1?
#3970
06
0?
#3975
16
1?
#3980
06
0?
#3985
16
1?
#3990
06
0?
#3995
16
1?
#4000
06
0?
#4005
16
1?
#4010
06
0?
#4015
16
1?
#4020
06
0?
#4025
16
1?
#4030
06
0?
#4035
16
1?
#4040
06
0?
#4045
16
1?
#4050
06
0?
#4055
16
1?
#4060
06
0?
#4065
16
1?
#4070
06
0?
#4075
16
1?
#4080
06
0?
#4085
16
1?
#4090
06
0?
#4095
16
1?
#4100
06
0?
#4105
16
1?
#4110
06
0?
#4115
16
1?
#4120
06
0?
#4125
16
1?
#4130
06
0?
#4135
16
1?
#4140
06
0?
#4145
16
1?
#4150
06
0?
#4155
16
1?
#4160
06
0?
#4165
16
1?
#4170
06
0?
#4175
16
1?
#4180
06
0?
#4185
16
1?
#4190
06
0?
#4195
16
1?
#4200
06
0?
#4205
16
1?
#4210
06
0?
#4215
16
1?
#4220
06
0?
#4225
16
1?
#4230
06
0?
#4235
16
1?
#4240
06
0?
#4245
16
1?
#4250
06
0?
#4255
16
1?
#4260
06
0?
#4265
16
1?
#4270
06
0?
#4275
16
1?
#4280
06
0?
#4285
16
1?
#4290
06
0?
#4295
16
1?
#4300
06
0?
#4305
16
1?
#4310
06
0?
#4315
16
1?
#4320
06
0?
#4325
16
1?
#4330
06
0?
#4335
16
1?
#4340
06
0?
#4345
16
1?
#4350
06
0?
#4355
16
1?
#4360
06
0?
#4365
16
1?
#4370
06
0?
#4375
16
1?
#4380
06
0?
#4385
16
1?
#4390
06
0?
#4395
16
1?
#4400
06
0?
#4405
16
1?
#4410
06
0?
#4415
16
1?
#4420
06
0?
#4425
16
1?
#4430
06
0?
#4435
16
1?
#4440
06
0?
#4445
16
1?
#4450
06
0?
#4455
16
1?
#4460
06
0?
#4465
16
1?
#4470
06
0?
#4475
16
1?
#4480
06
0?
#4485
16
1?
#4490
06
0?
#4495
16
1?
#4500
06
0?
#4505
16
1?
#4510
06
0?
#4515
16
1?
#4520
06
0?
#4525
16
1?
#4530
06
0?
#4535
16
1?
#4540
06
0?
#4545
16
1?
#4550
06
0?
#4555
16
1?
#4560
06
0?
#4565
16
1?
#4570
06
0?
#4575
16
1?
#4580
06
0?
#4585
16
1?
#4590
06
0?
#4595
16
1?
#4600
06
0?
#4605
16
1?
#4610
06
0?
#4615
16
1?
#4620
06
0?
#4625
16
1?
#4630
06
0?
#4635
16
1?
#4640
06
0?
#4645
16
1?
#4650
06
0?
#4655
16
1?
#4660
06
0?
#4665
16
1?
#4670
06
0?
#4675
16
1?
#4680
06
0?
#4685
16
1?
#4690
06
0?
#4695
16
1?
#4700
06
0?
#4705
16
1?
#4710
06
0?
#4715
16
1?
#4720
06
0?
#4725
16
1?
#4730
06
0?
#4735
16
1?
#4740
06
0?
#4745
16
1?
#4750
06
0?
#4755
16
1?
#4760
06
0?
#4765
16
1?
#4770
06
0?
#4775
16
1?
#4780
06
0?
#4785
16
1?
#4790
06
0?
#4795
16
1?
#4800
06
0?
#4805
16
1?
#4810
06
0?
#4815
16
1?
#4820
06
0?
#4825
16
1?
#4830
06
0?
#4835
16
1?
#4840
06
0?
#4845
16
1?
#4850
06
0?
#4855
16
1?
#4860
06
0?
#4865
16
1?
#4870
06
0?
#4875
16
1?
#4880
06
0?
#4885
16
1?
#4890
06
0?
#4895
16
1?
#4900
06
0?
#4905
16
1?
#4910
06
0?
#4915
16
1?
#4920
06
0?
#4925
16
1?
#4930
06
0?
#4935
16
1?
#4940
06
0?
#4945
16
1?
#4950
06
0?
#4955
16
1?
#4960
06
0?
#4965
16
1?
#4970
06
0?
#4975
16
1?
#4980
06
0?
#4985
16
1?
#4990
06
0?
#4995
16
1?
#5000
06
0?
#5005
16
1?
#5010
06
0?
#5015
16
1?
#5020
06
0?
#5025
16
1?
#5030
06
0?
#5035
16
1?
#5040
06
0?
#5045
16
1?
#5050
06
0?
#5055
16
1?
#5060
06
0?
#5065
16
1?
#5070
06
0?
#5075
16
1?
#5080
06
0?
#5085
16
1?
#5090
06
0?
#5095
16
1?
#5100
06
0?
#5105
16
1?
#5110
06
0?
#5115
16
1?
#5120
06
0?
#5125
16
1?
#5130
06
0?
#5135
16
1?
#5140
06
0?
#5145
16
1?
#5150
06
0?
#5155
16
1?
#5160
06
0?
#5165
16
1?
#5170
06
0?
#5175
16
1?
#5180
06
0?
#5185
16
1?
#5190
06
0?
#5195
16
1?
#5200
06
0?
#5205
16
1?
#5210
06
0?
#5215
16
1?
#5220
06
0?
#5225
16
1?
#5230
06
0?
#5235
16
1?
#5240
06
0?
#5245
16
1?
#5250
06
0?
#5255
16
1?
#5260
06
0?
#5265
16
1?
#5270
06
0?
#5275
16
1?
#5280
06
0?
#5285
16
1?
#5290
06
0?
#5295
16
1?
#5300
06
0?
#5305
16
1?
#5310
06
0?
#5315
16
1?
#5320
06
0?
#5325
16
1?
#5330
06
0?
#5335
16
1?
#5340
06
0?
#5345
16
1?
#5350
06
0?
#5355
16
1?
#5360
06
0?
#5365
16
1?
#5370
06
0?
#5375
16
1?
#5380
06
0?
#5385
16
1?
#5390
06
0?
#5395
16
1?
#5400
06
0?
#5405
16
1?
#5410
06
0?
#5415
16
1?
#5420
06
0?
#5425
16
1?
#5430
06
0?
#5435
16
1?
#5440
06
0?
#5445
16
1?
#5450
06
0?
#5455
16
1?
#5460
06
0?
#5465
16
1?
#5470
06
0?
#5475
16
1?
#5480
06
0?
#5485
16
1?
#5490
06
0?
#5495
16
1?
#5500
06
0?
#5505
16
1?
#5510
06
0?
#5515
16
1?
#5520
06
0?
#5525
16
1?
#5530
06
0?
#5535
16
1?
#5540
06
0?
#5545
16
1?
#5550
06
0?
#5555
16
1?
#5560
06
0?
#5565
16
1?
#5570
06
0?
#5575
16
1?
#5580
06
0?
#5585
16
1?
#5590
06
0?
#5595
16
1?
#5600
06
0?
#5605
16
1?
#5610
06
0?
#5615
16
1?
#5620
06
0?
#5625
16
1?
#5630
06
0?
#5635
16
1?
#5640
06
0?
#5645
16
1?
#5650
06
0?
#5655
16
1?
#5660
06
0?
#5665
16
1?
#5670
06
0?
#5675
16
1?
#5680
06
0?
#5685
16
1?
#5690
06
0?
#5695
16
1?
#5700
06
0?
#5705
16
1?
#5710
06
0?
#5715
16
1?
#5720
06
0?
#5725
16
1?
#5730
06
0?
#5735
16
1?
#5740
06
0?
#5745
16
1?
#5750
06
0?
#5755
16
1?
#5760
06
0?
#5765
16
1?
#5770
06
0?
#5775
16
1?
#5780
06
0?
#5785
16
1?
#5790
06
0?
#5795
16
1?
#5800
06
0?
#5805
16
1?
#5810
06
0?
#5815
16
1?
#5820
06
0?
#5825
16
1?
#5830
06
0?
#5835
16
1?
#5840
06
0?
#5845
16
1?
#5850
06
0?
#5855
16
1?
#5860
06
0?
#5865
16
1?
#5870
06
0?
#5875
16
1?
#5880
06
0?
#5885
16
1?
#5890
06
0?
#5895
16
1?
#5900
06
0?
#5905
16
1?
#5910
06
0?
#5915
16
1?
#5920
06
0?
#5925
16
1?
#5930
06
0?
#5935
16
1?
#5940
06
0?
#5945
16
1?
#5950
06
0?
#5955
16
1?
#5960
06
0?
#5965
16
1?
#5970
06
0?
#5975
16
1?
#5980
06
0?
#5985
16
1?
#5990
06
0?
#5995
16
1?
#6000
06
0?
#6005
16
1?
#6010
06
0?
#6015
16
1?
#6020
06
0?
#6025
16
1?
#6030
06
0?
#6035
16
1?
#6040
06
0?
#6045
16
1?
#6050
06
0?
#6055
16
1?
#6060
06
0?
#6065
16
1?
#6070
06
0?
#6075
16
1?
#6080
06
0?
#6085
16
1?
#6090
06
0?
#6095
16
1?
#6100
06
0?
#6105
16
1?
#6110
06
0?
#6115
16
1?
#6120
06
0?
#6125
16
1?
#6130
06
0?
#6135
16
1?
#6140
06
0?
#6145
16
1?
#6150
06
0?
#6155
16
1?
#6160
06
0?
#6165
16
1?
#6170
06
0?
#6175
16
1?
#6180
06
0?
#6185
16
1?
#6190
06
0?
#6195
16
1?
#6200
06
0?
#6205
16
1?
#6210
06
0?
#6215
16
1?
#6220
06
0?
#6225
16
1?
#6230
06
0?
#6235
16
1?
#6240
06
0?
#6245
16
1?
#6250
06
0?
#6255
16
1?
#6260
06
0?
#6265
16
1?
#6270
06
0?
#6275
16
1?
#6280
06
0?
#6285
16
1?
#6290
06
0?
#6295
16
1?
#6300
06
0?
#6305
16
1?
#6310
06
0?
#6315
16
1?
#6320
06
0?
#6325
16
1?
#6330
06
0?
#6335
16
1?
#6340
06
0?
#6345
16
1?
#6350
06
0?
#6355
16
1?
#6360
06
0?
#6365
16
1?
#6370
06
0?
#6375
16
1?
#6380
06
0?
#6385
16
1?
#6390
06
0?
#6395
16
1?
#6400
06
0?
#6405
16
1?
#6410
06
0?
#6415
16
1?
#6420
06
0?
#6425
16
1?
#6430
06
0?
#6435
16
1?
#6440
06
0?
#6445
16
1?
#6450
06
0?
#6455
16
1?
#6460
06
0?
#6465
16
1?
#6470
06
0?
#6475
16
1?
#6480
06
0?
#6485
16
1?
#6490
06
0?
#6495
16
1?
#6500
06
0?
#6505
16
1?
#6510
06
0?
#6515
16
1?
#6520
06
0?
#6525
16
1?
#6530
06
0?
#6535
16
1?
#6540
06
0?
#6545
16
1?
#6550
06
0?
#6555
16
1?
#6560
06
0?
#6565
16
1?
#6570
06
0?
#6575
16
1?
#6580
06
0?
#6585
16
1?
#6590
06
0?
#6595
16
1?
#6600
06
0?
#6605
16
1?
#6610
06
0?
#6615
16
1?
#6620
06
0?
#6625
16
1?
#6630
06
0?
#6635
16
1?
#6640
06
0?
#6645
16
1?
#6650
06
0?
#6655
16
1?
#6660
06
0?
#6665
16
1?
#6670
06
0?
#6675
16
1?
#6680
06
0?
#6685
16
1?
#6690
06
0?
#6695
16
1?
#6700
06
0?
#6705
16
1?
#6710
06
0?
#6715
16
1?
#6720
06
0?
#6725
16
1?
#6730
06
0?
#6735
16
1?
#6740
06
0?
#6745
16
1?
#6750
06
0?
#6755
16
1?
#6760
06
0?
#6765
16
1?
#6770
06
0?
#6775
16
1?
#6780
06
0?
#6785
16
1?
#6790
06
0?
#6795
16
1?
#6800
06
0?
#6805
16
1?
#6810
06
0?
#6815
16
1?
#6820
06
0?
#6825
16
1?
#6830
06
0?
#6835
16
1?
#6840
06
0?
#6845
16
1?
#6850
06
0?
#6855
16
1?
#6860
06
0?
#6865
16
1?
#6870
06
0?
#6875
16
1?
#6880
06
0?
#6885
16
1?
#6890
06
0?
#6895
16
1?
#6900
06
0?
#6905
16
1?
#6910
06
0?
#6915
16
1?
#6920
06
0?
#6925
16
1?
#6930
06
0?
#6935
16
1?
#6940
06
0?
#6945
16
1?
#6950
06
0?
#6955
16
1?
#6960
06
0?
#6965
16
1?
#6970
06
0?
#6975
16
1?
#6980
06
0?
#6985
16
1?
#6990
06
0?
#6995
16
1?
#7000
06
0?
#7005
16
1?
#7010
06
0?
#7015
16
1?
#7020
06
0?
#7025
16
1?
#7030
06
0?
#7035
16
1?
#7040
06
0?
#7045
16
1?
#7050
06
0?
#7055
16
1?
#7060
06
0?
#7065
16
1?
#7070
06
0?
#7075
16
1?
#7080
06
0?
#7085
16
1?
#7090
06
0?
#7095
16
1?
#7100
06
0?
#7105
16
1?
#7110
06
0?
#7115
16
1?
#7120
06
0?
#7125
16
1?
#7130
06
0?
#7135
16
1?
#7140
06
0?
#7145
16
1?
#7150
06
0?
#7155
16
1?
#7160
06
0?
#7165
16
1?
#7170
06
0?
#7175
16
1?
#7180
06
0?
#7185
16
1?
#7190
06
0?
#7195
16
1?
#7200
06
0?
#7205
16
1?
#7210
06
0?
#7215
16
1?
#7220
06
0?
#7225
16
1?
#7230
06
0?
#7235
16
1?
#7240
06
0?
#7245
16
1?
#7250
06
0?
#7255
16
1?
#7260
06
0?
#7265
16
1?
#7270
06
0?
#7275
16
1?
#7280
06
0?
#7285
16
1?
#7290
06
0?
#7295
16
1?
#7300
06
0?
#7305
16
1?
#7310
06
0?
#7315
16
1?
#7320
06
0?
#7325
16
1?
#7330
06
0?
#7335
16
1?
#7340
06
0?
#7345
16
1?
#7350
06
0?
#7355
16
1?
#7360
06
0?
#7365
16
1?
#7370
06
0?
#7375
16
1?
#7380
06
0?
#7385
16
1?
#7390
06
0?
#7395
16
1?
#7400
06
0?
#7405
16
1?
#7410
06
0?
#7415
16
1?
#7420
06
0?
#7425
16
1?
#7430
06
0?
#7435
16
1?
#7440
06
0?
#7445
16
1?
#7450
06
0?
#7455
16
1?
#7460
06
0?
#7465
16
1?
#7470
06
0?
#7475
16
1?
#7480
06
0?
#7485
16
1?
#7490
06
0?
#7495
16
1?
#7500
06
0?
#7505
16
1?
#7510
06
0?
#7515
16
1?
#7520
06
0?
#7525
16
1?
#7530
06
0?
#7535
16
1?
#7540
06
0?
#7545
16
1?
#7550
06
0?
#7555
16
1?
#7560
06
0?
#7565
16
1?
#7570
06
0?
#7575
16
1?
#7580
06
0?
#7585
16
1?
#7590
06
0?
#7595
16
1?
#7600
06
0?
#7605
16
1?
#7610
06
0?
#7615
16
1?
#7620
06
0?
#7625
16
1?
#7630
06
0?
#7635
16
1?
#7640
06
0?
#7645
16
1?
#7650
06
0?
#7655
16
1?
#7660
06
0?
#7665
16
1?
#7670
06
0?
#7675
16
1?
#7680
06
0?
#7685
16
1?
#7690
06
0?
#7695
16
1?
#7700
06
0?
#7705
16
1?
#7710
06
0?
#7715
16
1?
#7720
06
0?
#7725
16
1?
#7730
06
0?
#7735
16
1?
#7740
06
0?
#7745
16
1?
#7750
06
0?
#7755
16
1?
#7760
06
0?
#7765
16
1?
#7770
06
0?
#7775
16
1?
#7780
06
0?
#7785
16
1?
#7790
06
0?
#7795
16
1?
#7800
06
0?
#7805
16
1?
#7810
06
0?
#7815
16
1?
#7820
06
0?
#7825
16
1?
#7830
06
0?
#7835
16
1?
#7840
06
0?
#7845
16
1?
#7850
06
0?
#7855
16
1?
#7860
06
0?
#7865
16
1?
#7870
06
0?
#7875
16
1?
#7880
06
0?
#7885
16
1?
#7890
06
0?
#7895
16
1?
#7900
06
0?
#7905
16
1?
#7910
06
0?
#7915
16
1?
#7920
06
0?
#7925
16
1?
#7930
06
0?
#7935
16
1?
#7940
06
0?
#7945
16
1?
#7950
06
0?
#7955
16
1?
#7960
06
0?
#7965
16
1?
#7970
06
0?
#7975
16
1?
#7980
06
0?
#7985
16
1?
#7990
06
0?
#7995
16
1?
#8000
06
0?
#8005
16
1?
#8010
06
0?
#8015
16
1?
#8020
06
0?
#8025
16
1?
#8030
06
0?
#8035
16
1?
#8040
06
0?
#8045
16
1?
#8050
06
0?
#8055
16
1?
#8060
06
0?
#8065
16
1?
#8070
06
0?
#8075
16
1?
#8080
06
0?
#8085
16
1?
#8090
06
0?
#8095
16
1?
#8100
06
0?
#8105
16
1?
#8110
06
0?
#8115
16
1?
#8120
06
0?
#8125
16
1?
#8130
06
0?
#8135
16
1?
#8140
06
0?
#8145
16
1?
#8150
06
0?
#8155
16
1?
#8160
06
0?
#8165
16
1?
#8170
06
0?
#8175
16
1?
#8180
06
0?
#8185
16
1?
#8190
06
0?
#8195
16
1?
#8200
06
0?
#8205
16
1?
#8210
06
0?
#8215
16
1?
#8220
06
0?
#8225
16
1?
#8230
06
0?
#8235
16
1?
#8240
06
0?
#8245
16
1?
#8250
06
0?
#8255
16
1?
#8260
06
0?
#8265
16
1?
#8270
06
0?
#8275
16
1?
#8280
06
0?
#8285
16
1?
#8290
06
0?
#8295
16
1?
#8300
06
0?
#8305
16
1?
#8310
06
0?
#8315
16
1?
#8320
06
0?
#8325
16
1?
#8330
06
0?
#8335
16
1?
#8340
06
0?
#8345
16
1?
#8350
06
0?
#8355
16
1?
#8360
06
0?
#8365
16
1?
#8370
06
0?
#8375
16
1?
#8380
06
0?
#8385
16
1?
#8390
06
0?
#8395
16
1?
#8400
06
0?
#8405
16
1?
#8410
06
0?
#8415
16
1?
#8420
06
0?
#8425
16
1?
#8430
06
0?
#8435
16
1?
#8440
06
0?
#8445
16
1?
#8450
06
0?
#8455
16
1?
#8460
06
0?
#8465
16
1?
#8470
06
0?
#8475
16
1?
#8480
06
0?
#8485
16
1?
#8490
06
0?
#8495
16
1?
#8500
06
0?
#8505
16
1?
#8510
06
0?
#8515
16
1?
#8520
06
0?
#8525
16
1?
#8530
06
0?
#8535
16
1?
#8540
06
0?
#8545
16
1?
#8550
06
0?
#8555
16
1?
#8560
06
0?
#8565
16
1?
#8570
06
0?
#8575
16
1?
#8580
06
0?
#8585
16
1?
#8590
06
0?
#8595
16
1?
#8600
06
0?
#8605
16
1?
#8610
06
0?
#8615
16
1?
#8620
06
0?
#8625
16
1?
#8630
06
0?
#8635
16
1?
#8640
06
0?
#8645
16
1?
#8650
06
0?
#8655
16
1?
#8660
06
0?
#8665
16
1?
#8670
06
0?
#8675
16
1?
#8680
06
0?
#8685
16
1?
#8690
06
0?
#8695
16
1?
#8700
06
0?
#8705
16
1?
#8710
06
0?
#8715
16
1?
#8720
06
0?
#8725
16
1?
#8730
06
0?
#8735
16
1?
#8740
06
0?
#8745
16
1?
#8750
06
0?
#8755
16
1?
#8760
06
0?
#8765
16
1?
#8770
06
0?
#8775
16
1?
#8780
06
0?
#8785
16
1?
#8790
06
0?
#8795
16
1?
#8800
06
0?
#8805
16
1?
#8810
06
0?
#8815
16
1?
#8820
06
0?
#8825
16
1?
#8830
06
0?
#8835
16
1?
#8840
06
0?
#8845
16
1?
#8850
06
0?
#8855
16
1?
#8860
06
0?
#8865
16
1?
#8870
06
0?
#8875
16
1?
#8880
06
0?
#8885
16
1?
#8890
06
0?
#8895
16
1?
#8900
06
0?
#8905
16
1?
#8910
06
0?
#8915
16
1?
#8920
06
0?
#8925
16
1?
#8930
06
0?
#8935
16
1?
#8940
06
0?
#8945
16
1?
#8950
06
0?
#8955
16
1?
#8960
06
0?
#8965
16
1?
#8970
06
0?
#8975
16
1?
#8980
06
0?
#8985
16
1?
#8990
06
0?
#8995
16
1?
#9000
06
0?
#9005
16
1?
#9010
06
0?
#9015
16
1?
#9020
06
0?
#9025
16
1?
#9030
06
0?
#9035
16
1?
#9040
06
0?
#9045
16
1?
#9050
06
0?
#9055
16
1?
#9060
06
0?
#9065
16
1?
#9070
06
0?
#9075
16
1?
#9080
06
0?
#9085
16
1?
#9090
06
0?
#9095
16
1?
#9100
06
0?
#9105
16
1?
#9110
06
0?
#9115
16
1?
#9120
06
0?
#9125
16
1?
#9130
06
0?
#9135
16
1?
#9140
06
0?
#9145
16
1?
#9150
06
0?
#9155
16
1?
#9160
06
0?
#9165
16
1?
#9170
06
0?
#9175
16
1?
#9180
06
0?
#9185
16
1?
#9190
06
0?
#9195
16
1?
#9200
06
0?
#9205
16
1?
#9210
06
0?
#9215
16
1?
#9220
06
0?
#9225
16
1?
#9230
06
0?
#9235
16
1?
#9240
06
0?
#9245
16
1?
#9250
06
0?
#9255
16
1?
#9260
06
0?
#9265
16
1?
#9270
06
0?
#9275
16
1?
#9280
06
0?
#9285
16
1?
#9290
06
0?
#9295
16
1?
#9300
06
0?
#9305
16
1?
#9310
06
0?
#9315
16
1?
#9320
06
0?
#9325
16
1?
#9330
06
0?
#9335
16
1?
#9340
06
0?
#9345
16
1?
#9350
06
0?
#9355
16
1?
#9360
06
0?
#9365
16
1?
#9370
06
0?
#9375
16
1?
#9380
06
0?
#9385
16
1?
#9390
06
0?
#9395
16
1?
#9400
06
0?
#9405
16
1?
#9410
06
0?
#9415
16
1?
#9420
06
0?
#9425
16
1?
#9430
06
0?
#9435
16
1?
#9440
06
0?
#9445
16
1?
#9450
06
0?
#9455
16
1?
#9460
06
0?
#9465
16
1?
#9470
06
0?
#9475
16
1?
#9480
06
0?
#9485
16
1?
#9490
06
0?
#9495
16
1?
#9500
06
0?
#9505
16
1?
#9510
06
0?
#9515
16
1?
#9520
06
0?
#9525
16
1?
#9530
06
0?
#9535
16
1?
#9540
06
0?
#9545
16
1?
#9550
06
0?
#9555
16
1?
#9560
06
0?
#9565
16
1?
#9570
06
0?
#9575
16
1?
#9580
06
0?
#9585
16
1?
#9590
06
0?
#9595
16
1?
#9600
06
0?
#9605
16
1?
#9610
06
0?
#9615
16
1?
#9620
06
0?
#9625
16
1?
#9630
06
0?
#9635
16
1?
#9640
06
0?
#9645
16
1?
#9650
06
0?
#9655
16
1?
#9660
06
0?
#9665
16
1?
#9670
06
0?
#9675
16
1?
#9680
06
0?
#9685
16
1?
#9690
06
0?
#9695
16
1?
#9700
06
0?
#9705
16
1?
#9710
06
0?
#9715
16
1?
#9720
06
0?
#9725
16
1?
#9730
06
0?
#9735
16
1?
#9740
06
0?
#9745
16
1?
#9750
06
0?
#9755
16
1?
#9760
06
0?
#9765
16
1?
#9770
06
0?
#9775
16
1?
#9780
06
0?
#9785
16
1?
#9790
06
0?
#9795
16
1?
#9800
06
0?
#9805
16
1?
#9810
06
0?
#9815
16
1?
#9820
06
0?
#9825
16
1?
#9830
06
0?
#9835
16
1?
#9840
06
0?
#9845
16
1?
#9850
06
0?
#9855
16
1?
#9860
06
0?
#9865
16
1?
#9870
06
0?
#9875
16
1?
#9880
06
0?
#9885
16
1?
#9890
06
0?
#9895
16
1?
#9900
06
0?
#9905
16
1?
#9910
06
0?
#9915
16
1?
#9920
06
0?
#9925
16
1?
#9930
06
0?
#9935
16
1?
#9940
06
0?
#9945
16
1?
#9950
06
0?
#9955
16
1?
#9960
06
0?
#9965
16
1?
#9970
06
0?
#9975
16
1?
#9980
06
0?
#9985
16
1?
#9990
06
0?
#9995
16
1?
#10000
06
0?
#10005
16
1?
#10010
06
0?
#10015
16
1?
#10020
06
0?
#10025
16
1?
#10030
06
0?
#10035
16
1?
#10040
06
0?
#10045
16
1?
#10050
06
0?
#10055
16
1?
#10060
06
0?
#10065
16
1?
#10070
06
0?
#10075
16
1?
#10080
06
0?
#10085
16
1?
#10090
06
0?
#10095
16
1?
#10100
06
0?
#10105
16
1?
#10110
06
0?
#10115
16
1?
#10120
06
0?
#10125
16
1?
#10130
06
0?
#10135
16
1?
#10140
06
0?
#10145
16
1?
#10150
06
0?
#10155
16
1?
#10160
06
0?
#10165
16
1?
#10170
06
0?
#10175
16
1?
#10180
06
0?
#10185
16
1?
#10190
06
0?
#10195
16
1?
#10200
06
0?
#10205
16
1?
#10210
06
0?
#10215
16
1?
#10220
06
0?
#10225
16
1?
#10230
06
0?
#10235
16
1?
#10240
06
0?
#10245
16
1?
#10250
06
0?
#10255
16
1?
#10260
06
0?
#10265
16
1?
#10270
06
0?
#10275
16
1?
#10280
06
0?
#10285
16
1?
#10290
06
0?
#10295
16
1?
#10300
06
0?
#10305
16
1?
#10310
06
0?
#10315
16
1?
#10320
06
0?
#10325
16
1?
#10330
06
0?
#10335
16
1?
#10340
06
0?
#10345
16
1?
#10350
06
0?
#10355
16
1?
#10360
06
0?
#10365
16
1?
#10370
06
0?
#10375
16
1?
#10380
06
0?
#10385
16
1?
#10390
06
0?
#10395
16
1?
#10400
06
0?
#10405
16
1?
#10410
06
0?
#10415
16
1?
#10420
06
0?
#10425
16
1?
#10430
06
0?
#10435
16
1?
#10440
06
0?
#10445
16
1?
#10450
06
0?
#10455
16
1?
#10460
06
0?
#10465
16
1?
#10470
06
0?
#10475
16
1?
#10480
06
0?
#10485
16
1?
#10490
06
0?
#10495
16
1?
#10500
06
0?
#10505
16
1?
#10510
06
0?
#10515
16
1?
#10520
06
0?
#10525
16
1?
#10530
06
0?
#10535
16
1?
#10540
06
0?
#10545
16
1?
#10550
06
0?
#10555
16
1?
#10560
06
0?
#10565
16
1?
#10570
06
0?
#10575
16
1?
#10580
06
0?
#10585
16
1?
#10590
06
0?
#10595
16
1?
#10600
06
0?
#10605
16
1?
#10610
06
0?
#10615
16
1?
#10620
06
0?
#10625
16
1?
#10630
06
0?
#10635
16
1?
#10640
06
0?
#10645
16
1?
#10650
06
0?
#10655
16
1?
#10660
06
0?
#10665
16
1?
#10670
06
0?
#10675
16
1?
#10680
06
0?
#10685
16
1?
#10690
06
0?
#10695
16
1?
#10700
06
0?
#10705
16
1?
#10710
06
0?
#10715
16
1?
#10720
06
0?
#10725
16
1?
#10730
06
0?
#10735
16
1?
#10740
06
0?
#10745
16
1?
#10750
06
0?
#10755
16
1?
#10760
06
0?
#10765
16
1?
#10770
06
0?
#10775
16
1?
#10780
06
0?
#10785
16
1?
#10790
06
0?
#10795
16
1?
#10800
06
0?
#10805
16
1?
#10810
06
0?
#10815
16
1?
#10820
06
0?
#10825
16
1?
#10830
06
0?
#10835
16
1?
#10840
06
0?
#10845
16
1?
#10850
06
0?
#10855
16
1?
#10860
06
0?
#10865
16
1?
#10870
06
0?
#10875
16
1?
#10880
06
0?
#10885
16
1?
#10890
06
0?
#10895
16
1?
#10900
06
0?
#10905
16
1?
#10910
06
0?
#10915
16
1?
#10920
06
0?
#10925
16
1?
#10930
06
0?
#10935
16
1?
#10940
06
0?
#10945
16
1?
#10950
06
0?
#10955
16
1?
#10960
06
0?
#10965
16
1?
#10970
06
0?
#10975
16
1?
#10980
06
0?
#10985
16
1?
#10990
06
0?
#10995
16
1?
#11000
06
0?
#11005
16
1?
#11010
06
0?
#11015
16
1?
#11020
06
0?
#11025
16
1?
#11030
06
0?
#11035
16
1?
#11040
06
0?
#11045
16
1?
#11050
06
0?
#11055
16
1?
#11060
06
0?
#11065
16
1?
#11070
06
0?
#11075
16
1?
#11080
06
0?
#11085
16
1?
#11090
06
0?
#11095
16
1?
#11100
06
0?
#11105
16
1?
#11110
06
0?
#11115
16
1?
#11120
06
0?
#11125
16
1?
#11130
06
0?
#11135
16
1?
#11140
06
0?
#11145
16
1?
#11150
06
0?
#11155
16
1?
#11160
06
0?
#11165
16
1?
#11170
06
0?
#11175
16
1?
#11180
06
0?
#11185
16
1?
#11190
06
0?
#11195
16
1?
#11200
06
0?
#11205
16
1?
#11210
06
0?
#11215
16
1?
#11220
06
0?
#11225
16
1?
#11230
06
0?
#11235
16
1?
#11240
06
0?
#11245
16
1?
#11250
06
0?
#11255
16
1?
#11260
06
0?
#11265
16
1?
#11270
06
0?
#11275
16
1?
#11280
06
0?
#11285
16
1?
#11290
06
0?
#11295
16
1?
#11300
06
0?
#11305
16
1?
#11310
06
0?
#11315
16
1?
#11320
06
0?
#11325
16
1?
#11330
06
0?
#11335
16
1?
#11340
06
0?
#11345
16
1?
#11350
06
0?
#11355
16
1?
#11360
06
0?
#11365
16
1?
#11370
06
0?
#11375
16
1?
#11380
06
0?
#11385
16
1?
#11390
06
0?
#11395
16
1?
#11400
06
0?
#11405
16
1?
#11410
06
0?
#11415
16
1?
#11420
06
0?
#11425
16
1?
#11430
06
0?
#11435
16
1?
#11440
06
0?
#11445
16
1?
#11450
06
0?
#11455
16
1?
#11460
06
0?
#11465
16
1?
#11470
06
0?
#11475
16
1?
#11480
06
0?
#11485
16
1?
#11490
06
0?
#11495
16
1?
#11500
06
0?
#11505
16
1?
#11510
06
0?
#11515
16
1?
#11520
06
0?
#11525
16
1?
#11530
06
0?
#11535
16
1?
#11540
06
0?
#11545
16
1?
#11550
06
0?
#11555
16
1?
#11560
06
0?
#11565
16
1?
#11570
06
0?
#11575
16
1?
#11580
06
0?
#11585
16
1?
#11590
06
0?
#11595
16
1?
#11600
06
0?
#11605
16
1?
#11610
06
0?
#11615
16
1?
#11620
06
0?
#11625
16
1?
#11630
06
0?
#11635
16
1?
#11640
06
0?
#11645
16
1?
#11650
06
0?
#11655
16
1?
#11660
06
0?
#11665
16
1?
#11670
06
0?
#11675
16
1?
#11680
06
0?
#11685
16
1?
#11690
06
0?
#11695
16
1?
#11700
06
0?
#11705
16
1?
#11710
06
0?
#11715
16
1?
#11720
06
0?
#11725
16
1?
#11730
06
0?
#11735
16
1?
#11740
06
0?
#11745
16
1?
#11750
06
0?
#11755
16
1?
#11760
06
0?
#11765
16
1?
#11770
06
0?
#11775
16
1?
#11780
06
0?
#11785
16
1?
#11790
06
0?
#11795
16
1?
#11800
06
0?
#11805
16
1?
#11810
06
0?
#11815
16
1?
#11820
06
0?
#11825
16
1?
#11830
06
0?
#11835
16
1?
#11840
06
0?
#11845
16
1?
#11850
06
0?
#11855
16
1?
#11860
06
0?
#11865
16
1?
#11870
06
0?
#11875
16
1?
#11880
06
0?
#11885
16
1?
#11890
06
0?
#11895
16
1?
#11900
06
0?
#11905
16
1?
#11910
06
0?
#11915
16
1?
#11920
06
0?
#11925
16
1?
#11930
06
0?
#11935
16
1?
#11940
06
0?
#11945
16
1?
#11950
06
0?
#11955
16
1?
#11960
06
0?
#11965
16
1?
#11970
06
0?
#11975
16
1?
#11980
06
0?
#11985
16
1?
#11990
06
0?
#11995
16
1?
#12000
06
0?
#12005
16
1?
#12010
06
0?
#12015
16
1?
#12020
06
0?
#12025
16
1?
#12030
06
0?
#12035
16
1?
#12040
06
0?
#12045
16
1?
#12050
06
0?
#12055
16
1?
#12060
06
0?
#12065
16
1?
#12070
06
0?
#12075
16
1?
#12080
06
0?
#12085
16
1?
#12090
06
0?
#12095
16
1?
#12100
06
0?
#12105
16
1?
#12110
06
0?
#12115
16
1?
#12120
06
0?
#12125
16
1?
#12130
06
0?
#12135
16
1?
#12140
06
0?
#12145
16
1?
#12150
06
0?
#12155
16
1?
#12160
06
0?
#12165
16
1?
#12170
06
0?
#12175
16
1?
#12180
06
0?
#12185
16
1?
#12190
06
0?
#12195
16
1?
#12200
06
0?
#12205
16
1?
#12210
06
0?
#12215
16
1?
#12220
06
0?
#12225
16
1?
#12230
06
0?
#12235
16
1?
#12240
06
0?
#12245
16
1?
#12250
06
0?
#12255
16
1?
#12260
06
0?
#12265
16
1?
#12270
06
0?
#12275
16
1?
#12280
06
0?
#12285
16
1?
#12290
06
0?
#12295
16
1?
#12300
06
0?
#12305
16
1?
#12310
06
0?
#12315
16
1?
#12320
06
0?
#12325
16
1?
#12330
06
0?
#12335
16
1?
#12340
06
0?
#12345
16
1?
#12350
06
0?
#12355
16
1?
#12360
06
0?
#12365
16
1?
#12370
06
0?
#12375
16
1?
#12380
06
0?
#12385
16
1?
#12390
06
0?
#12395
16
1?
#12400
06
0?
#12405
16
1?
#12410
06
0?
#12415
16
1?
#12420
06
0?
#12425
16
1?
#12430
06
0?
#12435
16
1?
#12440
06
0?
#12445
16
1?
#12450
06
0?
#12455
16
1?
#12460
06
0?
#12465
16
1?
#12470
06
0?
#12475
16
1?
#12480
06
0?
#12485
16
1?
#12490
06
0?
#12495
16
1?
#12500
06
0?
#12505
16
1?
#12510
06
0?
#12515
16
1?
#12520
06
0?
#12525
16
1?
#12530
06
0?
#12535
16
1?
#12540
06
0?
#12545
16
1?
#12550
06
0?
#12555
16
1?
#12560
06
0?
#12565
16
1?
#12570
06
0?
#12575
16
1?
#12580
06
0?
#12585
16
1?
#12590
06
0?
#12595
16
1?
#12600
06
0?
#12605
16
1?
#12610
06
0?
#12615
16
1?
#12620
06
0?
#12625
16
1?
#12630
06
0?
#12635
16
1?
#12640
06
0?
#12645
16
1?
#12650
06
0?
#12655
16
1?
#12660
06
0?
#12665
16
1?
#12670
06
0?
#12675
16
1?
#12680
06
0?
#12685
16
1?
#12690
06
0?
#12695
16
1?
#12700
06
0?
#12705
16
1?
#12710
06
0?
#12715
16
1?
#12720
06
0?
#12725
16
1?
#12730
06
0?
#12735
16
1?
#12740
06
0?
#12745
16
1?
#12750
06
0?
#12755
16
1?
#12760
06
0?
#12765
16
1?
#12770
06
0?
#12775
16
1?
#12780
06
0?
#12785
16
1?
#12790
06
0?
#12795
16
1?
#12800
06
0?
#12805
16
1?
#12810
06
0?
#12815
16
1?
#12820
06
0?
#12825
16
1?
#12830
06
0?
#12835
16
1?
#12840
06
0?
#12845
16
1?
#12850
06
0?
#12855
16
1?
#12860
06
0?
#12865
16
1?
#12870
06
0?
#12875
16
1?
#12880
06
0?
#12885
16
1?
#12890
06
0?
#12895
16
1?
#12900
06
0?
#12905
16
1?
#12910
06
0?
#12915
16
1?
#12920
06
0?
#12925
16
1?
#12930
06
0?
#12935
16
1?
#12940
06
0?
#12945
16
1?
#12950
06
0?
#12955
16
1?
#12960
06
0?
#12965
16
1?
#12970
06
0?
#12975
16
1?
#12980
06
0?
#12985
16
1?
#12990
06
0?
#12995
16
1?
#13000
06
0?
#13005
16
1?
#13010
06
0?
#13015
16
1?
#13020
06
0?
#13025
16
1?
#13030
06
0?
#13035
16
1?
#13040
06
0?
#13045
16
1?
#13050
06
0?
#13055
16
1?
#13060
06
0?
#13065
16
1?
#13070
06
0?
#13075
16
1?
#13080
06
0?
#13085
16
1?
#13090
06
0?
#13095
16
1?
#13100
06
0?
#13105
16
1?
#13110
06
0?
#13115
16
1?
#13120
06
0?
#13125
16
1?
#13130
06
0?
#13135
16
1?
#13140
06
0?
#13145
16
1?
#13150
06
0?
#13155
16
1?
#13160
06
0?
#13165
16
1?
#13170
06
0?
#13175
16
1?
#13180
06
0?
#13185
16
1?
#13190
06
0?
#13195
16
1?
#13200
06
0?
#13205
16
1?
#13210
06
0?
#13215
16
1?
#13220
06
0?
#13225
16
1?
#13230
06
0?
#13235
16
1?
#13240
06
0?
#13245
16
1?
#13250
06
0?
#13255
16
1?
#13260
06
0?
#13265
16
1?
#13270
06
0?
#13275
16
1?
#13280
06
0?
#13285
16
1?
#13290
06
0?
#13295
16
1?
#13300
06
0?
#13305
16
1?
#13310
06
0?
#13315
16
1?
#13320
06
0?
#13325
16
1?
#13330
06
0?
#13335
16
1?
#13340
06
0?
#13345
16
1?
#13350
06
0?
#13355
16
1?
#13360
06
0?
#13365
16
1?
#13370
06
0?
#13375
16
1?
#13380
06
0?
#13385
16
1?
#13390
06
0?
#13395
16
1?
#13400
06
0?
#13405
16
1?
#13410
06
0?
#13415
16
1?
#13420
06
0?
#13425
16
1?
#13430
06
0?
#13435
16
1?
#13440
06
0?
#13445
16
1?
#13450
06
0?
#13455
16
1?
#13460
06
0?
#13465
16
1?
#13470
06
0?
#13475
16
1?
#13480
06
0?
#13485
16
1?
#13490
06
0?
#13495
16
1?
#13500
06
0?
#13505
16
1?
#13510
06
0?
#13515
16
1?
#13520
06
0?
#13525
16
1?
#13530
06
0?
#13535
16
1?
#13540
06
0?
#13545
16
1?
#13550
06
0?
#13555
16
1?
#13560
06
0?
#13565
16
1?
#13570
06
0?
#13575
16
1?
#13580
06
0?
#13585
16
1?
#13590
06
0?
#13595
16
1?
#13600
06
0?
#13605
16
1?
#13610
06
0?
#13615
16
1?
#13620
06
0?
#13625
16
1?
#13630
06
0?
#13635
16
1?
#13640
06
0?
#13645
16
1?
#13650
06
0?
#13655
16
1?
#13660
06
0?
#13665
16
1?
#13670
06
0?
#13675
16
1?
#13680
06
0?
#13685
16
1?
#13690
06
0?
#13695
16
1?
#13700
06
0?
#13705
16
1?
#13710
06
0?
#13715
16
1?
#13720
06
0?
#13725
16
1?
#13730
06
0?
#13735
16
1?
#13740
06
0?
#13745
16
1?
#13750
06
0?
#13755
16
1?
#13760
06
0?
#13765
16
1?
#13770
06
0?
#13775
16
1?
#13780
06
0?
#13785
16
1?
#13790
06
0?
#13795
16
1?
#13800
06
0?
#13805
16
1?
#13810
06
0?
#13815
16
1?
#13820
06
0?
#13825
16
1?
#13830
06
0?
#13835
16
1?
#13840
06
0?
#13845
16
1?
#13850
06
0?
#13855
16
1?
#13860
06
0?
#13865
16
1?
#13870
06
0?
#13875
16
1?
#13880
06
0?
#13885
16
1?
#13890
06
0?
#13895
16
1?
#13900
06
0?
#13905
16
1?
#13910
06
0?
#13915
16
1?
#13920
06
0?
#13925
16
1?
#13930
06
0?
#13935
16
1?
#13940
06
0?
#13945
16
1?
#13950
06
0?
#13955
16
1?
#13960
06
0?
#13965
16
1?
#13970
06
0?
#13975
16
1?
#13980
06
0?
#13985
16
1?
#13990
06
0?
#13995
16
1?
#14000
06
0?
#14005
16
1?
#14010
06
0?
#14015
16
1?
#14020
06
0?
#14025
16
1?
#14030
06
0?
#14035
16
1?
#14040
06
0?
#14045
16
1?
#14050
06
0?
#14055
16
1?
#14060
06
0?
#14065
16
1?
#14070
06
0?
#14075
16
1?
#14080
06
0?
#14085
16
1?
#14090
06
0?
#14095
16
1?
#14100
06
0?
#14105
16
1?
#14110
06
0?
#14115
16
1?
#14120
06
0?
#14125
16
1?
#14130
06
0?
#14135
16
1?
#14140
06
0?
#14145
16
1?
#14150
06
0?
#14155
16
1?
#14160
06
0?
#14165
16
1?
#14170
06
0?
#14175
16
1?
#14180
06
0?
#14185
16
1?
#14190
06
0?
#14195
16
1?
#14200
06
0?
#14205
16
1?
#14210
06
0?
#14215
16
1?
#14220
06
0?
#14225
16
1?
#14230
06
0?
#14235
16
1?
#14240
06
0?
#14245
16
1?
#14250
06
0?
#14255
16
1?
#14260
06
0?
#14265
16
1?
#14270
06
0?
#14275
16
1?
#14280
06
0?
#14285
16
1?
#14290
06
0?
#14295
16
1?
#14300
06
0?
#14305
16
1?
#14310
06
0?
#14315
16
1?
#14320
06
0?
#14325
16
1?
#14330
06
0?
#14335
16
1?
#14340
06
0?
#14345
16
1?
#14350
06
0?
#14355
16
1?
#14360
06
0?
#14365
16
1?
#14370
06
0?
#14375
16
1?
#14380
06
0?
#14385
16
1?
#14390
06
0?
#14395
16
1?
#14400
06
0?
#14405
16
1?
#14410
06
0?
#14415
16
1?
#14420
06
0?
#14425
16
1?
#14430
06
0?
#14435
16
1?
#14440
06
0?
#14445
16
1?
#14450
06
0?
#14455
16
1?
#14460
06
0?
#14465
16
1?
#14470
06
0?
#14475
16
1?
#14480
06
0?
#14485
16
1?
#14490
06
0?
#14495
16
1?
#14500
06
0?
#14505
16
1?
#14510
06
0?
#14515
16
1?
#14520
06
0?
#14525
16
1?
#14530
06
0?
#14535
16
1?
#14540
06
0?
#14545
16
1?
#14550
06
0?
#14555
16
1?
#14560
06
0?
#14565
16
1?
#14570
06
0?
#14575
16
1?
#14580
06
0?
#14585
16
1?
#14590
06
0?
#14595
16
1?
#14600
06
0?
#14605
16
1?
#14610
06
0?
#14615
16
1?
#14620
06
0?
#14625
16
1?
#14630
06
0?
#14635
16
1?
#14640
06
0?
#14645
16
1?
#14650
06
0?
#14655
16
1?
#14660
06
0?
#14665
16
1?
#14670
06
0?
#14675
16
1?
#14680
06
0?
#14685
16
1?
#14690
06
0?
#14695
16
1?
#14700
06
0?
#14705
16
1?
#14710
06
0?
#14715
16
1?
#14720
06
0?
#14725
16
1?
#14730
06
0?
#14735
16
1?
#14740
06
0?
#14745
16
1?
#14750
06
0?
#14755
16
1?
#14760
06
0?
#14765
16
1?
#14770
06
0?
#14775
16
1?
#14780
06
0?
#14785
16
1?
#14790
06
0?
#14795
16
1?
#14800
06
0?
#14805
16
1?
#14810
06
0?
#14815
16
1?
#14820
06
0?
#14825
16
1?
#14830
06
0?
#14835
16
1?
#14840
06
0?
#14845
16
1?
#14850
06
0?
#14855
16
1?
#14860
06
0?
#14865
16
1?
#14870
06
0?
#14875
16
1?
#14880
06
0?
#14885
16
1?
#14890
06
0?
#14895
16
1?
#14900
06
0?
#14905
16
1?
#14910
06
0?
#14915
16
1?
#14920
06
0?
#14925
16
1?
#14930
06
0?
#14935
16
1?
#14940
06
0?
#14945
16
1?
#14950
06
0?
#14955
16
1?
#14960
06
0?
#14965
16
1?
#14970
06
0?
#14975
16
1?
#14980
06
0?
#14985
16
1?
#14990
06
0?
#14995
16
1?
#15000
06
0?
#15005
16
1?
#15010
06
0?
#15015
16
1?
#15020
06
0?
#15025
16
1?
#15030
06
0?
#15035
16
1?
#15040
06
0?
#15045
16
1?
#15050
06
0?
#15055
16
1?
#15060
06
0?
#15065
16
1?
#15070
06
0?
#15075
16
1?
#15080
06
0?
#15085
16
1?
#15090
06
0?
#15095
16
1?
#15100
06
0?
#15105
16
1?
#15110
06
0?
#15115
16
1?
#15120
06
0?
#15125
16
1?
#15130
06
0?
#15135
16
1?
#15140
06
0?
#15145
16
1?
#15150
06
0?
#15155
16
1?
#15160
06
0?
#15165
16
1?
#15170
06
0?
#15175
16
1?
#15180
06
0?
#15185
16
1?
#15190
06
0?
#15195
16
1?
#15200
06
0?
#15205
16
1?
#15210
06
0?
#15215
16
1?
#15220
06
0?
#15225
16
1?
#15230
06
0?
#15235
16
1?
#15240
06
0?
#15245
16
1?
#15250
06
0?
#15255
16
1?
#15260
06
0?
#15265
16
1?
#15270
06
0?
#15275
16
1?
#15280
06
0?
#15285
16
1?
#15290
06
0?
#15295
16
1?
#15300
06
0?
#15305
16
1?
#15310
06
0?
#15315
16
1?
#15320
06
0?
#15325
16
1?
#15330
06
0?
#15335
16
1?
#15340
06
0?
#15345
16
1?
#15350
06
0?
#15355
16
1?
#15360
06
0?
#15365
16
1?
#15370
06
0?
#15375
16
1?
#15380
06
0?
#15385
16
1?
#15390
06
0?
#15395
16
1?
#15400
06
0?
#15405
16
1?
#15410
06
0?
#15415
16
1?
#15420
06
0?
#15425
16
1?
#15430
06
0?
#15435
16
1?
#15440
06
0?
#15445
16
1?
#15450
06
0?
#15455
16
1?
#15460
06
0?
#15465
16
1?
#15470
06
0?
#15475
16
1?
#15480
06
0?
#15485
16
1?
#15490
06
0?
#15495
16
1?
#15500
06
0?
#15505
16
1?
#15510
06
0?
#15515
16
1?
#15520
06
0?
#15525
16
1?
#15530
06
0?
#15535
16
1?
#15540
06
0?
#15545
16
1?
#15550
06
0?
#15555
16
1?
#15560
06
0?
#15565
16
1?
#15570
06
0?
#15575
16
1?
#15580
06
0?
#15585
16
1?
#15590
06
0?
#15595
16
1?
#15600
06
0?
#15605
16
1?
#15610
06
0?
#15615
16
1?
#15620
06
0?
#15625
16
1?
#15630
06
0?
#15635
16
1?
#15640
06
0?
#15645
16
1?
#15650
06
0?
#15655
16
1?
#15660
06
0?
#15665
16
1?
#15670
06
0?
#15675
16
1?
#15680
06
0?
#15685
16
1?
#15690
06
0?
#15695
16
1?
#15700
06
0?
#15705
16
1?
#15710
06
0?
#15715
16
1?
#15720
06
0?
#15725
16
1?
#15730
06
0?
#15735
16
1?
#15740
06
0?
#15745
16
1?
#15750
06
0?
#15755
16
1?
#15760
06
0?
#15765
16
1?
#15770
06
0?
#15775
16
1?
#15780
06
0?
#15785
16
1?
#15790
06
0?
#15795
16
1?
#15800
06
0?
#15805
16
1?
#15810
06
0?
#15815
16
1?
#15820
06
0?
#15825
16
1?
#15830
06
0?
#15835
16
1?
#15840
06
0?
#15845
16
1?
#15850
06
0?
#15855
16
1?
#15860
06
0?
#15865
16
1?
#15870
06
0?
#15875
16
1?
#15880
06
0?
#15885
16
1?
#15890
06
0?
#15895
16
1?
#15900
06
0?
#15905
16
1?
#15910
06
0?
#15915
16
1?
#15920
06
0?
#15925
16
1?
#15930
06
0?
#15935
16
1?
#15940
06
0?
#15945
16
1?
#15950
06
0?
#15955
16
1?
#15960
06
0?
#15965
16
1?
#15970
06
0?
#15975
16
1?
#15980
06
0?
#15985
16
1?
#15990
06
0?
#15995
16
1?
#16000
06
0?
#16005
16
1?
#16010
06
0?
#16015
16
1?
#16020
06
0?
#16025
16
1?
#16030
06
0?
#16035
16
1?
#16040
06
0?
#16045
16
1?
#16050
06
0?
#16055
16
1?
#16060
06
0?
#16065
16
1?
#16070
06
0?
#16075
16
1?
#16080
06
0?
#16085
16
1?
#16090
06
0?
#16095
16
1?
#16100
06
0?
#16105
16
1?
#16110
06
0?
#16115
16
1?
#16120
06
0?
#16125
16
1?
#16130
06
0?
#16135
16
1?
#16140
06
0?
#16145
16
1?
#16150
06
0?
#16155
16
1?
#16160
06
0?
#16165
16
1?
#16170
06
0?
#16175
16
1?
#16180
06
0?
#16185
16
1?
#16190
06
0?
#16195
16
1?
#16200
06
0?
#16205
16
1?
#16210
06
0?
#16215
16
1?
#16220
06
0?
#16225
16
1?
#16230
06
0?
#16235
16
1?
#16240
06
0?
#16245
16
1?
#16250
06
0?
#16255
16
1?
#16260
06
0?
#16265
16
1?
#16270
06
0?
#16275
16
1?
#16280
06
0?
#16285
16
1?
#16290
06
0?
#16295
16
1?
#16300
06
0?
#16305
16
1?
#16310
06
0?
#16315
16
1?
#16320
06
0?
#16325
16
1?
#16330
06
0?
#16335
16
1?
#16340
06
0?
#16345
16
1?
#16350
06
0?
#16355
16
1?
#16360
06
0?
#16365
16
1?
#16370
06
0?
#16375
16
1?
#16380
06
0?
#16385
16
1?
#16390
06
0?
#16395
16
1?
#16400
06
0?
#16405
16
1?
#16410
06
0?
#16415
16
1?
#16420
06
0?
#16425
16
1?
#16430
06
0?
#16435
16
1?
#16440
06
0?
#16445
16
1?
#16450
06
0?
#16455
16
1?
#16460
06
0?
#16465
16
1?
#16470
06
0?
#16475
16
1?
#16480
06
0?
#16485
16
1?
#16490
06
0?
#16495
16
1?
#16500
06
0?
#16505
16
1?
#16510
06
0?
#16515
16
1?
#16520
06
0?
#16525
16
1?
#16530
06
0?
#16535
16
1?
#16540
06
0?
#16545
16
1?
#16550
06
0?
#16555
16
1?
#16560
06
0?
#16565
16
1?
#16570
06
0?
#16575
16
1?
#16580
06
0?
#16585
16
1?
#16590
06
0?
#16595
16
1?
#16600
06
0?
#16605
16
1?
#16610
06
0?
#16615
16
1?
#16620
06
0?
#16625
16
1?
#16630
06
0?
#16635
16
1?
#16640
06
0?
#16645
16
1?
#16650
06
0?
#16655
16
1?
#16660
06
0?
#16665
16
1?
#16670
06
0?
#16675
16
1?
#16680
06
0?
#16685
16
1?
#16690
06
0?
#16695
16
1?
#16700
06
0?
#16705
16
1?
#16710
06
0?
#16715
16
1?
#16720
06
0?
#16725
16
1?
#16730
06
0?
#16735
16
1?
#16740
06
0?
#16745
16
1?
#16750
06
0?
#16755
16
1?
#16760
06
0?
#16765
16
1?
#16770
06
0?
#16775
16
1?
#16780
06
0?
#16785
16
1?
#16790
06
0?
#16795
16
1?
#16800
06
0?
#16805
16
1?
#16810
06
0?
#16815
16
1?
#16820
06
0?
#16825
16
1?
#16830
06
0?
#16835
16
1?
#16840
06
0?
#16845
16
1?
#16850
06
0?
#16855
16
1?
#16860
06
0?
#16865
16
1?
#16870
06
0?
#16875
16
1?
#16880
06
0?
#16885
16
1?
#16890
06
0?
#16895
16
1?
#16900
06
0?
#16905
16
1?
#16910
06
0?
#16915
16
1?
#16920
06
0?
#16925
16
1?
#16930
06
0?
#16935
16
1?
#16940
06
0?
#16945
16
1?
#16950
06
0?
#16955
16
1?
#16960
06
0?
#16965
16
1?
#16970
06
0?
#16975
16
1?
#16980
06
0?
#16985
16
1?
#16990
06
0?
#16995
16
1?
#17000
06
0?
#17005
16
1?
#17010
06
0?
#17015
16
1?
#17020
06
0?
#17025
16
1?
#17030
06
0?
#17035
16
1?
#17040
06
0?
#17045
16
1?
#17050
06
0?
#17055
16
1?
#17060
06
0?
#17065
16
1?
#17070
06
0?
#17075
16
1?
#17080
06
0?
#17085
16
1?
#17090
06
0?
#17095
16
1?
#17100
06
0?
#17105
16
1?
#17110
06
0?
#17115
16
1?
#17120
06
0?
#17125
16
1?
#17130
06
0?
#17135
16
1?
#17140
06
0?
#17145
16
1?
#17150
06
0?
#17155
16
1?
#17160
06
0?
#17165
16
1?
#17170
06
0?
#17175
16
1?
#17180
06
0?
#17185
16
1?
#17190
06
0?
#17195
16
1?
#17200
06
0?
#17205
16
1?
#17210
06
0?
#17215
16
1?
#17220
06
0?
#17225
16
1?
#17230
06
0?
#17235
16
1?
#17240
06
0?
#17245
16
1?
#17250
06
0?
#17255
16
1?
#17260
06
0?
#17265
16
1?
#17270
06
0?
#17275
16
1?
#17280
06
0?
#17285
16
1?
#17290
06
0?
#17295
16
1?
#17300
06
0?
#17305
16
1?
#17310
06
0?
#17315
16
1?
#17320
06
0?
#17325
16
1?
#17330
06
0?
#17335
16
1?
#17340
06
0?
#17345
16
1?
#17350
06
0?
#17355
16
1?
#17360
06
0?
#17365
16
1?
#17370
06
0?
#17375
16
1?
#17380
06
0?
#17385
16
1?
#17390
06
0?
#17395
16
1?
#17400
06
0?
#17405
16
1?
#17410
06
0?
#17415
16
1?
#17420
06
0?
#17425
16
1?
#17430
06
0?
#17435
16
1?
#17440
06
0?
#17445
16
1?
#17450
06
0?
#17455
16
1?
#17460
06
0?
#17465
16
1?
#17470
06
0?
#17475
16
1?
#17480
06
0?
#17485
16
1?
#17490
06
0?
#17495
16
1?
#17500
06
0?
#17505
16
1?
#17510
06
0?
#17515
16
1?
#17520
06
0?
#17525
16
1?
#17530
06
0?
#17535
16
1?
#17540
06
0?
#17545
16
1?
#17550
06
0?
#17555
16
1?
#17560
06
0?
#17565
16
1?
#17570
06
0?
#17575
16
1?
#17580
06
0?
#17585
16
1?
#17590
06
0?
#17595
16
1?
#17600
06
0?
#17605
16
1?
#17610
06
0?
#17615
16
1?
#17620
06
0?
#17625
16
1?
#17630
06
0?
#17635
16
1?
#17640
06
0?
#17645
16
1?
#17650
06
0?
#17655
16
1?
#17660
06
0?
#17665
16
1?
#17670
06
0?
#17675
16
1?
#17680
06
0?
#17685
16
1?
#17690
06
0?
#17695
16
1?
#17700
06
0?
#17705
16
1?
#17710
06
0?
#17715
16
1?
#17720
06
0?
#17725
16
1?
#17730
06
0?
#17735
16
1?
#17740
06
0?
#17745
16
1?
#17750
06
0?
#17755
16
1?
#17760
06
0?
#17765
16
1?
#17770
06
0?
#17775
16
1?
#17780
06
0?
#17785
16
1?
#17790
06
0?
#17795
16
1?
#17800
06
0?
#17805
16
1?
#17810
06
0?
#17815
16
1?
#17820
06
0?
#17825
16
1?
#17830
06
0?
#17835
16
1?
#17840
06
0?
#17845
16
1?
#17850
06
0?
#17855
16
1?
#17860
06
0?
#17865
16
1?
#17870
06
0?
#17875
16
1?
#17880
06
0?
#17885
16
1?
#17890
06
0?
#17895
16
1?
#17900
06
0?
#17905
16
1?
#17910
06
0?
#17915
16
1?
#17920
06
0?
#17925
16
1?
#17930
06
0?
#17935
16
1?
#17940
06
0?
#17945
16
1?
#17950
06
0?
#17955
16
1?
#17960
06
0?
#17965
16
1?
#17970
06
0?
#17975
16
1?
#17980
06
0?
#17985
16
1?
#17990
06
0?
#17995
16
1?
#18000
06
0?
#18005
16
1?
#18010
06
0?
#18015
16
1?
#18020
06
0?
#18025
16
1?
#18030
06
0?
#18035
16
1?
#18040
06
0?
#18045
16
1?
#18050
06
0?
#18055
16
1?
#18060
06
0?
#18065
16
1?
#18070
06
0?
#18075
16
1?
#18080
06
0?
#18085
16
1?
#18090
06
0?
#18095
16
1?
#18100
06
0?
#18105
16
1?
#18110
06
0?
#18115
16
1?
#18120
06
0?
#18125
16
1?
#18130
06
0?
#18135
16
1?
#18140
06
0?
#18145
16
1?
#18150
06
0?
#18155
16
1?
#18160
06
0?
#18165
16
1?
#18170
06
0?
#18175
16
1?
#18180
06
0?
#18185
16
1?
#18190
06
0?
#18195
16
1?
#18200
06
0?
#18205
16
1?
#18210
06
0?
#18215
16
1?
#18220
06
0?
#18225
16
1?
#18230
06
0?
#18235
16
1?
#18240
06
0?
#18245
16
1?
#18250
06
0?
#18255
16
1?
#18260
06
0?
#18265
16
1?
#18270
06
0?
#18275
16
1?
#18280
06
0?
#18285
16
1?
#18290
06
0?
#18295
16
1?
#18300
06
0?
#18305
16
1?
#18310
06
0?
#18315
16
1?
#18320
06
0?
#18325
16
1?
#18330
06
0?
#18335
16
1?
#18340
06
0?
#18345
16
1?
#18350
06
0?
#18355
16
1?
#18360
06
0?
#18365
16
1?
#18370
06
0?
#18375
16
1?
#18380
06
0?
#18385
16
1?
#18390
06
0?
#18395
16
1?
#18400
06
0?
#18405
16
1?
#18410
06
0?
#18415
16
1?
#18420
06
0?
#18425
16
1?
#18430
06
0?
#18435
16
1?
#18440
06
0?
#18445
16
1?
#18450
06
0?
#18455
16
1?
#18460
06
0?
#18465
16
1?
#18470
06
0?
#18475
16
1?
#18480
06
0?
#18485
16
1?
#18490
06
0?
#18495
16
1?
#18500
06
0?
#18505
16
1?
#18510
06
0?
#18515
16
1?
#18520
06
0?
#18525
16
1?
#18530
06
0?
#18535
16
1?
#18540
06
0?
#18545
16
1?
#18550
06
0?
#18555
16
1?
#18560
06
0?
#18565
16
1?
#18570
06
0?
#18575
16
1?
#18580
06
0?
#18585
16
1?
#18590
06
0?
#18595
16
1?
#18600
06
0?
#18605
16
1?
#18610
06
0?
#18615
16
1?
#18620
06
0?
#18625
16
1?
#18630
06
0?
#18635
16
1?
#18640
06
0?
#18645
16
1?
#18650
06
0?
#18655
16
1?
#18660
06
0?
#18665
16
1?
#18670
06
0?
#18675
16
1?
#18680
06
0?
#18685
16
1?
#18690
06
0?
#18695
16
1?
#18700
06
0?
#18705
16
1?
#18710
06
0?
#18715
16
1?
#18720
06
0?
#18725
16
1?
#18730
06
0?
#18735
16
1?
#18740
06
0?
#18745
16
1?
#18750
06
0?
#18755
16
1?
#18760
06
0?
#18765
16
1?
#18770
06
0?
#18775
16
1?
#18780
06
0?
#18785
16
1?
#18790
06
0?
#18795
16
1?
#18800
06
0?
#18805
16
1?
#18810
06
0?
#18815
16
1?
#18820
06
0?
#18825
16
1?
#18830
06
0?
#18835
16
1?
#18840
06
0?
#18845
16
1?
#18850
06
0?
#18855
16
1?
#18860
06
0?
#18865
16
1?
#18870
06
0?
#18875
16
1?
#18880
06
0?
#18885
16
1?
#18890
06
0?
#18895
16
1?
#18900
06
0?
#18905
16
1?
#18910
06
0?
#18915
16
1?
#18920
06
0?
#18925
16
1?
#18930
06
0?
#18935
16
1?
#18940
06
0?
#18945
16
1?
#18950
06
0?
#18955
16
1?
#18960
06
0?
#18965
16
1?
#18970
06
0?
#18975
16
1?
#18980
06
0?
#18985
16
1?
#18990
06
0?
#18995
16
1?
#19000
06
0?
#19005
16
1?
#19010
06
0?
#19015
16
1?
#19020
06
0?
#19025
16
1?
#19030
06
0?
#19035
16
1?
#19040
06
0?
#19045
16
1?
#19050
06
0?
#19055
16
1?
#19060
06
0?
#19065
16
1?
#19070
06
0?
#19075
16
1?
#19080
06
0?
#19085
16
1?
#19090
06
0?
#19095
16
1?
#19100
06
0?
#19105
16
1?
#19110
06
0?
#19115
16
1?
#19120
06
0?
#19125
16
1?
#19130
06
0?
#19135
16
1?
#19140
06
0?
#19145
16
1?
#19150
06
0?
#19155
16
1?
#19160
06
0?
#19165
16
1?
#19170
06
0?
#19175
16
1?
#19180
06
0?
#19185
16
1?
#19190
06
0?
#19195
16
1?
#19200
06
0?
#19205
16
1?
#19210
06
0?
#19215
16
1?
#19220
06
0?
#19225
16
1?
#19230
06
0?
#19235
16
1?
#19240
06
0?
#19245
16
1?
#19250
06
0?
#19255
16
1?
#19260
06
0?
#19265
16
1?
#19270
06
0?
#19275
16
1?
#19280
06
0?
#19285
16
1?
#19290
06
0?
#19295
16
1?
#19300
06
0?
#19305
16
1?
#19310
06
0?
#19315
16
1?
#19320
06
0?
#19325
16
1?
#19330
06
0?
#19335
16
1?
#19340
06
0?
#19345
16
1?
#19350
06
0?
#19355
16
1?
#19360
06
0?
#19365
16
1?
#19370
06
0?
#19375
16
1?
#19380
06
0?
#19385
16
1?
#19390
06
0?
#19395
16
1?
#19400
06
0?
#19405
16
1?
#19410
06
0?
#19415
16
1?
#19420
06
0?
#19425
16
1?
#19430
06
0?
#19435
16
1?
#19440
06
0?
#19445
16
1?
#19450
06
0?
#19455
16
1?
#19460
06
0?
#19465
16
1?
#19470
06
0?
#19475
16
1?
#19480
06
0?
#19485
16
1?
#19490
06
0?
#19495
16
1?
#19500
06
0?
#19505
16
1?
#19510
06
0?
#19515
16
1?
#19520
06
0?
#19525
16
1?
#19530
06
0?
#19535
16
1?
#19540
06
0?
#19545
16
1?
#19550
06
0?
#19555
16
1?
#19560
06
0?
#19565
16
1?
#19570
06
0?
#19575
16
1?
#19580
06
0?
#19585
16
1?
#19590
06
0?
#19595
16
1?
#19600
06
0?
#19605
16
1?
#19610
06
0?
#19615
16
1?
#19620
06
0?
#19625
16
1?
#19630
06
0?
#19635
16
1?
#19640
06
0?
#19645
16
1?
#19650
06
0?
#19655
16
1?
#19660
06
0?
#19665
16
1?
#19670
06
0?
#19675
16
1?
#19680
06
0?
#19685
16
1?
#19690
06
0?
#19695
16
1?
#19700
06
0?
#19705
16
1?
#19710
06
0?
#19715
16
1?
#19720
06
0?
#19725
16
1?
#19730
06
0?
#19735
16
1?
#19740
06
0?
#19745
16
1?
#19750
06
0?
#19755
16
1?
#19760
06
0?
#19765
16
1?
#19770
06
0?
#19775
16
1?
#19780
06
0?
#19785
16
1?
#19790
06
0?
#19795
16
1?
#19800
06
0?
#19805
16
1?
#19810
06
0?
#19815
16
1?
#19820
06
0?
#19825
16
1?
#19830
06
0?
#19835
16
1?
#19840
06
0?
#19845
16
1?
#19850
06
0?
#19855
16
1?
#19860
06
0?
#19865
16
1?
#19870
06
0?
#19875
16
1?
#19880
06
0?
#19885
16
1?
#19890
06
0?
#19895
16
1?
#19900
06
0?
#19905
16
1?
#19910
06
0?
#19915
16
1?
#19920
06
0?
#19925
16
1?
#19930
06
0?
#19935
16
1?
#19940
06
0?
#19945
16
1?
#19950
06
0?
#19955
16
1?
#19960
06
0?
#19965
16
1?
#19970
06
0?
#19975
16
1?
#19980
06
0?
#19985
16
1?
#19990
06
0?
#19995
16
1?
#20000
06
0?
#20005
16
1?
#20010
06
0?
#20015
16
1?
#20020
06
0?
#20025
16
1?
#20030
06
0?
#20035
16
1?
#20040
06
0?
#20045
16
1?
#20050
06
0?
#20055
16
1?
#20060
06
0?
#20065
16
1?
#20070
06
0?
#20075
16
1?
#20080
06
0?
#20085
16
1?
#20090
06
0?
#20095
16
1?
#20100
06
0?
#20105
16
1?
#20110
06
0?
#20115
16
1?
#20120
06
0?
#20125
16
1?
#20130
06
0?
#20135
16
1?
#20140
06
0?
#20145
16
1?
#20150
06
0?
#20155
16
1?
#20160
06
0?
#20165
16
1?
#20170
06
0?
#20175
16
1?
#20180
06
0?
#20185
16
1?
#20190
06
0?
#20195
16
1?
#20200
06
0?
#20205
16
1?
#20210
06
0?
#20215
16
1?
#20220
06
0?
#20225
16
1?
#20230
06
0?
#20235
16
1?
#20240
06
0?
#20245
16
1?
#20250
06
0?
#20255
16
1?
#20260
06
0?
#20265
16
1?
#20270
06
0?
#20275
16
1?
#20280
06
0?
#20285
16
1?
#20290
06
0?
#20295
16
1?
#20300
06
0?
#20305
16
1?
#20310
06
0?
#20315
16
1?
#20320
06
0?
#20325
16
1?
#20330
06
0?
#20335
16
1?
#20340
06
0?
#20345
16
1?
#20350
06
0?
#20355
16
1?
#20360
06
0?
#20365
16
1?
#20370
06
0?
#20375
16
1?
#20380
06
0?
#20385
16
1?
#20390
06
0?
#20395
16
1?
#20400
06
0?
#20405
16
1?
#20410
06
0?
#20415
16
1?
#20420
06
0?
#20425
16
1?
#20430
06
0?
#20435
16
1?
#20440
06
0?
#20445
16
1?
#20450
06
0?
#20455
16
1?
#20460
06
0?
#20465
16
1?
#20470
06
0?
#20475
16
1?
#20480
06
0?
#20485
16
1?
#20490
06
0?
#20495
16
1?
#20500
06
0?
#20505
16
1?
#20510
06
0?
#20515
16
1?
#20520
06
0?
#20525
16
1?
#20530
06
0?
#20535
16
1?
#20540
06
0?
#20545
16
1?
#20550
06
0?
#20555
16
1?
#20560
06
0?
#20565
16
1?
#20570
06
0?
#20575
16
1?
#20580
06
0?
#20585
16
1?
#20590
06
0?
#20595
16
1?
#20600
06
0?
#20605
16
1?
#20610
06
0?
#20615
16
1?
#20620
06
0?
#20625
16
1?
#20630
06
0?
#20635
16
1?
#20640
06
0?
#20645
16
1?
#20650
06
0?
#20655
16
1?
#20660
06
0?
#20665
16
1?
#20670
06
0?
#20675
16
1?
#20680
06
0?
#20685
16
1?
#20690
06
0?
#20695
16
1?
#20700
06
0?
#20705
16
1?
#20710
06
0?
#20715
16
1?
#20720
06
0?
#20725
16
1?
#20730
06
0?
#20735
16
1?
#20740
06
0?
#20745
16
1?
#20750
06
0?
#20755
16
1?
#20760
06
0?
#20765
16
1?
#20770
06
0?
#20775
16
1?
#20780
06
0?
#20785
16
1?
#20790
06
0?
#20795
16
1?
#20800
06
0?
#20805
16
1?
#20810
06
0?
#20815
16
1?
#20820
06
0?
#20825
16
1?
#20830
06
0?
#20835
16
1?
#20840
06
0?
#20845
16
1?
#20850
06
0?
#20855
16
1?
#20860
06
0?
#20865
16
1?
#20870
06
0?
#20875
16
1?
#20880
06
0?
#20885
16
1?
#20890
06
0?
#20895
16
1?
#20900
06
0?
#20905
16
1?
#20910
06
0?
#20915
16
1?
#20920
06
0?
#20925
16
1?
#20930
06
0?
#20935
16
1?
#20940
06
0?
#20945
16
1?
#20950
06
0?
#20955
16
1?
#20960
06
0?
#20965
16
1?
#20970
06
0?
#20975
16
1?
#20980
06
0?
#20985
16
1?
#20990
06
0?
#20995
16
1?
#21000
06
0?
#21005
16
1?
#21010
06
0?
#21015
16
1?
#21020
06
0?
#21025
16
1?
#21030
06
0?
#21035
16
1?
#21040
06
0?
#21045
16
1?
#21050
06
0?
#21055
16
1?
#21060
06
0?
#21065
16
1?
#21070
06
0?
#21075
16
1?
#21080
06
0?
#21085
16
1?
#21090
06
0?
#21095
16
1?
#21100
06
0?
#21105
16
1?
#21110
06
0?
#21115
16
1?
#21120
06
0?
#21125
16
1?
#21130
06
0?
#21135
16
1?
#21140
06
0?
#21145
16
1?
#21150
06
0?
#21155
16
1?
#21160
06
0?
#21165
16
1?
#21170
06
0?
#21175
16
1?
#21180
06
0?
#21185
16
1?
#21190
06
0?
#21195
16
1?
#21200
06
0?
#21205
16
1?
#21210
06
0?
#21215
16
1?
#21220
06
0?
#21225
16
1?
#21230
06
0?
#21235
16
1?
#21240
06
0?
#21245
16
1?
#21250
06
0?
#21255
16
1?
#21260
06
0?
#21265
16
1?
#21270
06
0?
#21275
16
1?
#21280
06
0?
#21285
16
1?
#21290
06
0?
#21295
16
1?
#21300
06
0?
#21305
16
1?
#21310
06
0?
#21315
16
1?
#21320
06
0?
#21325
16
1?
#21330
06
0?
#21335
16
1?
#21340
06
0?
#21345
16
1?
#21350
06
0?
#21355
16
1?
#21360
06
0?
#21365
16
1?
#21370
06
0?
#21375
16
1?
#21380
06
0?
#21385
16
1?
#21390
06
0?
#21395
16
1?
#21400
06
0?
#21405
16
1?
#21410
06
0?
#21415
16
1?
#21420
06
0?
#21425
16
1?
#21430
06
0?
#21435
16
1?
#21440
06
0?
#21445
16
1?
#21450
06
0?
#21455
16
1?
#21460
06
0?
#21465
16
1?
#21470
06
0?
#21475
16
1?
#21480
06
0?
#21485
16
1?
#21490
06
0?
#21495
16
1?
#21500
06
0?
#21505
16
1?
#21510
06
0?
#21515
16
1?
#21520
06
0?
#21525
16
1?
#21530
06
0?
#21535
16
1?
#21540
06
0?
#21545
16
1?
#21550
06
0?
#21555
16
1?
#21560
06
0?
#21565
16
1?
#21570
06
0?
#21575
16
1?
#21580
06
0?
#21585
16
1?
#21590
06
0?
#21595
16
1?
#21600
06
0?
#21605
16
1?
#21610
06
0?
#21615
16
1?
#21620
06
0?
#21625
16
1?
#21630
06
0?
#21635
16
1?
#21640
06
0?
#21645
16
1?
#21650
06
0?
#21655
16
1?
#21660
06
0?
#21665
16
1?
#21670
06
0?
#21675
16
1?
#21680
06
0?
#21685
16
1?
#21690
06
0?
#21695
16
1?
#21700
06
0?
#21705
16
1?
#21710
06
0?
#21715
16
1?
#21720
06
0?
#21725
16
1?
#21730
06
0?
#21735
16
1?
#21740
06
0?
#21745
16
1?
#21750
06
0?
#21755
16
1?
#21760
06
0?
#21765
16
1?
#21770
06
0?
#21775
16
1?
#21780
06
0?
#21785
16
1?
#21790
06
0?
#21795
16
1?
#21800
06
0?
#21805
16
1?
#21810
06
0?
#21815
16
1?
#21820
06
0?
#21825
16
1?
#21830
06
0?
#21835
16
1?
#21840
06
0?
#21845
16
1?
#21850
06
0?
#21855
16
1?
#21860
06
0?
#21865
16
1?
#21870
06
0?
#21875
16
1?
#21880
06
0?
#21885
16
1?
#21890
06
0?
#21895
16
1?
#21900
06
0?
#21905
16
1?
#21910
06
0?
#21915
16
1?
#21920
06
0?
#21925
16
1?
#21930
06
0?
#21935
16
1?
#21940
06
0?
#21945
16
1?
#21950
06
0?
#21955
16
1?
#21960
06
0?
#21965
16
1?
#21970
06
0?
#21975
16
1?
#21980
06
0?
#21985
16
1?
#21990
06
0?
#21995
16
1?
#22000
06
0?
#22005
16
1?
#22010
06
0?
#22015
16
1?
#22020
06
0?
#22025
16
1?
#22030
06
0?
#22035
16
1?
#22040
06
0?
#22045
16
1?
#22050
06
0?
#22055
16
1?
#22060
06
0?
#22065
16
1?
#22070
06
0?
#22075
16
1?
#22080
06
0?
#22085
16
1?
#22090
06
0?
#22095
16
1?
#22100
06
0?
#22105
16
1?
#22110
06
0?
#22115
16
1?
#22120
06
0?
#22125
16
1?
#22130
06
0?
#22135
16
1?
#22140
06
0?
#22145
16
1?
#22150
06
0?
#22155
16
1?
#22160
06
0?
#22165
16
1?
#22170
06
0?
#22175
16
1?
#22180
06
0?
#22185
16
1?
#22190
06
0?
#22195
16
1?
#22200
06
0?
#22205
16
1?
#22210
06
0?
#22215
16
1?
#22220
06
0?
#22225
16
1?
#22230
06
0?
#22235
16
1?
#22240
06
0?
#22245
16
1?
#22250
06
0?
#22255
16
1?
#22260
06
0?
#22265
16
1?
#22270
06
0?
#22275
16
1?
#22280
06
0?
#22285
16
1?
#22290
06
0?
#22295
16
1?
#22300
06
0?
#22305
16
1?
#22310
06
0?
#22315
16
1?
#22320
06
0?
#22325
16
1?
#22330
06
0?
#22335
16
1?
#22340
06
0?
#22345
16
1?
#22350
06
0?
#22355
16
1?
#22360
06
0?
#22365
16
1?
#22370
06
0?
#22375
16
1?
#22380
06
0?
#22385
16
1?
#22390
06
0?
#22395
16
1?
#22400
06
0?
#22405
16
1?
#22410
06
0?
#22415
16
1?
#22420
06
0?
#22425
16
1?
#22430
06
0?
#22435
16
1?
#22440
06
0?
#22445
16
1?
#22450
06
0?
#22455
16
1?
#22460
06
0?
#22465
16
1?
#22470
06
0?
#22475
16
1?
#22480
06
0?
#22485
16
1?
#22490
06
0?
#22495
16
1?
#22500
06
0?
#22505
16
1?
#22510
06
0?
#22515
16
1?
#22520
06
0?
#22525
16
1?
#22530
06
0?
#22535
16
1?
#22540
06
0?
#22545
16
1?
#22550
06
0?
#22555
16
1?
#22560
06
0?
#22565
16
1?
#22570
06
0?
#22575
16
1?
#22580
06
0?
#22585
16
1?
#22590
06
0?
#22595
16
1?
#22600
06
0?
#22605
16
1?
#22610
06
0?
#22615
16
1?
#22620
06
0?
#22625
16
1?
#22630
06
0?
#22635
16
1?
#22640
06
0?
#22645
16
1?
#22650
06
0?
#22655
16
1?
#22660
06
0?
#22665
16
1?
#22670
06
0?
#22675
16
1?
#22680
06
0?
#22685
16
1?
#22690
06
0?
#22695
16
1?
#22700
06
0?
#22705
16
1?
#22710
06
0?
#22715
16
1?
#22720
06
0?
#22725
16
1?
#22730
06
0?
#22735
16
1?
#22740
06
0?
#22745
16
1?
#22750
06
0?
#22755
16
1?
#22760
06
0?
#22765
16
1?
#22770
06
0?
#22775
16
1?
#22780
06
0?
#22785
16
1?
#22790
06
0?
#22795
16
1?
#22800
06
0?
#22805
16
1?
#22810
06
0?
#22815
16
1?
#22820
06
0?
#22825
16
1?
#22830
06
0?
#22835
16
1?
#22840
06
0?
#22845
16
1?
#22850
06
0?
#22855
16
1?
#22860
06
0?
#22865
16
1?
#22870
06
0?
#22875
16
1?
#22880
06
0?
#22885
16
1?
#22890
06
0?
#22895
16
1?
#22900
06
0?
#22905
16
1?
#22910
06
0?
#22915
16
1?
#22920
06
0?
#22925
16
1?
#22930
06
0?
#22935
16
1?
#22940
06
0?
#22945
16
1?
#22950
06
0?
#22955
16
1?
#22960
06
0?
#22965
16
1?
#22970
06
0?
#22975
16
1?
#22980
06
0?
#22985
16
1?
#22990
06
0?
#22995
16
1?
#23000
06
0?
#23005
16
1?
#23010
06
0?
#23015
16
1?
#23020
06
0?
#23025
16
1?
#23030
06
0?
#23035
16
1?
#23040
06
0?
#23045
16
1?
#23050
06
0?
#23055
16
1?
#23060
06
0?
#23065
16
1?
#23070
06
0?
#23075
16
1?
#23080
06
0?
#23085
16
1?
#23090
06
0?
#23095
16
1?
#23100
06
0?
#23105
16
1?
#23110
06
0?
#23115
16
1?
#23120
06
0?
#23125
16
1?
#23130
06
0?
#23135
16
1?
#23140
06
0?
#23145
16
1?
#23150
06
0?
#23155
16
1?
#23160
06
0?
#23165
16
1?
#23170
06
0?
#23175
16
1?
#23180
06
0?
#23185
16
1?
#23190
06
0?
#23195
16
1?
#23200
06
0?
#23205
16
1?
#23210
06
0?
#23215
16
1?
#23220
06
0?
#23225
16
1?
#23230
06
0?
#23235
16
1?
#23240
06
0?
#23245
16
1?
#23250
06
0?
#23255
16
1?
#23260
06
0?
#23265
16
1?
#23270
06
0?
#23275
16
1?
#23280
06
0?
#23285
16
1?
#23290
06
0?
#23295
16
1?
#23300
06
0?
#23305
16
1?
#23310
06
0?
#23315
16
1?
#23320
06
0?
#23325
16
1?
#23330
06
0?
#23335
16
1?
#23340
06
0?
#23345
16
1?
#23350
06
0?
#23355
16
1?
#23360
06
0?
#23365
16
1?
#23370
06
0?
#23375
16
1?
#23380
06
0?
#23385
16
1?
#23390
06
0?
#23395
16
1?
#23400
06
0?
#23405
16
1?
#23410
06
0?
#23415
16
1?
#23420
06
0?
#23425
16
1?
#23430
06
0?
#23435
16
1?
#23440
06
0?
#23445
16
1?
#23450
06
0?
#23455
16
1?
#23460
06
0?
#23465
16
1?
#23470
06
0?
#23475
16
1?
#23480
06
0?
#23485
16
1?
#23490
06
0?
#23495
16
1?
#23500
06
0?
#23505
16
1?
#23510
06
0?
#23515
16
1?
#23520
06
0?
#23525
16
1?
#23530
06
0?
#23535
16
1?
#23540
06
0?
#23545
16
1?
#23550
06
0?
#23555
16
1?
#23560
06
0?
#23565
16
1?
#23570
06
0?
#23575
16
1?
#23580
06
0?
#23585
16
1?
#23590
06
0?
#23595
16
1?
#23600
06
0?
#23605
16
1?
#23610
06
0?
#23615
16
1?
#23620
06
0?
#23625
16
1?
#23630
06
0?
#23635
16
1?
#23640
06
0?
#23645
16
1?
#23650
06
0?
#23655
16
1?
#23660
06
0?
#23665
16
1?
#23670
06
0?
#23675
16
1?
#23680
06
0?
#23685
16
1?
#23690
06
0?
#23695
16
1?
#23700
06
0?
#23705
16
1?
#23710
06
0?
#23715
16
1?
#23720
06
0?
#23725
16
1?
#23730
06
0?
#23735
16
1?
#23740
06
0?
#23745
16
1?
#23750
06
0?
#23755
16
1?
#23760
06
0?
#23765
16
1?
#23770
06
0?
#23775
16
1?
#23780
06
0?
#23785
16
1?
#23790
06
0?
#23795
16
1?
#23800
06
0?
#23805
16
1?
#23810
06
0?
#23815
16
1?
#23820
06
0?
#23825
16
1?
#23830
06
0?
#23835
16
1?
#23840
06
0?
#23845
16
1?
#23850
06
0?
#23855
16
1?
#23860
06
0?
#23865
16
1?
#23870
06
0?
#23875
16
1?
#23880
06
0?
#23885
16
1?
#23890
06
0?
#23895
16
1?
#23900
06
0?
#23905
16
1?
#23910
06
0?
#23915
16
1?
#23920
06
0?
#23925
16
1?
#23930
06
0?
#23935
16
1?
#23940
06
0?
#23945
16
1?
#23950
06
0?
#23955
16
1?
#23960
06
0?
#23965
16
1?
#23970
06
0?
#23975
16
1?
#23980
06
0?
#23985
16
1?
#23990
06
0?
#23995
16
1?
#24000
06
0?
#24005
16
1?
#24010
06
0?
#24015
16
1?
#24020
06
0?
#24025
16
1?
#24030
06
0?
#24035
16
1?
#24040
06
0?
#24045
16
1?
#24050
06
0?
#24055
16
1?
#24060
06
0?
#24065
16
1?
#24070
06
0?
#24075
16
1?
#24080
06
0?
#24085
16
1?
#24090
06
0?
#24095
16
1?
#24100
06
0?
#24105
16
1?
#24110
06
0?
#24115
16
1?
#24120
06
0?
#24125
16
1?
#24130
06
0?
#24135
16
1?
#24140
06
0?
#24145
16
1?
#24150
06
0?
#24155
16
1?
#24160
06
0?
#24165
16
1?
#24170
06
0?
#24175
16
1?
#24180
06
0?
#24185
16
1?
#24190
06
0?
#24195
16
1?
#24200
06
0?
#24205
16
1?
#24210
06
0?
#24215
16
1?
#24220
06
0?
#24225
16
1?
#24230
06
0?
#24235
16
1?
#24240
06
0?
#24245
16
1?
#24250
06
0?
#24255
16
1?
#24260
06
0?
#24265
16
1?
#24270
06
0?
#24275
16
1?
#24280
06
0?
#24285
16
1?
#24290
06
0?
#24295
16
1?
#24300
06
0?
#24305
16
1?
#24310
06
0?
#24315
16
1?
#24320
06
0?
#24325
16
1?
#24330
06
0?
#24335
16
1?
#24340
06
0?
#24345
16
1?
#24350
06
0?
#24355
16
1?
#24360
06
0?
#24365
16
1?
#24370
06
0?
#24375
16
1?
#24380
06
0?
#24385
16
1?
#24390
06
0?
#24395
16
1?
#24400
06
0?
#24405
16
1?
#24410
06
0?
#24415
16
1?
#24420
06
0?
#24425
16
1?
#24430
06
0?
#24435
16
1?
#24440
06
0?
#24445
16
1?
#24450
06
0?
#24455
16
1?
#24460
06
0?
#24465
16
1?
#24470
06
0?
#24475
16
1?
#24480
06
0?
#24485
16
1?
#24490
06
0?
#24495
16
1?
#24500
06
0?
#24505
16
1?
#24510
06
0?
#24515
16
1?
#24520
06
0?
#24525
16
1?
#24530
06
0?
#24535
16
1?
#24540
06
0?
#24545
16
1?
#24550
06
0?
#24555
16
1?
#24560
06
0?
#24565
16
1?
#24570
06
0?
#24575
16
1?
#24580
06
0?
#24585
16
1?
#24590
06
0?
#24595
16
1?
#24600
06
0?
#24605
16
1?
#24610
06
0?
#24615
16
1?
#24620
06
0?
#24625
16
1?
#24630
06
0?
#24635
16
1?
#24640
06
0?
#24645
16
1?
#24650
06
0?
#24655
16
1?
#24660
06
0?
#24665
16
1?
#24670
06
0?
#24675
16
1?
#24680
06
0?
#24685
16
1?
#24690
06
0?
#24695
16
1?
#24700
06
0?
#24705
16
1?
#24710
06
0?
#24715
16
1?
#24720
06
0?
#24725
16
1?
#24730
06
0?
#24735
16
1?
#24740
06
0?
#24745
16
1?
#24750
06
0?
#24755
16
1?
#24760
06
0?
#24765
16
1?
#24770
06
0?
#24775
16
1?
#24780
06
0?
#24785
16
1?
#24790
06
0?
#24795
16
1?
#24800
06
0?
#24805
16
1?
#24810
06
0?
#24815
16
1?
#24820
06
0?
#24825
16
1?
#24830
06
0?
#24835
16
1?
#24840
06
0?
#24845
16
1?
#24850
06
0?
#24855
16
1?
#24860
06
0?
#24865
16
1?
#24870
06
0?
#24875
16
1?
#24880
06
0?
#24885
16
1?
#24890
06
0?
#24895
16
1?
#24900
06
0?
#24905
16
1?
#24910
06
0?
#24915
16
1?
#24920
06
0?
#24925
16
1?
#24930
06
0?
#24935
16
1?
#24940
06
0?
#24945
16
1?
#24950
06
0?
#24955
16
1?
#24960
06
0?
#24965
16
1?
#24970
06
0?
#24975
16
1?
#24980
06
0?
#24985
16
1?
#24990
06
0?
#24995
16
1?
#25000
06
0?
#25005
16
1?
#25010
06
0?
#25015
16
1?
#25020
06
0?
#25025
16
1?
#25030
06
0?
#25035
16
1?
#25040
06
0?
#25045
16
1?
#25050
06
0?
#25055
16
1?
#25060
06
0?
#25065
16
1?
#25070
06
0?
#25075
16
1?
#25080
06
0?
#25085
16
1?
#25090
06
0?
#25095
16
1?
#25100
06
0?
#25105
16
1?
#25110
06
0?
#25115
16
1?
#25120
06
0?
#25125
16
1?
#25130
06
0?
#25135
16
1?
#25140
06
0?
#25145
16
1?
#25150
06
0?
#25155
16
1?
#25160
06
0?
#25165
16
1?
#25170
06
0?
#25175
16
1?
#25180
06
0?
#25185
16
1?
#25190
06
0?
#25195
16
1?
#25200
06
0?
#25205
16
1?
#25210
06
0?
#25215
16
1?
#25220
06
0?
#25225
16
1?
#25230
06
0?
#25235
16
1?
#25240
06
0?
#25245
16
1?
#25250
06
0?
#25255
16
1?
#25260
06
0?
#25265
16
1?
#25270
06
0?
#25275
16
1?
#25280
06
0?
#25285
16
1?
#25290
06
0?
#25295
16
1?
#25300
06
0?
#25305
16
1?
#25310
06
0?
#25315
16
1?
#25320
06
0?
#25325
16
1?
#25330
06
0?
#25335
16
1?
#25340
06
0?
#25345
16
1?
#25350
06
0?
#25355
16
1?
#25360
06
0?
#25365
16
1?
#25370
06
0?
#25375
16
1?
#25380
06
0?
#25385
16
1?
#25390
06
0?
#25395
16
1?
#25400
06
0?
#25405
16
1?
#25410
06
0?
#25415
16
1?
#25420
06
0?
#25425
16
1?
#25430
06
0?
#25435
16
1?
#25440
06
0?
#25445
16
1?
#25450
06
0?
#25455
16
1?
#25460
06
0?
#25465
16
1?
#25470
06
0?
#25475
16
1?
#25480
06
0?
#25485
16
1?
#25490
06
0?
#25495
16
1?
#25500
06
0?
#25505
16
1?
#25510
06
0?
#25515
16
1?
#25520
06
0?
#25525
16
1?
#25530
06
0?
#25535
16
1?
#25540
06
0?
#25545
16
1?
#25550
06
0?
#25555
16
1?
#25560
06
0?
#25565
16
1?
#25570
06
0?
#25575
16
1?
#25580
06
0?
#25585
16
1?
#25590
06
0?
#25595
16
1?
#25600
06
0?
#25605
16
1?
#25610
06
0?
#25615
16
1?
#25620
06
0?
#25625
16
1?
#25630
06
0?
#25635
16
1?
#25640
06
0?
#25645
16
1?
#25650
06
0?
#25655
16
1?
#25660
06
0?
#25665
16
1?
#25670
06
0?
#25675
16
1?
#25680
06
0?
#25685
16
1?
#25690
06
0?
#25695
16
1?
#25700
06
0?
#25705
16
1?
#25710
06
0?
#25715
16
1?
#25720
06
0?
#25725
16
1?
#25730
06
0?
#25735
16
1?
#25740
06
0?
#25745
16
1?
#25750
06
0?
#25755
16
1?
#25760
06
0?
#25765
16
1?
#25770
06
0?
#25775
16
1?
#25780
06
0?
#25785
16
1?
#25790
06
0?
#25795
16
1?
#25800
06
0?
#25805
16
1?
#25810
06
0?
#25815
16
1?
#25820
06
0?
#25825
16
1?
#25830
06
0?
#25835
16
1?
#25840
06
0?
#25845
16
1?
#25850
06
0?
#25855
16
1?
#25860
06
0?
#25865
16
1?
#25870
06
0?
#25875
16
1?
#25880
06
0?
#25885
16
1?
#25890
06
0?
#25895
16
1?
#25900
06
0?
#25905
16
1?
#25910
06
0?
#25915
16
1?
#25920
06
0?
#25925
16
1?
#25930
06
0?
#25935
16
1?
#25940
06
0?
#25945
16
1?
#25950
06
0?
#25955
16
1?
#25960
06
0?
#25965
16
1?
#25970
06
0?
#25975
16
1?
#25980
06
0?
#25985
16
1?
#25990
06
0?
#25995
16
1?
#26000
06
0?
#26005
16
1?
#26010
06
0?
#26015
16
1?
#26020
06
0?
#26025
16
1?
#26030
06
0?
#26035
16
1?
#26040
06
0?
#26045
16
1?
#26050
06
0?
#26055
16
1?
#26060
06
0?
#26065
16
1?
#26070
06
0?
#26075
16
1?
#26080
06
0?
#26085
16
1?
#26090
06
0?
#26095
16
1?
#26100
06
0?
#26105
16
1?
#26110
06
0?
#26115
16
1?
#26120
06
0?
#26125
16
1?
#26130
06
0?
#26135
16
1?
#26140
06
0?
#26145
16
1?
#26150
06
0?
#26155
16
1?
#26160
06
0?
#26165
16
1?
#26170
06
0?
#26175
16
1?
#26180
06
0?
#26185
16
1?
#26190
06
0?
#26195
16
1?
#26200
06
0?
#26205
16
1?
#26210
06
0?
#26215
16
1?
#26220
06
0?
#26225
16
1?
#26230
06
0?
#26235
16
1?
#26240
06
0?
#26245
16
1?
#26250
06
0?
#26255
16
1?
#26260
06
0?
#26265
16
1?
#26270
06
0?
#26275
16
1?
#26280
06
0?
#26285
16
1?
#26290
06
0?
#26295
16
1?
#26300
06
0?
#26305
16
1?
#26310
06
0?
#26315
16
1?
#26320
06
0?
#26325
16
1?
#26330
06
0?
#26335
16
1?
#26340
06
0?
#26345
16
1?
#26350
06
0?
#26355
16
1?
#26360
06
0?
#26365
16
1?
#26370
06
0?
#26375
16
1?
#26380
06
0?
#26385
16
1?
#26390
06
0?
#26395
16
1?
#26400
06
0?
#26405
16
1?
#26410
06
0?
#26415
16
1?
#26420
06
0?
#26425
16
1?
#26430
06
0?
#26435
16
1?
#26440
06
0?
#26445
16
1?
#26450
06
0?
#26455
16
1?
#26460
06
0?
#26465
16
1?
#26470
06
0?
#26475
16
1?
#26480
06
0?
#26485
16
1?
#26490
06
0?
#26495
16
1?
#26500
06
0?
#26505
16
1?
#26510
06
0?
#26515
16
1?
#26520
06
0?
#26525
16
1?
#26530
06
0?
#26535
16
1?
#26540
06
0?
#26545
16
1?
#26550
06
0?
#26555
16
1?
#26560
06
0?
#26565
16
1?
#26570
06
0?
#26575
16
1?
#26580
06
0?
#26585
16
1?
#26590
06
0?
#26595
16
1?
#26600
06
0?
#26605
16
1?
#26610
06
0?
#26615
16
1?
#26620
06
0?
#26625
16
1?
#26630
06
0?
#26635
16
1?
#26640
06
0?
#26645
16
1?
#26650
06
0?
#26655
16
1?
#26660
06
0?
#26665
16
1?
#26670
06
0?
#26675
16
1?
#26680
06
0?
#26685
16
1?
#26690
06
0?
#26695
16
1?
#26700
06
0?
#26705
16
1?
#26710
06
0?
#26715
16
1?
#26720
06
0?
#26725
16
1?
#26730
06
0?
#26735
16
1?
#26740
06
0?
#26745
16
1?
#26750
06
0?
#26755
16
1?
#26760
06
0?
#26765
16
1?
#26770
06
0?
#26775
16
1?
#26780
06
0?
#26785
16
1?
#26790
06
0?
#26795
16
1?
#26800
06
0?
#26805
16
1?
#26810
06
0?
#26815
16
1?
#26820
06
0?
#26825
16
1?
#26830
06
0?
#26835
16
1?
#26840
06
0?
#26845
16
1?
#26850
06
0?
#26855
16
1?
#26860
06
0?
#26865
16
1?
#26870
06
0?
#26875
16
1?
#26880
06
0?
#26885
16
1?
#26890
06
0?
#26895
16
1?
#26900
06
0?
#26905
16
1?
#26910
06
0?
#26915
16
1?
#26920
06
0?
#26925
16
1?
#26930
06
0?
#26935
16
1?
#26940
06
0?
#26945
16
1?
#26950
06
0?
#26955
16
1?
#26960
06
0?
#26965
16
1?
#26970
06
0?
#26975
16
1?
#26980
06
0?
#26985
16
1?
#26990
06
0?
#26995
16
1?
#27000
06
0?
#27005
16
1?
#27010
06
0?
#27015
16
1?
#27020
06
0?
#27025
16
1?
#27030
06
0?
#27035
16
1?
#27040
06
0?
#27045
16
1?
#27050
06
0?
#27055
16
1?
#27060
06
0?
#27065
16
1?
#27070
06
0?
#27075
16
1?
#27080
06
0?
#27085
16
1?
#27090
06
0?
#27095
16
1?
#27100
06
0?
#27105
16
1?
#27110
06
0?
#27115
16
1?
#27120
06
0?
#27125
16
1?
#27130
06
0?
#27135
16
1?
#27140
06
0?
#27145
16
1?
#27150
06
0?
#27155
16
1?
#27160
06
0?
#27165
16
1?
#27170
06
0?
#27175
16
1?
#27180
06
0?
#27185
16
1?
#27190
06
0?
#27195
16
1?
#27200
06
0?
#27205
16
1?
#27210
06
0?
#27215
16
1?
#27220
06
0?
#27225
16
1?
#27230
06
0?
#27235
16
1?
#27240
06
0?
#27245
16
1?
#27250
06
0?
#27255
16
1?
#27260
06
0?
#27265
16
1?
#27270
06
0?
#27275
16
1?
#27280
06
0?
#27285
16
1?
#27290
06
0?
#27295
16
1?
#27300
06
0?
#27305
16
1?
#27310
06
0?
#27315
16
1?
#27320
06
0?
#27325
16
1?
#27330
06
0?
#27335
16
1?
#27340
06
0?
#27345
16
1?
#27350
06
0?
#27355
16
1?
#27360
06
0?
#27365
16
1?
#27370
06
0?
#27375
16
1?
#27380
06
0?
#27385
16
1?
#27390
06
0?
#27395
16
1?
#27400
06
0?
#27405
16
1?
#27410
06
0?
#27415
16
1?
#27420
06
0?
#27425
16
1?
#27430
06
0?
#27435
16
1?
#27440
06
0?
#27445
16
1?
#27450
06
0?
#27455
16
1?
#27460
06
0?
#27465
16
1?
#27470
06
0?
#27475
16
1?
#27480
06
0?
#27485
16
1?
#27490
06
0?
#27495
16
1?
#27500
06
0?
#27505
16
1?
#27510
06
0?
#27515
16
1?
#27520
06
0?
#27525
16
1?
#27530
06
0?
#27535
16
1?
#27540
06
0?
#27545
16
1?
#27550
06
0?
#27555
16
1?
#27560
06
0?
#27565
16
1?
#27570
06
0?
#27575
16
1?
#27580
06
0?
#27585
16
1?
#27590
06
0?
#27595
16
1?
#27600
06
0?
#27605
16
1?
#27610
06
0?
#27615
16
1?
#27620
06
0?
#27625
16
1?
#27630
06
0?
#27635
16
1?
#27640
06
0?
#27645
16
1?
#27650
06
0?
#27655
16
1?
#27660
06
0?
#27665
16
1?
#27670
06
0?
#27675
16
1?
#27680
06
0?
#27685
16
1?
#27690
06
0?
#27695
16
1?
#27700
06
0?
#27705
16
1?
#27710
06
0?
#27715
16
1?
#27720
06
0?
#27725
16
1?
#27730
06
0?
#27735
16
1?
#27740
06
0?
#27745
16
1?
#27750
06
0?
#27755
16
1?
#27760
06
0?
#27765
16
1?
#27770
06
0?
#27775
16
1?
#27780
06
0?
#27785
16
1?
#27790
06
0?
#27795
16
1?
#27800
06
0?
#27805
16
1?
#27810
06
0?
#27815
16
1?
#27820
06
0?
#27825
16
1?
#27830
06
0?
#27835
16
1?
#27840
06
0?
#27845
16
1?
#27850
06
0?
#27855
16
1?
#27860
06
0?
#27865
16
1?
#27870
06
0?
#27875
16
1?
#27880
06
0?
#27885
16
1?
#27890
06
0?
#27895
16
1?
#27900
06
0?
#27905
16
1?
#27910
06
0?
#27915
16
1?
#27920
06
0?
#27925
16
1?
#27930
06
0?
#27935
16
1?
#27940
06
0?
#27945
16
1?
#27950
06
0?
#27955
16
1?
#27960
06
0?
#27965
16
1?
#27970
06
0?
#27975
16
1?
#27980
06
0?
#27985
16
1?
#27990
06
0?
#27995
16
1?
#28000
06
0?
#28005
16
1?
#28010
06
0?
#28015
16
1?
#28020
06
0?
#28025
16
1?
#28030
06
0?
#28035
16
1?
#28040
06
0?
#28045
16
1?
#28050
06
0?
#28055
16
1?
#28060
06
0?
#28065
16
1?
#28070
06
0?
#28075
16
1?
#28080
06
0?
#28085
16
1?
#28090
06
0?
#28095
16
1?
#28100
06
0?
#28105
16
1?
#28110
06
0?
#28115
16
1?
#28120
06
0?
#28125
16
1?
#28130
06
0?
#28135
16
1?
#28140
06
0?
#28145
16
1?
#28150
06
0?
#28155
16
1?
#28160
06
0?
#28165
16
1?
#28170
06
0?
#28175
16
1?
#28180
06
0?
#28185
16
1?
#28190
06
0?
#28195
16
1?
#28200
06
0?
#28205
16
1?
#28210
06
0?
#28215
16
1?
#28220
06
0?
#28225
16
1?
#28230
06
0?
#28235
16
1?
#28240
06
0?
#28245
16
1?
#28250
06
0?
#28255
16
1?
#28260
06
0?
#28265
16
1?
#28270
06
0?
#28275
16
1?
#28280
06
0?
#28285
16
1?
#28290
06
0?
#28295
16
1?
#28300
06
0?
#28305
16
1?
#28310
06
0?
#28315
16
1?
#28320
06
0?
#28325
16
1?
#28330
06
0?
#28335
16
1?
#28340
06
0?
#28345
16
1?
#28350
06
0?
#28355
16
1?
#28360
06
0?
#28365
16
1?
#28370
06
0?
#28375
16
1?
#28380
06
0?
#28385
16
1?
#28390
06
0?
#28395
16
1?
#28400
06
0?
#28405
16
1?
#28410
06
0?
#28415
16
1?
#28420
06
0?
#28425
16
1?
#28430
06
0?
#28435
16
1?
#28440
06
0?
#28445
16
1?
#28450
06
0?
#28455
16
1?
#28460
06
0?
#28465
16
1?
#28470
06
0?
#28475
16
1?
#28480
06
0?
#28485
16
1?
#28490
06
0?
#28495
16
1?
#28500
06
0?
#28505
16
1?
#28510
06
0?
#28515
16
1?
#28520
06
0?
#28525
16
1?
#28530
06
0?
#28535
16
1?
#28540
06
0?
#28545
16
1?
#28550
06
0?
#28555
16
1?
#28560
06
0?
#28565
16
1?
#28570
06
0?
#28575
16
1?
#28580
06
0?
#28585
16
1?
#28590
06
0?
#28595
16
1?
#28600
06
0?
#28605
16
1?
#28610
06
0?
#28615
16
1?
#28620
06
0?
#28625
16
1?
#28630
06
0?
#28635
16
1?
#28640
06
0?
#28645
16
1?
#28650
06
0?
#28655
16
1?
#28660
06
0?
#28665
16
1?
#28670
06
0?
#28675
16
1?
#28680
06
0?
#28685
16
1?
#28690
06
0?
#28695
16
1?
#28700
06
0?
#28705
16
1?
#28710
06
0?
#28715
16
1?
#28720
06
0?
#28725
16
1?
#28730
06
0?
#28735
16
1?
#28740
06
0?
#28745
16
1?
#28750
06
0?
#28755
16
1?
#28760
06
0?
#28765
16
1?
#28770
06
0?
#28775
16
1?
#28780
06
0?
#28785
16
1?
#28790
06
0?
#28795
16
1?
#28800
06
0?
#28805
16
1?
#28810
06
0?
#28815
16
1?
#28820
06
0?
#28825
16
1?
#28830
06
0?
#28835
16
1?
#28840
06
0?
#28845
16
1?
#28850
06
0?
#28855
16
1?
#28860
06
0?
#28865
16
1?
#28870
06
0?
#28875
16
1?
#28880
06
0?
#28885
16
1?
#28890
06
0?
#28895
16
1?
#28900
06
0?
#28905
16
1?
#28910
06
0?
#28915
16
1?
#28920
06
0?
#28925
16
1?
#28930
06
0?
#28935
16
1?
#28940
06
0?
#28945
16
1?
#28950
06
0?
#28955
16
1?
#28960
06
0?
#28965
16
1?
#28970
06
0?
#28975
16
1?
#28980
06
0?
#28985
16
1?
#28990
06
0?
#28995
16
1?
#29000
06
0?
#29005
16
1?
#29010
06
0?
#29015
16
1?
#29020
06
0?
#29025
16
1?
#29030
06
0?
#29035
16
1?
#29040
06
0?
#29045
16
1?
#29050
06
0?
#29055
16
1?
#29060
06
0?
#29065
16
1?
#29070
06
0?
#29075
16
1?
#29080
06
0?
#29085
16
1?
#29090
06
0?
#29095
16
1?
#29100
06
0?
#29105
16
1?
#29110
06
0?
#29115
16
1?
#29120
06
0?
#29125
16
1?
#29130
06
0?
#29135
16
1?
#29140
06
0?
#29145
16
1?
#29150
06
0?
#29155
16
1?
#29160
06
0?
#29165
16
1?
#29170
06
0?
#29175
16
1?
#29180
06
0?
#29185
16
1?
#29190
06
0?
#29195
16
1?
#29200
06
0?
#29205
16
1?
#29210
06
0?
#29215
16
1?
#29220
06
0?
#29225
16
1?
#29230
06
0?
#29235
16
1?
#29240
06
0?
#29245
16
1?
#29250
06
0?
#29255
16
1?
#29260
06
0?
#29265
16
1?
#29270
06
0?
#29275
16
1?
#29280
06
0?
#29285
16
1?
#29290
06
0?
#29295
16
1?
#29300
06
0?
#29305
16
1?
#29310
06
0?
#29315
16
1?
#29320
06
0?
#29325
16
1?
#29330
06
0?
#29335
16
1?
#29340
06
0?
#29345
16
1?
#29350
06
0?
#29355
16
1?
#29360
06
0?
#29365
16
1?
#29370
06
0?
#29375
16
1?
#29380
06
0?
#29385
16
1?
#29390
06
0?
#29395
16
1?
#29400
06
0?
#29405
16
1?
#29410
06
0?
#29415
16
1?
#29420
06
0?
#29425
16
1?
#29430
06
0?
#29435
16
1?
#29440
06
0?
#29445
16
1?
#29450
06
0?
#29455
16
1?
#29460
06
0?
#29465
16
1?
#29470
06
0?
#29475
16
1?
#29480
06
0?
#29485
16
1?
#29490
06
0?
#29495
16
1?
#29500
06
0?
#29505
16
1?
#29510
06
0?
#29515
16
1?
#29520
06
0?
#29525
16
1?
#29530
06
0?
#29535
16
1?
#29540
06
0?
#29545
16
1?
#29550
06
0?
#29555
16
1?
#29560
06
0?
#29565
16
1?
#29570
06
0?
#29575
16
1?
#29580
06
0?
#29585
16
1?
#29590
06
0?
#29595
16
1?
#29600
06
0?
#29605
16
1?
#29610
06
0?
#29615
16
1?
#29620
06
0?
#29625
16
1?
#29630
06
0?
#29635
16
1?
#29640
06
0?
#29645
16
1?
#29650
06
0?
#29655
16
1?
#29660
06
0?
#29665
16
1?
#29670
06
0?
#29675
16
1?
#29680
06
0?
#29685
16
1?
#29690
06
0?
#29695
16
1?
#29700
06
0?
#29705
16
1?
#29710
06
0?
#29715
16
1?
#29720
06
0?
#29725
16
1?
#29730
06
0?
#29735
16
1?
#29740
06
0?
#29745
16
1?
#29750
06
0?
#29755
16
1?
#29760
06
0?
#29765
16
1?
#29770
06
0?
#29775
16
1?
#29780
06
0?
#29785
16
1?
#29790
06
0?
#29795
16
1?
#29800
06
0?
#29805
16
1?
#29810
06
0?
#29815
16
1?
#29820
06
0?
#29825
16
1?
#29830
06
0?
#29835
16
1?
#29840
06
0?
#29845
16
1?
#29850
06
0?
#29855
16
1?
#29860
06
0?
#29865
16
1?
#29870
06
0?
#29875
16
1?
#29880
06
0?
#29885
16
1?
#29890
06
0?
#29895
16
1?
#29900
06
0?
#29905
16
1?
#29910
06
0?
#29915
16
1?
#29920
06
0?
#29925
16
1?
#29930
06
0?
#29935
16
1?
#29940
06
0?
#29945
16
1?
#29950
06
0?
#29955
16
1?
#29960
06
0?
#29965
16
1?
#29970
06
0?
#29975
16
1?
#29980
06
0?
#29985
16
1?
#29990
06
0?
#29995
16
1?
#30000
06
0?
#30005
16
1?
#30010
06
0?
#30015
16
1?
#30020
06
0?
#30025
16
1?
#30030
06
0?
#30035
16
1?
#30040
06
0?
#30045
16
1?
#30050
06
0?
#30055
16
1?
#30060
06
0?
#30065
16
1?
#30070
06
0?
#30075
16
1?
#30080
06
0?
#30085
16
1?
#30090
06
0?
#30095
16
1?
#30100
06
0?
#30105
16
1?
#30110
06
0?
#30115
16
1?
#30120
06
0?
#30125
16
1?
#30130
06
0?
#30135
16
1?
#30140
06
0?
#30145
16
1?
#30150
06
0?
#30155
16
1?
#30160
06
0?
#30165
16
1?
#30170
06
0?
#30175
16
1?
#30180
06
0?
#30185
16
1?
#30190
06
0?
#30195
16
1?
#30200
06
0?
#30205
16
1?
#30210
06
0?
#30215
16
1?
#30220
06
0?
#30225
16
1?
#30230
06
0?
#30235
16
1?
#30240
06
0?
#30245
16
1?
#30250
06
0?
#30255
16
1?
#30260
06
0?
#30265
16
1?
#30270
06
0?
#30275
16
1?
#30280
06
0?
#30285
16
1?
#30290
06
0?
#30295
16
1?
#30300
06
0?
#30305
16
1?
#30310
06
0?
#30315
16
1?
#30320
06
0?
#30325
16
1?
#30330
06
0?
#30335
16
1?
#30340
06
0?
#30345
16
1?
#30350
06
0?
#30355
16
1?
#30360
06
0?
#30365
16
1?
#30370
06
0?
#30375
16
1?
#30380
06
0?
#30385
16
1?
#30390
06
0?
#30395
16
1?
#30400
06
0?
#30405
16
1?
#30410
06
0?
#30415
16
1?
#30420
06
0?
#30425
16
1?
#30430
06
0?
#30435
16
1?
#30440
06
0?
#30445
16
1?
#30450
06
0?
#30455
16
1?
#30460
06
0?
#30465
16
1?
#30470
06
0?
#30475
16
1?
#30480
06
0?
#30485
16
1?
#30490
06
0?
#30495
16
1?
#30500
06
0?
#30505
16
1?
#30510
06
0?
#30515
16
1?
#30520
06
0?
#30525
16
1?
#30530
06
0?
#30535
16
1?
#30540
06
0?
#30545
16
1?
#30550
06
0?
#30555
16
1?
#30560
06
0?
#30565
16
1?
#30570
06
0?
#30575
16
1?
#30580
06
0?
#30585
16
1?
#30590
06
0?
#30595
16
1?
#30600
06
0?
#30605
16
1?
#30610
06
0?
#30615
16
1?
#30620
06
0?
#30625
16
1?
#30630
06
0?
#30635
16
1?
#30640
06
0?
#30645
16
1?
#30650
06
0?
#30655
16
1?
#30660
06
0?
#30665
16
1?
#30670
06
0?
#30675
16
1?
#30680
06
0?
#30685
16
1?
#30690
06
0?
#30695
16
1?
#30700
06
0?
#30705
16
1?
#30710
06
0?
#30715
16
1?
#30720
06
0?
#30725
16
1?
#30730
06
0?
#30735
16
1?
#30740
06
0?
#30745
16
1?
#30750
06
0?
#30755
16
1?
#30760
06
0?
#30765
16
1?
#30770
06
0?
#30775
16
1?
#30780
06
0?
#30785
16
1?
#30790
06
0?
#30795
16
1?
#30800
06
0?
#30805
16
1?
#30810
06
0?
#30815
16
1?
#30820
06
0?
#30825
16
1?
#30830
06
0?
#30835
16
1?
#30840
06
0?
#30845
16
1?
#30850
06
0?
#30855
16
1?
#30860
06
0?
#30865
16
1?
#30870
06
0?
#30875
16
1?
#30880
06
0?
#30885
16
1?
#30890
06
0?
#30895
16
1?
#30900
06
0?
#30905
16
1?
#30910
06
0?
#30915
16
1?
#30920
06
0?
#30925
16
1?
#30930
06
0?
#30935
16
1?
#30940
06
0?
#30945
16
1?
#30950
06
0?
#30955
16
1?
#30960
06
0?
#30965
16
1?
#30970
06
0?
#30975
16
1?
#30980
06
0?
#30985
16
1?
#30990
06
0?
#30995
16
1?
#31000
06
0?
#31005
16
1?
#31010
06
0?
#31015
16
1?
#31020
06
0?
#31025
16
1?
#31030
06
0?
#31035
16
1?
#31040
06
0?
#31045
16
1?
#31050
06
0?
#31055
16
1?
#31060
06
0?
#31065
16
1?
#31070
06
0?
#31075
16
1?
#31080
06
0?
#31085
16
1?
#31090
06
0?
#31095
16
1?
#31100
06
0?
#31105
16
1?
#31110
06
0?
#31115
16
1?
#31120
06
0?
#31125
16
1?
#31130
06
0?
#31135
16
1?
#31140
06
0?
#31145
16
1?
#31150
06
0?
#31155
16
1?
#31160
06
0?
#31165
16
1?
#31170
06
0?
#31175
16
1?
#31180
06
0?
#31185
16
1?
#31190
06
0?
#31195
16
1?
#31200
06
0?
#31205
16
1?
#31210
06
0?
#31215
16
1?
#31220
06
0?
#31225
16
1?
#31230
06
0?
#31235
16
1?
#31240
06
0?
#31245
16
1?
#31250
06
0?
#31255
16
1?
#31260
06
0?
#31265
16
1?
#31270
06
0?
#31275
16
1?
#31280
06
0?
#31285
16
1?
#31290
06
0?
#31295
16
1?
#31300
06
0?
#31305
16
1?
#31310
06
0?
#31315
16
1?
#31320
06
0?
#31325
16
1?
#31330
06
0?
#31335
16
1?
#31340
06
0?
#31345
16
1?
#31350
06
0?
#31355
16
1?
#31360
06
0?
#31365
16
1?
#31370
06
0?
#31375
16
1?
#31380
06
0?
#31385
16
1?
#31390
06
0?
#31395
16
1?
#31400
06
0?
#31405
16
1?
#31410
06
0?
#31415
16
1?
#31420
06
0?
#31425
16
1?
#31430
06
0?
#31435
16
1?
#31440
06
0?
#31445
16
1?
#31450
06
0?
#31455
16
1?
#31460
06
0?
#31465
16
1?
#31470
06
0?
#31475
16
1?
#31480
06
0?
#31485
16
1?
#31490
06
0?
#31495
16
1?
#31500
06
0?
#31505
16
1?
#31510
06
0?
#31515
16
1?
#31520
06
0?
#31525
16
1?
#31530
06
0?
#31535
16
1?
#31540
06
0?
#31545
16
1?
#31550
06
0?
#31555
16
1?
#31560
06
0?
#31565
16
1?
#31570
06
0?
#31575
16
1?
#31580
06
0?
#31585
16
1?
#31590
06
0?
#31595
16
1?
#31600
06
0?
#31605
16
1?
#31610
06
0?
#31615
16
1?
#31620
06
0?
#31625
16
1?
#31630
06
0?
#31635
16
1?
#31640
06
0?
#31645
16
1?
#31650
06
0?
#31655
16
1?
#31660
06
0?
#31665
16
1?
#31670
06
0?
#31675
16
1?
#31680
06
0?
#31685
16
1?
#31690
06
0?
#31695
16
1?
#31700
06
0?
#31705
16
1?
#31710
06
0?
#31715
16
1?
#31720
06
0?
#31725
16
1?
#31730
06
0?
#31735
16
1?
#31740
06
0?
#31745
16
1?
#31750
06
0?
#31755
16
1?
#31760
06
0?
#31765
16
1?
#31770
06
0?
#31775
16
1?
#31780
06
0?
#31785
16
1?
#31790
06
0?
#31795
16
1?
#31800
06
0?
#31805
16
1?
#31810
06
0?
#31815
16
1?
#31820
06
0?
#31825
16
1?
#31830
06
0?
#31835
16
1?
#31840
06
0?
#31845
16
1?
#31850
06
0?
#31855
16
1?
#31860
06
0?
#31865
16
1?
#31870
06
0?
#31875
16
1?
#31880
06
0?
#31885
16
1?
#31890
06
0?
#31895
16
1?
#31900
06
0?
#31905
16
1?
#31910
06
0?
#31915
16
1?
#31920
06
0?
#31925
16
1?
#31930
06
0?
#31935
16
1?
#31940
06
0?
#31945
16
1?
#31950
06
0?
#31955
16
1?
#31960
06
0?
#31965
16
1?
#31970
06
0?
#31975
16
1?
#31980
06
0?
#31985
16
1?
#31990
06
0?
#31995
16
1?
#32000
06
0?
#32005
16
1?
#32010
06
0?
#32015
16
1?
#32020
06
0?
#32025
16
1?
#32030
06
0?
#32035
16
1?
#32040
06
0?
#32045
16
1?
#32050
06
0?
#32055
16
1?
#32060
06
0?
#32065
16
1?
#32070
06
0?
#32075
16
1?
#32080
06
0?
#32085
16
1?
#32090
06
0?
#32095
16
1?
#32100
06
0?
#32105
16
1?
#32110
06
0?
#32115
16
1?
#32120
06
0?
#32125
16
1?
#32130
06
0?
#32135
16
1?
#32140
06
0?
#32145
16
1?
#32150
06
0?
#32155
16
1?
#32160
06
0?
#32165
16
1?
#32170
06
0?
#32175
16
1?
#32180
06
0?
#32185
16
1?
#32190
06
0?
#32195
16
1?
#32200
06
0?
#32205
16
1?
#32210
06
0?
#32215
16
1?
#32220
06
0?
#32225
16
1?
#32230
06
0?
#32235
16
1?
#32240
06
0?
#32245
16
1?
#32250
06
0?
#32255
16
1?
#32260
06
0?
#32265
16
1?
#32270
06
0?
#32275
16
1?
#32280
06
0?
#32285
16
1?
#32290
06
0?
#32295
16
1?
#32300
06
0?
#32305
16
1?
#32310
06
0?
#32315
16
1?
#32320
06
0?
#32325
16
1?
#32330
06
0?
#32335
16
1?
#32340
06
0?
#32345
16
1?
#32350
06
0?
#32355
16
1?
#32360
06
0?
#32365
16
1?
#32370
06
0?
#32375
16
1?
#32380
06
0?
#32385
16
1?
#32390
06
0?
#32395
16
1?
#32400
06
0?
#32405
16
1?
#32410
06
0?
#32415
16
1?
#32420
06
0?
#32425
16
1?
#32430
06
0?
#32435
16
1?
#32440
06
0?
#32445
16
1?
#32450
06
0?
#32455
16
1?
#32460
06
0?
#32465
16
1?
#32470
06
0?
#32475
16
1?
#32480
06
0?
#32485
16
1?
#32490
06
0?
#32495
16
1?
#32500
06
0?
#32505
16
1?
#32510
06
0?
#32515
16
1?
#32520
06
0?
#32525
16
1?
#32530
06
0?
#32535
16
1?
#32540
06
0?
#32545
16
1?
#32550
06
0?
#32555
16
1?
#32560
06
0?
#32565
16
1?
#32570
06
0?
#32575
16
1?
#32580
06
0?
#32585
16
1?
#32590
06
0?
#32595
16
1?
#32600
06
0?
#32605
16
1?
#32610
06
0?
#32615
16
1?
#32620
06
0?
#32625
16
1?
#32630
06
0?
#32635
16
1?
#32640
06
0?
#32645
16
1?
#32650
06
0?
#32655
16
1?
#32660
06
0?
#32665
16
1?
#32670
06
0?
#32675
16
1?
#32680
06
0?
#32685
16
1?
#32690
06
0?
#32695
16
1?
#32700
06
0?
#32705
16
1?
#32710
06
0?
#32715
16
1?
#32720
06
0?
#32725
16
1?
#32730
06
0?
#32735
16
1?
#32740
06
0?
#32745
16
1?
#32750
06
0?
#32755
16
1?
#32760
06
0?
#32765
16
1?
#32770
06
0?
#32775
16
1?
#32780
06
0?
#32785
16
1?
#32790
06
0?
#32795
16
1?
#32800
06
0?
#32805
16
1?
#32810
06
0?
#32815
16
1?
#32820
06
0?
#32825
16
1?
#32830
06
0?
#32835
16
1?
#32840
06
0?
#32845
16
1?
#32850
06
0?
#32855
16
1?
#32860
06
0?
#32865
16
1?
#32870
06
0?
#32875
16
1?
#32880
06
0?
#32885
16
1?
#32890
06
0?
#32895
16
1?
#32900
06
0?
#32905
16
1?
#32910
06
0?
#32915
16
1?
#32920
06
0?
#32925
16
1?
#32930
06
0?
#32935
16
1?
#32940
06
0?
#32945
16
1?
#32950
06
0?
#32955
16
1?
#32960
06
0?
#32965
16
1?
#32970
06
0?
#32975
16
1?
#32980
06
0?
#32985
16
1?
#32990
06
0?
#32995
16
1?
#33000
06
0?
#33005
16
1?
#33010
06
0?
#33015
16
1?
#33020
06
0?
#33025
16
1?
#33030
06
0?
#33035
16
1?
#33040
06
0?
#33045
16
1?
#33050
06
0?
#33055
16
1?
#33060
06
0?
#33065
16
1?
#33070
06
0?
#33075
16
1?
#33080
06
0?
#33085
16
1?
#33090
06
0?
#33095
16
1?
#33100
06
0?
#33105
16
1?
#33110
06
0?
#33115
16
1?
#33120
06
0?
#33125
16
1?
#33130
06
0?
#33135
16
1?
#33140
06
0?
#33145
16
1?
#33150
06
0?
#33155
16
1?
#33160
06
0?
#33165
16
1?
#33170
06
0?
#33175
16
1?
#33180
06
0?
#33185
16
1?
#33190
06
0?
#33195
16
1?
#33200
06
0?
#33205
16
1?
#33210
06
0?
#33215
16
1?
#33220
06
0?
#33225
16
1?
#33230
06
0?
#33235
16
1?
#33240
06
0?
#33245
16
1?
#33250
06
0?
#33255
16
1?
#33260
06
0?
#33265
16
1?
#33270
06
0?
#33275
16
1?
#33280
06
0?
#33285
16
1?
#33290
06
0?
#33295
16
1?
#33300
06
0?
#33305
16
1?
#33310
06
0?
#33315
16
1?
#33320
06
0?
#33325
16
1?
#33330
06
0?
#33335
16
1?
#33340
06
0?
#33345
16
1?
#33350
06
0?
#33355
16
1?
#33360
06
0?
#33365
16
1?
#33370
06
0?
#33375
16
1?
#33380
06
0?
#33385
16
1?
#33390
06
0?
#33395
16
1?
#33400
06
0?
#33405
16
1?
#33410
06
0?
#33415
16
1?
#33420
06
0?
#33425
16
1?
#33430
06
0?
#33435
16
1?
#33440
06
0?
#33445
16
1?
#33450
06
0?
#33455
16
1?
#33460
06
0?
#33465
16
1?
#33470
06
0?
#33475
16
1?
#33480
06
0?
#33485
16
1?
#33490
06
0?
#33495
16
1?
#33500
06
0?
#33505
16
1?
#33510
06
0?
#33515
16
1?
#33520
06
0?
#33525
16
1?
#33530
06
0?
#33535
16
1?
#33540
06
0?
#33545
16
1?
#33550
06
0?
#33555
16
1?
#33560
06
0?
#33565
16
1?
#33570
06
0?
#33575
16
1?
#33580
06
0?
#33585
16
1?
#33590
06
0?
#33595
16
1?
#33600
06
0?
#33605
16
1?
#33610
06
0?
#33615
16
1?
#33620
06
0?
#33625
16
1?
#33630
06
0?
#33635
16
1?
#33640
06
0?
#33645
16
1?
#33650
06
0?
#33655
16
1?
#33660
06
0?
#33665
16
1?
#33670
06
0?
#33675
16
1?
#33680
06
0?
#33685
16
1?
#33690
06
0?
#33695
16
1?
#33700
06
0?
#33705
16
1?
#33710
06
0?
#33715
16
1?
#33720
06
0?
#33725
16
1?
#33730
06
0?
#33735
16
1?
#33740
06
0?
#33745
16
1?
#33750
06
0?
#33755
16
1?
#33760
06
0?
#33765
16
1?
#33770
06
0?
#33775
16
1?
#33780
06
0?
#33785
16
1?
#33790
06
0?
#33795
16
1?
#33800
06
0?
#33805
16
1?
#33810
06
0?
#33815
16
1?
#33820
06
0?
#33825
16
1?
#33830
06
0?
#33835
16
1?
#33840
06
0?
#33845
16
1?
#33850
06
0?
#33855
16
1?
#33860
06
0?
#33865
16
1?
#33870
06
0?
#33875
16
1?
#33880
06
0?
#33885
16
1?
#33890
06
0?
#33895
16
1?
#33900
06
0?
#33905
16
1?
#33910
06
0?
#33915
16
1?
#33920
06
0?
#33925
16
1?
#33930
06
0?
#33935
16
1?
#33940
06
0?
#33945
16
1?
#33950
06
0?
#33955
16
1?
#33960
06
0?
#33965
16
1?
#33970
06
0?
#33975
16
1?
#33980
06
0?
#33985
16
1?
#33990
06
0?
#33995
16
1?
#34000
06
0?
#34005
16
1?
#34010
06
0?
#34015
16
1?
#34020
06
0?
#34025
16
1?
#34030
06
0?
#34035
16
1?
#34040
06
0?
#34045
16
1?
#34050
06
0?
#34055
16
1?
#34060
06
0?
#34065
16
1?
#34070
06
0?
#34075
16
1?
#34080
06
0?
#34085
16
1?
#34090
06
0?
#34095
16
1?
#34100
06
0?
#34105
16
1?
#34110
06
0?
#34115
16
1?
#34120
06
0?
#34125
16
1?
#34130
06
0?
#34135
16
1?
#34140
06
0?
#34145
16
1?
#34150
06
0?
#34155
16
1?
#34160
06
0?
#34165
16
1?
#34170
06
0?
#34175
16
1?
#34180
06
0?
#34185
16
1?
#34190
06
0?
#34195
16
1?
#34200
06
0?
#34205
16
1?
#34210
06
0?
#34215
16
1?
#34220
06
0?
#34225
16
1?
#34230
06
0?
#34235
16
1?
#34240
06
0?
#34245
16
1?
#34250
06
0?
#34255
16
1?
#34260
06
0?
#34265
16
1?
#34270
06
0?
#34275
16
1?
#34280
06
0?
#34285
16
1?
#34290
06
0?
#34295
16
1?
#34300
06
0?
#34305
16
1?
#34310
06
0?
#34315
16
1?
#34320
06
0?
#34325
16
1?
#34330
06
0?
#34335
16
1?
#34340
06
0?
#34345
16
1?
#34350
06
0?
#34355
16
1?
#34360
06
0?
#34365
16
1?
#34370
06
0?
#34375
16
1?
#34380
06
0?
#34385
16
1?
#34390
06
0?
#34395
16
1?
#34400
06
0?
#34405
16
1?
#34410
06
0?
#34415
16
1?
#34420
06
0?
#34425
16
1?
#34430
06
0?
#34435
16
1?
#34440
06
0?
#34445
16
1?
#34450
06
0?
#34455
16
1?
#34460
06
0?
#34465
16
1?
#34470
06
0?
#34475
16
1?
#34480
06
0?
#34485
16
1?
#34490
06
0?
#34495
16
1?
#34500
06
0?
#34505
16
1?
#34510
06
0?
#34515
16
1?
#34520
06
0?
#34525
16
1?
#34530
06
0?
#34535
16
1?
#34540
06
0?
#34545
16
1?
#34550
06
0?
#34555
16
1?
#34560
06
0?
#34565
16
1?
#34570
06
0?
#34575
16
1?
#34580
06
0?
#34585
16
1?
#34590
06
0?
#34595
16
1?
#34600
06
0?
#34605
16
1?
#34610
06
0?
#34615
16
1?
#34620
06
0?
#34625
16
1?
#34630
06
0?
#34635
16
1?
#34640
06
0?
#34645
16
1?
#34650
06
0?
#34655
16
1?
#34660
06
0?
#34665
16
1?
#34670
06
0?
#34675
16
1?
#34680
06
0?
#34685
16
1?
#34690
06
0?
#34695
16
1?
#34700
06
0?
#34705
16
1?
#34710
06
0?
#34715
16
1?
#34720
06
0?
#34725
16
1?
#34730
06
0?
#34735
16
1?
#34740
06
0?
#34745
16
1?
#34750
06
0?
#34755
16
1?
#34760
06
0?
#34765
16
1?
#34770
06
0?
#34775
16
1?
#34780
06
0?
#34785
16
1?
#34790
06
0?
#34795
16
1?
#34800
06
0?
#34805
16
1?
#34810
06
0?
#34815
16
1?
#34820
06
0?
#34825
16
1?
#34830
06
0?
#34835
16
1?
#34840
06
0?
#34845
16
1?
#34850
06
0?
#34855
16
1?
#34860
06
0?
#34865
16
1?
#34870
06
0?
#34875
16
1?
#34880
06
0?
#34885
16
1?
#34890
06
0?
#34895
16
1?
#34900
06
0?
#34905
16
1?
#34910
06
0?
#34915
16
1?
#34920
06
0?
#34925
16
1?
#34930
06
0?
#34935
16
1?
#34940
06
0?
#34945
16
1?
#34950
06
0?
#34955
16
1?
#34960
06
0?
#34965
16
1?
#34970
06
0?
#34975
16
1?
#34980
06
0?
#34985
16
1?
#34990
06
0?
#34995
16
1?
#35000
06
0?
#35005
16
1?
#35010
06
0?
#35015
16
1?
#35020
06
0?
#35025
16
1?
#35030
06
0?
#35035
16
1?
#35040
06
0?
#35045
16
1?
#35050
06
0?
#35055
16
1?
#35060
06
0?
#35065
16
1?
#35070
06
0?
#35075
16
1?
#35080
06
0?
#35085
16
1?
#35090
06
0?
#35095
16
1?
#35100
06
0?
#35105
16
1?
#35110
06
0?
#35115
16
1?
#35120
06
0?
#35125
16
1?
#35130
06
0?
#35135
16
1?
#35140
06
0?
#35145
16
1?
#35150
06
0?
#35155
16
1?
#35160
06
0?
#35165
16
1?
#35170
06
0?
#35175
16
1?
#35180
06
0?
#35185
16
1?
#35190
06
0?
#35195
16
1?
#35200
06
0?
#35205
16
1?
#35210
06
0?
#35215
16
1?
#35220
06
0?
#35225
16
1?
#35230
06
0?
#35235
16
1?
#35240
06
0?
#35245
16
1?
#35250
06
0?
#35255
16
1?
#35260
06
0?
#35265
16
1?
#35270
06
0?
#35275
16
1?
#35280
06
0?
#35285
16
1?
#35290
06
0?
#35295
16
1?
#35300
06
0?
#35305
16
1?
#35310
06
0?
#35315
16
1?
#35320
06
0?
#35325
16
1?
#35330
06
0?
#35335
16
1?
#35340
06
0?
#35345
16
1?
#35350
06
0?
#35355
16
1?
#35360
06
0?
#35365
16
1?
#35370
06
0?
#35375
16
1?
#35380
06
0?
#35385
16
1?
#35390
06
0?
#35395
16
1?
#35400
06
0?
#35405
16
1?
#35410
06
0?
#35415
16
1?
#35420
06
0?
#35425
16
1?
#35430
06
0?
#35435
16
1?
#35440
06
0?
#35445
16
1?
#35450
06
0?
#35455
16
1?
#35460
06
0?
#35465
16
1?
#35470
06
0?
#35475
16
1?
#35480
06
0?
#35485
16
1?
#35490
06
0?
#35495
16
1?
#35500
06
0?
#35505
16
1?
#35510
06
0?
#35515
16
1?
#35520
06
0?
#35525
16
1?
#35530
06
0?
#35535
16
1?
#35540
06
0?
#35545
16
1?
#35550
06
0?
#35555
16
1?
#35560
06
0?
#35565
16
1?
#35570
06
0?
#35575
16
1?
#35580
06
0?
#35585
16
1?
#35590
06
0?
#35595
16
1?
#35600
06
0?
#35605
16
1?
#35610
06
0?
#35615
16
1?
#35620
06
0?
#35625
16
1?
#35630
06
0?
#35635
16
1?
#35640
06
0?
#35645
16
1?
#35650
06
0?
#35655
16
1?
#35660
06
0?
#35665
16
1?
#35670
06
0?
#35675
16
1?
#35680
06
0?
#35685
16
1?
#35690
06
0?
#35695
16
1?
#35700
06
0?
#35705
16
1?
#35710
06
0?
#35715
16
1?
#35720
06
0?
#35725
16
1?
#35730
06
0?
#35735
16
1?
#35740
06
0?
#35745
16
1?
#35750
06
0?
#35755
16
1?
#35760
06
0?
#35765
16
1?
#35770
06
0?
#35775
16
1?
#35780
06
0?
#35785
16
1?
#35790
06
0?
#35795
16
1?
#35800
06
0?
#35805
16
1?
#35810
06
0?
#35815
16
1?
#35820
06
0?
#35825
16
1?
#35830
06
0?
#35835
16
1?
#35840
06
0?
#35845
16
1?
#35850
06
0?
#35855
16
1?
#35860
06
0?
#35865
16
1?
#35870
06
0?
#35875
16
1?
#35880
06
0?
#35885
16
1?
#35890
06
0?
#35895
16
1?
#35900
06
0?
#35905
16
1?
#35910
06
0?
#35915
16
1?
#35920
06
0?
#35925
16
1?
#35930
06
0?
#35935
16
1?
#35940
06
0?
#35945
16
1?
#35950
06
0?
#35955
16
1?
#35960
06
0?
#35965
16
1?
#35970
06
0?
#35975
16
1?
#35980
06
0?
#35985
16
1?
#35990
06
0?
#35995
16
1?
#36000
06
0?
#36005
16
1?
#36010
06
0?
#36015
16
1?
#36020
06
0?
#36025
16
1?
#36030
06
0?
#36035
16
1?
#36040
06
0?
#36045
16
1?
#36050
06
0?
#36055
16
1?
#36060
06
0?
#36065
16
1?
#36070
06
0?
#36075
16
1?
#36080
06
0?
#36085
16
1?
#36090
06
0?
#36095
16
1?
#36100
06
0?
#36105
16
1?
#36110
06
0?
#36115
16
1?
#36120
06
0?
#36125
16
1?
#36130
06
0?
#36135
16
1?
#36140
06
0?
#36145
16
1?
#36150
06
0?
#36155
16
1?
#36160
06
0?
#36165
16
1?
#36170
06
0?
#36175
16
1?
#36180
06
0?
#36185
16
1?
#36190
06
0?
#36195
16
1?
#36200
06
0?
#36205
16
1?
#36210
06
0?
#36215
16
1?
#36220
06
0?
#36225
16
1?
#36230
06
0?
#36235
16
1?
#36240
06
0?
#36245
16
1?
#36250
06
0?
#36255
16
1?
#36260
06
0?
#36265
16
1?
#36270
06
0?
#36275
16
1?
#36280
06
0?
#36285
16
1?
#36290
06
0?
#36295
16
1?
#36300
06
0?
#36305
16
1?
#36310
06
0?
#36315
16
1?
#36320
06
0?
#36325
16
1?
#36330
06
0?
#36335
16
1?
#36340
06
0?
#36345
16
1?
#36350
06
0?
#36355
16
1?
#36360
06
0?
#36365
16
1?
#36370
06
0?
#36375
16
1?
#36380
06
0?
#36385
16
1?
#36390
06
0?
#36395
16
1?
#36400
06
0?
#36405
16
1?
#36410
06
0?
#36415
16
1?
#36420
06
0?
#36425
16
1?
#36430
06
0?
#36435
16
1?
#36440
06
0?
#36445
16
1?
#36450
06
0?
#36455
16
1?
#36460
06
0?
#36465
16
1?
#36470
06
0?
#36475
16
1?
#36480
06
0?
#36485
16
1?
#36490
06
0?
#36495
16
1?
#36500
06
0?
#36505
16
1?
#36510
06
0?
#36515
16
1?
#36520
06
0?
#36525
16
1?
#36530
06
0?
#36535
16
1?
#36540
06
0?
#36545
16
1?
#36550
06
0?
#36555
16
1?
#36560
06
0?
#36565
16
1?
#36570
06
0?
#36575
16
1?
#36580
06
0?
#36585
16
1?
#36590
06
0?
#36595
16
1?
#36600
06
0?
#36605
16
1?
#36610
06
0?
#36615
16
1?
#36620
06
0?
#36625
16
1?
#36630
06
0?
#36635
16
1?
#36640
06
0?
#36645
16
1?
#36650
06
0?
#36655
16
1?
#36660
06
0?
#36665
16
1?
#36670
06
0?
#36675
16
1?
#36680
06
0?
#36685
16
1?
#36690
06
0?
#36695
16
1?
#36700
06
0?
#36705
16
1?
#36710
06
0?
#36715
16
1?
#36720
06
0?
#36725
16
1?
#36730
06
0?
#36735
16
1?
#36740
06
0?
#36745
16
1?
#36750
06
0?
#36755
16
1?
#36760
06
0?
#36765
16
1?
#36770
06
0?
#36775
16
1?
#36780
06
0?
#36785
16
1?
#36790
06
0?
#36795
16
1?
#36800
06
0?
#36805
16
1?
#36810
06
0?
#36815
16
1?
#36820
06
0?
#36825
16
1?
#36830
06
0?
#36835
16
1?
#36840
06
0?
#36845
16
1?
#36850
06
0?
#36855
16
1?
#36860
06
0?
#36865
16
1?
#36870
06
0?
#36875
16
1?
#36880
06
0?
#36885
16
1?
#36890
06
0?
#36895
16
1?
#36900
06
0?
#36905
16
1?
#36910
06
0?
#36915
16
1?
#36920
06
0?
#36925
16
1?
#36930
06
0?
#36935
16
1?
#36940
06
0?
#36945
16
1?
#36950
06
0?
#36955
16
1?
#36960
06
0?
#36965
16
1?
#36970
06
0?
#36975
16
1?
#36980
06
0?
#36985
16
1?
#36990
06
0?
#36995
16
1?
#37000
06
0?
#37005
16
1?
#37010
06
0?
#37015
16
1?
#37020
06
0?
#37025
16
1?
#37030
06
0?
#37035
16
1?
#37040
06
0?
#37045
16
1?
#37050
06
0?
#37055
16
1?
#37060
06
0?
#37065
16
1?
#37070
06
0?
#37075
16
1?
#37080
06
0?
#37085
16
1?
#37090
06
0?
#37095
16
1?
#37100
06
0?
#37105
16
1?
#37110
06
0?
#37115
16
1?
#37120
06
0?
#37125
16
1?
#37130
06
0?
#37135
16
1?
#37140
06
0?
#37145
16
1?
#37150
06
0?
#37155
16
1?
#37160
06
0?
#37165
16
1?
#37170
06
0?
#37175
16
1?
#37180
06
0?
#37185
16
1?
#37190
06
0?
#37195
16
1?
#37200
06
0?
#37205
16
1?
#37210
06
0?
#37215
16
1?
#37220
06
0?
#37225
16
1?
#37230
06
0?
#37235
16
1?
#37240
06
0?
#37245
16
1?
#37250
06
0?
#37255
16
1?
#37260
06
0?
#37265
16
1?
#37270
06
0?
#37275
16
1?
#37280
06
0?
#37285
16
1?
#37290
06
0?
#37295
16
1?
#37300
06
0?
#37305
16
1?
#37310
06
0?
#37315
16
1?
#37320
06
0?
#37325
16
1?
#37330
06
0?
#37335
16
1?
#37340
06
0?
#37345
16
1?
#37350
06
0?
#37355
16
1?
#37360
06
0?
#37365
16
1?
#37370
06
0?
#37375
16
1?
#37380
06
0?
#37385
16
1?
#37390
06
0?
#37395
16
1?
#37400
06
0?
#37405
16
1?
#37410
06
0?
#37415
16
1?
#37420
06
0?
#37425
16
1?
#37430
06
0?
#37435
16
1?
#37440
06
0?
#37445
16
1?
#37450
06
0?
#37455
16
1?
#37460
06
0?
#37465
16
1?
#37470
06
0?
#37475
16
1?
#37480
06
0?
#37485
16
1?
#37490
06
0?
#37495
16
1?
#37500
06
0?
#37505
16
1?
#37510
06
0?
#37515
16
1?
#37520
06
0?
#37525
16
1?
#37530
06
0?
#37535
16
1?
#37540
06
0?
#37545
16
1?
#37550
06
0?
#37555
16
1?
#37560
06
0?
#37565
16
1?
#37570
06
0?
#37575
16
1?
#37580
06
0?
#37585
16
1?
#37590
06
0?
#37595
16
1?
#37600
06
0?
#37605
16
1?
#37610
06
0?
#37615
16
1?
#37620
06
0?
#37625
16
1?
#37630
06
0?
#37635
16
1?
#37640
06
0?
#37645
16
1?
#37650
06
0?
#37655
16
1?
#37660
06
0?
#37665
16
1?
#37670
06
0?
#37675
16
1?
#37680
06
0?
#37685
16
1?
#37690
06
0?
#37695
16
1?
#37700
06
0?
#37705
16
1?
#37710
06
0?
#37715
16
1?
#37720
06
0?
#37725
16
1?
#37730
06
0?
#37735
16
1?
#37740
06
0?
#37745
16
1?
#37750
06
0?
#37755
16
1?
#37760
06
0?
#37765
16
1?
#37770
06
0?
#37775
16
1?
#37780
06
0?
#37785
16
1?
#37790
06
0?
#37795
16
1?
#37800
06
0?
#37805
16
1?
#37810
06
0?
#37815
16
1?
#37820
06
0?
#37825
16
1?
#37830
06
0?
#37835
16
1?
#37840
06
0?
#37845
16
1?
#37850
06
0?
#37855
16
1?
#37860
06
0?
#37865
16
1?
#37870
06
0?
#37875
16
1?
#37880
06
0?
#37885
16
1?
#37890
06
0?
#37895
16
1?
#37900
06
0?
#37905
16
1?
#37910
06
0?
#37915
16
1?
#37920
06
0?
#37925
16
1?
#37930
06
0?
#37935
16
1?
#37940
06
0?
#37945
16
1?
#37950
06
0?
#37955
16
1?
#37960
06
0?
#37965
16
1?
#37970
06
0?
#37975
16
1?
#37980
06
0?
#37985
16
1?
#37990
06
0?
#37995
16
1?
#38000
06
0?
#38005
16
1?
#38010
06
0?
#38015
16
1?
#38020
06
0?
#38025
16
1?
#38030
06
0?
#38035
16
1?
#38040
06
0?
#38045
16
1?
#38050
06
0?
#38055
16
1?
#38060
06
0?
#38065
16
1?
#38070
06
0?
#38075
16
1?
#38080
06
0?
#38085
16
1?
#38090
06
0?
#38095
16
1?
#38100
06
0?
#38105
16
1?
#38110
06
0?
#38115
16
1?
#38120
06
0?
#38125
16
1?
#38130
06
0?
#38135
16
1?
#38140
06
0?
#38145
16
1?
#38150
06
0?
#38155
16
1?
#38160
06
0?
#38165
16
1?
#38170
06
0?
#38175
16
1?
#38180
06
0?
#38185
16
1?
#38190
06
0?
#38195
16
1?
#38200
06
0?
#38205
16
1?
#38210
06
0?
#38215
16
1?
#38220
06
0?
#38225
16
1?
#38230
06
0?
#38235
16
1?
#38240
06
0?
#38245
16
1?
#38250
06
0?
#38255
16
1?
#38260
06
0?
#38265
16
1?
#38270
06
0?
#38275
16
1?
#38280
06
0?
#38285
16
1?
#38290
06
0?
#38295
16
1?
#38300
06
0?
#38305
16
1?
#38310
06
0?
#38315
16
1?
#38320
06
0?
#38325
16
1?
#38330
06
0?
#38335
16
1?
#38340
06
0?
#38345
16
1?
#38350
06
0?
#38355
16
1?
#38360
06
0?
#38365
16
1?
#38370
06
0?
#38375
16
1?
#38380
06
0?
#38385
16
1?
#38390
06
0?
#38395
16
1?
#38400
06
0?
#38405
16
1?
#38410
06
0?
#38415
16
1?
#38420
06
0?
#38425
16
1?
#38430
06
0?
#38435
16
1?
#38440
06
0?
#38445
16
1?
#38450
06
0?
#38455
16
1?
#38460
06
0?
#38465
16
1?
#38470
06
0?
#38475
16
1?
#38480
06
0?
#38485
16
1?
#38490
06
0?
#38495
16
1?
#38500
06
0?
#38505
16
1?
#38510
06
0?
#38515
16
1?
#38520
06
0?
#38525
16
1?
#38530
06
0?
#38535
16
1?
#38540
06
0?
#38545
16
1?
#38550
06
0?
#38555
16
1?
#38560
06
0?
#38565
16
1?
#38570
06
0?
#38575
16
1?
#38580
06
0?
#38585
16
1?
#38590
06
0?
#38595
16
1?
#38600
06
0?
#38605
16
1?
#38610
06
0?
#38615
16
1?
#38620
06
0?
#38625
16
1?
#38630
06
0?
#38635
16
1?
#38640
06
0?
#38645
16
1?
#38650
06
0?
#38655
16
1?
#38660
06
0?
#38665
16
1?
#38670
06
0?
#38675
16
1?
#38680
06
0?
#38685
16
1?
#38690
06
0?
#38695
16
1?
#38700
06
0?
#38705
16
1?
#38710
06
0?
#38715
16
1?
#38720
06
0?
#38725
16
1?
#38730
06
0?
#38735
16
1?
#38740
06
0?
#38745
16
1?
#38750
06
0?
#38755
16
1?
#38760
06
0?
#38765
16
1?
#38770
06
0?
#38775
16
1?
#38780
06
0?
#38785
16
1?
#38790
06
0?
#38795
16
1?
#38800
06
0?
#38805
16
1?
#38810
06
0?
#38815
16
1?
#38820
06
0?
#38825
16
1?
#38830
06
0?
#38835
16
1?
#38840
06
0?
#38845
16
1?
#38850
06
0?
#38855
16
1?
#38860
06
0?
#38865
16
1?
#38870
06
0?
#38875
16
1?
#38880
06
0?
#38885
16
1?
#38890
06
0?
#38895
16
1?
#38900
06
0?
#38905
16
1?
#38910
06
0?
#38915
16
1?
#38920
06
0?
#38925
16
1?
#38930
06
0?
#38935
16
1?
#38940
06
0?
#38945
16
1?
#38950
06
0?
#38955
16
1?
#38960
06
0?
#38965
16
1?
#38970
06
0?
#38975
16
1?
#38980
06
0?
#38985
16
1?
#38990
06
0?
#38995
16
1?
#39000
06
0?
#39005
16
1?
#39010
06
0?
#39015
16
1?
#39020
06
0?
#39025
16
1?
#39030
06
0?
#39035
16
1?
#39040
06
0?
#39045
16
1?
#39050
06
0?
#39055
16
1?
#39060
06
0?
#39065
16
1?
#39070
06
0?
#39075
16
1?
#39080
06
0?
#39085
16
1?
#39090
06
0?
#39095
16
1?
#39100
06
0?
#39105
16
1?
#39110
06
0?
#39115
16
1?
#39120
06
0?
#39125
16
1?
#39130
06
0?
#39135
16
1?
#39140
06
0?
#39145
16
1?
#39150
06
0?
#39155
16
1?
#39160
06
0?
#39165
16
1?
#39170
06
0?
#39175
16
1?
#39180
06
0?
#39185
16
1?
#39190
06
0?
#39195
16
1?
#39200
06
0?
#39205
16
1?
#39210
06
0?
#39215
16
1?
#39220
06
0?
#39225
16
1?
#39230
06
0?
#39235
16
1?
#39240
06
0?
#39245
16
1?
#39250
06
0?
#39255
16
1?
#39260
06
0?
#39265
16
1?
#39270
06
0?
#39275
16
1?
#39280
06
0?
#39285
16
1?
#39290
06
0?
#39295
16
1?
#39300
06
0?
#39305
16
1?
#39310
06
0?
#39315
16
1?
#39320
06
0?
#39325
16
1?
#39330
06
0?
#39335
16
1?
#39340
06
0?
#39345
16
1?
#39350
06
0?
#39355
16
1?
#39360
06
0?
#39365
16
1?
#39370
06
0?
#39375
16
1?
#39380
06
0?
#39385
16
1?
#39390
06
0?
#39395
16
1?
#39400
06
0?
#39405
16
1?
#39410
06
0?
#39415
16
1?
#39420
06
0?
#39425
16
1?
#39430
06
0?
#39435
16
1?
#39440
06
0?
#39445
16
1?
#39450
06
0?
#39455
16
1?
#39460
06
0?
#39465
16
1?
#39470
06
0?
#39475
16
1?
#39480
06
0?
#39485
16
1?
#39490
06
0?
#39495
16
1?
#39500
06
0?
#39505
16
1?
#39510
06
0?
#39515
16
1?
#39520
06
0?
#39525
16
1?
#39530
06
0?
#39535
16
1?
#39540
06
0?
#39545
16
1?
#39550
06
0?
#39555
16
1?
#39560
06
0?
#39565
16
1?
#39570
06
0?
#39575
16
1?
#39580
06
0?
#39585
16
1?
#39590
06
0?
#39595
16
1?
#39600
06
0?
#39605
16
1?
#39610
06
0?
#39615
16
1?
#39620
06
0?
#39625
16
1?
#39630
06
0?
#39635
16
1?
#39640
06
0?
#39645
16
1?
#39650
06
0?
#39655
16
1?
#39660
06
0?
#39665
16
1?
#39670
06
0?
#39675
16
1?
#39680
06
0?
#39685
16
1?
#39690
06
0?
#39695
16
1?
#39700
06
0?
#39705
16
1?
#39710
06
0?
#39715
16
1?
#39720
06
0?
#39725
16
1?
#39730
06
0?
#39735
16
1?
#39740
06
0?
#39745
16
1?
#39750
06
0?
#39755
16
1?
#39760
06
0?
#39765
16
1?
#39770
06
0?
#39775
16
1?
#39780
06
0?
#39785
16
1?
#39790
06
0?
#39795
16
1?
#39800
06
0?
#39805
16
1?
#39810
06
0?
#39815
16
1?
#39820
06
0?
#39825
16
1?
#39830
06
0?
#39835
16
1?
#39840
06
0?
#39845
16
1?
#39850
06
0?
#39855
16
1?
#39860
06
0?
#39865
16
1?
#39870
06
0?
#39875
16
1?
#39880
06
0?
#39885
16
1?
#39890
06
0?
#39895
16
1?
#39900
06
0?
#39905
16
1?
#39910
06
0?
#39915
16
1?
#39920
06
0?
#39925
16
1?
#39930
06
0?
#39935
16
1?
#39940
06
0?
#39945
16
1?
#39950
06
0?
#39955
16
1?
#39960
06
0?
#39965
16
1?
#39970
06
0?
#39975
16
1?
#39980
06
0?
#39985
16
1?
#39990
06
0?
#39995
16
1?
#40000
06
0?
#40005
16
1?
#40010
06
0?
#40015
16
1?
#40020
06
0?
#40025
16
1?
#40030
06
0?
#40035
16
1?
#40040
06
0?
#40045
16
1?
#40050
06
0?
#40055
16
1?
#40060
06
0?
#40065
16
1?
#40070
06
0?
#40075
16
1?
#40080
06
0?
#40085
16
1?
#40090
06
0?
#40095
16
1?
#40100
06
0?
#40105
16
1?
#40110
06
0?
#40115
16
1?
#40120
06
0?
#40125
16
1?
#40130
06
0?
#40135
16
1?
#40140
06
0?
#40145
16
1?
#40150
06
0?
#40155
16
1?
#40160
06
0?
#40165
16
1?
#40170
06
0?
#40175
16
1?
#40180
06
0?
#40185
16
1?
#40190
06
0?
#40195
16
1?
#40200
06
0?
#40205
16
1?
#40210
06
0?
#40215
16
1?
#40220
06
0?
#40225
16
1?
#40230
06
0?
#40235
16
1?
#40240
06
0?
#40245
16
1?
#40250
06
0?
#40255
16
1?
#40260
06
0?
#40265
16
1?
#40270
06
0?
#40275
16
1?
#40280
06
0?
#40285
16
1?
#40290
06
0?
#40295
16
1?
#40300
06
0?
#40305
16
1?
#40310
06
0?
#40315
16
1?
#40320
06
0?
#40325
16
1?
#40330
06
0?
#40335
16
1?
#40340
06
0?
#40345
16
1?
#40350
06
0?
#40355
16
1?
#40360
06
0?
#40365
16
1?
#40370
06
0?
#40375
16
1?
#40380
06
0?
#40385
16
1?
#40390
06
0?
#40395
16
1?
#40400
06
0?
#40405
16
1?
#40410
06
0?
#40415
16
1?
#40420
06
0?
#40425
16
1?
#40430
06
0?
#40435
16
1?
#40440
06
0?
#40445
16
1?
#40450
06
0?
#40455
16
1?
#40460
06
0?
#40465
16
1?
#40470
06
0?
#40475
16
1?
#40480
06
0?
#40485
16
1?
#40490
06
0?
#40495
16
1?
#40500
06
0?
#40505
16
1?
#40510
06
0?
#40515
16
1?
#40520
06
0?
#40525
16
1?
#40530
06
0?
#40535
16
1?
#40540
06
0?
#40545
16
1?
#40550
06
0?
#40555
16
1?
#40560
06
0?
#40565
16
1?
#40570
06
0?
#40575
16
1?
#40580
06
0?
#40585
16
1?
#40590
06
0?
#40595
16
1?
#40600
06
0?
#40605
16
1?
#40610
06
0?
#40615
16
1?
#40620
06
0?
#40625
16
1?
#40630
06
0?
#40635
16
1?
#40640
06
0?
#40645
16
1?
#40650
06
0?
#40655
16
1?
#40660
06
0?
#40665
16
1?
#40670
06
0?
#40675
16
1?
#40680
06
0?
#40685
16
1?
#40690
06
0?
#40695
16
1?
#40700
06
0?
#40705
16
1?
#40710
06
0?
#40715
16
1?
#40720
06
0?
#40725
16
1?
#40730
06
0?
#40735
16
1?
#40740
06
0?
#40745
16
1?
#40750
06
0?
#40755
16
1?
#40760
06
0?
#40765
16
1?
#40770
06
0?
#40775
16
1?
#40780
06
0?
#40785
16
1?
#40790
06
0?
#40795
16
1?
#40800
06
0?
#40805
16
1?
#40810
06
0?
#40815
16
1?
#40820
06
0?
#40825
16
1?
#40830
06
0?
#40835
16
1?
#40840
06
0?
#40845
16
1?
#40850
06
0?
#40855
16
1?
#40860
06
0?
#40865
16
1?
#40870
06
0?
#40875
16
1?
#40880
06
0?
#40885
16
1?
#40890
06
0?
#40895
16
1?
#40900
06
0?
#40905
16
1?
#40910
06
0?
#40915
16
1?
#40920
06
0?
#40925
16
1?
#40930
06
0?
#40935
16
1?
#40940
06
0?
#40945
16
1?
#40950
06
0?
#40955
16
1?
#40960
06
0?
#40965
16
1?
#40970
06
0?
#40975
16
1?
#40980
06
0?
#40985
16
1?
#40990
06
0?
#40995
16
1?
#41000
06
0?
#41005
16
1?
#41010
06
0?
#41015
16
1?
#41020
06
0?
#41025
16
1?
#41030
06
0?
#41035
16
1?
#41040
06
0?
#41045
16
1?
#41050
06
0?
#41055
16
1?
#41060
06
0?
#41065
16
1?
#41070
06
0?
#41075
16
1?
#41080
06
0?
#41085
16
1?
#41090
06
0?
#41095
16
1?
#41100
06
0?
#41105
16
1?
#41110
06
0?
#41115
16
1?
#41120
06
0?
#41125
16
1?
#41130
06
0?
#41135
16
1?
#41140
06
0?
#41145
16
1?
#41150
06
0?
#41155
16
1?
#41160
06
0?
#41165
16
1?
#41170
06
0?
#41175
16
1?
#41180
06
0?
#41185
16
1?
#41190
06
0?
#41195
16
1?
#41200
06
0?
#41205
16
1?
#41210
06
0?
#41215
16
1?
#41220
06
0?
#41225
16
1?
#41230
06
0?
#41235
16
1?
#41240
06
0?
#41245
16
1?
#41250
06
0?
#41255
16
1?
#41260
06
0?
#41265
16
1?
#41270
06
0?
#41275
16
1?
#41280
06
0?
#41285
16
1?
#41290
06
0?
#41295
16
1?
#41300
06
0?
#41305
16
1?
#41310
06
0?
#41315
16
1?
#41320
06
0?
#41325
16
1?
#41330
06
0?
#41335
16
1?
#41340
06
0?
#41345
16
1?
#41350
06
0?
#41355
16
1?
#41360
06
0?
#41365
16
1?
#41370
06
0?
#41375
16
1?
#41380
06
0?
#41385
16
1?
#41390
06
0?
#41395
16
1?
#41400
06
0?
#41405
16
1?
#41410
06
0?
#41415
16
1?
#41420
06
0?
#41425
16
1?
#41430
06
0?
#41435
16
1?
#41440
06
0?
#41445
16
1?
#41450
06
0?
#41455
16
1?
#41460
06
0?
#41465
16
1?
#41470
06
0?
#41475
16
1?
#41480
06
0?
#41485
16
1?
#41490
06
0?
#41495
16
1?
#41500
06
0?
#41505
16
1?
#41510
06
0?
#41515
16
1?
#41520
06
0?
#41525
16
1?
#41530
06
0?
#41535
16
1?
#41540
06
0?
#41545
16
1?
#41550
06
0?
#41555
16
1?
#41560
06
0?
#41565
16
1?
#41570
06
0?
#41575
16
1?
#41580
06
0?
#41585
16
1?
#41590
06
0?
#41595
16
1?
#41600
06
0?
#41605
16
1?
#41610
06
0?
#41615
16
1?
#41620
06
0?
#41625
16
1?
#41630
06
0?
#41635
16
1?
#41640
06
0?
#41645
16
1?
#41650
06
0?
#41655
16
1?
#41660
06
0?
#41665
16
1?
#41670
06
0?
#41675
16
1?
#41680
06
0?
#41685
16
1?
#41690
06
0?
#41695
16
1?
#41700
06
0?
#41705
16
1?
#41710
06
0?
#41715
16
1?
#41720
06
0?
#41725
16
1?
#41730
06
0?
#41735
16
1?
#41740
06
0?
#41745
16
1?
#41750
06
0?
#41755
16
1?
#41760
06
0?
#41765
16
1?
#41770
06
0?
#41775
16
1?
#41780
06
0?
#41785
16
1?
#41790
06
0?
#41795
16
1?
#41800
06
0?
#41805
16
1?
#41810
06
0?
#41815
16
1?
#41820
06
0?
#41825
16
1?
#41830
06
0?
#41835
16
1?
#41840
06
0?
#41845
16
1?
#41850
06
0?
#41855
16
1?
#41860
06
0?
#41865
16
1?
#41870
06
0?
#41875
16
1?
#41880
06
0?
#41885
16
1?
#41890
06
0?
#41895
16
1?
#41900
06
0?
#41905
16
1?
#41910
06
0?
#41915
16
1?
#41920
06
0?
#41925
16
1?
#41930
06
0?
#41935
16
1?
#41940
06
0?
#41945
16
1?
#41950
06
0?
#41955
16
1?
#41960
06
0?
#41965
16
1?
#41970
06
0?
#41975
16
1?
#41980
06
0?
#41985
16
1?
#41990
06
0?
#41995
16
1?
#42000
06
0?
#42005
16
1?
#42010
06
0?
#42015
16
1?
#42020
06
0?
#42025
16
1?
#42030
06
0?
#42035
16
1?
#42040
06
0?
#42045
16
1?
#42050
06
0?
#42055
16
1?
#42060
06
0?
#42065
16
1?
#42070
06
0?
#42075
16
1?
#42080
06
0?
#42085
16
1?
#42090
06
0?
#42095
16
1?
#42100
06
0?
#42105
16
1?
#42110
06
0?
#42115
16
1?
#42120
06
0?
#42125
16
1?
#42130
06
0?
#42135
16
1?
#42140
06
0?
#42145
16
1?
#42150
06
0?
#42155
16
1?
#42160
06
0?
#42165
16
1?
#42170
06
0?
#42175
16
1?
#42180
06
0?
#42185
16
1?
#42190
06
0?
#42195
16
1?
#42200
06
0?
#42205
16
1?
#42210
06
0?
#42215
16
1?
#42220
06
0?
#42225
16
1?
#42230
06
0?
#42235
16
1?
#42240
06
0?
#42245
16
1?
#42250
06
0?
#42255
16
1?
#42260
06
0?
#42265
16
1?
#42270
06
0?
#42275
16
1?
#42280
06
0?
#42285
16
1?
#42290
06
0?
#42295
16
1?
#42300
06
0?
#42305
16
1?
#42310
06
0?
#42315
16
1?
#42320
06
0?
#42325
16
1?
#42330
06
0?
#42335
16
1?
#42340
06
0?
#42345
16
1?
#42350
06
0?
#42355
16
1?
#42360
06
0?
#42365
16
1?
#42370
06
0?
#42375
16
1?
#42380
06
0?
#42385
16
1?
#42390
06
0?
#42395
16
1?
#42400
06
0?
#42405
16
1?
#42410
06
0?
#42415
16
1?
#42420
06
0?
#42425
16
1?
#42430
06
0?
#42435
16
1?
#42440
06
0?
#42445
16
1?
#42450
06
0?
#42455
16
1?
#42460
06
0?
#42465
16
1?
#42470
06
0?
#42475
16
1?
#42480
06
0?
#42485
16
1?
#42490
06
0?
#42495
16
1?
#42500
06
0?
#42505
16
1?
#42510
06
0?
#42515
16
1?
#42520
06
0?
#42525
16
1?
#42530
06
0?
#42535
16
1?
#42540
06
0?
#42545
16
1?
#42550
06
0?
#42555
16
1?
#42560
06
0?
#42565
16
1?
#42570
06
0?
#42575
16
1?
#42580
06
0?
#42585
16
1?
#42590
06
0?
#42595
16
1?
#42600
06
0?
#42605
16
1?
#42610
06
0?
#42615
16
1?
#42620
06
0?
#42625
16
1?
#42630
06
0?
#42635
16
1?
#42640
06
0?
#42645
16
1?
#42650
06
0?
#42655
16
1?
#42660
06
0?
#42665
16
1?
#42670
06
0?
#42675
16
1?
#42680
06
0?
#42685
16
1?
#42690
06
0?
#42695
16
1?
#42700
06
0?
#42705
16
1?
#42710
06
0?
#42715
16
1?
#42720
06
0?
#42725
16
1?
#42730
06
0?
#42735
16
1?
#42740
06
0?
#42745
16
1?
#42750
06
0?
#42755
16
1?
#42760
06
0?
#42765
16
1?
#42770
06
0?
#42775
16
1?
#42780
06
0?
#42785
16
1?
#42790
06
0?
#42795
16
1?
#42800
06
0?
#42805
16
1?
#42810
06
0?
#42815
16
1?
#42820
06
0?
#42825
16
1?
#42830
06
0?
#42835
16
1?
#42840
06
0?
#42845
16
1?
#42850
06
0?
#42855
16
1?
#42860
06
0?
#42865
16
1?
#42870
06
0?
#42875
16
1?
#42880
06
0?
#42885
16
1?
#42890
06
0?
#42895
16
1?
#42900
06
0?
#42905
16
1?
#42910
06
0?
#42915
16
1?
#42920
06
0?
#42925
16
1?
#42930
06
0?
#42935
16
1?
#42940
06
0?
#42945
16
1?
#42950
06
0?
#42955
16
1?
#42960
06
0?
#42965
16
1?
#42970
06
0?
#42975
16
1?
#42980
06
0?
#42985
16
1?
#42990
06
0?
#42995
16
1?
#43000
06
0?
#43005
16
1?
#43010
06
0?
#43015
16
1?
#43020
06
0?
#43025
16
1?
#43030
06
0?
#43035
16
1?
#43040
06
0?
#43045
16
1?
#43050
06
0?
#43055
16
1?
#43060
06
0?
#43065
16
1?
#43070
06
0?
#43075
16
1?
#43080
06
0?
#43085
16
1?
#43090
06
0?
#43095
16
1?
#43100
06
0?
#43105
16
1?
#43110
06
0?
#43115
16
1?
#43120
06
0?
#43125
16
1?
#43130
06
0?
#43135
16
1?
#43140
06
0?
#43145
16
1?
#43150
06
0?
#43155
16
1?
#43160
06
0?
#43165
16
1?
#43170
06
0?
#43175
16
1?
#43180
06
0?
#43185
16
1?
#43190
06
0?
#43195
16
1?
#43200
06
0?
#43205
16
1?
#43210
06
0?
#43215
16
1?
#43220
06
0?
#43225
16
1?
#43230
06
0?
#43235
16
1?
#43240
06
0?
#43245
16
1?
#43250
06
0?
#43255
16
1?
#43260
06
0?
#43265
16
1?
#43270
06
0?
#43275
16
1?
#43280
06
0?
#43285
16
1?
#43290
06
0?
#43295
16
1?
#43300
06
0?
#43305
16
1?
#43310
06
0?
#43315
16
1?
#43320
06
0?
#43325
16
1?
#43330
06
0?
#43335
16
1?
#43340
06
0?
#43345
16
1?
#43350
06
0?
#43355
16
1?
#43360
06
0?
#43365
16
1?
#43370
06
0?
#43375
16
1?
#43380
06
0?
#43385
16
1?
#43390
06
0?
#43395
16
1?
#43400
06
0?
#43405
16
1?
#43410
06
0?
#43415
16
1?
#43420
06
0?
#43425
16
1?
#43430
06
0?
#43435
16
1?
#43440
06
0?
#43445
16
1?
#43450
06
0?
#43455
16
1?
#43460
06
0?
#43465
16
1?
#43470
06
0?
#43475
16
1?
#43480
06
0?
#43485
16
1?
#43490
06
0?
#43495
16
1?
#43500
06
0?
#43505
16
1?
#43510
06
0?
#43515
16
1?
#43520
06
0?
#43525
16
1?
#43530
06
0?
#43535
16
1?
#43540
06
0?
#43545
16
1?
#43550
06
0?
#43555
16
1?
#43560
06
0?
#43565
16
1?
#43570
06
0?
#43575
16
1?
#43580
06
0?
#43585
16
1?
#43590
06
0?
#43595
16
1?
#43600
06
0?
#43605
16
1?
#43610
06
0?
#43615
16
1?
#43620
06
0?
#43625
16
1?
#43630
06
0?
#43635
16
1?
#43640
06
0?
#43645
16
1?
#43650
06
0?
#43655
16
1?
#43660
06
0?
#43665
16
1?
#43670
06
0?
#43675
16
1?
#43680
06
0?
#43685
16
1?
#43690
06
0?
#43695
16
1?
#43700
06
0?
#43705
16
1?
#43710
06
0?
#43715
16
1?
#43720
06
0?
#43725
16
1?
#43730
06
0?
#43735
16
1?
#43740
06
0?
#43745
16
1?
#43750
06
0?
#43755
16
1?
#43760
06
0?
#43765
16
1?
#43770
06
0?
#43775
16
1?
#43780
06
0?
#43785
16
1?
#43790
06
0?
#43795
16
1?
#43800
06
0?
#43805
16
1?
#43810
06
0?
#43815
16
1?
#43820
06
0?
#43825
16
1?
#43830
06
0?
#43835
16
1?
#43840
06
0?
#43845
16
1?
#43850
06
0?
#43855
16
1?
#43860
06
0?
#43865
16
1?
#43870
06
0?
#43875
16
1?
#43880
06
0?
#43885
16
1?
#43890
06
0?
#43895
16
1?
#43900
06
0?
#43905
16
1?
#43910
06
0?
#43915
16
1?
#43920
06
0?
#43925
16
1?
#43930
06
0?
#43935
16
1?
#43940
06
0?
#43945
16
1?
#43950
06
0?
#43955
16
1?
#43960
06
0?
#43965
16
1?
#43970
06
0?
#43975
16
1?
#43980
06
0?
#43985
16
1?
#43990
06
0?
#43995
16
1?
#44000
06
0?
#44005
16
1?
#44010
06
0?
#44015
16
1?
#44020
06
0?
#44025
16
1?
#44030
06
0?
#44035
16
1?
#44040
06
0?
#44045
16
1?
#44050
06
0?
#44055
16
1?
#44060
06
0?
#44065
16
1?
#44070
06
0?
#44075
16
1?
#44080
06
0?
#44085
16
1?
#44090
06
0?
#44095
16
1?
#44100
06
0?
#44105
16
1?
#44110
06
0?
#44115
16
1?
#44120
06
0?
#44125
16
1?
#44130
06
0?
#44135
16
1?
#44140
06
0?
#44145
16
1?
#44150
06
0?
#44155
16
1?
#44160
06
0?
#44165
16
1?
#44170
06
0?
#44175
16
1?
#44180
06
0?
#44185
16
1?
#44190
06
0?
#44195
16
1?
#44200
06
0?
#44205
16
1?
#44210
06
0?
#44215
16
1?
#44220
06
0?
#44225
16
1?
#44230
06
0?
#44235
16
1?
#44240
06
0?
#44245
16
1?
#44250
06
0?
#44255
16
1?
#44260
06
0?
#44265
16
1?
#44270
06
0?
#44275
16
1?
#44280
06
0?
#44285
16
1?
#44290
06
0?
#44295
16
1?
#44300
06
0?
#44305
16
1?
#44310
06
0?
#44315
16
1?
#44320
06
0?
#44325
16
1?
#44330
06
0?
#44335
16
1?
#44340
06
0?
#44345
16
1?
#44350
06
0?
#44355
16
1?
#44360
06
0?
#44365
16
1?
#44370
06
0?
#44375
16
1?
#44380
06
0?
#44385
16
1?
#44390
06
0?
#44395
16
1?
#44400
06
0?
#44405
16
1?
#44410
06
0?
#44415
16
1?
#44420
06
0?
#44425
16
1?
#44430
06
0?
#44435
16
1?
#44440
06
0?
#44445
16
1?
#44450
06
0?
#44455
16
1?
#44460
06
0?
#44465
16
1?
#44470
06
0?
#44475
16
1?
#44480
06
0?
#44485
16
1?
#44490
06
0?
#44495
16
1?
#44500
06
0?
#44505
16
1?
#44510
06
0?
#44515
16
1?
#44520
06
0?
#44525
16
1?
#44530
06
0?
#44535
16
1?
#44540
06
0?
#44545
16
1?
#44550
06
0?
#44555
16
1?
#44560
06
0?
#44565
16
1?
#44570
06
0?
#44575
16
1?
#44580
06
0?
#44585
16
1?
#44590
06
0?
#44595
16
1?
#44600
06
0?
#44605
16
1?
#44610
06
0?
#44615
16
1?
#44620
06
0?
#44625
16
1?
#44630
06
0?
#44635
16
1?
#44640
06
0?
#44645
16
1?
#44650
06
0?
#44655
16
1?
#44660
06
0?
#44665
16
1?
#44670
06
0?
#44675
16
1?
#44680
06
0?
#44685
16
1?
#44690
06
0?
#44695
16
1?
#44700
06
0?
#44705
16
1?
#44710
06
0?
#44715
16
1?
#44720
06
0?
#44725
16
1?
#44730
06
0?
#44735
16
1?
#44740
06
0?
#44745
16
1?
#44750
06
0?
#44755
16
1?
#44760
06
0?
#44765
16
1?
#44770
06
0?
#44775
16
1?
#44780
06
0?
#44785
16
1?
#44790
06
0?
#44795
16
1?
#44800
06
0?
#44805
16
1?
#44810
06
0?
#44815
16
1?
#44820
06
0?
#44825
16
1?
#44830
06
0?
#44835
16
1?
#44840
06
0?
#44845
16
1?
#44850
06
0?
#44855
16
1?
#44860
06
0?
#44865
16
1?
#44870
06
0?
#44875
16
1?
#44880
06
0?
#44885
16
1?
#44890
06
0?
#44895
16
1?
#44900
06
0?
#44905
16
1?
#44910
06
0?
#44915
16
1?
#44920
06
0?
#44925
16
1?
#44930
06
0?
#44935
16
1?
#44940
06
0?
#44945
16
1?
#44950
06
0?
#44955
16
1?
#44960
06
0?
#44965
16
1?
#44970
06
0?
#44975
16
1?
#44980
06
0?
#44985
16
1?
#44990
06
0?
#44995
16
1?
#45000
06
0?
#45005
16
1?
#45010
06
0?
#45015
16
1?
#45020
06
0?
#45025
16
1?
#45030
06
0?
#45035
16
1?
#45040
06
0?
#45045
16
1?
#45050
06
0?
#45055
16
1?
#45060
06
0?
#45065
16
1?
#45070
06
0?
#45075
16
1?
#45080
06
0?
#45085
16
1?
#45090
06
0?
#45095
16
1?
#45100
06
0?
#45105
16
1?
#45110
06
0?
#45115
16
1?
#45120
06
0?
#45125
16
1?
#45130
06
0?
#45135
16
1?
#45140
06
0?
#45145
16
1?
#45150
06
0?
#45155
16
1?
#45160
06
0?
#45165
16
1?
#45170
06
0?
#45175
16
1?
#45180
06
0?
#45185
16
1?
#45190
06
0?
#45195
16
1?
#45200
06
0?
#45205
16
1?
#45210
06
0?
#45215
16
1?
#45220
06
0?
#45225
16
1?
#45230
06
0?
#45235
16
1?
#45240
06
0?
#45245
16
1?
#45250
06
0?
#45255
16
1?
#45260
06
0?
#45265
16
1?
#45270
06
0?
#45275
16
1?
#45280
06
0?
#45285
16
1?
#45290
06
0?
#45295
16
1?
#45300
06
0?
#45305
16
1?
#45310
06
0?
#45315
16
1?
#45320
06
0?
#45325
16
1?
#45330
06
0?
#45335
16
1?
#45340
06
0?
#45345
16
1?
#45350
06
0?
#45355
16
1?
#45360
06
0?
#45365
16
1?
#45370
06
0?
#45375
16
1?
#45380
06
0?
#45385
16
1?
#45390
06
0?
#45395
16
1?
#45400
06
0?
#45405
16
1?
#45410
06
0?
#45415
16
1?
#45420
06
0?
#45425
16
1?
#45430
06
0?
#45435
16
1?
#45440
06
0?
#45445
16
1?
#45450
06
0?
#45455
16
1?
#45460
06
0?
#45465
16
1?
#45470
06
0?
#45475
16
1?
#45480
06
0?
#45485
16
1?
#45490
06
0?
#45495
16
1?
#45500
06
0?
#45505
16
1?
#45510
06
0?
#45515
16
1?
#45520
06
0?
#45525
16
1?
#45530
06
0?
#45535
16
1?
#45540
06
0?
#45545
16
1?
#45550
06
0?
#45555
16
1?
#45560
06
0?
#45565
16
1?
#45570
06
0?
#45575
16
1?
#45580
06
0?
#45585
16
1?
#45590
06
0?
#45595
16
1?
#45600
06
0?
#45605
16
1?
#45610
06
0?
#45615
16
1?
#45620
06
0?
#45625
16
1?
#45630
06
0?
#45635
16
1?
#45640
06
0?
#45645
16
1?
#45650
06
0?
#45655
16
1?
#45660
06
0?
#45665
16
1?
#45670
06
0?
#45675
16
1?
#45680
06
0?
#45685
16
1?
#45690
06
0?
#45695
16
1?
#45700
06
0?
#45705
16
1?
#45710
06
0?
#45715
16
1?
#45720
06
0?
#45725
16
1?
#45730
06
0?
#45735
16
1?
#45740
06
0?
#45745
16
1?
#45750
06
0?
#45755
16
1?
#45760
06
0?
#45765
16
1?
#45770
06
0?
#45775
16
1?
#45780
06
0?
#45785
16
1?
#45790
06
0?
#45795
16
1?
#45800
06
0?
#45805
16
1?
#45810
06
0?
#45815
16
1?
#45820
06
0?
#45825
16
1?
#45830
06
0?
#45835
16
1?
#45840
06
0?
#45845
16
1?
#45850
06
0?
#45855
16
1?
#45860
06
0?
#45865
16
1?
#45870
06
0?
#45875
16
1?
#45880
06
0?
#45885
16
1?
#45890
06
0?
#45895
16
1?
#45900
06
0?
#45905
16
1?
#45910
06
0?
#45915
16
1?
#45920
06
0?
#45925
16
1?
#45930
06
0?
#45935
16
1?
#45940
06
0?
#45945
16
1?
#45950
06
0?
#45955
16
1?
#45960
06
0?
#45965
16
1?
#45970
06
0?
#45975
16
1?
#45980
06
0?
#45985
16
1?
#45990
06
0?
#45995
16
1?
#46000
06
0?
#46005
16
1?
#46010
06
0?
#46015
16
1?
#46020
06
0?
#46025
16
1?
#46030
06
0?
#46035
16
1?
#46040
06
0?
#46045
16
1?
#46050
06
0?
#46055
16
1?
#46060
06
0?
#46065
16
1?
#46070
06
0?
#46075
16
1?
#46080
06
0?
#46085
16
1?
#46090
06
0?
#46095
16
1?
#46100
06
0?
#46105
16
1?
#46110
06
0?
#46115
16
1?
#46120
06
0?
#46125
16
1?
#46130
06
0?
#46135
16
1?
#46140
06
0?
#46145
16
1?
#46150
06
0?
#46155
16
1?
#46160
06
0?
#46165
16
1?
#46170
06
0?
#46175
16
1?
#46180
06
0?
#46185
16
1?
#46190
06
0?
#46195
16
1?
#46200
06
0?
#46205
16
1?
#46210
06
0?
#46215
16
1?
#46220
06
0?
#46225
16
1?
#46230
06
0?
#46235
16
1?
#46240
06
0?
#46245
16
1?
#46250
06
0?
#46255
16
1?
#46260
06
0?
#46265
16
1?
#46270
06
0?
#46275
16
1?
#46280
06
0?
#46285
16
1?
#46290
06
0?
#46295
16
1?
#46300
06
0?
#46305
16
1?
#46310
06
0?
#46315
16
1?
#46320
06
0?
#46325
16
1?
#46330
06
0?
#46335
16
1?
#46340
06
0?
#46345
16
1?
#46350
06
0?
#46355
16
1?
#46360
06
0?
#46365
16
1?
#46370
06
0?
#46375
16
1?
#46380
06
0?
#46385
16
1?
#46390
06
0?
#46395
16
1?
#46400
06
0?
#46405
16
1?
#46410
06
0?
#46415
16
1?
#46420
06
0?
#46425
16
1?
#46430
06
0?
#46435
16
1?
#46440
06
0?
#46445
16
1?
#46450
06
0?
#46455
16
1?
#46460
06
0?
#46465
16
1?
#46470
06
0?
#46475
16
1?
#46480
06
0?
#46485
16
1?
#46490
06
0?
#46495
16
1?
#46500
06
0?
#46505
16
1?
#46510
06
0?
#46515
16
1?
#46520
06
0?
#46525
16
1?
#46530
06
0?
#46535
16
1?
#46540
06
0?
#46545
16
1?
#46550
06
0?
#46555
16
1?
#46560
06
0?
#46565
16
1?
#46570
06
0?
#46575
16
1?
#46580
06
0?
#46585
16
1?
#46590
06
0?
#46595
16
1?
#46600
06
0?
#46605
16
1?
#46610
06
0?
#46615
16
1?
#46620
06
0?
#46625
16
1?
#46630
06
0?
#46635
16
1?
#46640
06
0?
#46645
16
1?
#46650
06
0?
#46655
16
1?
#46660
06
0?
#46665
16
1?
#46670
06
0?
#46675
16
1?
#46680
06
0?
#46685
16
1?
#46690
06
0?
#46695
16
1?
#46700
06
0?
#46705
16
1?
#46710
06
0?
#46715
16
1?
#46720
06
0?
#46725
16
1?
#46730
06
0?
#46735
16
1?
#46740
06
0?
#46745
16
1?
#46750
06
0?
#46755
16
1?
#46760
06
0?
#46765
16
1?
#46770
06
0?
#46775
16
1?
#46780
06
0?
#46785
16
1?
#46790
06
0?
#46795
16
1?
#46800
06
0?
#46805
16
1?
#46810
06
0?
#46815
16
1?
#46820
06
0?
#46825
16
1?
#46830
06
0?
#46835
16
1?
#46840
06
0?
#46845
16
1?
#46850
06
0?
#46855
16
1?
#46860
06
0?
#46865
16
1?
#46870
06
0?
#46875
16
1?
#46880
06
0?
#46885
16
1?
#46890
06
0?
#46895
16
1?
#46900
06
0?
#46905
16
1?
#46910
06
0?
#46915
16
1?
#46920
06
0?
#46925
16
1?
#46930
06
0?
#46935
16
1?
#46940
06
0?
#46945
16
1?
#46950
06
0?
#46955
16
1?
#46960
06
0?
#46965
16
1?
#46970
06
0?
#46975
16
1?
#46980
06
0?
#46985
16
1?
#46990
06
0?
#46995
16
1?
#47000
06
0?
#47005
16
1?
#47010
06
0?
#47015
16
1?
#47020
06
0?
#47025
16
1?
#47030
06
0?
#47035
16
1?
#47040
06
0?
#47045
16
1?
#47050
06
0?
#47055
16
1?
#47060
06
0?
#47065
16
1?
#47070
06
0?
#47075
16
1?
#47080
06
0?
#47085
16
1?
#47090
06
0?
#47095
16
1?
#47100
06
0?
#47105
16
1?
#47110
06
0?
#47115
16
1?
#47120
06
0?
#47125
16
1?
#47130
06
0?
#47135
16
1?
#47140
06
0?
#47145
16
1?
#47150
06
0?
#47155
16
1?
#47160
06
0?
#47165
16
1?
#47170
06
0?
#47175
16
1?
#47180
06
0?
#47185
16
1?
#47190
06
0?
#47195
16
1?
#47200
06
0?
#47205
16
1?
#47210
06
0?
#47215
16
1?
#47220
06
0?
#47225
16
1?
#47230
06
0?
#47235
16
1?
#47240
06
0?
#47245
16
1?
#47250
06
0?
#47255
16
1?
#47260
06
0?
#47265
16
1?
#47270
06
0?
#47275
16
1?
#47280
06
0?
#47285
16
1?
#47290
06
0?
#47295
16
1?
#47300
06
0?
#47305
16
1?
#47310
06
0?
#47315
16
1?
#47320
06
0?
#47325
16
1?
#47330
06
0?
#47335
16
1?
#47340
06
0?
#47345
16
1?
#47350
06
0?
#47355
16
1?
#47360
06
0?
#47365
16
1?
#47370
06
0?
#47375
16
1?
#47380
06
0?
#47385
16
1?
#47390
06
0?
#47395
16
1?
#47400
06
0?
#47405
16
1?
#47410
06
0?
#47415
16
1?
#47420
06
0?
#47425
16
1?
#47430
06
0?
#47435
16
1?
#47440
06
0?
#47445
16
1?
#47450
06
0?
#47455
16
1?
#47460
06
0?
#47465
16
1?
#47470
06
0?
#47475
16
1?
#47480
06
0?
#47485
16
1?
#47490
06
0?
#47495
16
1?
#47500
06
0?
#47505
16
1?
#47510
06
0?
#47515
16
1?
#47520
06
0?
#47525
16
1?
#47530
06
0?
#47535
16
1?
#47540
06
0?
#47545
16
1?
#47550
06
0?
#47555
16
1?
#47560
06
0?
#47565
16
1?
#47570
06
0?
#47575
16
1?
#47580
06
0?
#47585
16
1?
#47590
06
0?
#47595
16
1?
#47600
06
0?
#47605
16
1?
#47610
06
0?
#47615
16
1?
#47620
06
0?
#47625
16
1?
#47630
06
0?
#47635
16
1?
#47640
06
0?
#47645
16
1?
#47650
06
0?
#47655
16
1?
#47660
06
0?
#47665
16
1?
#47670
06
0?
#47675
16
1?
#47680
06
0?
#47685
16
1?
#47690
06
0?
#47695
16
1?
#47700
06
0?
#47705
16
1?
#47710
06
0?
#47715
16
1?
#47720
06
0?
#47725
16
1?
#47730
06
0?
#47735
16
1?
#47740
06
0?
#47745
16
1?
#47750
06
0?
#47755
16
1?
#47760
06
0?
#47765
16
1?
#47770
06
0?
#47775
16
1?
#47780
06
0?
#47785
16
1?
#47790
06
0?
#47795
16
1?
#47800
06
0?
#47805
16
1?
#47810
06
0?
#47815
16
1?
#47820
06
0?
#47825
16
1?
#47830
06
0?
#47835
16
1?
#47840
06
0?
#47845
16
1?
#47850
06
0?
#47855
16
1?
#47860
06
0?
#47865
16
1?
#47870
06
0?
#47875
16
1?
#47880
06
0?
#47885
16
1?
#47890
06
0?
#47895
16
1?
#47900
06
0?
#47905
16
1?
#47910
06
0?
#47915
16
1?
#47920
06
0?
#47925
16
1?
#47930
06
0?
#47935
16
1?
#47940
06
0?
#47945
16
1?
#47950
06
0?
#47955
16
1?
#47960
06
0?
#47965
16
1?
#47970
06
0?
#47975
16
1?
#47980
06
0?
#47985
16
1?
#47990
06
0?
#47995
16
1?
#48000
06
0?
#48005
16
1?
#48010
06
0?
#48015
16
1?
#48020
06
0?
#48025
16
1?
#48030
06
0?
#48035
16
1?
#48040
06
0?
#48045
16
1?
#48050
06
0?
#48055
16
1?
#48060
06
0?
#48065
16
1?
#48070
06
0?
#48075
16
1?
#48080
06
0?
#48085
16
1?
#48090
06
0?
#48095
16
1?
#48100
06
0?
#48105
16
1?
#48110
06
0?
#48115
16
1?
#48120
06
0?
#48125
16
1?
#48130
06
0?
#48135
16
1?
#48140
06
0?
#48145
16
1?
#48150
06
0?
#48155
16
1?
#48160
06
0?
#48165
16
1?
#48170
06
0?
#48175
16
1?
#48180
06
0?
#48185
16
1?
#48190
06
0?
#48195
16
1?
#48200
06
0?
#48205
16
1?
#48210
06
0?
#48215
16
1?
#48220
06
0?
#48225
16
1?
#48230
06
0?
#48235
16
1?
#48240
06
0?
#48245
16
1?
#48250
06
0?
#48255
16
1?
#48260
06
0?
#48265
16
1?
#48270
06
0?
#48275
16
1?
#48280
06
0?
#48285
16
1?
#48290
06
0?
#48295
16
1?
#48300
06
0?
#48305
16
1?
#48310
06
0?
#48315
16
1?
#48320
06
0?
#48325
16
1?
#48330
06
0?
#48335
16
1?
#48340
06
0?
#48345
16
1?
#48350
06
0?
#48355
16
1?
#48360
06
0?
#48365
16
1?
#48370
06
0?
#48375
16
1?
#48380
06
0?
#48385
16
1?
#48390
06
0?
#48395
16
1?
#48400
06
0?
#48405
16
1?
#48410
06
0?
#48415
16
1?
#48420
06
0?
#48425
16
1?
#48430
06
0?
#48435
16
1?
#48440
06
0?
#48445
16
1?
#48450
06
0?
#48455
16
1?
#48460
06
0?
#48465
16
1?
#48470
06
0?
#48475
16
1?
#48480
06
0?
#48485
16
1?
#48490
06
0?
#48495
16
1?
#48500
06
0?
#48505
16
1?
#48510
06
0?
#48515
16
1?
#48520
06
0?
#48525
16
1?
#48530
06
0?
#48535
16
1?
#48540
06
0?
#48545
16
1?
#48550
06
0?
#48555
16
1?
#48560
06
0?
#48565
16
1?
#48570
06
0?
#48575
16
1?
#48580
06
0?
#48585
16
1?
#48590
06
0?
#48595
16
1?
#48600
06
0?
#48605
16
1?
#48610
06
0?
#48615
16
1?
#48620
06
0?
#48625
16
1?
#48630
06
0?
#48635
16
1?
#48640
06
0?
#48645
16
1?
#48650
06
0?
#48655
16
1?
#48660
06
0?
#48665
16
1?
#48670
06
0?
#48675
16
1?
#48680
06
0?
#48685
16
1?
#48690
06
0?
#48695
16
1?
#48700
06
0?
#48705
16
1?
#48710
06
0?
#48715
16
1?
#48720
06
0?
#48725
16
1?
#48730
06
0?
#48735
16
1?
#48740
06
0?
#48745
16
1?
#48750
06
0?
#48755
16
1?
#48760
06
0?
#48765
16
1?
#48770
06
0?
#48775
16
1?
#48780
06
0?
#48785
16
1?
#48790
06
0?
#48795
16
1?
#48800
06
0?
#48805
16
1?
#48810
06
0?
#48815
16
1?
#48820
06
0?
#48825
16
1?
#48830
06
0?
#48835
16
1?
#48840
06
0?
#48845
16
1?
#48850
06
0?
#48855
16
1?
#48860
06
0?
#48865
16
1?
#48870
06
0?
#48875
16
1?
#48880
06
0?
#48885
16
1?
#48890
06
0?
#48895
16
1?
#48900
06
0?
#48905
16
1?
#48910
06
0?
#48915
16
1?
#48920
06
0?
#48925
16
1?
#48930
06
0?
#48935
16
1?
#48940
06
0?
#48945
16
1?
#48950
06
0?
#48955
16
1?
#48960
06
0?
#48965
16
1?
#48970
06
0?
#48975
16
1?
#48980
06
0?
#48985
16
1?
#48990
06
0?
#48995
16
1?
#49000
06
0?
#49005
16
1?
#49010
06
0?
#49015
16
1?
#49020
06
0?
#49025
16
1?
#49030
06
0?
#49035
16
1?
#49040
06
0?
#49045
16
1?
#49050
06
0?
#49055
16
1?
#49060
06
0?
#49065
16
1?
#49070
06
0?
#49075
16
1?
#49080
06
0?
#49085
16
1?
#49090
06
0?
#49095
16
1?
#49100
06
0?
#49105
16
1?
#49110
06
0?
#49115
16
1?
#49120
06
0?
#49125
16
1?
#49130
06
0?
#49135
16
1?
#49140
06
0?
#49145
16
1?
#49150
06
0?
#49155
16
1?
#49160
06
0?
#49165
16
1?
#49170
06
0?
#49175
16
1?
#49180
06
0?
#49185
16
1?
#49190
06
0?
#49195
16
1?
#49200
06
0?
#49205
16
1?
#49210
06
0?
#49215
16
1?
#49220
06
0?
#49225
16
1?
#49230
06
0?
#49235
16
1?
#49240
06
0?
#49245
16
1?
#49250
06
0?
#49255
16
1?
#49260
06
0?
#49265
16
1?
#49270
06
0?
#49275
16
1?
#49280
06
0?
#49285
16
1?
#49290
06
0?
#49295
16
1?
#49300
06
0?
#49305
16
1?
#49310
06
0?
#49315
16
1?
#49320
06
0?
#49325
16
1?
#49330
06
0?
#49335
16
1?
#49340
06
0?
#49345
16
1?
#49350
06
0?
#49355
16
1?
#49360
06
0?
#49365
16
1?
#49370
06
0?
#49375
16
1?
#49380
06
0?
#49385
16
1?
#49390
06
0?
#49395
16
1?
#49400
06
0?
#49405
16
1?
#49410
06
0?
#49415
16
1?
#49420
06
0?
#49425
16
1?
#49430
06
0?
#49435
16
1?
#49440
06
0?
#49445
16
1?
#49450
06
0?
#49455
16
1?
#49460
06
0?
#49465
16
1?
#49470
06
0?
#49475
16
1?
#49480
06
0?
#49485
16
1?
#49490
06
0?
#49495
16
1?
#49500
06
0?
#49505
16
1?
#49510
06
0?
#49515
16
1?
#49520
06
0?
#49525
16
1?
#49530
06
0?
#49535
16
1?
#49540
06
0?
#49545
16
1?
#49550
06
0?
#49555
16
1?
#49560
06
0?
#49565
16
1?
#49570
06
0?
#49575
16
1?
#49580
06
0?
#49585
16
1?
#49590
06
0?
#49595
16
1?
#49600
06
0?
#49605
16
1?
#49610
06
0?
#49615
16
1?
#49620
06
0?
#49625
16
1?
#49630
06
0?
#49635
16
1?
#49640
06
0?
#49645
16
1?
#49650
06
0?
#49655
16
1?
#49660
06
0?
#49665
16
1?
#49670
06
0?
#49675
16
1?
#49680
06
0?
#49685
16
1?
#49690
06
0?
#49695
16
1?
#49700
06
0?
#49705
16
1?
#49710
06
0?
#49715
16
1?
#49720
06
0?
#49725
16
1?
#49730
06
0?
#49735
16
1?
#49740
06
0?
#49745
16
1?
#49750
06
0?
#49755
16
1?
#49760
06
0?
#49765
16
1?
#49770
06
0?
#49775
16
1?
#49780
06
0?
#49785
16
1?
#49790
06
0?
#49795
16
1?
#49800
06
0?
#49805
16
1?
#49810
06
0?
#49815
16
1?
#49820
06
0?
#49825
16
1?
#49830
06
0?
#49835
16
1?
#49840
06
0?
#49845
16
1?
#49850
06
0?
#49855
16
1?
#49860
06
0?
#49865
16
1?
#49870
06
0?
#49875
16
1?
#49880
06
0?
#49885
16
1?
#49890
06
0?
#49895
16
1?
#49900
06
0?
#49905
16
1?
#49910
06
0?
#49915
16
1?
#49920
06
0?
#49925
16
1?
#49930
06
0?
#49935
16
1?
#49940
06
0?
#49945
16
1?
#49950
06
0?
#49955
16
1?
#49960
06
0?
#49965
16
1?
#49970
06
0?
#49975
16
1?
#49980
06
0?
#49985
16
1?
#49990
06
0?
#49995
16
1?
#50000
06
0?
#50005
16
1?
#50010
06
0?
#50015
16
1?
#50020
06
0?
#50025
16
1?
#50030
06
0?
#50035
16
1?
#50040
06
0?
#50045
16
1?
#50050
06
0?
#50055
16
1?
#50060
06
0?
#50065
16
1?
#50070
06
0?
#50075
16
1?
#50080
06
0?
#50085
16
1?
#50090
06
0?
#50095
16
1?
#50100
06
0?
#50105
16
1?
#50110
06
0?
#50115
16
1?
#50120
06
0?
#50125
16
1?
#50130
06
0?
#50135
16
1?
#50140
06
0?
#50145
16
1?
#50150
06
0?
#50155
16
1?
#50160
06
0?
#50165
16
1?
#50170
06
0?
#50175
16
1?
#50180
06
0?
#50185
16
1?
#50190
06
0?
#50195
16
1?
#50200
06
0?
#50205
16
1?
#50210
06
0?
#50215
16
1?
#50220
06
0?
#50225
16
1?
#50230
06
0?
#50235
16
1?
#50240
06
0?
#50245
16
1?
#50250
06
0?
#50255
16
1?
#50260
06
0?
#50265
16
1?
#50270
06
0?
#50275
16
1?
#50280
06
0?
#50285
16
1?
#50290
06
0?
#50295
16
1?
#50300
06
0?
#50305
16
1?
#50310
06
0?
#50315
16
1?
#50320
06
0?
#50325
16
1?
#50330
06
0?
#50335
16
1?
#50340
06
0?
#50345
16
1?
#50350
06
0?
#50355
16
1?
#50360
06
0?
#50365
16
1?
#50370
06
0?
#50375
16
1?
#50380
06
0?
#50385
16
1?
#50390
06
0?
#50395
16
1?
#50400
06
0?
#50405
16
1?
#50410
06
0?
#50415
16
1?
#50420
06
0?
#50425
16
1?
#50430
06
0?
#50435
16
1?
#50440
06
0?
#50445
16
1?
#50450
06
0?
#50455
16
1?
#50460
06
0?
#50465
16
1?
#50470
06
0?
#50475
16
1?
#50480
06
0?
#50485
16
1?
#50490
06
0?
#50495
16
1?
#50500
06
0?
#50505
16
1?
#50510
06
0?
#50515
16
1?
#50520
06
0?
#50525
16
1?
#50530
06
0?
#50535
16
1?
#50540
06
0?
#50545
16
1?
#50550
06
0?
#50555
16
1?
#50560
06
0?
#50565
16
1?
#50570
06
0?
#50575
16
1?
#50580
06
0?
#50585
16
1?
#50590
06
0?
#50595
16
1?
#50600
06
0?
#50605
16
1?
#50610
06
0?
#50615
16
1?
#50620
06
0?
#50625
16
1?
#50630
06
0?
#50635
16
1?
#50640
06
0?
#50645
16
1?
#50650
06
0?
#50655
16
1?
#50660
06
0?
#50665
16
1?
#50670
06
0?
#50675
16
1?
#50680
06
0?
#50685
16
1?
#50690
06
0?
#50695
16
1?
#50700
06
0?
#50705
16
1?
#50710
06
0?
#50715
16
1?
#50720
06
0?
#50725
16
1?
#50730
06
0?
#50735
16
1?
#50740
06
0?
#50745
16
1?
#50750
06
0?
#50755
16
1?
#50760
06
0?
#50765
16
1?
#50770
06
0?
#50775
16
1?
#50780
06
0?
#50785
16
1?
#50790
06
0?
#50795
16
1?
#50800
06
0?
#50805
16
1?
#50810
06
0?
#50815
16
1?
#50820
06
0?
#50825
16
1?
#50830
06
0?
#50835
16
1?
#50840
06
0?
#50845
16
1?
#50850
06
0?
#50855
16
1?
#50860
06
0?
#50865
16
1?
#50870
06
0?
#50875
16
1?
#50880
06
0?
#50885
16
1?
#50890
06
0?
#50895
16
1?
#50900
06
0?
#50905
16
1?
#50910
06
0?
#50915
16
1?
#50920
06
0?
#50925
16
1?
#50930
06
0?
#50935
16
1?
#50940
06
0?
#50945
16
1?
#50950
06
0?
#50955
16
1?
#50960
06
0?
#50965
16
1?
#50970
06
0?
#50975
16
1?
#50980
06
0?
#50985
16
1?
#50990
06
0?
#50995
16
1?
#51000
06
0?
#51005
16
1?
#51010
06
0?
#51015
16
1?
#51020
06
0?
#51025
16
1?
#51030
06
0?
#51035
16
1?
#51040
06
0?
#51045
16
1?
#51050
06
0?
#51055
16
1?
#51060
06
0?
#51065
16
1?
#51070
06
0?
#51075
16
1?
#51080
06
0?
#51085
16
1?
#51090
06
0?
#51095
16
1?
#51100
06
0?
#51105
16
1?
#51110
06
0?
#51115
16
1?
#51120
06
0?
#51125
16
1?
#51130
06
0?
#51135
16
1?
#51140
06
0?
#51145
16
1?
#51150
06
0?
#51155
16
1?
#51160
06
0?
#51165
16
1?
#51170
06
0?
#51175
16
1?
#51180
06
0?
#51185
16
1?
#51190
06
0?
#51195
16
1?
#51200
06
0?
#51205
16
1?
#51210
06
0?
#51215
16
1?
#51220
06
0?
#51225
16
1?
#51230
06
0?
#51235
16
1?
#51240
06
0?
#51245
16
1?
#51250
06
0?
#51255
16
1?
#51260
06
0?
#51265
16
1?
#51270
06
0?
#51275
16
1?
#51280
06
0?
#51285
16
1?
#51290
06
0?
#51295
16
1?
#51300
06
0?
#51305
16
1?
#51310
06
0?
#51315
16
1?
#51320
06
0?
#51325
16
1?
#51330
06
0?
#51335
16
1?
#51340
06
0?
#51345
16
1?
#51350
06
0?
#51355
16
1?
#51360
06
0?
#51365
16
1?
#51370
06
0?
#51375
16
1?
#51380
06
0?
#51385
16
1?
#51390
06
0?
#51395
16
1?
#51400
06
0?
#51405
16
1?
#51410
06
0?
#51415
16
1?
#51420
06
0?
#51425
16
1?
#51430
06
0?
#51435
16
1?
#51440
06
0?
#51445
16
1?
#51450
06
0?
#51455
16
1?
#51460
06
0?
#51465
16
1?
#51470
06
0?
#51475
16
1?
#51480
06
0?
#51485
16
1?
#51490
06
0?
#51495
16
1?
#51500
06
0?
#51505
16
1?
#51510
06
0?
#51515
16
1?
#51520
06
0?
#51525
16
1?
#51530
06
0?
#51535
16
1?
#51540
06
0?
#51545
16
1?
#51550
06
0?
#51555
16
1?
#51560
06
0?
#51565
16
1?
#51570
06
0?
#51575
16
1?
#51580
06
0?
#51585
16
1?
#51590
06
0?
#51595
16
1?
#51600
06
0?
#51605
16
1?
#51610
06
0?
#51615
16
1?
#51620
06
0?
#51625
16
1?
#51630
06
0?
#51635
16
1?
#51640
06
0?
#51645
16
1?
#51650
06
0?
#51655
16
1?
#51660
06
0?
#51665
16
1?
#51670
06
0?
#51675
16
1?
#51680
06
0?
#51685
16
1?
#51690
06
0?
#51695
16
1?
#51700
06
0?
#51705
16
1?
#51710
06
0?
#51715
16
1?
#51720
06
0?
#51725
16
1?
#51730
06
0?
#51735
16
1?
#51740
06
0?
#51745
16
1?
#51750
06
0?
#51755
16
1?
#51760
06
0?
#51765
16
1?
#51770
06
0?
#51775
16
1?
#51780
06
0?
#51785
16
1?
#51790
06
0?
#51795
16
1?
#51800
06
0?
#51805
16
1?
#51810
06
0?
#51815
16
1?
#51820
06
0?
#51825
16
1?
#51830
06
0?
#51835
16
1?
#51840
06
0?
#51845
16
1?
#51850
06
0?
#51855
16
1?
#51860
06
0?
#51865
16
1?
#51870
06
0?
#51875
16
1?
#51880
06
0?
#51885
16
1?
#51890
06
0?
#51895
16
1?
#51900
06
0?
#51905
16
1?
#51910
06
0?
#51915
16
1?
#51920
06
0?
#51925
16
1?
#51930
06
0?
#51935
16
1?
#51940
06
0?
#51945
16
1?
#51950
06
0?
#51955
16
1?
#51960
06
0?
#51965
16
1?
#51970
06
0?
#51975
16
1?
#51980
06
0?
#51985
16
1?
#51990
06
0?
#51995
16
1?
#52000
06
0?
#52005
16
1?
#52010
06
0?
#52015
16
1?
#52020
06
0?
#52025
16
1?
#52030
06
0?
#52035
16
1?
#52040
06
0?
#52045
16
1?
#52050
06
0?
#52055
16
1?
#52060
06
0?
#52065
16
1?
#52070
06
0?
#52075
16
1?
#52080
06
0?
#52085
16
1?
#52090
06
0?
#52095
16
1?
#52100
06
0?
#52105
16
1?
#52110
06
0?
#52115
16
1?
#52120
06
0?
#52125
16
1?
#52130
06
0?
#52135
16
1?
#52140
06
0?
#52145
16
1?
#52150
06
0?
#52155
16
1?
#52160
06
0?
#52165
16
1?
#52170
06
0?
#52175
16
1?
#52180
06
0?
#52185
16
1?
#52190
06
0?
#52195
16
1?
#52200
06
0?
#52205
16
1?
#52210
06
0?
#52215
16
1?
#52220
06
0?
#52225
16
1?
#52230
06
0?
#52235
16
1?
#52240
06
0?
#52245
16
1?
#52250
06
0?
#52255
16
1?
#52260
06
0?
#52265
16
1?
#52270
06
0?
#52275
16
1?
#52280
06
0?
#52285
16
1?
#52290
06
0?
#52295
16
1?
#52300
06
0?
#52305
16
1?
#52310
06
0?
#52315
16
1?
#52320
06
0?
#52325
16
1?
#52330
06
0?
#52335
16
1?
#52340
06
0?
#52345
16
1?
#52350
06
0?
#52355
16
1?
#52360
06
0?
#52365
16
1?
#52370
06
0?
#52375
16
1?
#52380
06
0?
#52385
16
1?
#52390
06
0?
#52395
16
1?
#52400
06
0?
#52405
16
1?
#52410
06
0?
#52415
16
1?
#52420
06
0?
#52425
16
1?
#52430
06
0?
#52435
16
1?
#52440
06
0?
#52445
16
1?
#52450
06
0?
#52455
16
1?
#52460
06
0?
#52465
16
1?
#52470
06
0?
#52475
16
1?
#52480
06
0?
#52485
16
1?
#52490
06
0?
#52495
16
1?
#52500
06
0?
#52505
16
1?
#52510
06
0?
#52515
16
1?
#52520
06
0?
#52525
16
1?
#52530
06
0?
#52535
16
1?
#52540
06
0?
#52545
16
1?
#52550
06
0?
#52555
16
1?
#52560
06
0?
#52565
16
1?
#52570
06
0?
#52575
16
1?
#52580
06
0?
#52585
16
1?
#52590
06
0?
#52595
16
1?
#52600
06
0?
#52605
16
1?
#52610
06
0?
#52615
16
1?
#52620
06
0?
#52625
16
1?
#52630
06
0?
#52635
16
1?
#52640
06
0?
#52645
16
1?
#52650
06
0?
#52655
16
1?
#52660
06
0?
#52665
16
1?
#52670
06
0?
#52675
16
1?
#52680
06
0?
#52685
16
1?
#52690
06
0?
#52695
16
1?
#52700
06
0?
#52705
16
1?
#52710
06
0?
#52715
16
1?
#52720
06
0?
#52725
16
1?
#52730
06
0?
#52735
16
1?
#52740
06
0?
#52745
16
1?
#52750
06
0?
#52755
16
1?
#52760
06
0?
#52765
16
1?
#52770
06
0?
#52775
16
1?
#52780
06
0?
#52785
16
1?
#52790
06
0?
#52795
16
1?
#52800
06
0?
#52805
16
1?
#52810
06
0?
#52815
16
1?
#52820
06
0?
#52825
16
1?
#52830
06
0?
#52835
16
1?
#52840
06
0?
#52845
16
1?
#52850
06
0?
#52855
16
1?
#52860
06
0?
#52865
16
1?
#52870
06
0?
#52875
16
1?
#52880
06
0?
#52885
16
1?
#52890
06
0?
#52895
16
1?
#52900
06
0?
#52905
16
1?
#52910
06
0?
#52915
16
1?
#52920
06
0?
#52925
16
1?
#52930
06
0?
#52935
16
1?
#52940
06
0?
#52945
16
1?
#52950
06
0?
#52955
16
1?
#52960
06
0?
#52965
16
1?
#52970
06
0?
#52975
16
1?
#52980
06
0?
#52985
16
1?
#52990
06
0?
#52995
16
1?
#53000
06
0?
#53005
16
1?
#53010
06
0?
#53015
16
1?
#53020
06
0?
#53025
16
1?
#53030
06
0?
#53035
16
1?
#53040
06
0?
#53045
16
1?
#53050
06
0?
#53055
16
1?
#53060
06
0?
#53065
16
1?
#53070
06
0?
#53075
16
1?
#53080
06
0?
#53085
16
1?
#53090
06
0?
#53095
16
1?
#53100
06
0?
#53105
16
1?
#53110
06
0?
#53115
16
1?
#53120
06
0?
#53125
16
1?
#53130
06
0?
#53135
16
1?
#53140
06
0?
#53145
16
1?
#53150
06
0?
#53155
16
1?
#53160
06
0?
#53165
16
1?
#53170
06
0?
#53175
16
1?
#53180
06
0?
#53185
16
1?
#53190
06
0?
#53195
16
1?
#53200
06
0?
#53205
16
1?
#53210
06
0?
#53215
16
1?
#53220
06
0?
#53225
16
1?
#53230
06
0?
#53235
16
1?
#53240
06
0?
#53245
16
1?
#53250
06
0?
#53255
16
1?
#53260
06
0?
#53265
16
1?
#53270
06
0?
#53275
16
1?
#53280
06
0?
#53285
16
1?
#53290
06
0?
#53295
16
1?
#53300
06
0?
#53305
16
1?
#53310
06
0?
#53315
16
1?
#53320
06
0?
#53325
16
1?
#53330
06
0?
#53335
16
1?
#53340
06
0?
#53345
16
1?
#53350
06
0?
#53355
16
1?
#53360
06
0?
#53365
16
1?
#53370
06
0?
#53375
16
1?
#53380
06
0?
#53385
16
1?
#53390
06
0?
#53395
16
1?
#53400
06
0?
#53405
16
1?
#53410
06
0?
#53415
16
1?
#53420
06
0?
#53425
16
1?
#53430
06
0?
#53435
16
1?
#53440
06
0?
#53445
16
1?
#53450
06
0?
#53455
16
1?
#53460
06
0?
#53465
16
1?
#53470
06
0?
#53475
16
1?
#53480
06
0?
#53485
16
1?
#53490
06
0?
#53495
16
1?
#53500
06
0?
#53505
16
1?
#53510
06
0?
#53515
16
1?
#53520
06
0?
#53525
16
1?
#53530
06
0?
#53535
16
1?
#53540
06
0?
#53545
16
1?
#53550
06
0?
#53555
16
1?
#53560
06
0?
#53565
16
1?
#53570
06
0?
#53575
16
1?
#53580
06
0?
#53585
16
1?
#53590
06
0?
#53595
16
1?
#53600
06
0?
#53605
16
1?
#53610
06
0?
#53615
16
1?
#53620
06
0?
#53625
16
1?
#53630
06
0?
#53635
16
1?
#53640
06
0?
#53645
16
1?
#53650
06
0?
#53655
16
1?
#53660
06
0?
#53665
16
1?
#53670
06
0?
#53675
16
1?
#53680
06
0?
#53685
16
1?
#53690
06
0?
#53695
16
1?
#53700
06
0?
#53705
16
1?
#53710
06
0?
#53715
16
1?
#53720
06
0?
#53725
16
1?
#53730
06
0?
#53735
16
1?
#53740
06
0?
#53745
16
1?
#53750
06
0?
#53755
16
1?
#53760
06
0?
#53765
16
1?
#53770
06
0?
#53775
16
1?
#53780
06
0?
#53785
16
1?
#53790
06
0?
#53795
16
1?
#53800
06
0?
#53805
16
1?
#53810
06
0?
#53815
16
1?
#53820
06
0?
#53825
16
1?
#53830
06
0?
#53835
16
1?
#53840
06
0?
#53845
16
1?
#53850
06
0?
#53855
16
1?
#53860
06
0?
#53865
16
1?
#53870
06
0?
#53875
16
1?
#53880
06
0?
#53885
16
1?
#53890
06
0?
#53895
16
1?
#53900
06
0?
#53905
16
1?
#53910
06
0?
#53915
16
1?
#53920
06
0?
#53925
16
1?
#53930
06
0?
#53935
16
1?
#53940
06
0?
#53945
16
1?
#53950
06
0?
#53955
16
1?
#53960
06
0?
#53965
16
1?
#53970
06
0?
#53975
16
1?
#53980
06
0?
#53985
16
1?
#53990
06
0?
#53995
16
1?
#54000
06
0?
#54005
16
1?
#54010
06
0?
#54015
16
1?
#54020
06
0?
#54025
16
1?
#54030
06
0?
#54035
16
1?
#54040
06
0?
#54045
16
1?
#54050
06
0?
#54055
16
1?
#54060
06
0?
#54065
16
1?
#54070
06
0?
#54075
16
1?
#54080
06
0?
#54085
16
1?
#54090
06
0?
#54095
16
1?
#54100
06
0?
#54105
16
1?
#54110
06
0?
#54115
16
1?
#54120
06
0?
#54125
16
1?
#54130
06
0?
#54135
16
1?
#54140
06
0?
#54145
16
1?
#54150
06
0?
#54155
16
1?
#54160
06
0?
#54165
16
1?
#54170
06
0?
#54175
16
1?
#54180
06
0?
#54185
16
1?
#54190
06
0?
#54195
16
1?
#54200
06
0?
#54205
16
1?
#54210
06
0?
#54215
16
1?
#54220
06
0?
#54225
16
1?
#54230
06
0?
#54235
16
1?
#54240
06
0?
#54245
16
1?
#54250
06
0?
#54255
16
1?
#54260
06
0?
#54265
16
1?
#54270
06
0?
#54275
16
1?
#54280
06
0?
#54285
16
1?
#54290
06
0?
#54295
16
1?
#54300
06
0?
#54305
16
1?
#54310
06
0?
#54315
16
1?
#54320
06
0?
#54325
16
1?
#54330
06
0?
#54335
16
1?
#54340
06
0?
#54345
16
1?
#54350
06
0?
#54355
16
1?
#54360
06
0?
#54365
16
1?
#54370
06
0?
#54375
16
1?
#54380
06
0?
#54385
16
1?
#54390
06
0?
#54395
16
1?
#54400
06
0?
#54405
16
1?
#54410
06
0?
#54415
16
1?
#54420
06
0?
#54425
16
1?
#54430
06
0?
#54435
16
1?
#54440
06
0?
#54445
16
1?
#54450
06
0?
#54455
16
1?
#54460
06
0?
#54465
16
1?
#54470
06
0?
#54475
16
1?
#54480
06
0?
#54485
16
1?
#54490
06
0?
#54495
16
1?
#54500
06
0?
#54505
16
1?
#54510
06
0?
#54515
16
1?
#54520
06
0?
#54525
16
1?
#54530
06
0?
#54535
16
1?
#54540
06
0?
#54545
16
1?
#54550
06
0?
#54555
16
1?
#54560
06
0?
#54565
16
1?
#54570
06
0?
#54575
16
1?
#54580
06
0?
#54585
16
1?
#54590
06
0?
#54595
16
1?
#54600
06
0?
#54605
16
1?
#54610
06
0?
#54615
16
1?
#54620
06
0?
#54625
16
1?
#54630
06
0?
#54635
16
1?
#54640
06
0?
#54645
16
1?
#54650
06
0?
#54655
16
1?
#54660
06
0?
#54665
16
1?
#54670
06
0?
#54675
16
1?
#54680
06
0?
#54685
16
1?
#54690
06
0?
#54695
16
1?
#54700
06
0?
#54705
16
1?
#54710
06
0?
#54715
16
1?
#54720
06
0?
#54725
16
1?
#54730
06
0?
#54735
16
1?
#54740
06
0?
#54745
16
1?
#54750
06
0?
#54755
16
1?
#54760
06
0?
#54765
16
1?
#54770
06
0?
#54775
16
1?
#54780
06
0?
#54785
16
1?
#54790
06
0?
#54795
16
1?
#54800
06
0?
#54805
16
1?
#54810
06
0?
#54815
16
1?
#54820
06
0?
#54825
16
1?
#54830
06
0?
#54835
16
1?
#54840
06
0?
#54845
16
1?
#54850
06
0?
#54855
16
1?
#54860
06
0?
#54865
16
1?
#54870
06
0?
#54875
16
1?
#54880
06
0?
#54885
16
1?
#54890
06
0?
#54895
16
1?
#54900
06
0?
#54905
16
1?
#54910
06
0?
#54915
16
1?
#54920
06
0?
#54925
16
1?
#54930
06
0?
#54935
16
1?
#54940
06
0?
#54945
16
1?
#54950
06
0?
#54955
16
1?
#54960
06
0?
#54965
16
1?
#54970
06
0?
#54975
16
1?
#54980
06
0?
#54985
16
1?
#54990
06
0?
#54995
16
1?
#55000
06
0?
#55005
16
1?
#55010
06
0?
#55015
16
1?
#55020
06
0?
#55025
16
1?
#55030
06
0?
#55035
16
1?
#55040
06
0?
#55045
16
1?
#55050
06
0?
#55055
16
1?
#55060
06
0?
#55065
16
1?
#55070
06
0?
#55075
16
1?
#55080
06
0?
#55085
16
1?
#55090
06
0?
#55095
16
1?
#55100
06
0?
#55105
16
1?
#55110
06
0?
#55115
16
1?
#55120
06
0?
#55125
16
1?
#55130
06
0?
#55135
16
1?
#55140
06
0?
#55145
16
1?
#55150
06
0?
#55155
16
1?
#55160
06
0?
#55165
16
1?
#55170
06
0?
#55175
16
1?
#55180
06
0?
#55185
16
1?
#55190
06
0?
#55195
16
1?
#55200
06
0?
#55205
16
1?
#55210
06
0?
#55215
16
1?
#55220
06
0?
#55225
16
1?
#55230
06
0?
#55235
16
1?
#55240
06
0?
#55245
16
1?
#55250
06
0?
#55255
16
1?
#55260
06
0?
#55265
16
1?
#55270
06
0?
#55275
16
1?
#55280
06
0?
#55285
16
1?
#55290
06
0?
#55295
16
1?
#55300
06
0?
#55305
16
1?
#55310
06
0?
#55315
16
1?
#55320
06
0?
#55325
16
1?
#55330
06
0?
#55335
16
1?
#55340
06
0?
#55345
16
1?
#55350
06
0?
#55355
16
1?
#55360
06
0?
#55365
16
1?
#55370
06
0?
#55375
16
1?
#55380
06
0?
#55385
16
1?
#55390
06
0?
#55395
16
1?
#55400
06
0?
#55405
16
1?
#55410
06
0?
#55415
16
1?
#55420
06
0?
#55425
16
1?
#55430
06
0?
#55435
16
1?
#55440
06
0?
#55445
16
1?
#55450
06
0?
#55455
16
1?
#55460
06
0?
#55465
16
1?
#55470
06
0?
#55475
16
1?
#55480
06
0?
#55485
16
1?
#55490
06
0?
#55495
16
1?
#55500
06
0?
#55505
16
1?
#55510
06
0?
#55515
16
1?
#55520
06
0?
#55525
16
1?
#55530
06
0?
#55535
16
1?
#55540
06
0?
#55545
16
1?
#55550
06
0?
#55555
16
1?
#55560
06
0?
#55565
16
1?
#55570
06
0?
#55575
16
1?
#55580
06
0?
#55585
16
1?
#55590
06
0?
#55595
16
1?
#55600
06
0?
#55605
16
1?
#55610
06
0?
#55615
16
1?
#55620
06
0?
#55625
16
1?
#55630
06
0?
#55635
16
1?
#55640
06
0?
#55645
16
1?
#55650
06
0?
#55655
16
1?
#55660
06
0?
#55665
16
1?
#55670
06
0?
#55675
16
1?
#55680
06
0?
#55685
16
1?
#55690
06
0?
#55695
16
1?
#55700
06
0?
#55705
16
1?
#55710
06
0?
#55715
16
1?
#55720
06
0?
#55725
16
1?
#55730
06
0?
#55735
16
1?
#55740
06
0?
#55745
16
1?
#55750
06
0?
#55755
16
1?
#55760
06
0?
#55765
16
1?
#55770
06
0?
#55775
16
1?
#55780
06
0?
#55785
16
1?
#55790
06
0?
#55795
16
1?
#55800
06
0?
#55805
16
1?
#55810
06
0?
#55815
16
1?
#55820
06
0?
#55825
16
1?
#55830
06
0?
#55835
16
1?
#55840
06
0?
#55845
16
1?
#55850
06
0?
#55855
16
1?
#55860
06
0?
#55865
16
1?
#55870
06
0?
#55875
16
1?
#55880
06
0?
#55885
16
1?
#55890
06
0?
#55895
16
1?
#55900
06
0?
#55905
16
1?
#55910
06
0?
#55915
16
1?
#55920
06
0?
#55925
16
1?
#55930
06
0?
#55935
16
1?
#55940
06
0?
#55945
16
1?
#55950
06
0?
#55955
16
1?
#55960
06
0?
#55965
16
1?
#55970
06
0?
#55975
16
1?
#55980
06
0?
#55985
16
1?
#55990
06
0?
#55995
16
1?
#56000
06
0?
#56005
16
1?
#56010
06
0?
#56015
16
1?
#56020
06
0?
#56025
16
1?
#56030
06
0?
#56035
16
1?
#56040
06
0?
#56045
16
1?
#56050
06
0?
#56055
16
1?
#56060
06
0?
#56065
16
1?
#56070
06
0?
#56075
16
1?
#56080
06
0?
#56085
16
1?
#56090
06
0?
#56095
16
1?
#56100
06
0?
#56105
16
1?
#56110
06
0?
#56115
16
1?
#56120
06
0?
#56125
16
1?
#56130
06
0?
#56135
16
1?
#56140
06
0?
#56145
16
1?
#56150
06
0?
#56155
16
1?
#56160
06
0?
#56165
16
1?
#56170
06
0?
#56175
16
1?
#56180
06
0?
#56185
16
1?
#56190
06
0?
#56195
16
1?
#56200
06
0?
#56205
16
1?
#56210
06
0?
#56215
16
1?
#56220
06
0?
#56225
16
1?
#56230
06
0?
#56235
16
1?
#56240
06
0?
#56245
16
1?
#56250
06
0?
#56255
16
1?
#56260
06
0?
#56265
16
1?
#56270
06
0?
#56275
16
1?
#56280
06
0?
#56285
16
1?
#56290
06
0?
#56295
16
1?
#56300
06
0?
#56305
16
1?
#56310
06
0?
#56315
16
1?
#56320
06
0?
#56325
16
1?
#56330
06
0?
#56335
16
1?
#56340
06
0?
#56345
16
1?
#56350
06
0?
#56355
16
1?
#56360
06
0?
#56365
16
1?
#56370
06
0?
#56375
16
1?
#56380
06
0?
#56385
16
1?
#56390
06
0?
#56395
16
1?
#56400
06
0?
#56405
16
1?
#56410
06
0?
#56415
16
1?
#56420
06
0?
#56425
16
1?
#56430
06
0?
#56435
16
1?
#56440
06
0?
#56445
16
1?
#56450
06
0?
#56455
16
1?
#56460
06
0?
#56465
16
1?
#56470
06
0?
#56475
16
1?
#56480
06
0?
#56485
16
1?
#56490
06
0?
#56495
16
1?
#56500
06
0?
#56505
16
1?
#56510
06
0?
#56515
16
1?
#56520
06
0?
#56525
16
1?
#56530
06
0?
#56535
16
1?
#56540
06
0?
#56545
16
1?
#56550
06
0?
#56555
16
1?
#56560
06
0?
#56565
16
1?
#56570
06
0?
#56575
16
1?
#56580
06
0?
#56585
16
1?
#56590
06
0?
#56595
16
1?
#56600
06
0?
#56605
16
1?
#56610
06
0?
#56615
16
1?
#56620
06
0?
#56625
16
1?
#56630
06
0?
#56635
16
1?
#56640
06
0?
#56645
16
1?
#56650
06
0?
#56655
16
1?
#56660
06
0?
#56665
16
1?
#56670
06
0?
#56675
16
1?
#56680
06
0?
#56685
16
1?
#56690
06
0?
#56695
16
1?
#56700
06
0?
#56705
16
1?
#56710
06
0?
#56715
16
1?
#56720
06
0?
#56725
16
1?
#56730
06
0?
#56735
16
1?
#56740
06
0?
#56745
16
1?
#56750
06
0?
#56755
16
1?
#56760
06
0?
#56765
16
1?
#56770
06
0?
#56775
16
1?
#56780
06
0?
#56785
16
1?
#56790
06
0?
#56795
16
1?
#56800
06
0?
#56805
16
1?
#56810
06
0?
#56815
16
1?
#56820
06
0?
#56825
16
1?
#56830
06
0?
#56835
16
1?
#56840
06
0?
#56845
16
1?
#56850
06
0?
#56855
16
1?
#56860
06
0?
#56865
16
1?
#56870
06
0?
#56875
16
1?
#56880
06
0?
#56885
16
1?
#56890
06
0?
#56895
16
1?
#56900
06
0?
#56905
16
1?
#56910
06
0?
#56915
16
1?
#56920
06
0?
#56925
16
1?
#56930
06
0?
#56935
16
1?
#56940
06
0?
#56945
16
1?
#56950
06
0?
#56955
16
1?
#56960
06
0?
#56965
16
1?
#56970
06
0?
#56975
16
1?
#56980
06
0?
#56985
16
1?
#56990
06
0?
#56995
16
1?
#57000
06
0?
#57005
16
1?
#57010
06
0?
#57015
16
1?
#57020
06
0?
#57025
16
1?
#57030
06
0?
#57035
16
1?
#57040
06
0?
#57045
16
1?
#57050
06
0?
#57055
16
1?
#57060
06
0?
#57065
16
1?
#57070
06
0?
#57075
16
1?
#57080
06
0?
#57085
16
1?
#57090
06
0?
#57095
16
1?
#57100
06
0?
#57105
16
1?
#57110
06
0?
#57115
16
1?
#57120
06
0?
#57125
16
1?
#57130
06
0?
#57135
16
1?
#57140
06
0?
#57145
16
1?
#57150
06
0?
#57155
16
1?
#57160
06
0?
#57165
16
1?
#57170
06
0?
#57175
16
1?
#57180
06
0?
#57185
16
1?
#57190
06
0?
#57195
16
1?
#57200
06
0?
#57205
16
1?
#57210
06
0?
#57215
16
1?
#57220
06
0?
#57225
16
1?
#57230
06
0?
#57235
16
1?
#57240
06
0?
#57245
16
1?
#57250
06
0?
#57255
16
1?
#57260
06
0?
#57265
16
1?
#57270
06
0?
#57275
16
1?
#57280
06
0?
#57285
16
1?
#57290
06
0?
#57295
16
1?
#57300
06
0?
#57305
16
1?
#57310
06
0?
#57315
16
1?
#57320
06
0?
#57325
16
1?
#57330
06
0?
#57335
16
1?
#57340
06
0?
#57345
16
1?
#57350
06
0?
#57355
16
1?
#57360
06
0?
#57365
16
1?
#57370
06
0?
#57375
16
1?
#57380
06
0?
#57385
16
1?
#57390
06
0?
#57395
16
1?
#57400
06
0?
#57405
16
1?
#57410
06
0?
#57415
16
1?
#57420
06
0?
#57425
16
1?
#57430
06
0?
#57435
16
1?
#57440
06
0?
#57445
16
1?
#57450
06
0?
#57455
16
1?
#57460
06
0?
#57465
16
1?
#57470
06
0?
#57475
16
1?
#57480
06
0?
#57485
16
1?
#57490
06
0?
#57495
16
1?
#57500
06
0?
#57505
16
1?
#57510
06
0?
#57515
16
1?
#57520
06
0?
#57525
16
1?
#57530
06
0?
#57535
16
1?
#57540
06
0?
#57545
16
1?
#57550
06
0?
#57555
16
1?
#57560
06
0?
#57565
16
1?
#57570
06
0?
#57575
16
1?
#57580
06
0?
#57585
16
1?
#57590
06
0?
#57595
16
1?
#57600
06
0?
#57605
16
1?
#57610
06
0?
#57615
16
1?
#57620
06
0?
#57625
16
1?
#57630
06
0?
#57635
16
1?
#57640
06
0?
#57645
16
1?
#57650
06
0?
#57655
16
1?
#57660
06
0?
#57665
16
1?
#57670
06
0?
#57675
16
1?
#57680
06
0?
#57685
16
1?
#57690
06
0?
#57695
16
1?
#57700
06
0?
#57705
16
1?
#57710
06
0?
#57715
16
1?
#57720
06
0?
#57725
16
1?
#57730
06
0?
#57735
16
1?
#57740
06
0?
#57745
16
1?
#57750
06
0?
#57755
16
1?
#57760
06
0?
#57765
16
1?
#57770
06
0?
#57775
16
1?
#57780
06
0?
#57785
16
1?
#57790
06
0?
#57795
16
1?
#57800
06
0?
#57805
16
1?
#57810
06
0?
#57815
16
1?
#57820
06
0?
#57825
16
1?
#57830
06
0?
#57835
16
1?
#57840
06
0?
#57845
16
1?
#57850
06
0?
#57855
16
1?
#57860
06
0?
#57865
16
1?
#57870
06
0?
#57875
16
1?
#57880
06
0?
#57885
16
1?
#57890
06
0?
#57895
16
1?
#57900
06
0?
#57905
16
1?
#57910
06
0?
#57915
16
1?
#57920
06
0?
#57925
16
1?
#57930
06
0?
#57935
16
1?
#57940
06
0?
#57945
16
1?
#57950
06
0?
#57955
16
1?
#57960
06
0?
#57965
16
1?
#57970
06
0?
#57975
16
1?
#57980
06
0?
#57985
16
1?
#57990
06
0?
#57995
16
1?
#58000
06
0?
#58005
16
1?
#58010
06
0?
#58015
16
1?
#58020
06
0?
#58025
16
1?
#58030
06
0?
#58035
16
1?
#58040
06
0?
#58045
16
1?
#58050
06
0?
#58055
16
1?
#58060
06
0?
#58065
16
1?
#58070
06
0?
#58075
16
1?
#58080
06
0?
#58085
16
1?
#58090
06
0?
#58095
16
1?
#58100
06
0?
#58105
16
1?
#58110
06
0?
#58115
16
1?
#58120
06
0?
#58125
16
1?
#58130
06
0?
#58135
16
1?
#58140
06
0?
#58145
16
1?
#58150
06
0?
#58155
16
1?
#58160
06
0?
#58165
16
1?
#58170
06
0?
#58175
16
1?
#58180
06
0?
#58185
16
1?
#58190
06
0?
#58195
16
1?
#58200
06
0?
#58205
16
1?
#58210
06
0?
#58215
16
1?
#58220
06
0?
#58225
16
1?
#58230
06
0?
#58235
16
1?
#58240
06
0?
#58245
16
1?
#58250
06
0?
#58255
16
1?
#58260
06
0?
#58265
16
1?
#58270
06
0?
#58275
16
1?
#58280
06
0?
#58285
16
1?
#58290
06
0?
#58295
16
1?
#58300
06
0?
#58305
16
1?
#58310
06
0?
#58315
16
1?
#58320
06
0?
#58325
16
1?
#58330
06
0?
#58335
16
1?
#58340
06
0?
#58345
16
1?
#58350
06
0?
#58355
16
1?
#58360
06
0?
#58365
16
1?
#58370
06
0?
#58375
16
1?
#58380
06
0?
#58385
16
1?
#58390
06
0?
#58395
16
1?
#58400
06
0?
#58405
16
1?
#58410
06
0?
#58415
16
1?
#58420
06
0?
#58425
16
1?
#58430
06
0?
#58435
16
1?
#58440
06
0?
#58445
16
1?
#58450
06
0?
#58455
16
1?
#58460
06
0?
#58465
16
1?
#58470
06
0?
#58475
16
1?
#58480
06
0?
#58485
16
1?
#58490
06
0?
#58495
16
1?
#58500
06
0?
#58505
16
1?
#58510
06
0?
#58515
16
1?
#58520
06
0?
#58525
16
1?
#58530
06
0?
#58535
16
1?
#58540
06
0?
#58545
16
1?
#58550
06
0?
#58555
16
1?
#58560
06
0?
#58565
16
1?
#58570
06
0?
#58575
16
1?
#58580
06
0?
#58585
16
1?
#58590
06
0?
#58595
16
1?
#58600
06
0?
#58605
16
1?
#58610
06
0?
#58615
16
1?
#58620
06
0?
#58625
16
1?
#58630
06
0?
#58635
16
1?
#58640
06
0?
#58645
16
1?
#58650
06
0?
#58655
16
1?
#58660
06
0?
#58665
16
1?
#58670
06
0?
#58675
16
1?
#58680
06
0?
#58685
16
1?
#58690
06
0?
#58695
16
1?
#58700
06
0?
#58705
16
1?
#58710
06
0?
#58715
16
1?
#58720
06
0?
#58725
16
1?
#58730
06
0?
#58735
16
1?
#58740
06
0?
#58745
16
1?
#58750
06
0?
#58755
16
1?
#58760
06
0?
#58765
16
1?
#58770
06
0?
#58775
16
1?
#58780
06
0?
#58785
16
1?
#58790
06
0?
#58795
16
1?
#58800
06
0?
#58805
16
1?
#58810
06
0?
#58815
16
1?
#58820
06
0?
#58825
16
1?
#58830
06
0?
#58835
16
1?
#58840
06
0?
#58845
16
1?
#58850
06
0?
#58855
16
1?
#58860
06
0?
#58865
16
1?
#58870
06
0?
#58875
16
1?
#58880
06
0?
#58885
16
1?
#58890
06
0?
#58895
16
1?
#58900
06
0?
#58905
16
1?
#58910
06
0?
#58915
16
1?
#58920
06
0?
#58925
16
1?
#58930
06
0?
#58935
16
1?
#58940
06
0?
#58945
16
1?
#58950
06
0?
#58955
16
1?
#58960
06
0?
#58965
16
1?
#58970
06
0?
#58975
16
1?
#58980
06
0?
#58985
16
1?
#58990
06
0?
#58995
16
1?
#59000
06
0?
#59005
16
1?
#59010
06
0?
#59015
16
1?
#59020
06
0?
#59025
16
1?
#59030
06
0?
#59035
16
1?
#59040
06
0?
#59045
16
1?
#59050
06
0?
#59055
16
1?
#59060
06
0?
#59065
16
1?
#59070
06
0?
#59075
16
1?
#59080
06
0?
#59085
16
1?
#59090
06
0?
#59095
16
1?
#59100
06
0?
#59105
16
1?
#59110
06
0?
#59115
16
1?
#59120
06
0?
#59125
16
1?
#59130
06
0?
#59135
16
1?
#59140
06
0?
#59145
16
1?
#59150
06
0?
#59155
16
1?
#59160
06
0?
#59165
16
1?
#59170
06
0?
#59175
16
1?
#59180
06
0?
#59185
16
1?
#59190
06
0?
#59195
16
1?
#59200
06
0?
#59205
16
1?
#59210
06
0?
#59215
16
1?
#59220
06
0?
#59225
16
1?
#59230
06
0?
#59235
16
1?
#59240
06
0?
#59245
16
1?
#59250
06
0?
#59255
16
1?
#59260
06
0?
#59265
16
1?
#59270
06
0?
#59275
16
1?
#59280
06
0?
#59285
16
1?
#59290
06
0?
#59295
16
1?
#59300
06
0?
#59305
16
1?
#59310
06
0?
#59315
16
1?
#59320
06
0?
#59325
16
1?
#59330
06
0?
#59335
16
1?
#59340
06
0?
#59345
16
1?
#59350
06
0?
#59355
16
1?
#59360
06
0?
#59365
16
1?
#59370
06
0?
#59375
16
1?
#59380
06
0?
#59385
16
1?
#59390
06
0?
#59395
16
1?
#59400
06
0?
#59405
16
1?
#59410
06
0?
#59415
16
1?
#59420
06
0?
#59425
16
1?
#59430
06
0?
#59435
16
1?
#59440
06
0?
#59445
16
1?
#59450
06
0?
#59455
16
1?
#59460
06
0?
#59465
16
1?
#59470
06
0?
#59475
16
1?
#59480
06
0?
#59485
16
1?
#59490
06
0?
#59495
16
1?
#59500
06
0?
#59505
16
1?
#59510
06
0?
#59515
16
1?
#59520
06
0?
#59525
16
1?
#59530
06
0?
#59535
16
1?
#59540
06
0?
#59545
16
1?
#59550
06
0?
#59555
16
1?
#59560
06
0?
#59565
16
1?
#59570
06
0?
#59575
16
1?
#59580
06
0?
#59585
16
1?
#59590
06
0?
#59595
16
1?
#59600
06
0?
#59605
16
1?
#59610
06
0?
#59615
16
1?
#59620
06
0?
#59625
16
1?
#59630
06
0?
#59635
16
1?
#59640
06
0?
#59645
16
1?
#59650
06
0?
#59655
16
1?
#59660
06
0?
#59665
16
1?
#59670
06
0?
#59675
16
1?
#59680
06
0?
#59685
16
1?
#59690
06
0?
#59695
16
1?
#59700
06
0?
#59705
16
1?
#59710
06
0?
#59715
16
1?
#59720
06
0?
#59725
16
1?
#59730
06
0?
#59735
16
1?
#59740
06
0?
#59745
16
1?
#59750
06
0?
#59755
16
1?
#59760
06
0?
#59765
16
1?
#59770
06
0?
#59775
16
1?
#59780
06
0?
#59785
16
1?
#59790
06
0?
#59795
16
1?
#59800
06
0?
#59805
16
1?
#59810
06
0?
#59815
16
1?
#59820
06
0?
#59825
16
1?
#59830
06
0?
#59835
16
1?
#59840
06
0?
#59845
16
1?
#59850
06
0?
#59855
16
1?
#59860
06
0?
#59865
16
1?
#59870
06
0?
#59875
16
1?
#59880
06
0?
#59885
16
1?
#59890
06
0?
#59895
16
1?
#59900
06
0?
#59905
16
1?
#59910
06
0?
#59915
16
1?
#59920
06
0?
#59925
16
1?
#59930
06
0?
#59935
16
1?
#59940
06
0?
#59945
16
1?
#59950
06
0?
#59955
16
1?
#59960
06
0?
#59965
16
1?
#59970
06
0?
#59975
16
1?
#59980
06
0?
#59985
16
1?
#59990
06
0?
#59995
16
1?
#60000
06
0?
#60005
16
1?
#60010
06
0?
#60015
16
1?
#60020
06
0?
#60025
16
1?
#60030
06
0?
#60035
16
1?
#60040
06
0?
#60045
16
1?
#60050
06
0?
#60055
16
1?
#60060
06
0?
#60065
16
1?
#60070
06
0?
#60075
16
1?
#60080
06
0?
#60085
16
1?
#60090
06
0?
#60095
16
1?
#60100
06
0?
#60105
16
1?
#60110
06
0?
#60115
16
1?
#60120
06
0?
#60125
16
1?
#60130
06
0?
#60135
16
1?
#60140
06
0?
#60145
16
1?
#60150
06
0?
#60155
16
1?
#60160
06
0?
#60165
16
1?
#60170
06
0?
#60175
16
1?
#60180
06
0?
#60185
16
1?
#60190
06
0?
#60195
16
1?
#60200
06
0?
#60205
16
1?
#60210
06
0?
#60215
16
1?
#60220
06
0?
#60225
16
1?
#60230
06
0?
#60235
16
1?
#60240
06
0?
#60245
16
1?
#60250
06
0?
#60255
16
1?
#60260
06
0?
#60265
16
1?
#60270
06
0?
#60275
16
1?
#60280
06
0?
#60285
16
1?
#60290
06
0?
#60295
16
1?
#60300
06
0?
#60305
16
1?
#60310
06
0?
#60315
16
1?
#60320
06
0?
#60325
16
1?
#60330
06
0?
#60335
16
1?
#60340
06
0?
#60345
16
1?
#60350
06
0?
#60355
16
1?
#60360
06
0?
#60365
16
1?
#60370
06
0?
#60375
16
1?
#60380
06
0?
#60385
16
1?
#60390
06
0?
#60395
16
1?
#60400
06
0?
#60405
16
1?
#60410
06
0?
#60415
16
1?
#60420
06
0?
#60425
16
1?
#60430
06
0?
#60435
16
1?
#60440
06
0?
#60445
16
1?
#60450
06
0?
#60455
16
1?
#60460
06
0?
#60465
16
1?
#60470
06
0?
#60475
16
1?
#60480
06
0?
#60485
16
1?
#60490
06
0?
#60495
16
1?
#60500
06
0?
#60505
16
1?
#60510
06
0?
#60515
16
1?
#60520
06
0?
#60525
16
1?
#60530
06
0?
#60535
16
1?
#60540
06
0?
#60545
16
1?
#60550
06
0?
#60555
16
1?
#60560
06
0?
#60565
16
1?
#60570
06
0?
#60575
16
1?
#60580
06
0?
#60585
16
1?
#60590
06
0?
#60595
16
1?
#60600
06
0?
#60605
16
1?
#60610
06
0?
#60615
16
1?
#60620
06
0?
#60625
16
1?
#60630
06
0?
#60635
16
1?
#60640
06
0?
#60645
16
1?
#60650
06
0?
#60655
16
1?
#60660
06
0?
#60665
16
1?
#60670
06
0?
#60675
16
1?
#60680
06
0?
#60685
16
1?
#60690
06
0?
#60695
16
1?
#60700
06
0?
#60705
16
1?
#60710
06
0?
#60715
16
1?
#60720
06
0?
#60725
16
1?
#60730
06
0?
#60735
16
1?
#60740
06
0?
#60745
16
1?
#60750
06
0?
#60755
16
1?
#60760
06
0?
#60765
16
1?
#60770
06
0?
#60775
16
1?
#60780
06
0?
#60785
16
1?
#60790
06
0?
#60795
16
1?
#60800
06
0?
#60805
16
1?
#60810
06
0?
#60815
16
1?
#60820
06
0?
#60825
16
1?
#60830
06
0?
#60835
16
1?
#60840
06
0?
#60845
16
1?
#60850
06
0?
#60855
16
1?
#60860
06
0?
#60865
16
1?
#60870
06
0?
#60875
16
1?
#60880
06
0?
#60885
16
1?
#60890
06
0?
#60895
16
1?
#60900
06
0?
#60905
16
1?
#60910
06
0?
#60915
16
1?
#60920
06
0?
#60925
16
1?
#60930
06
0?
#60935
16
1?
#60940
06
0?
#60945
16
1?
#60950
06
0?
#60955
16
1?
#60960
06
0?
#60965
16
1?
#60970
06
0?
#60975
16
1?
#60980
06
0?
#60985
16
1?
#60990
06
0?
#60995
16
1?
#61000
06
0?
#61005
16
1?
#61010
06
0?
#61015
16
1?
#61020
06
0?
#61025
16
1?
#61030
06
0?
#61035
16
1?
#61040
06
0?
#61045
16
1?
#61050
06
0?
#61055
16
1?
#61060
06
0?
#61065
16
1?
#61070
06
0?
#61075
16
1?
#61080
06
0?
#61085
16
1?
#61090
06
0?
#61095
16
1?
#61100
06
0?
#61105
16
1?
#61110
06
0?
#61115
16
1?
#61120
06
0?
#61125
16
1?
#61130
06
0?
#61135
16
1?
#61140
06
0?
#61145
16
1?
#61150
06
0?
#61155
16
1?
#61160
06
0?
#61165
16
1?
#61170
06
0?
#61175
16
1?
#61180
06
0?
#61185
16
1?
#61190
06
0?
#61195
16
1?
#61200
06
0?
#61205
16
1?
#61210
06
0?
#61215
16
1?
#61220
06
0?
#61225
16
1?
#61230
06
0?
#61235
16
1?
#61240
06
0?
#61245
16
1?
#61250
06
0?
#61255
16
1?
#61260
06
0?
#61265
16
1?
#61270
06
0?
#61275
16
1?
#61280
06
0?
#61285
16
1?
#61290
06
0?
#61295
16
1?
#61300
06
0?
#61305
16
1?
#61310
06
0?
#61315
16
1?
#61320
06
0?
#61325
16
1?
#61330
06
0?
#61335
16
1?
#61340
06
0?
#61345
16
1?
#61350
06
0?
#61355
16
1?
#61360
06
0?
#61365
16
1?
#61370
06
0?
#61375
16
1?
#61380
06
0?
#61385
16
1?
#61390
06
0?
#61395
16
1?
#61400
06
0?
#61405
16
1?
#61410
06
0?
#61415
16
1?
#61420
06
0?
#61425
16
1?
#61430
06
0?
#61435
16
1?
#61440
06
0?
#61445
16
1?
#61450
06
0?
#61455
16
1?
#61460
06
0?
#61465
16
1?
#61470
06
0?
#61475
16
1?
#61480
06
0?
#61485
16
1?
#61490
06
0?
#61495
16
1?
#61500
06
0?
#61505
16
1?
#61510
06
0?
#61515
16
1?
#61520
06
0?
#61525
16
1?
#61530
06
0?
#61535
16
1?
#61540
06
0?
#61545
16
1?
#61550
06
0?
#61555
16
1?
#61560
06
0?
#61565
16
1?
#61570
06
0?
#61575
16
1?
#61580
06
0?
#61585
16
1?
#61590
06
0?
#61595
16
1?
#61600
06
0?
#61605
16
1?
#61610
06
0?
#61615
16
1?
#61620
06
0?
#61625
16
1?
#61630
06
0?
#61635
16
1?
#61640
06
0?
#61645
16
1?
#61650
06
0?
#61655
16
1?
#61660
06
0?
#61665
16
1?
#61670
06
0?
#61675
16
1?
#61680
06
0?
#61685
16
1?
#61690
06
0?
#61695
16
1?
#61700
06
0?
#61705
16
1?
#61710
06
0?
#61715
16
1?
#61720
06
0?
#61725
16
1?
#61730
06
0?
#61735
16
1?
#61740
06
0?
#61745
16
1?
#61750
06
0?
#61755
16
1?
#61760
06
0?
#61765
16
1?
#61770
06
0?
#61775
16
1?
#61780
06
0?
#61785
16
1?
#61790
06
0?
#61795
16
1?
#61800
06
0?
#61805
16
1?
#61810
06
0?
#61815
16
1?
#61820
06
0?
#61825
16
1?
#61830
06
0?
#61835
16
1?
#61840
06
0?
#61845
16
1?
#61850
06
0?
#61855
16
1?
#61860
06
0?
#61865
16
1?
#61870
06
0?
#61875
16
1?
#61880
06
0?
#61885
16
1?
#61890
06
0?
#61895
16
1?
#61900
06
0?
#61905
16
1?
#61910
06
0?
#61915
16
1?
#61920
06
0?
#61925
16
1?
#61930
06
0?
#61935
16
1?
#61940
06
0?
#61945
16
1?
#61950
06
0?
#61955
16
1?
#61960
06
0?
#61965
16
1?
#61970
06
0?
#61975
16
1?
#61980
06
0?
#61985
16
1?
#61990
06
0?
#61995
16
1?
#62000
06
0?
#62005
16
1?
#62010
06
0?
#62015
16
1?
#62020
06
0?
#62025
16
1?
#62030
06
0?
#62035
16
1?
#62040
06
0?
#62045
16
1?
#62050
06
0?
#62055
16
1?
#62060
06
0?
#62065
16
1?
#62070
06
0?
#62075
16
1?
#62080
06
0?
#62085
16
1?
#62090
06
0?
#62095
16
1?
#62100
06
0?
#62105
16
1?
#62110
06
0?
#62115
16
1?
#62120
06
0?
#62125
16
1?
#62130
06
0?
#62135
16
1?
#62140
06
0?
#62145
16
1?
#62150
06
0?
#62155
16
1?
#62160
06
0?
#62165
16
1?
#62170
06
0?
#62175
16
1?
#62180
06
0?
#62185
16
1?
#62190
06
0?
#62195
16
1?
#62200
06
0?
#62205
16
1?
#62210
06
0?
#62215
16
1?
#62220
06
0?
#62225
16
1?
#62230
06
0?
#62235
16
1?
#62240
06
0?
#62245
16
1?
#62250
06
0?
#62255
16
1?
#62260
06
0?
#62265
16
1?
#62270
06
0?
#62275
16
1?
#62280
06
0?
#62285
16
1?
#62290
06
0?
#62295
16
1?
#62300
06
0?
#62305
16
1?
#62310
06
0?
#62315
16
1?
#62320
06
0?
#62325
16
1?
#62330
06
0?
#62335
16
1?
#62340
06
0?
#62345
16
1?
#62350
06
0?
#62355
16
1?
#62360
06
0?
#62365
16
1?
#62370
06
0?
#62375
16
1?
#62380
06
0?
#62385
16
1?
#62390
06
0?
#62395
16
1?
#62400
06
0?
#62405
16
1?
#62410
06
0?
#62415
16
1?
#62420
06
0?
#62425
16
1?
#62430
06
0?
#62435
16
1?
#62440
06
0?
#62445
16
1?
#62450
06
0?
#62455
16
1?
#62460
06
0?
#62465
16
1?
#62470
06
0?
#62475
16
1?
#62480
06
0?
#62485
16
1?
#62490
06
0?
#62495
16
1?
#62500
06
0?
#62505
16
1?
#62510
06
0?
#62515
16
1?
#62520
06
0?
#62525
16
1?
#62530
06
0?
#62535
16
1?
#62540
06
0?
#62545
16
1?
#62550
06
0?
#62555
16
1?
#62560
06
0?
#62565
16
1?
#62570
06
0?
#62575
16
1?
#62580
06
0?
#62585
16
1?
#62590
06
0?
#62595
16
1?
#62600
06
0?
#62605
16
1?
#62610
06
0?
#62615
16
1?
#62620
06
0?
#62625
16
1?
#62630
06
0?
#62635
16
1?
#62640
06
0?
#62645
16
1?
#62650
06
0?
#62655
16
1?
#62660
06
0?
#62665
16
1?
#62670
06
0?
#62675
16
1?
#62680
06
0?
#62685
16
1?
#62690
06
0?
#62695
16
1?
#62700
06
0?
#62705
16
1?
#62710
06
0?
#62715
16
1?
#62720
06
0?
#62725
16
1?
#62730
06
0?
#62735
16
1?
#62740
06
0?
#62745
16
1?
#62750
06
0?
#62755
16
1?
#62760
06
0?
#62765
16
1?
#62770
06
0?
#62775
16
1?
#62780
06
0?
#62785
16
1?
#62790
06
0?
#62795
16
1?
#62800
06
0?
#62805
16
1?
#62810
06
0?
#62815
16
1?
#62820
06
0?
#62825
16
1?
#62830
06
0?
#62835
16
1?
#62840
06
0?
#62845
16
1?
#62850
06
0?
#62855
16
1?
#62860
06
0?
#62865
16
1?
#62870
06
0?
#62875
16
1?
#62880
06
0?
#62885
16
1?
#62890
06
0?
#62895
16
1?
#62900
06
0?
#62905
16
1?
#62910
06
0?
#62915
16
1?
#62920
06
0?
#62925
16
1?
#62930
06
0?
#62935
16
1?
#62940
06
0?
#62945
16
1?
#62950
06
0?
#62955
16
1?
#62960
06
0?
#62965
16
1?
#62970
06
0?
#62975
16
1?
#62980
06
0?
#62985
16
1?
#62990
06
0?
#62995
16
1?
#63000
06
0?
#63005
16
1?
#63010
06
0?
#63015
16
1?
#63020
06
0?
#63025
16
1?
#63030
06
0?
#63035
16
1?
#63040
06
0?
#63045
16
1?
#63050
06
0?
#63055
16
1?
#63060
06
0?
#63065
16
1?
#63070
06
0?
#63075
16
1?
#63080
06
0?
#63085
16
1?
#63090
06
0?
#63095
16
1?
#63100
06
0?
#63105
16
1?
#63110
06
0?
#63115
16
1?
#63120
06
0?
#63125
16
1?
#63130
06
0?
#63135
16
1?
#63140
06
0?
#63145
16
1?
#63150
06
0?
#63155
16
1?
#63160
06
0?
#63165
16
1?
#63170
06
0?
#63175
16
1?
#63180
06
0?
#63185
16
1?
#63190
06
0?
#63195
16
1?
#63200
06
0?
#63205
16
1?
#63210
06
0?
#63215
16
1?
#63220
06
0?
#63225
16
1?
#63230
06
0?
#63235
16
1?
#63240
06
0?
#63245
16
1?
#63250
06
0?
#63255
16
1?
#63260
06
0?
#63265
16
1?
#63270
06
0?
#63275
16
1?
#63280
06
0?
#63285
16
1?
#63290
06
0?
#63295
16
1?
#63300
06
0?
#63305
16
1?
#63310
06
0?
#63315
16
1?
#63320
06
0?
#63325
16
1?
#63330
06
0?
#63335
16
1?
#63340
06
0?
#63345
16
1?
#63350
06
0?
#63355
16
1?
#63360
06
0?
#63365
16
1?
#63370
06
0?
#63375
16
1?
#63380
06
0?
#63385
16
1?
#63390
06
0?
#63395
16
1?
#63400
06
0?
#63405
16
1?
#63410
06
0?
#63415
16
1?
#63420
06
0?
#63425
16
1?
#63430
06
0?
#63435
16
1?
#63440
06
0?
#63445
16
1?
#63450
06
0?
#63455
16
1?
#63460
06
0?
#63465
16
1?
#63470
06
0?
#63475
16
1?
#63480
06
0?
#63485
16
1?
#63490
06
0?
#63495
16
1?
#63500
06
0?
#63505
16
1?
#63510
06
0?
#63515
16
1?
#63520
06
0?
#63525
16
1?
#63530
06
0?
#63535
16
1?
#63540
06
0?
#63545
16
1?
#63550
06
0?
#63555
16
1?
#63560
06
0?
#63565
16
1?
#63570
06
0?
#63575
16
1?
#63580
06
0?
#63585
16
1?
#63590
06
0?
#63595
16
1?
#63600
06
0?
#63605
16
1?
#63610
06
0?
#63615
16
1?
#63620
06
0?
#63625
16
1?
#63630
06
0?
#63635
16
1?
#63640
06
0?
#63645
16
1?
#63650
06
0?
#63655
16
1?
#63660
06
0?
#63665
16
1?
#63670
06
0?
#63675
16
1?
#63680
06
0?
#63685
16
1?
#63690
06
0?
#63695
16
1?
#63700
06
0?
#63705
16
1?
#63710
06
0?
#63715
16
1?
#63720
06
0?
#63725
16
1?
#63730
06
0?
#63735
16
1?
#63740
06
0?
#63745
16
1?
#63750
06
0?
#63755
16
1?
#63760
06
0?
#63765
16
1?
#63770
06
0?
#63775
16
1?
#63780
06
0?
#63785
16
1?
#63790
06
0?
#63795
16
1?
#63800
06
0?
#63805
16
1?
#63810
06
0?
#63815
16
1?
#63820
06
0?
#63825
16
1?
#63830
06
0?
#63835
16
1?
#63840
06
0?
#63845
16
1?
#63850
06
0?
#63855
16
1?
#63860
06
0?
#63865
16
1?
#63870
06
0?
#63875
16
1?
#63880
06
0?
#63885
16
1?
#63890
06
0?
#63895
16
1?
#63900
06
0?
#63905
16
1?
#63910
06
0?
#63915
16
1?
#63920
06
0?
#63925
16
1?
#63930
06
0?
#63935
16
1?
#63940
06
0?
#63945
16
1?
#63950
06
0?
#63955
16
1?
#63960
06
0?
#63965
16
1?
#63970
06
0?
#63975
16
1?
#63980
06
0?
#63985
16
1?
#63990
06
0?
#63995
16
1?
#64000
06
0?
#64005
16
1?
#64010
06
0?
#64015
16
1?
#64020
06
0?
#64025
16
1?
#64030
06
0?
#64035
16
1?
#64040
06
0?
#64045
16
1?
#64050
06
0?
#64055
16
1?
#64060
06
0?
#64065
16
1?
#64070
06
0?
#64075
16
1?
#64080
06
0?
#64085
16
1?
#64090
06
0?
#64095
16
1?
#64100
06
0?
#64105
16
1?
#64110
06
0?
#64115
16
1?
#64120
06
0?
#64125
16
1?
#64130
06
0?
#64135
16
1?
#64140
06
0?
#64145
16
1?
#64150
06
0?
#64155
16
1?
#64160
06
0?
#64165
16
1?
#64170
06
0?
#64175
16
1?
#64180
06
0?
#64185
16
1?
#64190
06
0?
#64195
16
1?
#64200
06
0?
#64205
16
1?
#64210
06
0?
#64215
16
1?
#64220
06
0?
#64225
16
1?
#64230
06
0?
#64235
16
1?
#64240
06
0?
#64245
16
1?
#64250
06
0?
#64255
16
1?
#64260
06
0?
#64265
16
1?
#64270
06
0?
#64275
16
1?
#64280
06
0?
#64285
16
1?
#64290
06
0?
#64295
16
1?
#64300
06
0?
#64305
16
1?
#64310
06
0?
#64315
16
1?
#64320
06
0?
#64325
16
1?
#64330
06
0?
#64335
16
1?
#64340
06
0?
#64345
16
1?
#64350
06
0?
#64355
16
1?
#64360
06
0?
#64365
16
1?
#64370
06
0?
#64375
16
1?
#64380
06
0?
#64385
16
1?
#64390
06
0?
#64395
16
1?
#64400
06
0?
#64405
16
1?
#64410
06
0?
#64415
16
1?
#64420
06
0?
#64425
16
1?
#64430
06
0?
#64435
16
1?
#64440
06
0?
#64445
16
1?
#64450
06
0?
#64455
16
1?
#64460
06
0?
#64465
16
1?
#64470
06
0?
#64475
16
1?
#64480
06
0?
#64485
16
1?
#64490
06
0?
#64495
16
1?
#64500
06
0?
#64505
16
1?
#64510
06
0?
#64515
16
1?
#64520
06
0?
#64525
16
1?
#64530
06
0?
#64535
16
1?
#64540
06
0?
#64545
16
1?
#64550
06
0?
#64555
16
1?
#64560
06
0?
#64565
16
1?
#64570
06
0?
#64575
16
1?
#64580
06
0?
#64585
16
1?
#64590
06
0?
#64595
16
1?
#64600
06
0?
#64605
16
1?
#64610
06
0?
#64615
16
1?
#64620
06
0?
#64625
16
1?
#64630
06
0?
#64635
16
1?
#64640
06
0?
#64645
16
1?
#64650
06
0?
#64655
16
1?
#64660
06
0?
#64665
16
1?
#64670
06
0?
#64675
16
1?
#64680
06
0?
#64685
16
1?
#64690
06
0?
#64695
16
1?
#64700
06
0?
#64705
16
1?
#64710
06
0?
#64715
16
1?
#64720
06
0?
#64725
16
1?
#64730
06
0?
#64735
16
1?
#64740
06
0?
#64745
16
1?
#64750
06
0?
#64755
16
1?
#64760
06
0?
#64765
16
1?
#64770
06
0?
#64775
16
1?
#64780
06
0?
#64785
16
1?
#64790
06
0?
#64795
16
1?
#64800
06
0?
#64805
16
1?
#64810
06
0?
#64815
16
1?
#64820
06
0?
#64825
16
1?
#64830
06
0?
#64835
16
1?
#64840
06
0?
#64845
16
1?
#64850
06
0?
#64855
16
1?
#64860
06
0?
#64865
16
1?
#64870
06
0?
#64875
16
1?
#64880
06
0?
#64885
16
1?
#64890
06
0?
#64895
16
1?
#64900
06
0?
#64905
16
1?
#64910
06
0?
#64915
16
1?
#64920
06
0?
#64925
16
1?
#64930
06
0?
#64935
16
1?
#64940
06
0?
#64945
16
1?
#64950
06
0?
#64955
16
1?
#64960
06
0?
#64965
16
1?
#64970
06
0?
#64975
16
1?
#64980
06
0?
#64985
16
1?
#64990
06
0?
#64995
16
1?
#65000
06
0?
#65005
16
1?
#65010
06
0?
#65015
16
1?
#65020
06
0?
#65025
16
1?
#65030
06
0?
#65035
16
1?
#65040
06
0?
#65045
16
1?
#65050
06
0?
#65055
16
1?
#65060
06
0?
#65065
16
1?
#65070
06
0?
#65075
16
1?
#65080
06
0?
#65085
16
1?
#65090
06
0?
#65095
16
1?
#65100
06
0?
#65105
16
1?
#65110
06
0?
#65115
16
1?
#65120
06
0?
#65125
16
1?
#65130
06
0?
#65135
16
1?
#65140
06
0?
#65145
16
1?
#65150
06
0?
#65155
16
1?
#65160
06
0?
#65165
16
1?
#65170
06
0?
#65175
16
1?
#65180
06
0?
#65185
16
1?
#65190
06
0?
#65195
16
1?
#65200
06
0?
#65205
16
1?
#65210
06
0?
#65215
16
1?
#65220
06
0?
#65225
16
1?
#65230
06
0?
#65235
16
1?
#65240
06
0?
#65245
16
1?
#65250
06
0?
#65255
16
1?
#65260
06
0?
#65265
16
1?
#65270
06
0?
#65275
16
1?
#65280
06
0?
#65285
16
1?
#65290
06
0?
#65295
16
1?
#65300
06
0?
#65305
16
1?
#65310
06
0?
#65315
16
1?
#65320
06
0?
#65325
16
1?
#65330
06
0?
#65335
16
1?
#65340
06
0?
#65345
16
1?
#65350
06
0?
#65355
16
1?
#65360
06
0?
#65365
16
1?
#65370
06
0?
#65375
16
1?
#65380
06
0?
#65385
16
1?
#65390
06
0?
#65395
16
1?
#65400
06
0?
#65405
16
1?
#65410
06
0?
#65415
16
1?
#65420
06
0?
#65425
16
1?
#65430
06
0?
#65435
16
1?
#65440
06
0?
#65445
16
1?
#65450
06
0?
#65455
16
1?
#65460
06
0?
#65465
16
1?
#65470
06
0?
#65475
16
1?
#65480
06
0?
#65485
16
1?
#65490
06
0?
#65495
16
1?
#65500
06
0?
#65505
16
1?
#65510
06
0?
#65515
16
1?
#65520
06
0?
#65525
16
1?
#65530
06
0?
#65535
16
1?
#65540
06
0?
#65545
16
1?
#65550
06
0?
#65555
16
1?
#65560
06
0?
#65565
16
1?
#65570
06
0?
#65575
16
1?
#65580
06
0?
#65585
16
1?
#65590
06
0?
#65595
16
1?
#65600
06
0?
#65605
16
1?
#65610
06
0?
#65615
16
1?
#65620
06
0?
#65625
16
1?
#65630
06
0?
#65635
16
1?
#65640
06
0?
#65645
16
1?
#65650
06
0?
#65655
16
1?
#65660
06
0?
#65665
16
1?
#65670
06
0?
#65675
16
1?
#65680
06
0?
#65685
16
1?
#65690
06
0?
#65695
16
1?
#65700
06
0?
#65705
16
1?
#65710
06
0?
#65715
16
1?
#65720
06
0?
#65725
16
1?
#65730
06
0?
#65735
16
1?
#65740
06
0?
#65745
16
1?
#65750
06
0?
#65755
16
1?
#65760
06
0?
#65765
16
1?
#65770
06
0?
#65775
16
1?
#65780
06
0?
#65785
16
1?
#65790
06
0?
#65795
16
1?
#65800
06
0?
#65805
16
1?
#65810
06
0?
#65815
16
1?
#65820
06
0?
#65825
16
1?
#65830
06
0?
#65835
16
1?
#65840
06
0?
#65845
16
1?
#65850
06
0?
#65855
16
1?
#65860
06
0?
#65865
16
1?
#65870
06
0?
#65875
16
1?
#65880
06
0?
#65885
16
1?
#65890
06
0?
#65895
16
1?
#65900
06
0?
#65905
16
1?
#65910
06
0?
#65915
16
1?
#65920
06
0?
#65925
16
1?
#65930
06
0?
#65935
16
1?
#65940
06
0?
#65945
16
1?
#65950
06
0?
#65955
16
1?
#65960
06
0?
#65965
16
1?
#65970
06
0?
#65975
16
1?
#65980
06
0?
#65985
16
1?
#65990
06
0?
#65995
16
1?
#66000
06
0?
#66005
16
1?
#66010
06
0?
#66015
16
1?
#66020
06
0?
#66025
16
1?
#66030
06
0?
#66035
16
1?
#66040
06
0?
#66045
16
1?
#66050
06
0?
#66055
16
1?
#66060
06
0?
#66065
16
1?
#66070
06
0?
#66075
16
1?
#66080
06
0?
#66085
16
1?
#66090
06
0?
#66095
16
1?
#66100
06
0?
#66105
16
1?
#66110
06
0?
#66115
16
1?
#66120
06
0?
#66125
16
1?
#66130
06
0?
#66135
16
1?
#66140
06
0?
#66145
16
1?
#66150
06
0?
#66155
16
1?
#66160
06
0?
#66165
16
1?
#66170
06
0?
#66175
16
1?
#66180
06
0?
#66185
16
1?
#66190
06
0?
#66195
16
1?
#66200
06
0?
#66205
16
1?
#66210
06
0?
#66215
16
1?
#66220
06
0?
#66225
16
1?
#66230
06
0?
#66235
16
1?
#66240
06
0?
#66245
16
1?
#66250
06
0?
#66255
16
1?
#66260
06
0?
#66265
16
1?
#66270
06
0?
#66275
16
1?
#66280
06
0?
#66285
16
1?
#66290
06
0?
#66295
16
1?
#66300
06
0?
#66305
16
1?
#66310
06
0?
#66315
16
1?
#66320
06
0?
#66325
16
1?
#66330
06
0?
#66335
16
1?
#66340
06
0?
#66345
16
1?
#66350
06
0?
#66355
16
1?
#66360
06
0?
#66365
16
1?
#66370
06
0?
#66375
16
1?
#66380
06
0?
#66385
16
1?
#66390
06
0?
#66395
16
1?
#66400
06
0?
#66405
16
1?
#66410
06
0?
#66415
16
1?
#66420
06
0?
#66425
16
1?
#66430
06
0?
#66435
16
1?
#66440
06
0?
#66445
16
1?
#66450
06
0?
#66455
16
1?
#66460
06
0?
#66465
16
1?
#66470
06
0?
#66475
16
1?
#66480
06
0?
#66485
16
1?
#66490
06
0?
#66495
16
1?
#66500
06
0?
#66505
16
1?
#66510
06
0?
#66515
16
1?
#66520
06
0?
#66525
16
1?
#66530
06
0?
#66535
16
1?
#66540
06
0?
#66545
16
1?
#66550
06
0?
#66555
16
1?
#66560
06
0?
#66565
16
1?
#66570
06
0?
#66575
16
1?
#66580
06
0?
#66585
16
1?
#66590
06
0?
#66595
16
1?
#66600
06
0?
#66605
16
1?
#66610
06
0?
#66615
16
1?
#66620
06
0?
#66625
16
1?
#66630
06
0?
#66635
16
1?
#66640
06
0?
#66645
16
1?
#66650
06
0?
#66655
16
1?
#66660
06
0?
#66665
16
1?
#66670
06
0?
#66675
16
1?
#66680
06
0?
#66685
16
1?
#66690
06
0?
#66695
16
1?
#66700
06
0?
#66705
16
1?
#66710
06
0?
#66715
16
1?
#66720
06
0?
#66725
16
1?
#66730
06
0?
#66735
16
1?
#66740
06
0?
#66745
16
1?
#66750
06
0?
#66755
16
1?
#66760
06
0?
#66765
16
1?
#66770
06
0?
#66775
16
1?
#66780
06
0?
#66785
16
1?
#66790
06
0?
#66795
16
1?
#66800
06
0?
#66805
16
1?
#66810
06
0?
#66815
16
1?
#66820
06
0?
#66825
16
1?
#66830
06
0?
#66835
16
1?
#66840
06
0?
#66845
16
1?
#66850
06
0?
#66855
16
1?
#66860
06
0?
#66865
16
1?
#66870
06
0?
#66875
16
1?
#66880
06
0?
#66885
16
1?
#66890
06
0?
#66895
16
1?
#66900
06
0?
#66905
16
1?
#66910
06
0?
#66915
16
1?
#66920
06
0?
#66925
16
1?
#66930
06
0?
#66935
16
1?
#66940
06
0?
#66945
16
1?
#66950
06
0?
#66955
16
1?
#66960
06
0?
#66965
16
1?
#66970
06
0?
#66975
16
1?
#66980
06
0?
#66985
16
1?
#66990
06
0?
#66995
16
1?
#67000
06
0?
#67005
16
1?
#67010
06
0?
#67015
16
1?
#67020
06
0?
#67025
16
1?
#67030
06
0?
#67035
16
1?
#67040
06
0?
#67045
16
1?
#67050
06
0?
#67055
16
1?
#67060
06
0?
#67065
16
1?
#67070
06
0?
#67075
16
1?
#67080
06
0?
#67085
16
1?
#67090
06
0?
#67095
16
1?
#67100
06
0?
#67105
16
1?
#67110
06
0?
#67115
16
1?
#67120
06
0?
#67125
16
1?
#67130
06
0?
#67135
16
1?
#67140
06
0?
#67145
16
1?
#67150
06
0?
#67155
16
1?
#67160
06
0?
#67165
16
1?
#67170
06
0?
#67175
16
1?
#67180
06
0?
#67185
16
1?
#67190
06
0?
#67195
16
1?
#67200
06
0?
#67205
16
1?
#67210
06
0?
#67215
16
1?
#67220
06
0?
#67225
16
1?
#67230
06
0?
#67235
16
1?
#67240
06
0?
#67245
16
1?
#67250
06
0?
#67255
16
1?
#67260
06
0?
#67265
16
1?
#67270
06
0?
#67275
16
1?
#67280
06
0?
#67285
16
1?
#67290
06
0?
#67295
16
1?
#67300
06
0?
#67305
16
1?
#67310
06
0?
#67315
16
1?
#67320
06
0?
#67325
16
1?
#67330
06
0?
#67335
16
1?
#67340
06
0?
#67345
16
1?
#67350
06
0?
#67355
16
1?
#67360
06
0?
#67365
16
1?
#67370
06
0?
#67375
16
1?
#67380
06
0?
#67385
16
1?
#67390
06
0?
#67395
16
1?
#67400
06
0?
#67405
16
1?
#67410
06
0?
#67415
16
1?
#67420
06
0?
#67425
16
1?
#67430
06
0?
#67435
16
1?
#67440
06
0?
#67445
16
1?
#67450
06
0?
#67455
16
1?
#67460
06
0?
#67465
16
1?
#67470
06
0?
#67475
16
1?
#67480
06
0?
#67485
16
1?
#67490
06
0?
#67495
16
1?
#67500
06
0?
#67505
16
1?
#67510
06
0?
#67515
16
1?
#67520
06
0?
#67525
16
1?
#67530
06
0?
#67535
16
1?
#67540
06
0?
#67545
16
1?
#67550
06
0?
#67555
16
1?
#67560
06
0?
#67565
16
1?
#67570
06
0?
#67575
16
1?
#67580
06
0?
#67585
16
1?
#67590
06
0?
#67595
16
1?
#67600
06
0?
#67605
16
1?
#67610
06
0?
#67615
16
1?
#67620
06
0?
#67625
16
1?
#67630
06
0?
#67635
16
1?
#67640
06
0?
#67645
16
1?
#67650
06
0?
#67655
16
1?
#67660
06
0?
#67665
16
1?
#67670
06
0?
#67675
16
1?
#67680
06
0?
#67685
16
1?
#67690
06
0?
#67695
16
1?
#67700
06
0?
#67705
16
1?
#67710
06
0?
#67715
16
1?
#67720
06
0?
#67725
16
1?
#67730
06
0?
#67735
16
1?
#67740
06
0?
#67745
16
1?
#67750
06
0?
#67755
16
1?
#67760
06
0?
#67765
16
1?
#67770
06
0?
#67775
16
1?
#67780
06
0?
#67785
16
1?
#67790
06
0?
#67795
16
1?
#67800
06
0?
#67805
16
1?
#67810
06
0?
#67815
16
1?
#67820
06
0?
#67825
16
1?
#67830
06
0?
#67835
16
1?
#67840
06
0?
#67845
16
1?
#67850
06
0?
#67855
16
1?
#67860
06
0?
#67865
16
1?
#67870
06
0?
#67875
16
1?
#67880
06
0?
#67885
16
1?
#67890
06
0?
#67895
16
1?
#67900
06
0?
#67905
16
1?
#67910
06
0?
#67915
16
1?
#67920
06
0?
#67925
16
1?
#67930
06
0?
#67935
16
1?
#67940
06
0?
#67945
16
1?
#67950
06
0?
#67955
16
1?
#67960
06
0?
#67965
16
1?
#67970
06
0?
#67975
16
1?
#67980
06
0?
#67985
16
1?
#67990
06
0?
#67995
16
1?
#68000
06
0?
#68005
16
1?
#68010
06
0?
#68015
16
1?
#68020
06
0?
#68025
16
1?
#68030
06
0?
#68035
16
1?
#68040
06
0?
#68045
16
1?
#68050
06
0?
#68055
16
1?
#68060
06
0?
#68065
16
1?
#68070
06
0?
#68075
16
1?
#68080
06
0?
#68085
16
1?
#68090
06
0?
#68095
16
1?
#68100
06
0?
#68105
16
1?
#68110
06
0?
#68115
16
1?
#68120
06
0?
#68125
16
1?
#68130
06
0?
#68135
16
1?
#68140
06
0?
#68145
16
1?
#68150
06
0?
#68155
16
1?
#68160
06
0?
#68165
16
1?
#68170
06
0?
#68175
16
1?
#68180
06
0?
#68185
16
1?
#68190
06
0?
#68195
16
1?
#68200
06
0?
#68205
16
1?
#68210
06
0?
#68215
16
1?
#68220
06
0?
#68225
16
1?
#68230
06
0?
#68235
16
1?
#68240
06
0?
#68245
16
1?
#68250
06
0?
#68255
16
1?
#68260
06
0?
#68265
16
1?
#68270
06
0?
#68275
16
1?
#68280
06
0?
#68285
16
1?
#68290
06
0?
#68295
16
1?
#68300
06
0?
#68305
16
1?
#68310
06
0?
#68315
16
1?
#68320
06
0?
#68325
16
1?
#68330
06
0?
#68335
16
1?
#68340
06
0?
#68345
16
1?
#68350
06
0?
#68355
16
1?
#68360
06
0?
#68365
16
1?
#68370
06
0?
#68375
16
1?
#68380
06
0?
#68385
16
1?
#68390
06
0?
#68395
16
1?
#68400
06
0?
#68405
16
1?
#68410
06
0?
#68415
16
1?
#68420
06
0?
#68425
16
1?
#68430
06
0?
#68435
16
1?
#68440
06
0?
#68445
16
1?
#68450
06
0?
#68455
16
1?
#68460
06
0?
#68465
16
1?
#68470
06
0?
#68475
16
1?
#68480
06
0?
#68485
16
1?
#68490
06
0?
#68495
16
1?
#68500
06
0?
#68505
16
1?
#68510
06
0?
#68515
16
1?
#68520
06
0?
#68525
16
1?
#68530
06
0?
#68535
16
1?
#68540
06
0?
#68545
16
1?
#68550
06
0?
#68555
16
1?
#68560
06
0?
#68565
16
1?
#68570
06
0?
#68575
16
1?
#68580
06
0?
#68585
16
1?
#68590
06
0?
#68595
16
1?
#68600
06
0?
#68605
16
1?
#68610
06
0?
#68615
16
1?
#68620
06
0?
#68625
16
1?
#68630
06
0?
#68635
16
1?
#68640
06
0?
#68645
16
1?
#68650
06
0?
#68655
16
1?
#68660
06
0?
#68665
16
1?
#68670
06
0?
#68675
16
1?
#68680
06
0?
#68685
16
1?
#68690
06
0?
#68695
16
1?
#68700
06
0?
#68705
16
1?
#68710
06
0?
#68715
16
1?
#68720
06
0?
#68725
16
1?
#68730
06
0?
#68735
16
1?
#68740
06
0?
#68745
16
1?
#68750
06
0?
#68755
16
1?
#68760
06
0?
#68765
16
1?
#68770
06
0?
#68775
16
1?
#68780
06
0?
#68785
16
1?
#68790
06
0?
#68795
16
1?
#68800
06
0?
#68805
16
1?
#68810
06
0?
#68815
16
1?
#68820
06
0?
#68825
16
1?
#68830
06
0?
#68835
16
1?
#68840
06
0?
#68845
16
1?
#68850
06
0?
#68855
16
1?
#68860
06
0?
#68865
16
1?
#68870
06
0?
#68875
16
1?
#68880
06
0?
#68885
16
1?
#68890
06
0?
#68895
16
1?
#68900
06
0?
#68905
16
1?
#68910
06
0?
#68915
16
1?
#68920
06
0?
#68925
16
1?
#68930
06
0?
#68935
16
1?
#68940
06
0?
#68945
16
1?
#68950
06
0?
#68955
16
1?
#68960
06
0?
#68965
16
1?
#68970
06
0?
#68975
16
1?
#68980
06
0?
#68985
16
1?
#68990
06
0?
#68995
16
1?
#69000
06
0?
#69005
16
1?
#69010
06
0?
#69015
16
1?
#69020
06
0?
#69025
16
1?
#69030
06
0?
#69035
16
1?
#69040
06
0?
#69045
16
1?
#69050
06
0?
#69055
16
1?
#69060
06
0?
#69065
16
1?
#69070
06
0?
#69075
16
1?
#69080
06
0?
#69085
16
1?
#69090
06
0?
#69095
16
1?
#69100
06
0?
#69105
16
1?
#69110
06
0?
#69115
16
1?
#69120
06
0?
#69125
16
1?
#69130
06
0?
#69135
16
1?
#69140
06
0?
#69145
16
1?
#69150
06
0?
#69155
16
1?
#69160
06
0?
#69165
16
1?
#69170
06
0?
#69175
16
1?
#69180
06
0?
#69185
16
1?
#69190
06
0?
#69195
16
1?
#69200
06
0?
#69205
16
1?
#69210
06
0?
#69215
16
1?
#69220
06
0?
#69225
16
1?
#69230
06
0?
#69235
16
1?
#69240
06
0?
#69245
16
1?
#69250
06
0?
#69255
16
1?
#69260
06
0?
#69265
16
1?
#69270
06
0?
#69275
16
1?
#69280
06
0?
#69285
16
1?
#69290
06
0?
#69295
16
1?
#69300
06
0?
#69305
16
1?
#69310
06
0?
#69315
16
1?
#69320
06
0?
#69325
16
1?
#69330
06
0?
#69335
16
1?
#69340
06
0?
#69345
16
1?
#69350
06
0?
#69355
16
1?
#69360
06
0?
#69365
16
1?
#69370
06
0?
#69375
16
1?
#69380
06
0?
#69385
16
1?
#69390
06
0?
#69395
16
1?
#69400
06
0?
#69405
16
1?
#69410
06
0?
#69415
16
1?
#69420
06
0?
#69425
16
1?
#69430
06
0?
#69435
16
1?
#69440
06
0?
#69445
16
1?
#69450
06
0?
#69455
16
1?
#69460
06
0?
#69465
16
1?
#69470
06
0?
#69475
16
1?
#69480
06
0?
#69485
16
1?
#69490
06
0?
#69495
16
1?
#69500
06
0?
#69505
16
1?
#69510
06
0?
#69515
16
1?
#69520
06
0?
#69525
16
1?
#69530
06
0?
#69535
16
1?
#69540
06
0?
#69545
16
1?
#69550
06
0?
#69555
16
1?
#69560
06
0?
#69565
16
1?
#69570
06
0?
#69575
16
1?
#69580
06
0?
#69585
16
1?
#69590
06
0?
#69595
16
1?
#69600
06
0?
#69605
16
1?
#69610
06
0?
#69615
16
1?
#69620
06
0?
#69625
16
1?
#69630
06
0?
#69635
16
1?
#69640
06
0?
#69645
16
1?
#69650
06
0?
#69655
16
1?
#69660
06
0?
#69665
16
1?
#69670
06
0?
#69675
16
1?
#69680
06
0?
#69685
16
1?
#69690
06
0?
#69695
16
1?
#69700
06
0?
#69705
16
1?
#69710
06
0?
#69715
16
1?
#69720
06
0?
#69725
16
1?
#69730
06
0?
#69735
16
1?
#69740
06
0?
#69745
16
1?
#69750
06
0?
#69755
16
1?
#69760
06
0?
#69765
16
1?
#69770
06
0?
#69775
16
1?
#69780
06
0?
#69785
16
1?
#69790
06
0?
#69795
16
1?
#69800
06
0?
#69805
16
1?
#69810
06
0?
#69815
16
1?
#69820
06
0?
#69825
16
1?
#69830
06
0?
#69835
16
1?
#69840
06
0?
#69845
16
1?
#69850
06
0?
#69855
16
1?
#69860
06
0?
#69865
16
1?
#69870
06
0?
#69875
16
1?
#69880
06
0?
#69885
16
1?
#69890
06
0?
#69895
16
1?
#69900
06
0?
#69905
16
1?
#69910
06
0?
#69915
16
1?
#69920
06
0?
#69925
16
1?
#69930
06
0?
#69935
16
1?
#69940
06
0?
#69945
16
1?
#69950
06
0?
#69955
16
1?
#69960
06
0?
#69965
16
1?
#69970
06
0?
#69975
16
1?
#69980
06
0?
#69985
16
1?
#69990
06
0?
#69995
16
1?
#70000
06
0?
#70005
16
1?
#70010
06
0?
#70015
16
1?
#70020
06
0?
#70025
16
1?
#70030
06
0?
#70035
16
1?
#70040
06
0?
#70045
16
1?
#70050
06
0?
#70055
16
1?
#70060
06
0?
#70065
16
1?
#70070
06
0?
#70075
16
1?
#70080
06
0?
#70085
16
1?
#70090
06
0?
#70095
16
1?
#70100
06
0?
#70105
16
1?
#70110
06
0?
#70115
16
1?
#70120
06
0?
#70125
16
1?
#70130
06
0?
#70135
16
1?
#70140
06
0?
#70145
16
1?
#70150
06
0?
#70155
16
1?
#70160
06
0?
#70165
16
1?
#70170
06
0?
#70175
16
1?
#70180
06
0?
#70185
16
1?
#70190
06
0?
#70195
16
1?
#70200
06
0?
#70205
16
1?
#70210
06
0?
#70215
16
1?
#70220
06
0?
#70225
16
1?
#70230
06
0?
#70235
16
1?
#70240
06
0?
#70245
16
1?
#70250
06
0?
#70255
16
1?
#70260
06
0?
#70265
16
1?
#70270
06
0?
#70275
16
1?
#70280
06
0?
#70285
16
1?
#70290
06
0?
#70295
16
1?
#70300
06
0?
#70305
16
1?
#70310
06
0?
#70315
16
1?
#70320
06
0?
#70325
16
1?
#70330
06
0?
#70335
16
1?
#70340
06
0?
#70345
16
1?
#70350
06
0?
#70355
16
1?
#70360
06
0?
#70365
16
1?
#70370
06
0?
#70375
16
1?
#70380
06
0?
#70385
16
1?
#70390
06
0?
#70395
16
1?
#70400
06
0?
#70405
16
1?
#70410
06
0?
#70415
16
1?
#70420
06
0?
#70425
16
1?
#70430
06
0?
#70435
16
1?
#70440
06
0?
#70445
16
1?
#70450
06
0?
#70455
16
1?
#70460
06
0?
#70465
16
1?
#70470
06
0?
#70475
16
1?
#70480
06
0?
#70485
16
1?
#70490
06
0?
#70495
16
1?
#70500
06
0?
#70505
16
1?
#70510
06
0?
#70515
16
1?
#70520
06
0?
#70525
16
1?
#70530
06
0?
#70535
16
1?
#70540
06
0?
#70545
16
1?
#70550
06
0?
#70555
16
1?
#70560
06
0?
#70565
16
1?
#70570
06
0?
#70575
16
1?
#70580
06
0?
#70585
16
1?
#70590
06
0?
#70595
16
1?
#70600
06
0?
#70605
16
1?
#70610
06
0?
#70615
16
1?
#70620
06
0?
#70625
16
1?
#70630
06
0?
#70635
16
1?
#70640
06
0?
#70645
16
1?
#70650
06
0?
#70655
16
1?
#70660
06
0?
#70665
16
1?
#70670
06
0?
#70675
16
1?
#70680
06
0?
#70685
16
1?
#70690
06
0?
#70695
16
1?
#70700
06
0?
#70705
16
1?
#70710
06
0?
#70715
16
1?
#70720
06
0?
#70725
16
1?
#70730
06
0?
#70735
16
1?
#70740
06
0?
#70745
16
1?
#70750
06
0?
#70755
16
1?
#70760
06
0?
#70765
16
1?
#70770
06
0?
#70775
16
1?
#70780
06
0?
#70785
16
1?
#70790
06
0?
#70795
16
1?
#70800
06
0?
#70805
16
1?
#70810
06
0?
#70815
16
1?
#70820
06
0?
#70825
16
1?
#70830
06
0?
#70835
16
1?
#70840
06
0?
#70845
16
1?
#70850
06
0?
#70855
16
1?
#70860
06
0?
#70865
16
1?
#70870
06
0?
#70875
16
1?
#70880
06
0?
#70885
16
1?
#70890
06
0?
#70895
16
1?
#70900
06
0?
#70905
16
1?
#70910
06
0?
#70915
16
1?
#70920
06
0?
#70925
16
1?
#70930
06
0?
#70935
16
1?
#70940
06
0?
#70945
16
1?
#70950
06
0?
#70955
16
1?
#70960
06
0?
#70965
16
1?
#70970
06
0?
#70975
16
1?
#70980
06
0?
#70985
16
1?
#70990
06
0?
#70995
16
1?
#71000
06
0?
#71005
16
1?
#71010
06
0?
#71015
16
1?
#71020
06
0?
#71025
16
1?
#71030
06
0?
#71035
16
1?
#71040
06
0?
#71045
16
1?
#71050
06
0?
#71055
16
1?
#71060
06
0?
#71065
16
1?
#71070
06
0?
#71075
16
1?
#71080
06
0?
#71085
16
1?
#71090
06
0?
#71095
16
1?
#71100
06
0?
#71105
16
1?
#71110
06
0?
#71115
16
1?
#71120
06
0?
#71125
16
1?
#71130
06
0?
#71135
16
1?
#71140
06
0?
#71145
16
1?
#71150
06
0?
#71155
16
1?
#71160
06
0?
#71165
16
1?
#71170
06
0?
#71175
16
1?
#71180
06
0?
#71185
16
1?
#71190
06
0?
#71195
16
1?
#71200
06
0?
#71205
16
1?
#71210
06
0?
#71215
16
1?
#71220
06
0?
#71225
16
1?
#71230
06
0?
#71235
16
1?
#71240
06
0?
#71245
16
1?
#71250
06
0?
#71255
16
1?
#71260
06
0?
#71265
16
1?
#71270
06
0?
#71275
16
1?
#71280
06
0?
#71285
16
1?
#71290
06
0?
#71295
16
1?
#71300
06
0?
#71305
16
1?
#71310
06
0?
#71315
16
1?
#71320
06
0?
#71325
16
1?
#71330
06
0?
#71335
16
1?
#71340
06
0?
#71345
16
1?
#71350
06
0?
#71355
16
1?
#71360
06
0?
#71365
16
1?
#71370
06
0?
#71375
16
1?
#71380
06
0?
#71385
16
1?
#71390
06
0?
#71395
16
1?
#71400
06
0?
#71405
16
1?
#71410
06
0?
#71415
16
1?
#71420
06
0?
#71425
16
1?
#71430
06
0?
#71435
16
1?
#71440
06
0?
#71445
16
1?
#71450
06
0?
#71455
16
1?
#71460
06
0?
#71465
16
1?
#71470
06
0?
#71475
16
1?
#71480
06
0?
#71485
16
1?
#71490
06
0?
#71495
16
1?
#71500
06
0?
#71505
16
1?
#71510
06
0?
#71515
16
1?
#71520
06
0?
#71525
16
1?
#71530
06
0?
#71535
16
1?
#71540
06
0?
#71545
16
1?
#71550
06
0?
#71555
16
1?
#71560
06
0?
#71565
16
1?
#71570
06
0?
#71575
16
1?
#71580
06
0?
#71585
16
1?
#71590
06
0?
#71595
16
1?
#71600
06
0?
#71605
16
1?
#71610
06
0?
#71615
16
1?
#71620
06
0?
#71625
16
1?
#71630
06
0?
#71635
16
1?
#71640
06
0?
#71645
16
1?
#71650
06
0?
#71655
16
1?
#71660
06
0?
#71665
16
1?
#71670
06
0?
#71675
16
1?
#71680
06
0?
#71685
16
1?
#71690
06
0?
#71695
16
1?
#71700
06
0?
#71705
16
1?
#71710
06
0?
#71715
16
1?
#71720
06
0?
#71725
16
1?
#71730
06
0?
#71735
16
1?
#71740
06
0?
#71745
16
1?
#71750
06
0?
#71755
16
1?
#71760
06
0?
#71765
16
1?
#71770
06
0?
#71775
16
1?
#71780
06
0?
#71785
16
1?
#71790
06
0?
#71795
16
1?
#71800
06
0?
#71805
16
1?
#71810
06
0?
#71815
16
1?
#71820
06
0?
#71825
16
1?
#71830
06
0?
#71835
16
1?
#71840
06
0?
#71845
16
1?
#71850
06
0?
#71855
16
1?
#71860
06
0?
#71865
16
1?
#71870
06
0?
#71875
16
1?
#71880
06
0?
#71885
16
1?
#71890
06
0?
#71895
16
1?
#71900
06
0?
#71905
16
1?
#71910
06
0?
#71915
16
1?
#71920
06
0?
#71925
16
1?
#71930
06
0?
#71935
16
1?
#71940
06
0?
#71945
16
1?
#71950
06
0?
#71955
16
1?
#71960
06
0?
#71965
16
1?
#71970
06
0?
#71975
16
1?
#71980
06
0?
#71985
16
1?
#71990
06
0?
#71995
16
1?
#72000
06
0?
#72005
16
1?
#72010
06
0?
#72015
16
1?
#72020
06
0?
#72025
16
1?
#72030
06
0?
#72035
16
1?
#72040
06
0?
#72045
16
1?
#72050
06
0?
#72055
16
1?
#72060
06
0?
#72065
16
1?
#72070
06
0?
#72075
16
1?
#72080
06
0?
#72085
16
1?
#72090
06
0?
#72095
16
1?
#72100
06
0?
#72105
16
1?
#72110
06
0?
#72115
16
1?
#72120
06
0?
#72125
16
1?
#72130
06
0?
#72135
16
1?
#72140
06
0?
#72145
16
1?
#72150
06
0?
#72155
16
1?
#72160
06
0?
#72165
16
1?
#72170
06
0?
#72175
16
1?
#72180
06
0?
#72185
16
1?
#72190
06
0?
#72195
16
1?
#72200
06
0?
#72205
16
1?
#72210
06
0?
#72215
16
1?
#72220
06
0?
#72225
16
1?
#72230
06
0?
#72235
16
1?
#72240
06
0?
#72245
16
1?
#72250
06
0?
#72255
16
1?
#72260
06
0?
#72265
16
1?
#72270
06
0?
#72275
16
1?
#72280
06
0?
#72285
16
1?
#72290
06
0?
#72295
16
1?
#72300
06
0?
#72305
16
1?
#72310
06
0?
#72315
16
1?
#72320
06
0?
#72325
16
1?
#72330
06
0?
#72335
16
1?
#72340
06
0?
#72345
16
1?
#72350
06
0?
#72355
16
1?
#72360
06
0?
#72365
16
1?
#72370
06
0?
#72375
16
1?
#72380
06
0?
#72385
16
1?
#72390
06
0?
#72395
16
1?
#72400
06
0?
#72405
16
1?
#72410
06
0?
#72415
16
1?
#72420
06
0?
#72425
16
1?
#72430
06
0?
#72435
16
1?
#72440
06
0?
#72445
16
1?
#72450
06
0?
#72455
16
1?
#72460
06
0?
#72465
16
1?
#72470
06
0?
#72475
16
1?
#72480
06
0?
#72485
16
1?
#72490
06
0?
#72495
16
1?
#72500
06
0?
#72505
16
1?
#72510
06
0?
#72515
16
1?
#72520
06
0?
#72525
16
1?
#72530
06
0?
#72535
16
1?
#72540
06
0?
#72545
16
1?
#72550
06
0?
#72555
16
1?
#72560
06
0?
#72565
16
1?
#72570
06
0?
#72575
16
1?
#72580
06
0?
#72585
16
1?
#72590
06
0?
#72595
16
1?
#72600
06
0?
#72605
16
1?
#72610
06
0?
#72615
16
1?
#72620
06
0?
#72625
16
1?
#72630
06
0?
#72635
16
1?
#72640
06
0?
#72645
16
1?
#72650
06
0?
#72655
16
1?
#72660
06
0?
#72665
16
1?
#72670
06
0?
#72675
16
1?
#72680
06
0?
#72685
16
1?
#72690
06
0?
#72695
16
1?
#72700
06
0?
#72705
16
1?
#72710
06
0?
#72715
16
1?
#72720
06
0?
#72725
16
1?
#72730
06
0?
#72735
16
1?
#72740
06
0?
#72745
16
1?
#72750
06
0?
#72755
16
1?
#72760
06
0?
#72765
16
1?
#72770
06
0?
#72775
16
1?
#72780
06
0?
#72785
16
1?
#72790
06
0?
#72795
16
1?
#72800
06
0?
#72805
16
1?
#72810
06
0?
#72815
16
1?
#72820
06
0?
#72825
16
1?
#72830
06
0?
#72835
16
1?
#72840
06
0?
#72845
16
1?
#72850
06
0?
#72855
16
1?
#72860
06
0?
#72865
16
1?
#72870
06
0?
#72875
16
1?
#72880
06
0?
#72885
16
1?
#72890
06
0?
#72895
16
1?
#72900
06
0?
#72905
16
1?
#72910
06
0?
#72915
16
1?
#72920
06
0?
#72925
16
1?
#72930
06
0?
#72935
16
1?
#72940
06
0?
#72945
16
1?
#72950
06
0?
#72955
16
1?
#72960
06
0?
#72965
16
1?
#72970
06
0?
#72975
16
1?
#72980
06
0?
#72985
16
1?
#72990
06
0?
#72995
16
1?
#73000
06
0?
#73005
16
1?
#73010
06
0?
#73015
16
1?
#73020
06
0?
#73025
16
1?
#73030
06
0?
#73035
16
1?
#73040
06
0?
#73045
16
1?
#73050
06
0?
#73055
16
1?
#73060
06
0?
#73065
16
1?
#73070
06
0?
#73075
16
1?
#73080
06
0?
#73085
16
1?
#73090
06
0?
#73095
16
1?
#73100
06
0?
#73105
16
1?
#73110
06
0?
#73115
16
1?
#73120
06
0?
#73125
16
1?
#73130
06
0?
#73135
16
1?
#73140
06
0?
#73145
16
1?
#73150
06
0?
#73155
16
1?
#73160
06
0?
#73165
16
1?
#73170
06
0?
#73175
16
1?
#73180
06
0?
#73185
16
1?
#73190
06
0?
#73195
16
1?
#73200
06
0?
#73205
16
1?
#73210
06
0?
#73215
16
1?
#73220
06
0?
#73225
16
1?
#73230
06
0?
#73235
16
1?
#73240
06
0?
#73245
16
1?
#73250
06
0?
#73255
16
1?
#73260
06
0?
#73265
16
1?
#73270
06
0?
#73275
16
1?
#73280
06
0?
#73285
16
1?
#73290
06
0?
#73295
16
1?
#73300
06
0?
#73305
16
1?
#73310
06
0?
#73315
16
1?
#73320
06
0?
#73325
16
1?
#73330
06
0?
#73335
16
1?
#73340
06
0?
#73345
16
1?
#73350
06
0?
#73355
16
1?
#73360
06
0?
#73365
16
1?
#73370
06
0?
#73375
16
1?
#73380
06
0?
#73385
16
1?
#73390
06
0?
#73395
16
1?
#73400
06
0?
#73405
16
1?
#73410
06
0?
#73415
16
1?
#73420
06
0?
#73425
16
1?
#73430
06
0?
#73435
16
1?
#73440
06
0?
#73445
16
1?
#73450
06
0?
#73455
16
1?
#73460
06
0?
#73465
16
1?
#73470
06
0?
#73475
16
1?
#73480
06
0?
#73485
16
1?
#73490
06
0?
#73495
16
1?
#73500
06
0?
#73505
16
1?
#73510
06
0?
#73515
16
1?
#73520
06
0?
#73525
16
1?
#73530
06
0?
#73535
16
1?
#73540
06
0?
#73545
16
1?
#73550
06
0?
#73555
16
1?
#73560
06
0?
#73565
16
1?
#73570
06
0?
#73575
16
1?
#73580
06
0?
#73585
16
1?
#73590
06
0?
#73595
16
1?
#73600
06
0?
#73605
16
1?
#73610
06
0?
#73615
16
1?
#73620
06
0?
#73625
16
1?
#73630
06
0?
#73635
16
1?
#73640
06
0?
#73645
16
1?
#73650
06
0?
#73655
16
1?
#73660
06
0?
#73665
16
1?
#73670
06
0?
#73675
16
1?
#73680
06
0?
#73685
16
1?
#73690
06
0?
#73695
16
1?
#73700
06
0?
#73705
16
1?
#73710
06
0?
#73715
16
1?
#73720
06
0?
#73725
16
1?
#73730
06
0?
#73735
16
1?
#73740
06
0?
#73745
16
1?
#73750
06
0?
#73755
16
1?
#73760
06
0?
#73765
16
1?
#73770
06
0?
#73775
16
1?
#73780
06
0?
#73785
16
1?
#73790
06
0?
#73795
16
1?
#73800
06
0?
#73805
16
1?
#73810
06
0?
#73815
16
1?
#73820
06
0?
#73825
16
1?
#73830
06
0?
#73835
16
1?
#73840
06
0?
#73845
16
1?
#73850
06
0?
#73855
16
1?
#73860
06
0?
#73865
16
1?
#73870
06
0?
#73875
16
1?
#73880
06
0?
#73885
16
1?
#73890
06
0?
#73895
16
1?
#73900
06
0?
#73905
16
1?
#73910
06
0?
#73915
16
1?
#73920
06
0?
#73925
16
1?
#73930
06
0?
#73935
16
1?
#73940
06
0?
#73945
16
1?
#73950
06
0?
#73955
16
1?
#73960
06
0?
#73965
16
1?
#73970
06
0?
#73975
16
1?
#73980
06
0?
#73985
16
1?
#73990
06
0?
#73995
16
1?
#74000
06
0?
#74005
16
1?
#74010
06
0?
#74015
16
1?
#74020
06
0?
#74025
16
1?
#74030
06
0?
#74035
16
1?
#74040
06
0?
#74045
16
1?
#74050
06
0?
#74055
16
1?
#74060
06
0?
#74065
16
1?
#74070
06
0?
#74075
16
1?
#74080
06
0?
#74085
16
1?
#74090
06
0?
#74095
16
1?
#74100
06
0?
#74105
16
1?
#74110
06
0?
#74115
16
1?
#74120
06
0?
#74125
16
1?
#74130
06
0?
#74135
16
1?
#74140
06
0?
#74145
16
1?
#74150
06
0?
#74155
16
1?
#74160
06
0?
#74165
16
1?
#74170
06
0?
#74175
16
1?
#74180
06
0?
#74185
16
1?
#74190
06
0?
#74195
16
1?
#74200
06
0?
#74205
16
1?
#74210
06
0?
#74215
16
1?
#74220
06
0?
#74225
16
1?
#74230
06
0?
#74235
16
1?
#74240
06
0?
#74245
16
1?
#74250
06
0?
#74255
16
1?
#74260
06
0?
#74265
16
1?
#74270
06
0?
#74275
16
1?
#74280
06
0?
#74285
16
1?
#74290
06
0?
#74295
16
1?
#74300
06
0?
#74305
16
1?
#74310
06
0?
#74315
16
1?
#74320
06
0?
#74325
16
1?
#74330
06
0?
#74335
16
1?
#74340
06
0?
#74345
16
1?
#74350
06
0?
#74355
16
1?
#74360
06
0?
#74365
16
1?
#74370
06
0?
#74375
16
1?
#74380
06
0?
#74385
16
1?
#74390
06
0?
#74395
16
1?
#74400
06
0?
#74405
16
1?
#74410
06
0?
#74415
16
1?
#74420
06
0?
#74425
16
1?
#74430
06
0?
#74435
16
1?
#74440
06
0?
#74445
16
1?
#74450
06
0?
#74455
16
1?
#74460
06
0?
#74465
16
1?
#74470
06
0?
#74475
16
1?
#74480
06
0?
#74485
16
1?
#74490
06
0?
#74495
16
1?
#74500
06
0?
#74505
16
1?
#74510
06
0?
#74515
16
1?
#74520
06
0?
#74525
16
1?
#74530
06
0?
#74535
16
1?
#74540
06
0?
#74545
16
1?
#74550
06
0?
#74555
16
1?
#74560
06
0?
#74565
16
1?
#74570
06
0?
#74575
16
1?
#74580
06
0?
#74585
16
1?
#74590
06
0?
#74595
16
1?
#74600
06
0?
#74605
16
1?
#74610
06
0?
#74615
16
1?
#74620
06
0?
#74625
16
1?
#74630
06
0?
#74635
16
1?
#74640
06
0?
#74645
16
1?
#74650
06
0?
#74655
16
1?
#74660
06
0?
#74665
16
1?
#74670
06
0?
#74675
16
1?
#74680
06
0?
#74685
16
1?
#74690
06
0?
#74695
16
1?
#74700
06
0?
#74705
16
1?
#74710
06
0?
#74715
16
1?
#74720
06
0?
#74725
16
1?
#74730
06
0?
#74735
16
1?
#74740
06
0?
#74745
16
1?
#74750
06
0?
#74755
16
1?
#74760
06
0?
#74765
16
1?
#74770
06
0?
#74775
16
1?
#74780
06
0?
#74785
16
1?
#74790
06
0?
#74795
16
1?
#74800
06
0?
#74805
16
1?
#74810
06
0?
#74815
16
1?
#74820
06
0?
#74825
16
1?
#74830
06
0?
#74835
16
1?
#74840
06
0?
#74845
16
1?
#74850
06
0?
#74855
16
1?
#74860
06
0?
#74865
16
1?
#74870
06
0?
#74875
16
1?
#74880
06
0?
#74885
16
1?
#74890
06
0?
#74895
16
1?
#74900
06
0?
#74905
16
1?
#74910
06
0?
#74915
16
1?
#74920
06
0?
#74925
16
1?
#74930
06
0?
#74935
16
1?
#74940
06
0?
#74945
16
1?
#74950
06
0?
#74955
16
1?
#74960
06
0?
#74965
16
1?
#74970
06
0?
#74975
16
1?
#74980
06
0?
#74985
16
1?
#74990
06
0?
#74995
16
1?
#75000
06
0?
#75005
16
1?
#75010
06
0?
#75015
16
1?
#75020
06
0?
#75025
16
1?
#75030
06
0?
#75035
16
1?
#75040
06
0?
#75045
16
1?
#75050
06
0?
#75055
16
1?
#75060
06
0?
#75065
16
1?
#75070
06
0?
#75075
16
1?
#75080
06
0?
#75085
16
1?
#75090
06
0?
#75095
16
1?
#75100
06
0?
#75105
16
1?
#75110
06
0?
#75115
16
1?
#75120
06
0?
#75125
16
1?
#75130
06
0?
#75135
16
1?
#75140
06
0?
#75145
16
1?
#75150
06
0?
#75155
16
1?
#75160
06
0?
#75165
16
1?
#75170
06
0?
#75175
16
1?
#75180
06
0?
#75185
16
1?
#75190
06
0?
#75195
16
1?
#75200
06
0?
#75205
16
1?
#75210
06
0?
#75215
16
1?
#75220
06
0?
#75225
16
1?
#75230
06
0?
#75235
16
1?
#75240
06
0?
#75245
16
1?
#75250
06
0?
#75255
16
1?
#75260
06
0?
#75265
16
1?
#75270
06
0?
#75275
16
1?
#75280
06
0?
#75285
16
1?
#75290
06
0?
#75295
16
1?
#75300
06
0?
#75305
16
1?
#75310
06
0?
#75315
16
1?
#75320
06
0?
#75325
16
1?
#75330
06
0?
#75335
16
1?
#75340
06
0?
#75345
16
1?
#75350
06
0?
#75355
16
1?
#75360
06
0?
#75365
16
1?
#75370
06
0?
#75375
16
1?
#75380
06
0?
#75385
16
1?
#75390
06
0?
#75395
16
1?
#75400
06
0?
#75405
16
1?
#75410
06
0?
#75415
16
1?
#75420
06
0?
#75425
16
1?
#75430
06
0?
#75435
16
1?
#75440
06
0?
#75445
16
1?
#75450
06
0?
#75455
16
1?
#75460
06
0?
#75465
16
1?
#75470
06
0?
#75475
16
1?
#75480
06
0?
#75485
16
1?
#75490
06
0?
#75495
16
1?
#75500
06
0?
#75505
16
1?
#75510
06
0?
#75515
16
1?
#75520
06
0?
#75525
16
1?
#75530
06
0?
#75535
16
1?
#75540
06
0?
#75545
16
1?
#75550
06
0?
#75555
16
1?
#75560
06
0?
#75565
16
1?
#75570
06
0?
#75575
16
1?
#75580
06
0?
#75585
16
1?
#75590
06
0?
#75595
16
1?
#75600
06
0?
#75605
16
1?
#75610
06
0?
#75615
16
1?
#75620
06
0?
#75625
16
1?
#75630
06
0?
#75635
16
1?
#75640
06
0?
#75645
16
1?
#75650
06
0?
#75655
16
1?
#75660
06
0?
#75665
16
1?
#75670
06
0?
#75675
16
1?
#75680
06
0?
#75685
16
1?
#75690
06
0?
#75695
16
1?
#75700
06
0?
#75705
16
1?
#75710
06
0?
#75715
16
1?
#75720
06
0?
#75725
16
1?
#75730
06
0?
#75735
16
1?
#75740
06
0?
#75745
16
1?
#75750
06
0?
#75755
16
1?
#75760
06
0?
#75765
16
1?
#75770
06
0?
#75775
16
1?
#75780
06
0?
#75785
16
1?
#75790
06
0?
#75795
16
1?
#75800
06
0?
#75805
16
1?
#75810
06
0?
#75815
16
1?
#75820
06
0?
#75825
16
1?
#75830
06
0?
#75835
16
1?
#75840
06
0?
#75845
16
1?
#75850
06
0?
#75855
16
1?
#75860
06
0?
#75865
16
1?
#75870
06
0?
#75875
16
1?
#75880
06
0?
#75885
16
1?
#75890
06
0?
#75895
16
1?
#75900
06
0?
#75905
16
1?
#75910
06
0?
#75915
16
1?
#75920
06
0?
#75925
16
1?
#75930
06
0?
#75935
16
1?
#75940
06
0?
#75945
16
1?
#75950
06
0?
#75955
16
1?
#75960
06
0?
#75965
16
1?
#75970
06
0?
#75975
16
1?
#75980
06
0?
#75985
16
1?
#75990
06
0?
#75995
16
1?
#76000
06
0?
#76005
16
1?
#76010
06
0?
#76015
16
1?
#76020
06
0?
#76025
16
1?
#76030
06
0?
#76035
16
1?
#76040
06
0?
#76045
16
1?
#76050
06
0?
#76055
16
1?
#76060
06
0?
#76065
16
1?
#76070
06
0?
#76075
16
1?
#76080
06
0?
#76085
16
1?
#76090
06
0?
#76095
16
1?
#76100
06
0?
#76105
16
1?
#76110
06
0?
#76115
16
1?
#76120
06
0?
#76125
16
1?
#76130
06
0?
#76135
16
1?
#76140
06
0?
#76145
16
1?
#76150
06
0?
#76155
16
1?
#76160
06
0?
#76165
16
1?
#76170
06
0?
#76175
16
1?
#76180
06
0?
#76185
16
1?
#76190
06
0?
#76195
16
1?
#76200
06
0?
#76205
16
1?
#76210
06
0?
#76215
16
1?
#76220
06
0?
#76225
16
1?
#76230
06
0?
#76235
16
1?
#76240
06
0?
#76245
16
1?
#76250
06
0?
#76255
16
1?
#76260
06
0?
#76265
16
1?
#76270
06
0?
#76275
16
1?
#76280
06
0?
#76285
16
1?
#76290
06
0?
#76295
16
1?
#76300
06
0?
#76305
16
1?
#76310
06
0?
#76315
16
1?
#76320
06
0?
#76325
16
1?
#76330
06
0?
#76335
16
1?
#76340
06
0?
#76345
16
1?
#76350
06
0?
#76355
16
1?
#76360
06
0?
#76365
16
1?
#76370
06
0?
#76375
16
1?
#76380
06
0?
#76385
16
1?
#76390
06
0?
#76395
16
1?
#76400
06
0?
#76405
16
1?
#76410
06
0?
#76415
16
1?
#76420
06
0?
#76425
16
1?
#76430
06
0?
#76435
16
1?
#76440
06
0?
#76445
16
1?
#76450
06
0?
#76455
16
1?
#76460
06
0?
#76465
16
1?
#76470
06
0?
#76475
16
1?
#76480
06
0?
#76485
16
1?
#76490
06
0?
#76495
16
1?
#76500
06
0?
#76505
16
1?
#76510
06
0?
#76515
16
1?
#76520
06
0?
#76525
16
1?
#76530
06
0?
#76535
16
1?
#76540
06
0?
#76545
16
1?
#76550
06
0?
#76555
16
1?
#76560
06
0?
#76565
16
1?
#76570
06
0?
#76575
16
1?
#76580
06
0?
#76585
16
1?
#76590
06
0?
#76595
16
1?
#76600
06
0?
#76605
16
1?
#76610
06
0?
#76615
16
1?
#76620
06
0?
#76625
16
1?
#76630
06
0?
#76635
16
1?
#76640
06
0?
#76645
16
1?
#76650
06
0?
#76655
16
1?
#76660
06
0?
#76665
16
1?
#76670
06
0?
#76675
16
1?
#76680
06
0?
#76685
16
1?
#76690
06
0?
#76695
16
1?
#76700
06
0?
#76705
16
1?
#76710
06
0?
#76715
16
1?
#76720
06
0?
#76725
16
1?
#76730
06
0?
#76735
16
1?
#76740
06
0?
#76745
16
1?
#76750
06
0?
#76755
16
1?
#76760
06
0?
#76765
16
1?
#76770
06
0?
#76775
16
1?
#76780
06
0?
#76785
16
1?
#76790
06
0?
#76795
16
1?
#76800
06
0?
#76805
16
1?
#76810
06
0?
#76815
16
1?
#76820
06
0?
#76825
16
1?
#76830
06
0?
#76835
16
1?
#76840
06
0?
#76845
16
1?
#76850
06
0?
#76855
16
1?
#76860
06
0?
#76865
16
1?
#76870
06
0?
#76875
16
1?
#76880
06
0?
#76885
16
1?
#76890
06
0?
#76895
16
1?
#76900
06
0?
#76905
16
1?
#76910
06
0?
#76915
16
1?
#76920
06
0?
#76925
16
1?
#76930
06
0?
#76935
16
1?
#76940
06
0?
#76945
16
1?
#76950
06
0?
#76955
16
1?
#76960
06
0?
#76965
16
1?
#76970
06
0?
#76975
16
1?
#76980
06
0?
#76985
16
1?
#76990
06
0?
#76995
16
1?
#77000
06
0?
#77005
16
1?
#77010
06
0?
#77015
16
1?
#77020
06
0?
#77025
16
1?
#77030
06
0?
#77035
16
1?
#77040
06
0?
#77045
16
1?
#77050
06
0?
#77055
16
1?
#77060
06
0?
#77065
16
1?
#77070
06
0?
#77075
16
1?
#77080
06
0?
#77085
16
1?
#77090
06
0?
#77095
16
1?
#77100
06
0?
#77105
16
1?
#77110
06
0?
#77115
16
1?
#77120
06
0?
#77125
16
1?
#77130
06
0?
#77135
16
1?
#77140
06
0?
#77145
16
1?
#77150
06
0?
#77155
16
1?
#77160
06
0?
#77165
16
1?
#77170
06
0?
#77175
16
1?
#77180
06
0?
#77185
16
1?
#77190
06
0?
#77195
16
1?
#77200
06
0?
#77205
16
1?
#77210
06
0?
#77215
16
1?
#77220
06
0?
#77225
16
1?
#77230
06
0?
#77235
16
1?
#77240
06
0?
#77245
16
1?
#77250
06
0?
#77255
16
1?
#77260
06
0?
#77265
16
1?
#77270
06
0?
#77275
16
1?
#77280
06
0?
#77285
16
1?
#77290
06
0?
#77295
16
1?
#77300
06
0?
#77305
16
1?
#77310
06
0?
#77315
16
1?
#77320
06
0?
#77325
16
1?
#77330
06
0?
#77335
16
1?
#77340
06
0?
#77345
16
1?
#77350
06
0?
#77355
16
1?
#77360
06
0?
#77365
16
1?
#77370
06
0?
#77375
16
1?
#77380
06
0?
#77385
16
1?
#77390
06
0?
#77395
16
1?
#77400
06
0?
#77405
16
1?
#77410
06
0?
#77415
16
1?
#77420
06
0?
#77425
16
1?
#77430
06
0?
#77435
16
1?
#77440
06
0?
#77445
16
1?
#77450
06
0?
#77455
16
1?
#77460
06
0?
#77465
16
1?
#77470
06
0?
#77475
16
1?
#77480
06
0?
#77485
16
1?
#77490
06
0?
#77495
16
1?
#77500
06
0?
#77505
16
1?
#77510
06
0?
#77515
16
1?
#77520
06
0?
#77525
16
1?
#77530
06
0?
#77535
16
1?
#77540
06
0?
#77545
16
1?
#77550
06
0?
#77555
16
1?
#77560
06
0?
#77565
16
1?
#77570
06
0?
#77575
16
1?
#77580
06
0?
#77585
16
1?
#77590
06
0?
#77595
16
1?
#77600
06
0?
#77605
16
1?
#77610
06
0?
#77615
16
1?
#77620
06
0?
#77625
16
1?
#77630
06
0?
#77635
16
1?
#77640
06
0?
#77645
16
1?
#77650
06
0?
#77655
16
1?
#77660
06
0?
#77665
16
1?
#77670
06
0?
#77675
16
1?
#77680
06
0?
#77685
16
1?
#77690
06
0?
#77695
16
1?
#77700
06
0?
#77705
16
1?
#77710
06
0?
#77715
16
1?
#77720
06
0?
#77725
16
1?
#77730
06
0?
#77735
16
1?
#77740
06
0?
#77745
16
1?
#77750
06
0?
#77755
16
1?
#77760
06
0?
#77765
16
1?
#77770
06
0?
#77775
16
1?
#77780
06
0?
#77785
16
1?
#77790
06
0?
#77795
16
1?
#77800
06
0?
#77805
16
1?
#77810
06
0?
#77815
16
1?
#77820
06
0?
#77825
16
1?
#77830
06
0?
#77835
16
1?
#77840
06
0?
#77845
16
1?
#77850
06
0?
#77855
16
1?
#77860
06
0?
#77865
16
1?
#77870
06
0?
#77875
16
1?
#77880
06
0?
#77885
16
1?
#77890
06
0?
#77895
16
1?
#77900
06
0?
#77905
16
1?
#77910
06
0?
#77915
16
1?
#77920
06
0?
#77925
16
1?
#77930
06
0?
#77935
16
1?
#77940
06
0?
#77945
16
1?
#77950
06
0?
#77955
16
1?
#77960
06
0?
#77965
16
1?
#77970
06
0?
#77975
16
1?
#77980
06
0?
#77985
16
1?
#77990
06
0?
#77995
16
1?
#78000
06
0?
#78005
16
1?
#78010
06
0?
#78015
16
1?
#78020
06
0?
#78025
16
1?
#78030
06
0?
#78035
16
1?
#78040
06
0?
#78045
16
1?
#78050
06
0?
#78055
16
1?
#78060
06
0?
#78065
16
1?
#78070
06
0?
#78075
16
1?
#78080
06
0?
#78085
16
1?
#78090
06
0?
#78095
16
1?
#78100
06
0?
#78105
16
1?
#78110
06
0?
#78115
16
1?
#78120
06
0?
#78125
16
1?
#78130
06
0?
#78135
16
1?
#78140
06
0?
#78145
16
1?
#78150
06
0?
#78155
16
1?
#78160
06
0?
#78165
16
1?
#78170
06
0?
#78175
16
1?
#78180
06
0?
#78185
16
1?
#78190
06
0?
#78195
16
1?
#78200
06
0?
#78205
16
1?
#78210
06
0?
#78215
16
1?
#78220
06
0?
#78225
16
1?
#78230
06
0?
#78235
16
1?
#78240
06
0?
#78245
16
1?
#78250
06
0?
#78255
16
1?
#78260
06
0?
#78265
16
1?
#78270
06
0?
#78275
16
1?
#78280
06
0?
#78285
16
1?
#78290
06
0?
#78295
16
1?
#78300
06
0?
#78305
16
1?
#78310
06
0?
#78315
16
1?
#78320
06
0?
#78325
16
1?
#78330
06
0?
#78335
16
1?
#78340
06
0?
#78345
16
1?
#78350
06
0?
#78355
16
1?
#78360
06
0?
#78365
16
1?
#78370
06
0?
#78375
16
1?
#78380
06
0?
#78385
16
1?
#78390
06
0?
#78395
16
1?
#78400
06
0?
#78405
16
1?
#78410
06
0?
#78415
16
1?
#78420
06
0?
#78425
16
1?
#78430
06
0?
#78435
16
1?
#78440
06
0?
#78445
16
1?
#78450
06
0?
#78455
16
1?
#78460
06
0?
#78465
16
1?
#78470
06
0?
#78475
16
1?
#78480
06
0?
#78485
16
1?
#78490
06
0?
#78495
16
1?
#78500
06
0?
#78505
16
1?
#78510
06
0?
#78515
16
1?
#78520
06
0?
#78525
16
1?
#78530
06
0?
#78535
16
1?
#78540
06
0?
#78545
16
1?
#78550
06
0?
#78555
16
1?
#78560
06
0?
#78565
16
1?
#78570
06
0?
#78575
16
1?
#78580
06
0?
#78585
16
1?
#78590
06
0?
#78595
16
1?
#78600
06
0?
#78605
16
1?
#78610
06
0?
#78615
16
1?
#78620
06
0?
#78625
16
1?
#78630
06
0?
#78635
16
1?
#78640
06
0?
#78645
16
1?
#78650
06
0?
#78655
16
1?
#78660
06
0?
#78665
16
1?
#78670
06
0?
#78675
16
1?
#78680
06
0?
#78685
16
1?
#78690
06
0?
#78695
16
1?
#78700
06
0?
#78705
16
1?
#78710
06
0?
#78715
16
1?
#78720
06
0?
#78725
16
1?
#78730
06
0?
#78735
16
1?
#78740
06
0?
#78745
16
1?
#78750
06
0?
#78755
16
1?
#78760
06
0?
#78765
16
1?
#78770
06
0?
#78775
16
1?
#78780
06
0?
#78785
16
1?
#78790
06
0?
#78795
16
1?
#78800
06
0?
#78805
16
1?
#78810
06
0?
#78815
16
1?
#78820
06
0?
#78825
16
1?
#78830
06
0?
#78835
16
1?
#78840
06
0?
#78845
16
1?
#78850
06
0?
#78855
16
1?
#78860
06
0?
#78865
16
1?
#78870
06
0?
#78875
16
1?
#78880
06
0?
#78885
16
1?
#78890
06
0?
#78895
16
1?
#78900
06
0?
#78905
16
1?
#78910
06
0?
#78915
16
1?
#78920
06
0?
#78925
16
1?
#78930
06
0?
#78935
16
1?
#78940
06
0?
#78945
16
1?
#78950
06
0?
#78955
16
1?
#78960
06
0?
#78965
16
1?
#78970
06
0?
#78975
16
1?
#78980
06
0?
#78985
16
1?
#78990
06
0?
#78995
16
1?
#79000
06
0?
#79005
16
1?
#79010
06
0?
#79015
16
1?
#79020
06
0?
#79025
16
1?
#79030
06
0?
#79035
16
1?
#79040
06
0?
#79045
16
1?
#79050
06
0?
#79055
16
1?
#79060
06
0?
#79065
16
1?
#79070
06
0?
#79075
16
1?
#79080
06
0?
#79085
16
1?
#79090
06
0?
#79095
16
1?
#79100
06
0?
#79105
16
1?
#79110
06
0?
#79115
16
1?
#79120
06
0?
#79125
16
1?
#79130
06
0?
#79135
16
1?
#79140
06
0?
#79145
16
1?
#79150
06
0?
#79155
16
1?
#79160
06
0?
#79165
16
1?
#79170
06
0?
#79175
16
1?
#79180
06
0?
#79185
16
1?
#79190
06
0?
#79195
16
1?
#79200
06
0?
#79205
16
1?
#79210
06
0?
#79215
16
1?
#79220
06
0?
#79225
16
1?
#79230
06
0?
#79235
16
1?
#79240
06
0?
#79245
16
1?
#79250
06
0?
#79255
16
1?
#79260
06
0?
#79265
16
1?
#79270
06
0?
#79275
16
1?
#79280
06
0?
#79285
16
1?
#79290
06
0?
#79295
16
1?
#79300
06
0?
#79305
16
1?
#79310
06
0?
#79315
16
1?
#79320
06
0?
#79325
16
1?
#79330
06
0?
#79335
16
1?
#79340
06
0?
#79345
16
1?
#79350
06
0?
#79355
16
1?
#79360
06
0?
#79365
16
1?
#79370
06
0?
#79375
16
1?
#79380
06
0?
#79385
16
1?
#79390
06
0?
#79395
16
1?
#79400
06
0?
#79405
16
1?
#79410
06
0?
#79415
16
1?
#79420
06
0?
#79425
16
1?
#79430
06
0?
#79435
16
1?
#79440
06
0?
#79445
16
1?
#79450
06
0?
#79455
16
1?
#79460
06
0?
#79465
16
1?
#79470
06
0?
#79475
16
1?
#79480
06
0?
#79485
16
1?
#79490
06
0?
#79495
16
1?
#79500
06
0?
#79505
16
1?
#79510
06
0?
#79515
16
1?
#79520
06
0?
#79525
16
1?
#79530
06
0?
#79535
16
1?
#79540
06
0?
#79545
16
1?
#79550
06
0?
#79555
16
1?
#79560
06
0?
#79565
16
1?
#79570
06
0?
#79575
16
1?
#79580
06
0?
#79585
16
1?
#79590
06
0?
#79595
16
1?
#79600
06
0?
#79605
16
1?
#79610
06
0?
#79615
16
1?
#79620
06
0?
#79625
16
1?
#79630
06
0?
#79635
16
1?
#79640
06
0?
#79645
16
1?
#79650
06
0?
#79655
16
1?
#79660
06
0?
#79665
16
1?
#79670
06
0?
#79675
16
1?
#79680
06
0?
#79685
16
1?
#79690
06
0?
#79695
16
1?
#79700
06
0?
#79705
16
1?
#79710
06
0?
#79715
16
1?
#79720
06
0?
#79725
16
1?
#79730
06
0?
#79735
16
1?
#79740
06
0?
#79745
16
1?
#79750
06
0?
#79755
16
1?
#79760
06
0?
#79765
16
1?
#79770
06
0?
#79775
16
1?
#79780
06
0?
#79785
16
1?
#79790
06
0?
#79795
16
1?
#79800
06
0?
#79805
16
1?
#79810
06
0?
#79815
16
1?
#79820
06
0?
#79825
16
1?
#79830
06
0?
#79835
16
1?
#79840
06
0?
#79845
16
1?
#79850
06
0?
#79855
16
1?
#79860
06
0?
#79865
16
1?
#79870
06
0?
#79875
16
1?
#79880
06
0?
#79885
16
1?
#79890
06
0?
#79895
16
1?
#79900
06
0?
#79905
16
1?
#79910
06
0?
#79915
16
1?
#79920
06
0?
#79925
16
1?
#79930
06
0?
#79935
16
1?
#79940
06
0?
#79945
16
1?
#79950
06
0?
#79955
16
1?
#79960
06
0?
#79965
16
1?
#79970
06
0?
#79975
16
1?
#79980
06
0?
#79985
16
1?
#79990
06
0?
#79995
16
1?
#80000
06
0?
#80005
16
1?
#80010
06
0?
#80015
16
1?
#80020
06
0?
#80025
16
1?
#80030
06
0?
#80035
16
1?
#80040
06
0?
#80045
16
1?
#80050
06
0?
#80055
16
1?
#80060
06
0?
#80065
16
1?
#80070
06
0?
#80075
16
1?
#80080
06
0?
#80085
16
1?
#80090
06
0?
#80095
16
1?
#80100
06
0?
#80105
16
1?
#80110
06
0?
#80115
16
1?
#80120
06
0?
#80125
16
1?
#80130
06
0?
#80135
16
1?
#80140
06
0?
#80145
16
1?
#80150
06
0?
#80155
16
1?
#80160
06
0?
#80165
16
1?
#80170
06
0?
#80175
16
1?
#80180
06
0?
#80185
16
1?
#80190
06
0?
#80195
16
1?
#80200
06
0?
#80205
16
1?
#80210
06
0?
#80215
16
1?
#80220
06
0?
#80225
16
1?
#80230
06
0?
#80235
16
1?
#80240
06
0?
#80245
16
1?
#80250
06
0?
#80255
16
1?
#80260
06
0?
#80265
16
1?
#80270
06
0?
#80275
16
1?
#80280
06
0?
#80285
16
1?
#80290
06
0?
#80295
16
1?
#80300
06
0?
#80305
16
1?
#80310
06
0?
#80315
16
1?
#80320
06
0?
#80325
16
1?
#80330
06
0?
#80335
16
1?
#80340
06
0?
#80345
16
1?
#80350
06
0?
#80355
16
1?
#80360
06
0?
#80365
16
1?
#80370
06
0?
#80375
16
1?
#80380
06
0?
#80385
16
1?
#80390
06
0?
#80395
16
1?
#80400
06
0?
#80405
16
1?
#80410
06
0?
#80415
16
1?
#80420
06
0?
#80425
16
1?
#80430
06
0?
#80435
16
1?
#80440
06
0?
#80445
16
1?
#80450
06
0?
#80455
16
1?
#80460
06
0?
#80465
16
1?
#80470
06
0?
#80475
16
1?
#80480
06
0?
#80485
16
1?
#80490
06
0?
#80495
16
1?
#80500
06
0?
#80505
16
1?
#80510
06
0?
#80515
16
1?
#80520
06
0?
#80525
16
1?
#80530
06
0?
#80535
16
1?
#80540
06
0?
#80545
16
1?
#80550
06
0?
#80555
16
1?
#80560
06
0?
#80565
16
1?
#80570
06
0?
#80575
16
1?
#80580
06
0?
#80585
16
1?
#80590
06
0?
#80595
16
1?
#80600
06
0?
#80605
16
1?
#80610
06
0?
#80615
16
1?
#80620
06
0?
#80625
16
1?
#80630
06
0?
#80635
16
1?
#80640
06
0?
#80645
16
1?
#80650
06
0?
#80655
16
1?
#80660
06
0?
#80665
16
1?
#80670
06
0?
#80675
16
1?
#80680
06
0?
#80685
16
1?
#80690
06
0?
#80695
16
1?
#80700
06
0?
#80705
16
1?
#80710
06
0?
#80715
16
1?
#80720
06
0?
#80725
16
1?
#80730
06
0?
#80735
16
1?
#80740
06
0?
#80745
16
1?
#80750
06
0?
#80755
16
1?
#80760
06
0?
#80765
16
1?
#80770
06
0?
#80775
16
1?
#80780
06
0?
#80785
16
1?
#80790
06
0?
#80795
16
1?
#80800
06
0?
#80805
16
1?
#80810
06
0?
#80815
16
1?
#80820
06
0?
#80825
16
1?
#80830
06
0?
#80835
16
1?
#80840
06
0?
#80845
16
1?
#80850
06
0?
#80855
16
1?
#80860
06
0?
#80865
16
1?
#80870
06
0?
#80875
16
1?
#80880
06
0?
#80885
16
1?
#80890
06
0?
#80895
16
1?
#80900
06
0?
#80905
16
1?
#80910
06
0?
#80915
16
1?
#80920
06
0?
#80925
16
1?
#80930
06
0?
#80935
16
1?
#80940
06
0?
#80945
16
1?
#80950
06
0?
#80955
16
1?
#80960
06
0?
#80965
16
1?
#80970
06
0?
#80975
16
1?
#80980
06
0?
#80985
16
1?
#80990
06
0?
#80995
16
1?
#81000
06
0?
#81005
16
1?
#81010
06
0?
#81015
16
1?
#81020
06
0?
#81025
16
1?
#81030
06
0?
#81035
16
1?
#81040
06
0?
#81045
16
1?
#81050
06
0?
#81055
16
1?
#81060
06
0?
#81065
16
1?
#81070
06
0?
#81075
16
1?
#81080
06
0?
#81085
16
1?
#81090
06
0?
#81095
16
1?
#81100
06
0?
#81105
16
1?
#81110
06
0?
#81115
16
1?
#81120
06
0?
#81125
16
1?
#81130
06
0?
#81135
16
1?
#81140
06
0?
#81145
16
1?
#81150
06
0?
#81155
16
1?
#81160
06
0?
#81165
16
1?
#81170
06
0?
#81175
16
1?
#81180
06
0?
#81185
16
1?
#81190
06
0?
#81195
16
1?
#81200
06
0?
#81205
16
1?
#81210
06
0?
#81215
16
1?
#81220
06
0?
#81225
16
1?
#81230
06
0?
#81235
16
1?
#81240
06
0?
#81245
16
1?
#81250
06
0?
#81255
16
1?
#81260
06
0?
#81265
16
1?
#81270
06
0?
#81275
16
1?
#81280
06
0?
#81285
16
1?
#81290
06
0?
#81295
16
1?
#81300
06
0?
#81305
16
1?
#81310
06
0?
#81315
16
1?
#81320
06
0?
#81325
16
1?
#81330
06
0?
#81335
16
1?
#81340
06
0?
#81345
16
1?
#81350
06
0?
#81355
16
1?
#81360
06
0?
#81365
16
1?
#81370
06
0?
#81375
16
1?
#81380
06
0?
#81385
16
1?
#81390
06
0?
#81395
16
1?
#81400
06
0?
#81405
16
1?
#81410
06
0?
#81415
16
1?
#81420
06
0?
#81425
16
1?
#81430
06
0?
#81435
16
1?
#81440
06
0?
#81445
16
1?
#81450
06
0?
#81455
16
1?
#81460
06
0?
#81465
16
1?
#81470
06
0?
#81475
16
1?
#81480
06
0?
#81485
16
1?
#81490
06
0?
#81495
16
1?
#81500
06
0?
#81505
16
1?
#81510
06
0?
#81515
16
1?
#81520
06
0?
#81525
16
1?
#81530
06
0?
#81535
16
1?
#81540
06
0?
#81545
16
1?
#81550
06
0?
#81555
16
1?
#81560
06
0?
#81565
16
1?
#81570
06
0?
#81575
16
1?
#81580
06
0?
#81585
16
1?
#81590
06
0?
#81595
16
1?
#81600
06
0?
#81605
16
1?
#81610
06
0?
#81615
16
1?
#81620
06
0?
#81625
16
1?
#81630
06
0?
#81635
16
1?
#81640
06
0?
#81645
16
1?
#81650
06
0?
#81655
16
1?
#81660
06
0?
#81665
16
1?
#81670
06
0?
#81675
16
1?
#81680
06
0?
#81685
16
1?
#81690
06
0?
#81695
16
1?
#81700
06
0?
#81705
16
1?
#81710
06
0?
#81715
16
1?
#81720
06
0?
#81725
16
1?
#81730
06
0?
#81735
16
1?
#81740
06
0?
#81745
16
1?
#81750
06
0?
#81755
16
1?
#81760
06
0?
#81765
16
1?
#81770
06
0?
#81775
16
1?
#81780
06
0?
#81785
16
1?
#81790
06
0?
#81795
16
1?
#81800
06
0?
#81805
16
1?
#81810
06
0?
#81815
16
1?
#81820
06
0?
#81825
16
1?
#81830
06
0?
#81835
16
1?
#81840
06
0?
#81845
16
1?
#81850
06
0?
#81855
16
1?
#81860
06
0?
#81865
16
1?
#81870
06
0?
#81875
16
1?
#81880
06
0?
#81885
16
1?
#81890
06
0?
#81895
16
1?
#81900
06
0?
#81905
16
1?
#81910
06
0?
#81915
16
1?
#81920
06
0?
#81925
16
1?
#81930
06
0?
#81935
16
1?
#81940
06
0?
#81945
16
1?
#81950
06
0?
#81955
16
1?
#81960
06
0?
#81965
16
1?
#81970
06
0?
#81975
16
1?
#81980
06
0?
#81985
16
1?
#81990
06
0?
#81995
16
1?
#82000
06
0?
#82005
16
1?
#82010
06
0?
#82015
16
1?
#82020
06
0?
#82025
16
1?
#82030
06
0?
#82035
16
1?
#82040
06
0?
#82045
16
1?
#82050
06
0?
#82055
16
1?
#82060
06
0?
#82065
16
1?
#82070
06
0?
#82075
16
1?
#82080
06
0?
#82085
16
1?
#82090
06
0?
#82095
16
1?
#82100
06
0?
#82105
16
1?
#82110
06
0?
#82115
16
1?
#82120
06
0?
#82125
16
1?
#82130
06
0?
#82135
16
1?
#82140
06
0?
#82145
16
1?
#82150
06
0?
#82155
16
1?
#82160
06
0?
#82165
16
1?
#82170
06
0?
#82175
16
1?
#82180
06
0?
#82185
16
1?
#82190
06
0?
#82195
16
1?
#82200
06
0?
#82205
16
1?
#82210
06
0?
#82215
16
1?
#82220
06
0?
#82225
16
1?
#82230
06
0?
#82235
16
1?
#82240
06
0?
#82245
16
1?
#82250
06
0?
#82255
16
1?
#82260
06
0?
#82265
16
1?
#82270
06
0?
#82275
16
1?
#82280
06
0?
#82285
16
1?
#82290
06
0?
#82295
16
1?
#82300
06
0?
#82305
16
1?
#82310
06
0?
#82315
16
1?
#82320
06
0?
#82325
16
1?
#82330
06
0?
#82335
16
1?
#82340
06
0?
#82345
16
1?
#82350
06
0?
#82355
16
1?
#82360
06
0?
#82365
16
1?
#82370
06
0?
#82375
16
1?
#82380
06
0?
#82385
16
1?
#82390
06
0?
#82395
16
1?
#82400
06
0?
#82405
16
1?
#82410
06
0?
#82415
16
1?
#82420
06
0?
#82425
16
1?
#82430
06
0?
#82435
16
1?
#82440
06
0?
#82445
16
1?
#82450
06
0?
#82455
16
1?
#82460
06
0?
#82465
16
1?
#82470
06
0?
#82475
16
1?
#82480
06
0?
#82485
16
1?
#82490
06
0?
#82495
16
1?
#82500
06
0?
#82505
16
1?
#82510
06
0?
#82515
16
1?
#82520
06
0?
#82525
16
1?
#82530
06
0?
#82535
16
1?
#82540
06
0?
#82545
16
1?
#82550
06
0?
#82555
16
1?
#82560
06
0?
#82565
16
1?
#82570
06
0?
#82575
16
1?
#82580
06
0?
#82585
16
1?
#82590
06
0?
#82595
16
1?
#82600
06
0?
#82605
16
1?
#82610
06
0?
#82615
16
1?
#82620
06
0?
#82625
16
1?
#82630
06
0?
#82635
16
1?
#82640
06
0?
#82645
16
1?
#82650
06
0?
#82655
16
1?
#82660
06
0?
#82665
16
1?
#82670
06
0?
#82675
16
1?
#82680
06
0?
#82685
16
1?
#82690
06
0?
#82695
16
1?
#82700
06
0?
#82705
16
1?
#82710
06
0?
#82715
16
1?
#82720
06
0?
#82725
16
1?
#82730
06
0?
#82735
16
1?
#82740
06
0?
#82745
16
1?
#82750
06
0?
#82755
16
1?
#82760
06
0?
#82765
16
1?
#82770
06
0?
#82775
16
1?
#82780
06
0?
#82785
16
1?
#82790
06
0?
#82795
16
1?
#82800
06
0?
#82805
16
1?
#82810
06
0?
#82815
16
1?
#82820
06
0?
#82825
16
1?
#82830
06
0?
#82835
16
1?
#82840
06
0?
#82845
16
1?
#82850
06
0?
#82855
16
1?
#82860
06
0?
#82865
16
1?
#82870
06
0?
#82875
16
1?
#82880
06
0?
#82885
16
1?
#82890
06
0?
#82895
16
1?
#82900
06
0?
#82905
16
1?
#82910
06
0?
#82915
16
1?
#82920
06
0?
#82925
16
1?
#82930
06
0?
#82935
16
1?
#82940
06
0?
#82945
16
1?
#82950
06
0?
#82955
16
1?
#82960
06
0?
#82965
16
1?
#82970
06
0?
#82975
16
1?
#82980
06
0?
#82985
16
1?
#82990
06
0?
#82995
16
1?
#83000
06
0?
#83005
16
1?
#83010
06
0?
#83015
16
1?
#83020
06
0?
#83025
16
1?
#83030
06
0?
#83035
16
1?
#83040
06
0?
#83045
16
1?
#83050
06
0?
#83055
16
1?
#83060
06
0?
#83065
16
1?
#83070
06
0?
#83075
16
1?
#83080
06
0?
#83085
16
1?
#83090
06
0?
#83095
16
1?
#83100
06
0?
#83105
16
1?
#83110
06
0?
#83115
16
1?
#83120
06
0?
#83125
16
1?
#83130
06
0?
#83135
16
1?
#83140
06
0?
#83145
16
1?
#83150
06
0?
#83155
16
1?
#83160
06
0?
#83165
16
1?
#83170
06
0?
#83175
16
1?
#83180
06
0?
#83185
16
1?
#83190
06
0?
#83195
16
1?
#83200
06
0?
#83205
16
1?
#83210
06
0?
#83215
16
1?
#83220
06
0?
#83225
16
1?
#83230
06
0?
#83235
16
1?
#83240
06
0?
#83245
16
1?
#83250
06
0?
#83255
16
1?
#83260
06
0?
#83265
16
1?
#83270
06
0?
#83275
16
1?
#83280
06
0?
#83285
16
1?
#83290
06
0?
#83295
16
1?
#83300
06
0?
#83305
16
1?
#83310
06
0?
#83315
16
1?
#83320
06
0?
#83325
16
1?
#83330
06
0?
#83335
16
1?
#83340
06
0?
#83345
16
1?
#83350
06
0?
#83355
16
1?
#83360
06
0?
#83365
16
1?
#83370
06
0?
#83375
16
1?
#83380
06
0?
#83385
16
1?
#83390
06
0?
#83395
16
1?
#83400
06
0?
#83405
16
1?
#83410
06
0?
#83415
16
1?
#83420
06
0?
#83425
16
1?
#83430
06
0?
#83435
16
1?
#83440
06
0?
#83445
16
1?
#83450
06
0?
#83455
16
1?
#83460
06
0?
#83465
16
1?
#83470
06
0?
#83475
16
1?
#83480
06
0?
#83485
16
1?
#83490
06
0?
#83495
16
1?
#83500
06
0?
#83505
16
1?
#83510
06
0?
#83515
16
1?
#83520
06
0?
#83525
16
1?
#83530
06
0?
#83535
16
1?
#83540
06
0?
#83545
16
1?
#83550
06
0?
#83555
16
1?
#83560
06
0?
#83565
16
1?
#83570
06
0?
#83575
16
1?
#83580
06
0?
#83585
16
1?
#83590
06
0?
#83595
16
1?
#83600
06
0?
#83605
16
1?
#83610
06
0?
#83615
16
1?
#83620
06
0?
#83625
16
1?
#83630
06
0?
#83635
16
1?
#83640
06
0?
#83645
16
1?
#83650
06
0?
#83655
16
1?
#83660
06
0?
#83665
16
1?
#83670
06
0?
#83675
16
1?
#83680
06
0?
#83685
16
1?
#83690
06
0?
#83695
16
1?
#83700
06
0?
#83705
16
1?
#83710
06
0?
#83715
16
1?
#83720
06
0?
#83725
16
1?
#83730
06
0?
#83735
16
1?
#83740
06
0?
#83745
16
1?
#83750
06
0?
#83755
16
1?
#83760
06
0?
#83765
16
1?
#83770
06
0?
#83775
16
1?
#83780
06
0?
#83785
16
1?
#83790
06
0?
#83795
16
1?
#83800
06
0?
#83805
16
1?
#83810
06
0?
#83815
16
1?
#83820
06
0?
#83825
16
1?
#83830
06
0?
#83835
16
1?
#83840
06
0?
#83845
16
1?
#83850
06
0?
#83855
16
1?
#83860
06
0?
#83865
16
1?
#83870
06
0?
#83875
16
1?
#83880
06
0?
#83885
16
1?
#83890
06
0?
#83895
16
1?
#83900
06
0?
#83905
16
1?
#83910
06
0?
#83915
16
1?
#83920
06
0?
#83925
16
1?
#83930
06
0?
#83935
16
1?
#83940
06
0?
#83945
16
1?
#83950
06
0?
#83955
16
1?
#83960
06
0?
#83965
16
1?
#83970
06
0?
#83975
16
1?
#83980
06
0?
#83985
16
1?
#83990
06
0?
#83995
16
1?
#84000
06
0?
#84005
16
1?
#84010
06
0?
#84015
16
1?
#84020
06
0?
#84025
16
1?
#84030
06
0?
#84035
16
1?
#84040
06
0?
#84045
16
1?
#84050
06
0?
#84055
16
1?
#84060
06
0?
#84065
16
1?
#84070
06
0?
#84075
16
1?
#84080
06
0?
#84085
16
1?
#84090
06
0?
#84095
16
1?
#84100
06
0?
#84105
16
1?
#84110
06
0?
#84115
16
1?
#84120
06
0?
#84125
16
1?
#84130
06
0?
#84135
16
1?
#84140
06
0?
#84145
16
1?
#84150
06
0?
#84155
16
1?
#84160
06
0?
#84165
16
1?
#84170
06
0?
#84175
16
1?
#84180
06
0?
#84185
16
1?
#84190
06
0?
#84195
16
1?
#84200
06
0?
#84205
16
1?
#84210
06
0?
#84215
16
1?
#84220
06
0?
#84225
16
1?
#84230
06
0?
#84235
16
1?
#84240
06
0?
#84245
16
1?
#84250
06
0?
#84255
16
1?
#84260
06
0?
#84265
16
1?
#84270
06
0?
#84275
16
1?
#84280
06
0?
#84285
16
1?
#84290
06
0?
#84295
16
1?
#84300
06
0?
#84305
16
1?
#84310
06
0?
#84315
16
1?
#84320
06
0?
#84325
16
1?
#84330
06
0?
#84335
16
1?
#84340
06
0?
#84345
16
1?
#84350
06
0?
#84355
16
1?
#84360
06
0?
#84365
16
1?
#84370
06
0?
#84375
16
1?
#84380
06
0?
#84385
16
1?
#84390
06
0?
#84395
16
1?
#84400
06
0?
#84405
16
1?
#84410
06
0?
#84415
16
1?
#84420
06
0?
#84425
16
1?
#84430
06
0?
#84435
16
1?
#84440
06
0?
#84445
16
1?
#84450
06
0?
#84455
16
1?
#84460
06
0?
#84465
16
1?
#84470
06
0?
#84475
16
1?
#84480
06
0?
#84485
16
1?
#84490
06
0?
#84495
16
1?
#84500
06
0?
#84505
16
1?
#84510
06
0?
#84515
16
1?
#84520
06
0?
#84525
16
1?
#84530
06
0?
#84535
16
1?
#84540
06
0?
#84545
16
1?
#84550
06
0?
#84555
16
1?
#84560
06
0?
#84565
16
1?
#84570
06
0?
#84575
16
1?
#84580
06
0?
#84585
16
1?
#84590
06
0?
#84595
16
1?
#84600
06
0?
#84605
16
1?
#84610
06
0?
#84615
16
1?
#84620
06
0?
#84625
16
1?
#84630
06
0?
#84635
16
1?
#84640
06
0?
#84645
16
1?
#84650
06
0?
#84655
16
1?
#84660
06
0?
#84665
16
1?
#84670
06
0?
#84675
16
1?
#84680
06
0?
#84685
16
1?
#84690
06
0?
#84695
16
1?
#84700
06
0?
#84705
16
1?
#84710
06
0?
#84715
16
1?
#84720
06
0?
#84725
16
1?
#84730
06
0?
#84735
16
1?
#84740
06
0?
#84745
16
1?
#84750
06
0?
#84755
16
1?
#84760
06
0?
#84765
16
1?
#84770
06
0?
#84775
16
1?
#84780
06
0?
#84785
16
1?
#84790
06
0?
#84795
16
1?
#84800
06
0?
#84805
16
1?
#84810
06
0?
#84815
16
1?
#84820
06
0?
#84825
16
1?
#84830
06
0?
#84835
16
1?
#84840
06
0?
#84845
16
1?
#84850
06
0?
#84855
16
1?
#84860
06
0?
#84865
16
1?
#84870
06
0?
#84875
16
1?
#84880
06
0?
#84885
16
1?
#84890
06
0?
#84895
16
1?
#84900
06
0?
#84905
16
1?
#84910
06
0?
#84915
16
1?
#84920
06
0?
#84925
16
1?
#84930
06
0?
#84935
16
1?
#84940
06
0?
#84945
16
1?
#84950
06
0?
#84955
16
1?
#84960
06
0?
#84965
16
1?
#84970
06
0?
#84975
16
1?
#84980
06
0?
#84985
16
1?
#84990
06
0?
#84995
16
1?
#85000
06
0?
#85005
16
1?
#85010
06
0?
#85015
16
1?
#85020
06
0?
#85025
16
1?
#85030
06
0?
#85035
16
1?
#85040
06
0?
#85045
16
1?
#85050
06
0?
#85055
16
1?
#85060
06
0?
#85065
16
1?
#85070
06
0?
#85075
16
1?
#85080
06
0?
#85085
16
1?
#85090
06
0?
#85095
16
1?
#85100
06
0?
#85105
16
1?
#85110
06
0?
#85115
16
1?
#85120
06
0?
#85125
16
1?
#85130
06
0?
#85135
16
1?
#85140
06
0?
#85145
16
1?
#85150
06
0?
#85155
16
1?
#85160
06
0?
#85165
16
1?
#85170
06
0?
#85175
16
1?
#85180
06
0?
#85185
16
1?
#85190
06
0?
#85195
16
1?
#85200
06
0?
#85205
16
1?
#85210
06
0?
#85215
16
1?
#85220
06
0?
#85225
16
1?
#85230
06
0?
#85235
16
1?
#85240
06
0?
#85245
16
1?
#85250
06
0?
#85255
16
1?
#85260
06
0?
#85265
16
1?
#85270
06
0?
#85275
16
1?
#85280
06
0?
#85285
16
1?
#85290
06
0?
#85295
16
1?
#85300
06
0?
#85305
16
1?
#85310
06
0?
#85315
16
1?
#85320
06
0?
#85325
16
1?
#85330
06
0?
#85335
16
1?
#85340
06
0?
#85345
16
1?
#85350
06
0?
#85355
16
1?
#85360
06
0?
#85365
16
1?
#85370
06
0?
#85375
16
1?
#85380
06
0?
#85385
16
1?
#85390
06
0?
#85395
16
1?
#85400
06
0?
#85405
16
1?
#85410
06
0?
#85415
16
1?
#85420
06
0?
#85425
16
1?
#85430
06
0?
#85435
16
1?
#85440
06
0?
#85445
16
1?
#85450
06
0?
#85455
16
1?
#85460
06
0?
#85465
16
1?
#85470
06
0?
#85475
16
1?
#85480
06
0?
#85485
16
1?
#85490
06
0?
#85495
16
1?
#85500
06
0?
#85505
16
1?
#85510
06
0?
#85515
16
1?
#85520
06
0?
#85525
16
1?
#85530
06
0?
#85535
16
1?
#85540
06
0?
#85545
16
1?
#85550
06
0?
#85555
16
1?
#85560
06
0?
#85565
16
1?
#85570
06
0?
#85575
16
1?
#85580
06
0?
#85585
16
1?
#85590
06
0?
#85595
16
1?
#85600
06
0?
#85605
16
1?
#85610
06
0?
#85615
16
1?
#85620
06
0?
#85625
16
1?
#85630
06
0?
#85635
16
1?
#85640
06
0?
#85645
16
1?
#85650
06
0?
#85655
16
1?
#85660
06
0?
#85665
16
1?
#85670
06
0?
#85675
16
1?
#85680
06
0?
#85685
16
1?
#85690
06
0?
#85695
16
1?
#85700
06
0?
#85705
16
1?
#85710
06
0?
#85715
16
1?
#85720
06
0?
#85725
16
1?
#85730
06
0?
#85735
16
1?
#85740
06
0?
#85745
16
1?
#85750
06
0?
#85755
16
1?
#85760
06
0?
#85765
16
1?
#85770
06
0?
#85775
16
1?
#85780
06
0?
#85785
16
1?
#85790
06
0?
#85795
16
1?
#85800
06
0?
#85805
16
1?
#85810
06
0?
#85815
16
1?
#85820
06
0?
#85825
16
1?
#85830
06
0?
#85835
16
1?
#85840
06
0?
#85845
16
1?
#85850
06
0?
#85855
16
1?
#85860
06
0?
#85865
16
1?
#85870
06
0?
#85875
16
1?
#85880
06
0?
#85885
16
1?
#85890
06
0?
#85895
16
1?
#85900
06
0?
#85905
16
1?
#85910
06
0?
#85915
16
1?
#85920
06
0?
#85925
16
1?
#85930
06
0?
#85935
16
1?
#85940
06
0?
#85945
16
1?
#85950
06
0?
#85955
16
1?
#85960
06
0?
#85965
16
1?
#85970
06
0?
#85975
16
1?
#85980
06
0?
#85985
16
1?
#85990
06
0?
#85995
16
1?
#86000
06
0?
#86005
16
1?
#86010
06
0?
#86015
16
1?
#86020
06
0?
#86025
16
1?
#86030
06
0?
#86035
16
1?
#86040
06
0?
#86045
16
1?
#86050
06
0?
#86055
16
1?
#86060
06
0?
#86065
16
1?
#86070
06
0?
#86075
16
1?
#86080
06
0?
#86085
16
1?
#86090
06
0?
#86095
16
1?
#86100
06
0?
#86105
16
1?
#86110
06
0?
#86115
16
1?
#86120
06
0?
#86125
16
1?
#86130
06
0?
#86135
16
1?
#86140
06
0?
#86145
16
1?
#86150
06
0?
#86155
16
1?
#86160
06
0?
#86165
16
1?
#86170
06
0?
#86175
16
1?
#86180
06
0?
#86185
16
1?
#86190
06
0?
#86195
16
1?
#86200
06
0?
#86205
16
1?
#86210
06
0?
#86215
16
1?
#86220
06
0?
#86225
16
1?
#86230
06
0?
#86235
16
1?
#86240
06
0?
#86245
16
1?
#86250
06
0?
#86255
16
1?
#86260
06
0?
#86265
16
1?
#86270
06
0?
#86275
16
1?
#86280
06
0?
#86285
16
1?
#86290
06
0?
#86295
16
1?
#86300
06
0?
#86305
16
1?
#86310
06
0?
#86315
16
1?
#86320
06
0?
#86325
16
1?
#86330
06
0?
#86335
16
1?
#86340
06
0?
#86345
16
1?
#86350
06
0?
#86355
16
1?
#86360
06
0?
#86365
16
1?
#86370
06
0?
#86375
16
1?
#86380
06
0?
#86385
16
1?
#86390
06
0?
#86395
16
1?
#86400
06
0?
#86405
16
1?
#86410
06
0?
#86415
16
1?
#86420
06
0?
#86425
16
1?
#86430
06
0?
#86435
16
1?
#86440
06
0?
#86445
16
1?
#86450
06
0?
#86455
16
1?
#86460
06
0?
#86465
16
1?
#86470
06
0?
#86475
16
1?
#86480
06
0?
#86485
16
1?
#86490
06
0?
#86495
16
1?
#86500
06
0?
#86505
16
1?
#86510
06
0?
#86515
16
1?
#86520
06
0?
#86525
16
1?
#86530
06
0?
#86535
16
1?
#86540
06
0?
#86545
16
1?
#86550
06
0?
#86555
16
1?
#86560
06
0?
#86565
16
1?
#86570
06
0?
#86575
16
1?
#86580
06
0?
#86585
16
1?
#86590
06
0?
#86595
16
1?
#86600
06
0?
#86605
16
1?
#86610
06
0?
#86615
16
1?
#86620
06
0?
#86625
16
1?
#86630
06
0?
#86635
16
1?
#86640
06
0?
#86645
16
1?
#86650
06
0?
#86655
16
1?
#86660
06
0?
#86665
16
1?
#86670
06
0?
#86675
16
1?
#86680
06
0?
#86685
16
1?
#86690
06
0?
#86695
16
1?
#86700
06
0?
#86705
16
1?
#86710
06
0?
#86715
16
1?
#86720
06
0?
#86725
16
1?
#86730
06
0?
#86735
16
1?
#86740
06
0?
#86745
16
1?
#86750
06
0?
#86755
16
1?
#86760
06
0?
#86765
16
1?
#86770
06
0?
#86775
16
1?
#86780
06
0?
#86785
16
1?
#86790
06
0?
#86795
16
1?
#86800
06
0?
#86805
16
1?
#86810
06
0?
#86815
16
1?
#86820
06
0?
#86825
16
1?
#86830
06
0?
#86835
16
1?
#86840
06
0?
#86845
16
1?
#86850
06
0?
#86855
16
1?
#86860
06
0?
#86865
16
1?
#86870
06
0?
#86875
16
1?
#86880
06
0?
#86885
16
1?
#86890
06
0?
#86895
16
1?
#86900
06
0?
#86905
16
1?
#86910
06
0?
#86915
16
1?
#86920
06
0?
#86925
16
1?
#86930
06
0?
#86935
16
1?
#86940
06
0?
#86945
16
1?
#86950
06
0?
#86955
16
1?
#86960
06
0?
#86965
16
1?
#86970
06
0?
#86975
16
1?
#86980
06
0?
#86985
16
1?
#86990
06
0?
#86995
16
1?
#87000
06
0?
#87005
16
1?
#87010
06
0?
#87015
16
1?
#87020
06
0?
#87025
16
1?
#87030
06
0?
#87035
16
1?
#87040
06
0?
#87045
16
1?
#87050
06
0?
#87055
16
1?
#87060
06
0?
#87065
16
1?
#87070
06
0?
#87075
16
1?
#87080
06
0?
#87085
16
1?
#87090
06
0?
#87095
16
1?
#87100
06
0?
#87105
16
1?
#87110
06
0?
#87115
16
1?
#87120
06
0?
#87125
16
1?
#87130
06
0?
#87135
16
1?
#87140
06
0?
#87145
16
1?
#87150
06
0?
#87155
16
1?
#87160
06
0?
#87165
16
1?
#87170
06
0?
#87175
16
1?
#87180
06
0?
#87185
16
1?
#87190
06
0?
#87195
16
1?
#87200
06
0?
#87205
16
1?
#87210
06
0?
#87215
16
1?
#87220
06
0?
#87225
16
1?
#87230
06
0?
#87235
16
1?
#87240
06
0?
#87245
16
1?
#87250
06
0?
#87255
16
1?
#87260
06
0?
#87265
16
1?
#87270
06
0?
#87275
16
1?
#87280
06
0?
#87285
16
1?
#87290
06
0?
#87295
16
1?
#87300
06
0?
#87305
16
1?
#87310
06
0?
#87315
16
1?
#87320
06
0?
#87325
16
1?
#87330
06
0?
#87335
16
1?
#87340
06
0?
#87345
16
1?
#87350
06
0?
#87355
16
1?
#87360
06
0?
#87365
16
1?
#87370
06
0?
#87375
16
1?
#87380
06
0?
#87385
16
1?
#87390
06
0?
#87395
16
1?
#87400
06
0?
#87405
16
1?
#87410
06
0?
#87415
16
1?
#87420
06
0?
#87425
16
1?
#87430
06
0?
#87435
16
1?
#87440
06
0?
#87445
16
1?
#87450
06
0?
#87455
16
1?
#87460
06
0?
#87465
16
1?
#87470
06
0?
#87475
16
1?
#87480
06
0?
#87485
16
1?
#87490
06
0?
#87495
16
1?
#87500
06
0?
#87505
16
1?
#87510
06
0?
#87515
16
1?
#87520
06
0?
#87525
16
1?
#87530
06
0?
#87535
16
1?
#87540
06
0?
#87545
16
1?
#87550
06
0?
#87555
16
1?
#87560
06
0?
#87565
16
1?
#87570
06
0?
#87575
16
1?
#87580
06
0?
#87585
16
1?
#87590
06
0?
#87595
16
1?
#87600
06
0?
#87605
16
1?
#87610
06
0?
#87615
16
1?
#87620
06
0?
#87625
16
1?
#87630
06
0?
#87635
16
1?
#87640
06
0?
#87645
16
1?
#87650
06
0?
#87655
16
1?
#87660
06
0?
#87665
16
1?
#87670
06
0?
#87675
16
1?
#87680
06
0?
#87685
16
1?
#87690
06
0?
#87695
16
1?
#87700
06
0?
#87705
16
1?
#87710
06
0?
#87715
16
1?
#87720
06
0?
#87725
16
1?
#87730
06
0?
#87735
16
1?
#87740
06
0?
#87745
16
1?
#87750
06
0?
#87755
16
1?
#87760
06
0?
#87765
16
1?
#87770
06
0?
#87775
16
1?
#87780
06
0?
#87785
16
1?
#87790
06
0?
#87795
16
1?
#87800
06
0?
#87805
16
1?
#87810
06
0?
#87815
16
1?
#87820
06
0?
#87825
16
1?
#87830
06
0?
#87835
16
1?
#87840
06
0?
#87845
16
1?
#87850
06
0?
#87855
16
1?
#87860
06
0?
#87865
16
1?
#87870
06
0?
#87875
16
1?
#87880
06
0?
#87885
16
1?
#87890
06
0?
#87895
16
1?
#87900
06
0?
#87905
16
1?
#87910
06
0?
#87915
16
1?
#87920
06
0?
#87925
16
1?
#87930
06
0?
#87935
16
1?
#87940
06
0?
#87945
16
1?
#87950
06
0?
#87955
16
1?
#87960
06
0?
#87965
16
1?
#87970
06
0?
#87975
16
1?
#87980
06
0?
#87985
16
1?
#87990
06
0?
#87995
16
1?
#88000
06
0?
#88005
16
1?
#88010
06
0?
#88015
16
1?
#88020
06
0?
#88025
16
1?
#88030
06
0?
#88035
16
1?
#88040
06
0?
#88045
16
1?
#88050
06
0?
#88055
16
1?
#88060
06
0?
#88065
16
1?
#88070
06
0?
#88075
16
1?
#88080
06
0?
#88085
16
1?
#88090
06
0?
#88095
16
1?
#88100
06
0?
#88105
16
1?
#88110
06
0?
#88115
16
1?
#88120
06
0?
#88125
16
1?
#88130
06
0?
#88135
16
1?
#88140
06
0?
#88145
16
1?
#88150
06
0?
#88155
16
1?
#88160
06
0?
#88165
16
1?
#88170
06
0?
#88175
16
1?
#88180
06
0?
#88185
16
1?
#88190
06
0?
#88195
16
1?
#88200
06
0?
#88205
16
1?
#88210
06
0?
#88215
16
1?
#88220
06
0?
#88225
16
1?
#88230
06
0?
#88235
16
1?
#88240
06
0?
#88245
16
1?
#88250
06
0?
#88255
16
1?
#88260
06
0?
#88265
16
1?
#88270
06
0?
#88275
16
1?
#88280
06
0?
#88285
16
1?
#88290
06
0?
#88295
16
1?
#88300
06
0?
#88305
16
1?
#88310
06
0?
#88315
16
1?
#88320
06
0?
#88325
16
1?
#88330
06
0?
#88335
16
1?
#88340
06
0?
#88345
16
1?
#88350
06
0?
#88355
16
1?
#88360
06
0?
#88365
16
1?
#88370
06
0?
#88375
16
1?
#88380
06
0?
#88385
16
1?
#88390
06
0?
#88395
16
1?
#88400
06
0?
#88405
16
1?
#88410
06
0?
#88415
16
1?
#88420
06
0?
#88425
16
1?
#88430
06
0?
#88435
16
1?
#88440
06
0?
#88445
16
1?
#88450
06
0?
#88455
16
1?
#88460
06
0?
#88465
16
1?
#88470
06
0?
#88475
16
1?
#88480
06
0?
#88485
16
1?
#88490
06
0?
#88495
16
1?
#88500
06
0?
#88505
16
1?
#88510
06
0?
#88515
16
1?
#88520
06
0?
#88525
16
1?
#88530
06
0?
#88535
16
1?
#88540
06
0?
#88545
16
1?
#88550
06
0?
#88555
16
1?
#88560
06
0?
#88565
16
1?
#88570
06
0?
#88575
16
1?
#88580
06
0?
#88585
16
1?
#88590
06
0?
#88595
16
1?
#88600
06
0?
#88605
16
1?
#88610
06
0?
#88615
16
1?
#88620
06
0?
#88625
16
1?
#88630
06
0?
#88635
16
1?
#88640
06
0?
#88645
16
1?
#88650
06
0?
#88655
16
1?
#88660
06
0?
#88665
16
1?
#88670
06
0?
#88675
16
1?
#88680
06
0?
#88685
16
1?
#88690
06
0?
#88695
16
1?
#88700
06
0?
#88705
16
1?
#88710
06
0?
#88715
16
1?
#88720
06
0?
#88725
16
1?
#88730
06
0?
#88735
16
1?
#88740
06
0?
#88745
16
1?
#88750
06
0?
#88755
16
1?
#88760
06
0?
#88765
16
1?
#88770
06
0?
#88775
16
1?
#88780
06
0?
#88785
16
1?
#88790
06
0?
#88795
16
1?
#88800
06
0?
#88805
16
1?
#88810
06
0?
#88815
16
1?
#88820
06
0?
#88825
16
1?
#88830
06
0?
#88835
16
1?
#88840
06
0?
#88845
16
1?
#88850
06
0?
#88855
16
1?
#88860
06
0?
#88865
16
1?
#88870
06
0?
#88875
16
1?
#88880
06
0?
#88885
16
1?
#88890
06
0?
#88895
16
1?
#88900
06
0?
#88905
16
1?
#88910
06
0?
#88915
16
1?
#88920
06
0?
#88925
16
1?
#88930
06
0?
#88935
16
1?
#88940
06
0?
#88945
16
1?
#88950
06
0?
#88955
16
1?
#88960
06
0?
#88965
16
1?
#88970
06
0?
#88975
16
1?
#88980
06
0?
#88985
16
1?
#88990
06
0?
#88995
16
1?
#89000
06
0?
#89005
16
1?
#89010
06
0?
#89015
16
1?
#89020
06
0?
#89025
16
1?
#89030
06
0?
#89035
16
1?
#89040
06
0?
#89045
16
1?
#89050
06
0?
#89055
16
1?
#89060
06
0?
#89065
16
1?
#89070
06
0?
#89075
16
1?
#89080
06
0?
#89085
16
1?
#89090
06
0?
#89095
16
1?
#89100
06
0?
#89105
16
1?
#89110
06
0?
#89115
16
1?
#89120
06
0?
#89125
16
1?
#89130
06
0?
#89135
16
1?
#89140
06
0?
#89145
16
1?
#89150
06
0?
#89155
16
1?
#89160
06
0?
#89165
16
1?
#89170
06
0?
#89175
16
1?
#89180
06
0?
#89185
16
1?
#89190
06
0?
#89195
16
1?
#89200
06
0?
#89205
16
1?
#89210
06
0?
#89215
16
1?
#89220
06
0?
#89225
16
1?
#89230
06
0?
#89235
16
1?
#89240
06
0?
#89245
16
1?
#89250
06
0?
#89255
16
1?
#89260
06
0?
#89265
16
1?
#89270
06
0?
#89275
16
1?
#89280
06
0?
#89285
16
1?
#89290
06
0?
#89295
16
1?
#89300
06
0?
#89305
16
1?
#89310
06
0?
#89315
16
1?
#89320
06
0?
#89325
16
1?
#89330
06
0?
#89335
16
1?
#89340
06
0?
#89345
16
1?
#89350
06
0?
#89355
16
1?
#89360
06
0?
#89365
16
1?
#89370
06
0?
#89375
16
1?
#89380
06
0?
#89385
16
1?
#89390
06
0?
#89395
16
1?
#89400
06
0?
#89405
16
1?
#89410
06
0?
#89415
16
1?
#89420
06
0?
#89425
16
1?
#89430
06
0?
#89435
16
1?
#89440
06
0?
#89445
16
1?
#89450
06
0?
#89455
16
1?
#89460
06
0?
#89465
16
1?
#89470
06
0?
#89475
16
1?
#89480
06
0?
#89485
16
1?
#89490
06
0?
#89495
16
1?
#89500
06
0?
#89505
16
1?
#89510
06
0?
#89515
16
1?
#89520
06
0?
#89525
16
1?
#89530
06
0?
#89535
16
1?
#89540
06
0?
#89545
16
1?
#89550
06
0?
#89555
16
1?
#89560
06
0?
#89565
16
1?
#89570
06
0?
#89575
16
1?
#89580
06
0?
#89585
16
1?
#89590
06
0?
#89595
16
1?
#89600
06
0?
#89605
16
1?
#89610
06
0?
#89615
16
1?
#89620
06
0?
#89625
16
1?
#89630
06
0?
#89635
16
1?
#89640
06
0?
#89645
16
1?
#89650
06
0?
#89655
16
1?
#89660
06
0?
#89665
16
1?
#89670
06
0?
#89675
16
1?
#89680
06
0?
#89685
16
1?
#89690
06
0?
#89695
16
1?
#89700
06
0?
#89705
16
1?
#89710
06
0?
#89715
16
1?
#89720
06
0?
#89725
16
1?
#89730
06
0?
#89735
16
1?
#89740
06
0?
#89745
16
1?
#89750
06
0?
#89755
16
1?
#89760
06
0?
#89765
16
1?
#89770
06
0?
#89775
16
1?
#89780
06
0?
#89785
16
1?
#89790
06
0?
#89795
16
1?
#89800
06
0?
#89805
16
1?
#89810
06
0?
#89815
16
1?
#89820
06
0?
#89825
16
1?
#89830
06
0?
#89835
16
1?
#89840
06
0?
#89845
16
1?
#89850
06
0?
#89855
16
1?
#89860
06
0?
#89865
16
1?
#89870
06
0?
#89875
16
1?
#89880
06
0?
#89885
16
1?
#89890
06
0?
#89895
16
1?
#89900
06
0?
#89905
16
1?
#89910
06
0?
#89915
16
1?
#89920
06
0?
#89925
16
1?
#89930
06
0?
#89935
16
1?
#89940
06
0?
#89945
16
1?
#89950
06
0?
#89955
16
1?
#89960
06
0?
#89965
16
1?
#89970
06
0?
#89975
16
1?
#89980
06
0?
#89985
16
1?
#89990
06
0?
#89995
16
1?
#90000
06
0?
#90005
16
1?
#90010
06
0?
#90015
16
1?
#90020
06
0?
#90025
16
1?
#90030
06
0?
#90035
16
1?
#90040
06
0?
#90045
16
1?
#90050
06
0?
#90055
16
1?
#90060
06
0?
#90065
16
1?
#90070
06
0?
#90075
16
1?
#90080
06
0?
#90085
16
1?
#90090
06
0?
#90095
16
1?
#90100
06
0?
#90105
16
1?
#90110
06
0?
#90115
16
1?
#90120
06
0?
#90125
16
1?
#90130
06
0?
#90135
16
1?
#90140
06
0?
#90145
16
1?
#90150
06
0?
#90155
16
1?
#90160
06
0?
#90165
16
1?
#90170
06
0?
#90175
16
1?
#90180
06
0?
#90185
16
1?
#90190
06
0?
#90195
16
1?
#90200
06
0?
#90205
16
1?
#90210
06
0?
#90215
16
1?
#90220
06
0?
#90225
16
1?
#90230
06
0?
#90235
16
1?
#90240
06
0?
#90245
16
1?
#90250
06
0?
#90255
16
1?
#90260
06
0?
#90265
16
1?
#90270
06
0?
#90275
16
1?
#90280
06
0?
#90285
16
1?
#90290
06
0?
#90295
16
1?
#90300
06
0?
#90305
16
1?
#90310
06
0?
#90315
16
1?
#90320
06
0?
#90325
16
1?
#90330
06
0?
#90335
16
1?
#90340
06
0?
#90345
16
1?
#90350
06
0?
#90355
16
1?
#90360
06
0?
#90365
16
1?
#90370
06
0?
#90375
16
1?
#90380
06
0?
#90385
16
1?
#90390
06
0?
#90395
16
1?
#90400
06
0?
#90405
16
1?
#90410
06
0?
#90415
16
1?
#90420
06
0?
#90425
16
1?
#90430
06
0?
#90435
16
1?
#90440
06
0?
#90445
16
1?
#90450
06
0?
#90455
16
1?
#90460
06
0?
#90465
16
1?
#90470
06
0?
#90475
16
1?
#90480
06
0?
#90485
16
1?
#90490
06
0?
#90495
16
1?
#90500
06
0?
#90505
16
1?
#90510
06
0?
#90515
16
1?
#90520
06
0?
#90525
16
1?
#90530
06
0?
#90535
16
1?
#90540
06
0?
#90545
16
1?
#90550
06
0?
#90555
16
1?
#90560
06
0?
#90565
16
1?
#90570
06
0?
#90575
16
1?
#90580
06
0?
#90585
16
1?
#90590
06
0?
#90595
16
1?
#90600
06
0?
#90605
16
1?
#90610
06
0?
#90615
16
1?
#90620
06
0?
#90625
16
1?
#90630
06
0?
#90635
16
1?
#90640
06
0?
#90645
16
1?
#90650
06
0?
#90655
16
1?
#90660
06
0?
#90665
16
1?
#90670
06
0?
#90675
16
1?
#90680
06
0?
#90685
16
1?
#90690
06
0?
#90695
16
1?
#90700
06
0?
#90705
16
1?
#90710
06
0?
#90715
16
1?
#90720
06
0?
#90725
16
1?
#90730
06
0?
#90735
16
1?
#90740
06
0?
#90745
16
1?
#90750
06
0?
#90755
16
1?
#90760
06
0?
#90765
16
1?
#90770
06
0?
#90775
16
1?
#90780
06
0?
#90785
16
1?
#90790
06
0?
#90795
16
1?
#90800
06
0?
#90805
16
1?
#90810
06
0?
#90815
16
1?
#90820
06
0?
#90825
16
1?
#90830
06
0?
#90835
16
1?
#90840
06
0?
#90845
16
1?
#90850
06
0?
#90855
16
1?
#90860
06
0?
#90865
16
1?
#90870
06
0?
#90875
16
1?
#90880
06
0?
#90885
16
1?
#90890
06
0?
#90895
16
1?
#90900
06
0?
#90905
16
1?
#90910
06
0?
#90915
16
1?
#90920
06
0?
#90925
16
1?
#90930
06
0?
#90935
16
1?
#90940
06
0?
#90945
16
1?
#90950
06
0?
#90955
16
1?
#90960
06
0?
#90965
16
1?
#90970
06
0?
#90975
16
1?
#90980
06
0?
#90985
16
1?
#90990
06
0?
#90995
16
1?
#91000
06
0?
#91005
16
1?
#91010
06
0?
#91015
16
1?
#91020
06
0?
#91025
16
1?
#91030
06
0?
#91035
16
1?
#91040
06
0?
#91045
16
1?
#91050
06
0?
#91055
16
1?
#91060
06
0?
#91065
16
1?
#91070
06
0?
#91075
16
1?
#91080
06
0?
#91085
16
1?
#91090
06
0?
#91095
16
1?
#91100
06
0?
#91105
16
1?
#91110
06
0?
#91115
16
1?
#91120
06
0?
#91125
16
1?
#91130
06
0?
#91135
16
1?
#91140
06
0?
#91145
16
1?
#91150
06
0?
#91155
16
1?
#91160
06
0?
#91165
16
1?
#91170
06
0?
#91175
16
1?
#91180
06
0?
#91185
16
1?
#91190
06
0?
#91195
16
1?
#91200
06
0?
#91205
16
1?
#91210
06
0?
#91215
16
1?
#91220
06
0?
#91225
16
1?
#91230
06
0?
#91235
16
1?
#91240
06
0?
#91245
16
1?
#91250
06
0?
#91255
16
1?
#91260
06
0?
#91265
16
1?
#91270
06
0?
#91275
16
1?
#91280
06
0?
#91285
16
1?
#91290
06
0?
#91295
16
1?
#91300
06
0?
#91305
16
1?
#91310
06
0?
#91315
16
1?
#91320
06
0?
#91325
16
1?
#91330
06
0?
#91335
16
1?
#91340
06
0?
#91345
16
1?
#91350
06
0?
#91355
16
1?
#91360
06
0?
#91365
16
1?
#91370
06
0?
#91375
16
1?
#91380
06
0?
#91385
16
1?
#91390
06
0?
#91395
16
1?
#91400
06
0?
#91405
16
1?
#91410
06
0?
#91415
16
1?
#91420
06
0?
#91425
16
1?
#91430
06
0?
#91435
16
1?
#91440
06
0?
#91445
16
1?
#91450
06
0?
#91455
16
1?
#91460
06
0?
#91465
16
1?
#91470
06
0?
#91475
16
1?
#91480
06
0?
#91485
16
1?
#91490
06
0?
#91495
16
1?
#91500
06
0?
#91505
16
1?
#91510
06
0?
#91515
16
1?
#91520
06
0?
#91525
16
1?
#91530
06
0?
#91535
16
1?
#91540
06
0?
#91545
16
1?
#91550
06
0?
#91555
16
1?
#91560
06
0?
#91565
16
1?
#91570
06
0?
#91575
16
1?
#91580
06
0?
#91585
16
1?
#91590
06
0?
#91595
16
1?
#91600
06
0?
#91605
16
1?
#91610
06
0?
#91615
16
1?
#91620
06
0?
#91625
16
1?
#91630
06
0?
#91635
16
1?
#91640
06
0?
#91645
16
1?
#91650
06
0?
#91655
16
1?
#91660
06
0?
#91665
16
1?
#91670
06
0?
#91675
16
1?
#91680
06
0?
#91685
16
1?
#91690
06
0?
#91695
16
1?
#91700
06
0?
#91705
16
1?
#91710
06
0?
#91715
16
1?
#91720
06
0?
#91725
16
1?
#91730
06
0?
#91735
16
1?
#91740
06
0?
#91745
16
1?
#91750
06
0?
#91755
16
1?
#91760
06
0?
#91765
16
1?
#91770
06
0?
#91775
16
1?
#91780
06
0?
#91785
16
1?
#91790
06
0?
#91795
16
1?
#91800
06
0?
#91805
16
1?
#91810
06
0?
#91815
16
1?
#91820
06
0?
#91825
16
1?
#91830
06
0?
#91835
16
1?
#91840
06
0?
#91845
16
1?
#91850
06
0?
#91855
16
1?
#91860
06
0?
#91865
16
1?
#91870
06
0?
#91875
16
1?
#91880
06
0?
#91885
16
1?
#91890
06
0?
#91895
16
1?
#91900
06
0?
#91905
16
1?
#91910
06
0?
#91915
16
1?
#91920
06
0?
#91925
16
1?
#91930
06
0?
#91935
16
1?
#91940
06
0?
#91945
16
1?
#91950
06
0?
#91955
16
1?
#91960
06
0?
#91965
16
1?
#91970
06
0?
#91975
16
1?
#91980
06
0?
#91985
16
1?
#91990
06
0?
#91995
16
1?
#92000
06
0?
#92005
16
1?
#92010
06
0?
#92015
16
1?
#92020
06
0?
#92025
16
1?
#92030
06
0?
#92035
16
1?
#92040
06
0?
#92045
16
1?
#92050
06
0?
#92055
16
1?
#92060
06
0?
#92065
16
1?
#92070
06
0?
#92075
16
1?
#92080
06
0?
#92085
16
1?
#92090
06
0?
#92095
16
1?
#92100
06
0?
#92105
16
1?
#92110
06
0?
#92115
16
1?
#92120
06
0?
#92125
16
1?
#92130
06
0?
#92135
16
1?
#92140
06
0?
#92145
16
1?
#92150
06
0?
#92155
16
1?
#92160
06
0?
#92165
16
1?
#92170
06
0?
#92175
16
1?
#92180
06
0?
#92185
16
1?
#92190
06
0?
#92195
16
1?
#92200
06
0?
#92205
16
1?
#92210
06
0?
#92215
16
1?
#92220
06
0?
#92225
16
1?
#92230
06
0?
#92235
16
1?
#92240
06
0?
#92245
16
1?
#92250
06
0?
#92255
16
1?
#92260
06
0?
#92265
16
1?
#92270
06
0?
#92275
16
1?
#92280
06
0?
#92285
16
1?
#92290
06
0?
#92295
16
1?
#92300
06
0?
#92305
16
1?
#92310
06
0?
#92315
16
1?
#92320
06
0?
#92325
16
1?
#92330
06
0?
#92335
16
1?
#92340
06
0?
#92345
16
1?
#92350
06
0?
#92355
16
1?
#92360
06
0?
#92365
16
1?
#92370
06
0?
#92375
16
1?
#92380
06
0?
#92385
16
1?
#92390
06
0?
#92395
16
1?
#92400
06
0?
#92405
16
1?
#92410
06
0?
#92415
16
1?
#92420
06
0?
#92425
16
1?
#92430
06
0?
#92435
16
1?
#92440
06
0?
#92445
16
1?
#92450
06
0?
#92455
16
1?
#92460
06
0?
#92465
16
1?
#92470
06
0?
#92475
16
1?
#92480
06
0?
#92485
16
1?
#92490
06
0?
#92495
16
1?
#92500
06
0?
#92505
16
1?
#92510
06
0?
#92515
16
1?
#92520
06
0?
#92525
16
1?
#92530
06
0?
#92535
16
1?
#92540
06
0?
#92545
16
1?
#92550
06
0?
#92555
16
1?
#92560
06
0?
#92565
16
1?
#92570
06
0?
#92575
16
1?
#92580
06
0?
#92585
16
1?
#92590
06
0?
#92595
16
1?
#92600
06
0?
#92605
16
1?
#92610
06
0?
#92615
16
1?
#92620
06
0?
#92625
16
1?
#92630
06
0?
#92635
16
1?
#92640
06
0?
#92645
16
1?
#92650
06
0?
#92655
16
1?
#92660
06
0?
#92665
16
1?
#92670
06
0?
#92675
16
1?
#92680
06
0?
#92685
16
1?
#92690
06
0?
#92695
16
1?
#92700
06
0?
#92705
16
1?
#92710
06
0?
#92715
16
1?
#92720
06
0?
#92725
16
1?
#92730
06
0?
#92735
16
1?
#92740
06
0?
#92745
16
1?
#92750
06
0?
#92755
16
1?
#92760
06
0?
#92765
16
1?
#92770
06
0?
#92775
16
1?
#92780
06
0?
#92785
16
1?
#92790
06
0?
#92795
16
1?
#92800
06
0?
#92805
16
1?
#92810
06
0?
#92815
16
1?
#92820
06
0?
#92825
16
1?
#92830
06
0?
#92835
16
1?
#92840
06
0?
#92845
16
1?
#92850
06
0?
#92855
16
1?
#92860
06
0?
#92865
16
1?
#92870
06
0?
#92875
16
1?
#92880
06
0?
#92885
16
1?
#92890
06
0?
#92895
16
1?
#92900
06
0?
#92905
16
1?
#92910
06
0?
#92915
16
1?
#92920
06
0?
#92925
16
1?
#92930
06
0?
#92935
16
1?
#92940
06
0?
#92945
16
1?
#92950
06
0?
#92955
16
1?
#92960
06
0?
#92965
16
1?
#92970
06
0?
#92975
16
1?
#92980
06
0?
#92985
16
1?
#92990
06
0?
#92995
16
1?
#93000
06
0?
#93005
16
1?
#93010
06
0?
#93015
16
1?
#93020
06
0?
#93025
16
1?
#93030
06
0?
#93035
16
1?
#93040
06
0?
#93045
16
1?
#93050
06
0?
#93055
16
1?
#93060
06
0?
#93065
16
1?
#93070
06
0?
#93075
16
1?
#93080
06
0?
#93085
16
1?
#93090
06
0?
#93095
16
1?
#93100
06
0?
#93105
16
1?
#93110
06
0?
#93115
16
1?
#93120
06
0?
#93125
16
1?
#93130
06
0?
#93135
16
1?
#93140
06
0?
#93145
16
1?
#93150
06
0?
#93155
16
1?
#93160
06
0?
#93165
16
1?
#93170
06
0?
#93175
16
1?
#93180
06
0?
#93185
16
1?
#93190
06
0?
#93195
16
1?
#93200
06
0?
#93205
16
1?
#93210
06
0?
#93215
16
1?
#93220
06
0?
#93225
16
1?
#93230
06
0?
#93235
16
1?
#93240
06
0?
#93245
16
1?
#93250
06
0?
#93255
16
1?
#93260
06
0?
#93265
16
1?
#93270
06
0?
#93275
16
1?
#93280
06
0?
#93285
16
1?
#93290
06
0?
#93295
16
1?
#93300
06
0?
#93305
16
1?
#93310
06
0?
#93315
16
1?
#93320
06
0?
#93325
16
1?
#93330
06
0?
#93335
16
1?
#93340
06
0?
#93345
16
1?
#93350
06
0?
#93355
16
1?
#93360
06
0?
#93365
16
1?
#93370
06
0?
#93375
16
1?
#93380
06
0?
#93385
16
1?
#93390
06
0?
#93395
16
1?
#93400
06
0?
#93405
16
1?
#93410
06
0?
#93415
16
1?
#93420
06
0?
#93425
16
1?
#93430
06
0?
#93435
16
1?
#93440
06
0?
#93445
16
1?
#93450
06
0?
#93455
16
1?
#93460
06
0?
#93465
16
1?
#93470
06
0?
#93475
16
1?
#93480
06
0?
#93485
16
1?
#93490
06
0?
#93495
16
1?
#93500
06
0?
#93505
16
1?
#93510
06
0?
#93515
16
1?
#93520
06
0?
#93525
16
1?
#93530
06
0?
#93535
16
1?
#93540
06
0?
#93545
16
1?
#93550
06
0?
#93555
16
1?
#93560
06
0?
#93565
16
1?
#93570
06
0?
#93575
16
1?
#93580
06
0?
#93585
16
1?
#93590
06
0?
#93595
16
1?
#93600
06
0?
#93605
16
1?
#93610
06
0?
#93615
16
1?
#93620
06
0?
#93625
16
1?
#93630
06
0?
#93635
16
1?
#93640
06
0?
#93645
16
1?
#93650
06
0?
#93655
16
1?
#93660
06
0?
#93665
16
1?
#93670
06
0?
#93675
16
1?
#93680
06
0?
#93685
16
1?
#93690
06
0?
#93695
16
1?
#93700
06
0?
#93705
16
1?
#93710
06
0?
#93715
16
1?
#93720
06
0?
#93725
16
1?
#93730
06
0?
#93735
16
1?
#93740
06
0?
#93745
16
1?
#93750
06
0?
#93755
16
1?
#93760
06
0?
#93765
16
1?
#93770
06
0?
#93775
16
1?
#93780
06
0?
#93785
16
1?
#93790
06
0?
#93795
16
1?
#93800
06
0?
#93805
16
1?
#93810
06
0?
#93815
16
1?
#93820
06
0?
#93825
16
1?
#93830
06
0?
#93835
16
1?
#93840
06
0?
#93845
16
1?
#93850
06
0?
#93855
16
1?
#93860
06
0?
#93865
16
1?
#93870
06
0?
#93875
16
1?
#93880
06
0?
#93885
16
1?
#93890
06
0?
#93895
16
1?
#93900
06
0?
#93905
16
1?
#93910
06
0?
#93915
16
1?
#93920
06
0?
#93925
16
1?
#93930
06
0?
#93935
16
1?
#93940
06
0?
#93945
16
1?
#93950
06
0?
#93955
16
1?
#93960
06
0?
#93965
16
1?
#93970
06
0?
#93975
16
1?
#93980
06
0?
#93985
16
1?
#93990
06
0?
#93995
16
1?
#94000
06
0?
#94005
16
1?
#94010
06
0?
#94015
16
1?
#94020
06
0?
#94025
16
1?
#94030
06
0?
#94035
16
1?
#94040
06
0?
#94045
16
1?
#94050
06
0?
#94055
16
1?
#94060
06
0?
#94065
16
1?
#94070
06
0?
#94075
16
1?
#94080
06
0?
#94085
16
1?
#94090
06
0?
#94095
16
1?
#94100
06
0?
#94105
16
1?
#94110
06
0?
#94115
16
1?
#94120
06
0?
#94125
16
1?
#94130
06
0?
#94135
16
1?
#94140
06
0?
#94145
16
1?
#94150
06
0?
#94155
16
1?
#94160
06
0?
#94165
16
1?
#94170
06
0?
#94175
16
1?
#94180
06
0?
#94185
16
1?
#94190
06
0?
#94195
16
1?
#94200
06
0?
#94205
16
1?
#94210
06
0?
#94215
16
1?
#94220
06
0?
#94225
16
1?
#94230
06
0?
#94235
16
1?
#94240
06
0?
#94245
16
1?
#94250
06
0?
#94255
16
1?
#94260
06
0?
#94265
16
1?
#94270
06
0?
#94275
16
1?
#94280
06
0?
#94285
16
1?
#94290
06
0?
#94295
16
1?
#94300
06
0?
#94305
16
1?
#94310
06
0?
#94315
16
1?
#94320
06
0?
#94325
16
1?
#94330
06
0?
#94335
16
1?
#94340
06
0?
#94345
16
1?
#94350
06
0?
#94355
16
1?
#94360
06
0?
#94365
16
1?
#94370
06
0?
#94375
16
1?
#94380
06
0?
#94385
16
1?
#94390
06
0?
#94395
16
1?
#94400
06
0?
#94405
16
1?
#94410
06
0?
#94415
16
1?
#94420
06
0?
#94425
16
1?
#94430
06
0?
#94435
16
1?
#94440
06
0?
#94445
16
1?
#94450
06
0?
#94455
16
1?
#94460
06
0?
#94465
16
1?
#94470
06
0?
#94475
16
1?
#94480
06
0?
#94485
16
1?
#94490
06
0?
#94495
16
1?
#94500
06
0?
#94505
16
1?
#94510
06
0?
#94515
16
1?
#94520
06
0?
#94525
16
1?
#94530
06
0?
#94535
16
1?
#94540
06
0?
#94545
16
1?
#94550
06
0?
#94555
16
1?
#94560
06
0?
#94565
16
1?
#94570
06
0?
#94575
16
1?
#94580
06
0?
#94585
16
1?
#94590
06
0?
#94595
16
1?
#94600
06
0?
#94605
16
1?
#94610
06
0?
#94615
16
1?
#94620
06
0?
#94625
16
1?
#94630
06
0?
#94635
16
1?
#94640
06
0?
#94645
16
1?
#94650
06
0?
#94655
16
1?
#94660
06
0?
#94665
16
1?
#94670
06
0?
#94675
16
1?
#94680
06
0?
#94685
16
1?
#94690
06
0?
#94695
16
1?
#94700
06
0?
#94705
16
1?
#94710
06
0?
#94715
16
1?
#94720
06
0?
#94725
16
1?
#94730
06
0?
#94735
16
1?
#94740
06
0?
#94745
16
1?
#94750
06
0?
#94755
16
1?
#94760
06
0?
#94765
16
1?
#94770
06
0?
#94775
16
1?
#94780
06
0?
#94785
16
1?
#94790
06
0?
#94795
16
1?
#94800
06
0?
#94805
16
1?
#94810
06
0?
#94815
16
1?
#94820
06
0?
#94825
16
1?
#94830
06
0?
#94835
16
1?
#94840
06
0?
#94845
16
1?
#94850
06
0?
#94855
16
1?
#94860
06
0?
#94865
16
1?
#94870
06
0?
#94875
16
1?
#94880
06
0?
#94885
16
1?
#94890
06
0?
#94895
16
1?
#94900
06
0?
#94905
16
1?
#94910
06
0?
#94915
16
1?
#94920
06
0?
#94925
16
1?
#94930
06
0?
#94935
16
1?
#94940
06
0?
#94945
16
1?
#94950
06
0?
#94955
16
1?
#94960
06
0?
#94965
16
1?
#94970
06
0?
#94975
16
1?
#94980
06
0?
#94985
16
1?
#94990
06
0?
#94995
16
1?
#95000
06
0?
#95005
16
1?
#95010
06
0?
#95015
16
1?
#95020
06
0?
#95025
16
1?
#95030
06
0?
#95035
16
1?
#95040
06
0?
#95045
16
1?
#95050
06
0?
#95055
16
1?
#95060
06
0?
#95065
16
1?
#95070
06
0?
#95075
16
1?
#95080
06
0?
#95085
16
1?
#95090
06
0?
#95095
16
1?
#95100
06
0?
#95105
16
1?
#95110
06
0?
#95115
16
1?
#95120
06
0?
#95125
16
1?
#95130
06
0?
#95135
16
1?
#95140
06
0?
#95145
16
1?
#95150
06
0?
#95155
16
1?
#95160
06
0?
#95165
16
1?
#95170
06
0?
#95175
16
1?
#95180
06
0?
#95185
16
1?
#95190
06
0?
#95195
16
1?
#95200
06
0?
#95205
16
1?
#95210
06
0?
#95215
16
1?
#95220
06
0?
#95225
16
1?
#95230
06
0?
#95235
16
1?
#95240
06
0?
#95245
16
1?
#95250
06
0?
#95255
16
1?
#95260
06
0?
#95265
16
1?
#95270
06
0?
#95275
16
1?
#95280
06
0?
#95285
16
1?
#95290
06
0?
#95295
16
1?
#95300
06
0?
#95305
16
1?
#95310
06
0?
#95315
16
1?
#95320
06
0?
#95325
16
1?
#95330
06
0?
#95335
16
1?
#95340
06
0?
#95345
16
1?
#95350
06
0?
#95355
16
1?
#95360
06
0?
#95365
16
1?
#95370
06
0?
#95375
16
1?
#95380
06
0?
#95385
16
1?
#95390
06
0?
#95395
16
1?
#95400
06
0?
#95405
16
1?
#95410
06
0?
#95415
16
1?
#95420
06
0?
#95425
16
1?
#95430
06
0?
#95435
16
1?
#95440
06
0?
#95445
16
1?
#95450
06
0?
#95455
16
1?
#95460
06
0?
#95465
16
1?
#95470
06
0?
#95475
16
1?
#95480
06
0?
#95485
16
1?
#95490
06
0?
#95495
16
1?
#95500
06
0?
#95505
16
1?
#95510
06
0?
#95515
16
1?
#95520
06
0?
#95525
16
1?
#95530
06
0?
#95535
16
1?
#95540
06
0?
#95545
16
1?
#95550
06
0?
#95555
16
1?
#95560
06
0?
#95565
16
1?
#95570
06
0?
#95575
16
1?
#95580
06
0?
#95585
16
1?
#95590
06
0?
#95595
16
1?
#95600
06
0?
#95605
16
1?
#95610
06
0?
#95615
16
1?
#95620
06
0?
#95625
16
1?
#95630
06
0?
#95635
16
1?
#95640
06
0?
#95645
16
1?
#95650
06
0?
#95655
16
1?
#95660
06
0?
#95665
16
1?
#95670
06
0?
#95675
16
1?
#95680
06
0?
#95685
16
1?
#95690
06
0?
#95695
16
1?
#95700
06
0?
#95705
16
1?
#95710
06
0?
#95715
16
1?
#95720
06
0?
#95725
16
1?
#95730
06
0?
#95735
16
1?
#95740
06
0?
#95745
16
1?
#95750
06
0?
#95755
16
1?
#95760
06
0?
#95765
16
1?
#95770
06
0?
#95775
16
1?
#95780
06
0?
#95785
16
1?
#95790
06
0?
#95795
16
1?
#95800
06
0?
#95805
16
1?
#95810
06
0?
#95815
16
1?
#95820
06
0?
#95825
16
1?
#95830
06
0?
#95835
16
1?
#95840
06
0?
#95845
16
1?
#95850
06
0?
#95855
16
1?
#95860
06
0?
#95865
16
1?
#95870
06
0?
#95875
16
1?
#95880
06
0?
#95885
16
1?
#95890
06
0?
#95895
16
1?
#95900
06
0?
#95905
16
1?
#95910
06
0?
#95915
16
1?
#95920
06
0?
#95925
16
1?
#95930
06
0?
#95935
16
1?
#95940
06
0?
#95945
16
1?
#95950
06
0?
#95955
16
1?
#95960
06
0?
#95965
16
1?
#95970
06
0?
#95975
16
1?
#95980
06
0?
#95985
16
1?
#95990
06
0?
#95995
16
1?
#96000
06
0?
#96005
16
1?
#96010
06
0?
#96015
16
1?
#96020
06
0?
#96025
16
1?
#96030
06
0?
#96035
16
1?
#96040
06
0?
#96045
16
1?
#96050
06
0?
#96055
16
1?
#96060
06
0?
#96065
16
1?
#96070
06
0?
#96075
16
1?
#96080
06
0?
#96085
16
1?
#96090
06
0?
#96095
16
1?
#96100
06
0?
#96105
16
1?
#96110
06
0?
#96115
16
1?
#96120
06
0?
#96125
16
1?
#96130
06
0?
#96135
16
1?
#96140
06
0?
#96145
16
1?
#96150
06
0?
#96155
16
1?
#96160
06
0?
#96165
16
1?
#96170
06
0?
#96175
16
1?
#96180
06
0?
#96185
16
1?
#96190
06
0?
#96195
16
1?
#96200
06
0?
#96205
16
1?
#96210
06
0?
#96215
16
1?
#96220
06
0?
#96225
16
1?
#96230
06
0?
#96235
16
1?
#96240
06
0?
#96245
16
1?
#96250
06
0?
#96255
16
1?
#96260
06
0?
#96265
16
1?
#96270
06
0?
#96275
16
1?
#96280
06
0?
#96285
16
1?
#96290
06
0?
#96295
16
1?
#96300
06
0?
#96305
16
1?
#96310
06
0?
#96315
16
1?
#96320
06
0?
#96325
16
1?
#96330
06
0?
#96335
16
1?
#96340
06
0?
#96345
16
1?
#96350
06
0?
#96355
16
1?
#96360
06
0?
#96365
16
1?
#96370
06
0?
#96375
16
1?
#96380
06
0?
#96385
16
1?
#96390
06
0?
#96395
16
1?
#96400
06
0?
#96405
16
1?
#96410
06
0?
#96415
16
1?
#96420
06
0?
#96425
16
1?
#96430
06
0?
#96435
16
1?
#96440
06
0?
#96445
16
1?
#96450
06
0?
#96455
16
1?
#96460
06
0?
#96465
16
1?
#96470
06
0?
#96475
16
1?
#96480
06
0?
#96485
16
1?
#96490
06
0?
#96495
16
1?
#96500
06
0?
#96505
16
1?
#96510
06
0?
#96515
16
1?
#96520
06
0?
#96525
16
1?
#96530
06
0?
#96535
16
1?
#96540
06
0?
#96545
16
1?
#96550
06
0?
#96555
16
1?
#96560
06
0?
#96565
16
1?
#96570
06
0?
#96575
16
1?
#96580
06
0?
#96585
16
1?
#96590
06
0?
#96595
16
1?
#96600
06
0?
#96605
16
1?
#96610
06
0?
#96615
16
1?
#96620
06
0?
#96625
16
1?
#96630
06
0?
#96635
16
1?
#96640
06
0?
#96645
16
1?
#96650
06
0?
#96655
16
1?
#96660
06
0?
#96665
16
1?
#96670
06
0?
#96675
16
1?
#96680
06
0?
#96685
16
1?
#96690
06
0?
#96695
16
1?
#96700
06
0?
#96705
16
1?
#96710
06
0?
#96715
16
1?
#96720
06
0?
#96725
16
1?
#96730
06
0?
#96735
16
1?
#96740
06
0?
#96745
16
1?
#96750
06
0?
#96755
16
1?
#96760
06
0?
#96765
16
1?
#96770
06
0?
#96775
16
1?
#96780
06
0?
#96785
16
1?
#96790
06
0?
#96795
16
1?
#96800
06
0?
#96805
16
1?
#96810
06
0?
#96815
16
1?
#96820
06
0?
#96825
16
1?
#96830
06
0?
#96835
16
1?
#96840
06
0?
#96845
16
1?
#96850
06
0?
#96855
16
1?
#96860
06
0?
#96865
16
1?
#96870
06
0?
#96875
16
1?
#96880
06
0?
#96885
16
1?
#96890
06
0?
#96895
16
1?
#96900
06
0?
#96905
16
1?
#96910
06
0?
#96915
16
1?
#96920
06
0?
#96925
16
1?
#96930
06
0?
#96935
16
1?
#96940
06
0?
#96945
16
1?
#96950
06
0?
#96955
16
1?
#96960
06
0?
#96965
16
1?
#96970
06
0?
#96975
16
1?
#96980
06
0?
#96985
16
1?
#96990
06
0?
#96995
16
1?
#97000
06
0?
#97005
16
1?
#97010
06
0?
#97015
16
1?
#97020
06
0?
#97025
16
1?
#97030
06
0?
#97035
16
1?
#97040
06
0?
#97045
16
1?
#97050
06
0?
#97055
16
1?
#97060
06
0?
#97065
16
1?
#97070
06
0?
#97075
16
1?
#97080
06
0?
#97085
16
1?
#97090
06
0?
#97095
16
1?
#97100
06
0?
#97105
16
1?
#97110
06
0?
#97115
16
1?
#97120
06
0?
#97125
16
1?
#97130
06
0?
#97135
16
1?
#97140
06
0?
#97145
16
1?
#97150
06
0?
#97155
16
1?
#97160
06
0?
#97165
16
1?
#97170
06
0?
#97175
16
1?
#97180
06
0?
#97185
16
1?
#97190
06
0?
#97195
16
1?
#97200
06
0?
#97205
16
1?
#97210
06
0?
#97215
16
1?
#97220
06
0?
#97225
16
1?
#97230
06
0?
#97235
16
1?
#97240
06
0?
#97245
16
1?
#97250
06
0?
#97255
16
1?
#97260
06
0?
#97265
16
1?
#97270
06
0?
#97275
16
1?
#97280
06
0?
#97285
16
1?
#97290
06
0?
#97295
16
1?
#97300
06
0?
#97305
16
1?
#97310
06
0?
#97315
16
1?
#97320
06
0?
#97325
16
1?
#97330
06
0?
#97335
16
1?
#97340
06
0?
#97345
16
1?
#97350
06
0?
#97355
16
1?
#97360
06
0?
#97365
16
1?
#97370
06
0?
#97375
16
1?
#97380
06
0?
#97385
16
1?
#97390
06
0?
#97395
16
1?
#97400
06
0?
#97405
16
1?
#97410
06
0?
#97415
16
1?
#97420
06
0?
#97425
16
1?
#97430
06
0?
#97435
16
1?
#97440
06
0?
#97445
16
1?
#97450
06
0?
#97455
16
1?
#97460
06
0?
#97465
16
1?
#97470
06
0?
#97475
16
1?
#97480
06
0?
#97485
16
1?
#97490
06
0?
#97495
16
1?
#97500
06
0?
#97505
16
1?
#97510
06
0?
#97515
16
1?
#97520
06
0?
#97525
16
1?
#97530
06
0?
#97535
16
1?
#97540
06
0?
#97545
16
1?
#97550
06
0?
#97555
16
1?
#97560
06
0?
#97565
16
1?
#97570
06
0?
#97575
16
1?
#97580
06
0?
#97585
16
1?
#97590
06
0?
#97595
16
1?
#97600
06
0?
#97605
16
1?
#97610
06
0?
#97615
16
1?
#97620
06
0?
#97625
16
1?
#97630
06
0?
#97635
16
1?
#97640
06
0?
#97645
16
1?
#97650
06
0?
#97655
16
1?
#97660
06
0?
#97665
16
1?
#97670
06
0?
#97675
16
1?
#97680
06
0?
#97685
16
1?
#97690
06
0?
#97695
16
1?
#97700
06
0?
#97705
16
1?
#97710
06
0?
#97715
16
1?
#97720
06
0?
#97725
16
1?
#97730
06
0?
#97735
16
1?
#97740
06
0?
#97745
16
1?
#97750
06
0?
#97755
16
1?
#97760
06
0?
#97765
16
1?
#97770
06
0?
#97775
16
1?
#97780
06
0?
#97785
16
1?
#97790
06
0?
#97795
16
1?
#97800
06
0?
#97805
16
1?
#97810
06
0?
#97815
16
1?
#97820
06
0?
#97825
16
1?
#97830
06
0?
#97835
16
1?
#97840
06
0?
#97845
16
1?
#97850
06
0?
#97855
16
1?
#97860
06
0?
#97865
16
1?
#97870
06
0?
#97875
16
1?
#97880
06
0?
#97885
16
1?
#97890
06
0?
#97895
16
1?
#97900
06
0?
#97905
16
1?
#97910
06
0?
#97915
16
1?
#97920
06
0?
#97925
16
1?
#97930
06
0?
#97935
16
1?
#97940
06
0?
#97945
16
1?
#97950
06
0?
#97955
16
1?
#97960
06
0?
#97965
16
1?
#97970
06
0?
#97975
16
1?
#97980
06
0?
#97985
16
1?
#97990
06
0?
#97995
16
1?
#98000
06
0?
#98005
16
1?
#98010
06
0?
#98015
16
1?
#98020
06
0?
#98025
16
1?
#98030
06
0?
#98035
16
1?
#98040
06
0?
#98045
16
1?
#98050
06
0?
#98055
16
1?
#98060
06
0?
#98065
16
1?
#98070
06
0?
#98075
16
1?
#98080
06
0?
#98085
16
1?
#98090
06
0?
#98095
16
1?
#98100
06
0?
#98105
16
1?
#98110
06
0?
#98115
16
1?
#98120
06
0?
#98125
16
1?
#98130
06
0?
#98135
16
1?
#98140
06
0?
#98145
16
1?
#98150
06
0?
#98155
16
1?
#98160
06
0?
#98165
16
1?
#98170
06
0?
#98175
16
1?
#98180
06
0?
#98185
16
1?
#98190
06
0?
#98195
16
1?
#98200
06
0?
#98205
16
1?
#98210
06
0?
#98215
16
1?
#98220
06
0?
#98225
16
1?
#98230
06
0?
#98235
16
1?
#98240
06
0?
#98245
16
1?
#98250
06
0?
#98255
16
1?
#98260
06
0?
#98265
16
1?
#98270
06
0?
#98275
16
1?
#98280
06
0?
#98285
16
1?
#98290
06
0?
#98295
16
1?
#98300
06
0?
#98305
16
1?
#98310
06
0?
#98315
16
1?
#98320
06
0?
#98325
16
1?
#98330
06
0?
#98335
16
1?
#98340
06
0?
#98345
16
1?
#98350
06
0?
#98355
16
1?
#98360
06
0?
#98365
16
1?
#98370
06
0?
#98375
16
1?
#98380
06
0?
#98385
16
1?
#98390
06
0?
#98395
16
1?
#98400
06
0?
#98405
16
1?
#98410
06
0?
#98415
16
1?
#98420
06
0?
#98425
16
1?
#98430
06
0?
#98435
16
1?
#98440
06
0?
#98445
16
1?
#98450
06
0?
#98455
16
1?
#98460
06
0?
#98465
16
1?
#98470
06
0?
#98475
16
1?
#98480
06
0?
#98485
16
1?
#98490
06
0?
#98495
16
1?
#98500
06
0?
#98505
16
1?
#98510
06
0?
#98515
16
1?
#98520
06
0?
#98525
16
1?
#98530
06
0?
#98535
16
1?
#98540
06
0?
#98545
16
1?
#98550
06
0?
#98555
16
1?
#98560
06
0?
#98565
16
1?
#98570
06
0?
#98575
16
1?
#98580
06
0?
#98585
16
1?
#98590
06
0?
#98595
16
1?
#98600
06
0?
#98605
16
1?
#98610
06
0?
#98615
16
1?
#98620
06
0?
#98625
16
1?
#98630
06
0?
#98635
16
1?
#98640
06
0?
#98645
16
1?
#98650
06
0?
#98655
16
1?
#98660
06
0?
#98665
16
1?
#98670
06
0?
#98675
16
1?
#98680
06
0?
#98685
16
1?
#98690
06
0?
#98695
16
1?
#98700
06
0?
#98705
16
1?
#98710
06
0?
#98715
16
1?
#98720
06
0?
#98725
16
1?
#98730
06
0?
#98735
16
1?
#98740
06
0?
#98745
16
1?
#98750
06
0?
#98755
16
1?
#98760
06
0?
#98765
16
1?
#98770
06
0?
#98775
16
1?
#98780
06
0?
#98785
16
1?
#98790
06
0?
#98795
16
1?
#98800
06
0?
#98805
16
1?
#98810
06
0?
#98815
16
1?
#98820
06
0?
#98825
16
1?
#98830
06
0?
#98835
16
1?
#98840
06
0?
#98845
16
1?
#98850
06
0?
#98855
16
1?
#98860
06
0?
#98865
16
1?
#98870
06
0?
#98875
16
1?
#98880
06
0?
#98885
16
1?
#98890
06
0?
#98895
16
1?
#98900
06
0?
#98905
16
1?
#98910
06
0?
#98915
16
1?
#98920
06
0?
#98925
16
1?
#98930
06
0?
#98935
16
1?
#98940
06
0?
#98945
16
1?
#98950
06
0?
#98955
16
1?
#98960
06
0?
#98965
16
1?
#98970
06
0?
#98975
16
1?
#98980
06
0?
#98985
16
1?
#98990
06
0?
#98995
16
1?
#99000
06
0?
#99005
16
1?
#99010
06
0?
#99015
16
1?
#99020
06
0?
#99025
16
1?
#99030
06
0?
#99035
16
1?
#99040
06
0?
#99045
16
1?
#99050
06
0?
#99055
16
1?
#99060
06
0?
#99065
16
1?
#99070
06
0?
#99075
16
1?
#99080
06
0?
#99085
16
1?
#99090
06
0?
#99095
16
1?
#99100
06
0?
#99105
16
1?
#99110
06
0?
#99115
16
1?
#99120
06
0?
#99125
16
1?
#99130
06
0?
#99135
16
1?
#99140
06
0?
#99145
16
1?
#99150
06
0?
#99155
16
1?
#99160
06
0?
#99165
16
1?
#99170
06
0?
#99175
16
1?
#99180
06
0?
#99185
16
1?
#99190
06
0?
#99195
16
1?
#99200
06
0?
#99205
16
1?
#99210
06
0?
#99215
16
1?
#99220
06
0?
#99225
16
1?
#99230
06
0?
#99235
16
1?
#99240
06
0?
#99245
16
1?
#99250
06
0?
#99255
16
1?
#99260
06
0?
#99265
16
1?
#99270
06
0?
#99275
16
1?
#99280
06
0?
#99285
16
1?
#99290
06
0?
#99295
16
1?
#99300
06
0?
#99305
16
1?
#99310
06
0?
#99315
16
1?
#99320
06
0?
#99325
16
1?
#99330
06
0?
#99335
16
1?
#99340
06
0?
#99345
16
1?
#99350
06
0?
#99355
16
1?
#99360
06
0?
#99365
16
1?
#99370
06
0?
#99375
16
1?
#99380
06
0?
#99385
16
1?
#99390
06
0?
#99395
16
1?
#99400
06
0?
#99405
16
1?
#99410
06
0?
#99415
16
1?
#99420
06
0?
#99425
16
1?
#99430
06
0?
#99435
16
1?
#99440
06
0?
#99445
16
1?
#99450
06
0?
#99455
16
1?
#99460
06
0?
#99465
16
1?
#99470
06
0?
#99475
16
1?
#99480
06
0?
#99485
16
1?
#99490
06
0?
#99495
16
1?
#99500
06
0?
#99505
16
1?
#99510
06
0?
#99515
16
1?
#99520
06
0?
#99525
16
1?
#99530
06
0?
#99535
16
1?
#99540
06
0?
#99545
16
1?
#99550
06
0?
#99555
16
1?
#99560
06
0?
#99565
16
1?
#99570
06
0?
#99575
16
1?
#99580
06
0?
#99585
16
1?
#99590
06
0?
#99595
16
1?
#99600
06
0?
#99605
16
1?
#99610
06
0?
#99615
16
1?
#99620
06
0?
#99625
16
1?
#99630
06
0?
#99635
16
1?
#99640
06
0?
#99645
16
1?
#99650
06
0?
#99655
16
1?
#99660
06
0?
#99665
16
1?
#99670
06
0?
#99675
16
1?
#99680
06
0?
#99685
16
1?
#99690
06
0?
#99695
16
1?
#99700
06
0?
#99705
16
1?
#99710
06
0?
#99715
16
1?
#99720
06
0?
#99725
16
1?
#99730
06
0?
#99735
16
1?
#99740
06
0?
#99745
16
1?
#99750
06
0?
#99755
16
1?
#99760
06
0?
#99765
16
1?
#99770
06
0?
#99775
16
1?
#99780
06
0?
#99785
16
1?
#99790
06
0?
#99795
16
1?
#99800
06
0?
#99805
16
1?
#99810
06
0?
#99815
16
1?
#99820
06
0?
#99825
16
1?
#99830
06
0?
#99835
16
1?
#99840
06
0?
#99845
16
1?
#99850
06
0?
#99855
16
1?
#99860
06
0?
#99865
16
1?
#99870
06
0?
#99875
16
1?
#99880
06
0?
#99885
16
1?
#99890
06
0?
#99895
16
1?
#99900
06
0?
#99905
16
1?
#99910
06
0?
#99915
16
1?
#99920
06
0?
#99925
16
1?
#99930
06
0?
#99935
16
1?
#99940
06
0?
#99945
16
1?
#99950
06
0?
#99955
16
1?
#99960
06
0?
#99965
16
1?
#99970
06
0?
#99975
16
1?
#99980
06
0?
#99985
16
1?
#99990
06
0?
#99995
16
1?
#100000
06
0?
