$date
	Tue May 27 18:55:39 2025
$end
$version
	Icarus Verilog
$end
$timescale
	1s
$end
$scope module testbench $end
$var wire 1 ! txd $end
$var wire 1 " clock_tx $end
$var wire 1 # clock_rx $end
$var reg 1 $ error $end
$var reg 1 % reset_ $end
$var reg 1 & rxd $end
$var reg 1 ' sampling $end
$scope function get_testcase $end
$upscope $end
$scope module clk_rx $end
$var wire 1 # clock $end
$var reg 1 ( CLOCK $end
$upscope $end
$scope module clk_tx $end
$var wire 1 " clock $end
$var reg 1 ) CLOCK $end
$upscope $end
$scope module dut $end
$var wire 1 # clock_rx $end
$var wire 1 " clock_tx $end
$var wire 1 % reset_ $end
$var wire 1 & rxd $end
$var wire 1 ! txd $end
$var wire 1 * rfd $end
$var wire 1 + dav_ $end
$var wire 8 , data [7:0] $end
$scope module rx $end
$var wire 1 # clock_rx $end
$var wire 8 - data [7:0] $end
$var wire 1 + dav_ $end
$var wire 1 % reset_ $end
$var wire 1 & rxd $end
$var wire 1 * rfd $end
$var reg 8 . BUFFER [7:0] $end
$var reg 3 / COUNT_BYTE [2:0] $end
$var reg 4 0 COUNT_CLK [3:0] $end
$var reg 1 1 DAV_ $end
$var reg 3 2 STAR [2:0] $end
$upscope $end
$scope module tx $end
$var wire 1 " clock_tx $end
$var wire 8 3 data [7:0] $end
$var wire 1 + dav_ $end
$var wire 1 % reset_ $end
$var wire 1 * rfd $end
$var wire 1 ! txd $end
$var reg 8 4 BUFFER [7:0] $end
$var reg 3 5 COUNT [2:0] $end
$var reg 1 6 RFD $end
$var reg 2 7 STAR [1:0] $end
$var reg 1 8 TXD $end
$upscope $end
$upscope $end
$scope fork f $end
$scope begin rx $end
$var reg 10 9 buffer [9:0] $end
$var reg 6 : i [5:0] $end
$var reg 5 ; j [4:0] $end
$upscope $end
$scope begin tx $end
$var reg 8 < expected [7:0] $end
$var reg 6 = i [5:0] $end
$var reg 4 > j [3:0] $end
$var reg 8 ? received [7:0] $end
$upscope $end
$upscope $end
$upscope $end
$enddefinitions $end
#0
$dumpvars
bx ?
bx >
bx =
bx <
bx ;
bx :
bx 9
18
b0 7
16
b111 5
bx 4
bx 3
b0 2
11
b1111 0
b111 /
bx .
bx -
bx ,
1+
1*
0)
0(
0'
1&
0%
0$
0#
0"
1!
$end
#6
1"
1)
#7
1#
1(
#12
0"
0)
#14
0#
0(
#18
1"
1)
#20
0&
b0 ;
b100001101 9
b0 :
b0 =
1%
#21
b1 2
1#
1(
#24
0"
0)
#28
0#
0(
#30
1"
1)
#35
bx0 ,
bx0 -
bx0 3
bx0 .
b1110 0
1#
1(
#36
0"
0)
#42
bx0 4
1"
1)
0#
0(
#48
0"
0)
#49
b1101 0
1#
1(
#54
1"
1)
#56
0#
0(
#60
0"
0)
#63
b1100 0
1#
1(
#66
1"
1)
#70
0#
0(
#72
0"
0)
#77
b1011 0
1#
1(
#78
1"
1)
#84
0"
0)
0#
0(
#90
1"
1)
#91
b1010 0
1#
1(
#96
0"
0)
#98
0#
0(
#102
1"
1)
#105
b1001 0
1#
1(
#108
0"
0)
#112
0#
0(
#114
1"
1)
#119
b1000 0
1#
1(
#120
0"
0)
#126
1"
1)
0#
0(
#132
0"
0)
#133
b111 0
1#
1(
#138
1"
1)
#140
0#
0(
#144
0"
0)
#147
b110 0
1#
1(
#150
1"
1)
#154
0#
0(
#156
0"
0)
#161
b101 0
1#
1(
#162
1"
1)
#168
0"
0)
0#
0(
#174
1"
1)
#175
b100 0
1#
1(
#180
0"
0)
#182
0#
0(
#186
1"
1)
#189
b11 0
1#
1(
#192
0"
0)
#196
0#
0(
#198
1"
1)
#203
b10 0
1#
1(
#204
0"
0)
#210
1"
1)
0#
0(
#216
0"
0)
#217
b1 0
1#
1(
#222
1"
1)
#224
0#
0(
#228
0"
0)
#231
b0 0
1#
1(
#234
1"
1)
#238
0#
0(
#240
0"
0)
#245
b10 2
b1111 0
1#
1(
#246
1"
1)
#247
b10000110 9
1&
b1 ;
#252
0"
0)
0#
0(
#258
1"
1)
#259
b1 2
b110 /
bx00 ,
bx00 -
bx00 3
bx00 .
1#
1(
#264
0"
0)
#266
0#
0(
#270
bx00 4
1"
1)
#273
bx01 ,
bx01 -
bx01 3
bx01 .
b1110 0
1#
1(
#276
0"
0)
#280
0#
0(
#282
bx01 4
1"
1)
#287
b1101 0
1#
1(
#288
0"
0)
#294
1"
1)
0#
0(
#300
0"
0)
#301
b1100 0
1#
1(
#306
1"
1)
#308
0#
0(
#312
0"
0)
#315
b1011 0
1#
1(
#318
1"
1)
#322
0#
0(
#324
0"
0)
#329
b1010 0
1#
1(
#330
1"
1)
#336
0"
0)
0#
0(
#342
1"
1)
#343
b1001 0
1#
1(
#348
0"
0)
#350
0#
0(
#354
1"
1)
#357
b1000 0
1#
1(
#360
0"
0)
#364
0#
0(
#366
1"
1)
#371
b111 0
1#
1(
#372
0"
0)
#378
1"
1)
0#
0(
#384
0"
0)
#385
b110 0
1#
1(
#390
1"
1)
#392
0#
0(
#396
0"
0)
#399
b101 0
1#
1(
#402
1"
1)
#406
0#
0(
#408
0"
0)
#413
b100 0
1#
1(
#414
1"
1)
#420
0"
0)
0#
0(
#426
1"
1)
#427
b11 0
1#
1(
#432
0"
0)
#434
0#
0(
#438
1"
1)
#441
b10 0
1#
1(
#444
0"
0)
#448
0#
0(
#450
1"
1)
#455
b1 0
1#
1(
#456
0"
0)
#462
1"
1)
0#
0(
#468
0"
0)
#469
b0 0
1#
1(
#474
1"
1)
b1000011 9
0&
b10 ;
#476
0#
0(
#480
0"
0)
#483
b10 2
bx00 ,
bx00 -
bx00 3
bx00 .
b1111 0
1#
1(
#486
bx00 4
1"
1)
#490
0#
0(
#492
0"
0)
#497
b1 2
b101 /
bx000 ,
bx000 -
bx000 3
bx000 .
1#
1(
#498
bx000 4
1"
1)
#504
0"
0)
0#
0(
#510
1"
1)
#511
b1110 0
1#
1(
#516
0"
0)
#518
0#
0(
#522
1"
1)
#525
b1101 0
1#
1(
#528
0"
0)
#532
0#
0(
#534
1"
1)
#539
b1100 0
1#
1(
#540
0"
0)
#546
1"
1)
0#
0(
#552
0"
0)
#553
b1011 0
1#
1(
#558
1"
1)
#560
0#
0(
#564
0"
0)
#567
b1010 0
1#
1(
#570
1"
1)
#574
0#
0(
#576
0"
0)
#581
b1001 0
1#
1(
#582
1"
1)
#588
0"
0)
0#
0(
#594
1"
1)
#595
b1000 0
1#
1(
#600
0"
0)
#602
0#
0(
#606
1"
1)
#609
b111 0
1#
1(
#612
0"
0)
#616
0#
0(
#618
1"
1)
#623
b110 0
1#
1(
#624
0"
0)
#630
1"
1)
0#
0(
#636
0"
0)
#637
b101 0
1#
1(
#642
1"
1)
#644
0#
0(
#648
0"
0)
#651
b100 0
1#
1(
#654
1"
1)
#658
0#
0(
#660
0"
0)
#665
b11 0
1#
1(
#666
1"
1)
#672
0"
0)
0#
0(
#678
1"
1)
#679
b10 0
1#
1(
#684
0"
0)
#686
0#
0(
#690
1"
1)
#693
b1 0
1#
1(
#696
0"
0)
#700
0#
0(
#701
b100001 9
1&
b11 ;
#702
1"
1)
#707
bx001 ,
bx001 -
bx001 3
bx001 .
b0 0
1#
1(
#708
0"
0)
#714
bx001 4
1"
1)
0#
0(
#720
0"
0)
#721
b10 2
b1111 0
1#
1(
#726
1"
1)
#728
0#
0(
#732
0"
0)
#735
b1 2
b100 /
bx0010 ,
bx0010 -
bx0010 3
bx0010 .
1#
1(
#738
bx0010 4
1"
1)
#742
0#
0(
#744
0"
0)
#749
bx0011 ,
bx0011 -
bx0011 3
bx0011 .
b1110 0
1#
1(
#750
bx0011 4
1"
1)
#756
0"
0)
0#
0(
#762
1"
1)
#763
b1101 0
1#
1(
#768
0"
0)
#770
0#
0(
#774
1"
1)
#777
b1100 0
1#
1(
#780
0"
0)
#784
0#
0(
#786
1"
1)
#791
b1011 0
1#
1(
#792
0"
0)
#798
1"
1)
0#
0(
#804
0"
0)
#805
b1010 0
1#
1(
#810
1"
1)
#812
0#
0(
#816
0"
0)
#819
b1001 0
1#
1(
#822
1"
1)
#826
0#
0(
#828
0"
0)
#833
b1000 0
1#
1(
#834
1"
1)
#840
0"
0)
0#
0(
#846
1"
1)
#847
b111 0
1#
1(
#852
0"
0)
#854
0#
0(
#858
1"
1)
#861
b110 0
1#
1(
#864
0"
0)
#868
0#
0(
#870
1"
1)
#875
b101 0
1#
1(
#876
0"
0)
#882
1"
1)
0#
0(
#888
0"
0)
#889
b100 0
1#
1(
#894
1"
1)
#896
0#
0(
#900
0"
0)
#903
b11 0
1#
1(
#906
1"
1)
#910
0#
0(
#912
0"
0)
#917
b10 0
1#
1(
#918
1"
1)
#924
0"
0)
0#
0(
#928
b10000 9
b100 ;
#930
1"
1)
#931
b1 0
1#
1(
#936
0"
0)
#938
0#
0(
#942
1"
1)
#945
b0 0
1#
1(
#948
0"
0)
#952
0#
0(
#954
1"
1)
#959
b10 2
b1111 0
1#
1(
#960
0"
0)
#966
1"
1)
0#
0(
#972
0"
0)
#973
b1 2
b11 /
bx00110 ,
bx00110 -
bx00110 3
bx00110 .
1#
1(
#978
bx00110 4
1"
1)
#980
0#
0(
#984
0"
0)
#987
bx00111 ,
bx00111 -
bx00111 3
bx00111 .
b1110 0
1#
1(
#990
bx00111 4
1"
1)
#994
0#
0(
#996
0"
0)
#1001
b1101 0
1#
1(
#1002
1"
1)
#1008
0"
0)
0#
0(
#1014
1"
1)
#1015
b1100 0
1#
1(
#1020
0"
0)
#1022
0#
0(
#1026
1"
1)
#1029
b1011 0
1#
1(
#1032
0"
0)
#1036
0#
0(
#1038
1"
1)
#1043
b1010 0
1#
1(
#1044
0"
0)
#1050
1"
1)
0#
0(
#1056
0"
0)
#1057
b1001 0
1#
1(
#1062
1"
1)
#1064
0#
0(
#1068
0"
0)
#1071
b1000 0
1#
1(
#1074
1"
1)
#1078
0#
0(
#1080
0"
0)
#1085
b111 0
1#
1(
#1086
1"
1)
#1092
0"
0)
0#
0(
#1098
1"
1)
#1099
b110 0
1#
1(
#1104
0"
0)
#1106
0#
0(
#1110
1"
1)
#1113
b101 0
1#
1(
#1116
0"
0)
#1120
0#
0(
#1122
1"
1)
#1127
b100 0
1#
1(
#1128
0"
0)
#1134
1"
1)
0#
0(
#1140
0"
0)
#1141
b11 0
1#
1(
#1146
1"
1)
#1148
0#
0(
#1152
0"
0)
#1155
bx00110 ,
bx00110 -
bx00110 3
bx00110 .
b10 0
1#
1(
b1000 9
0&
b101 ;
#1158
bx00110 4
1"
1)
#1162
0#
0(
#1164
0"
0)
#1169
b1 0
1#
1(
#1170
1"
1)
#1176
0"
0)
0#
0(
#1182
1"
1)
#1183
b0 0
1#
1(
#1188
0"
0)
#1190
0#
0(
#1194
1"
1)
#1197
b10 2
b1111 0
1#
1(
#1200
0"
0)
#1204
0#
0(
#1206
1"
1)
#1211
b1 2
b10 /
bx001100 ,
bx001100 -
bx001100 3
bx001100 .
1#
1(
#1212
0"
0)
#1218
bx001100 4
1"
1)
0#
0(
#1224
0"
0)
#1225
b1110 0
1#
1(
#1230
1"
1)
#1232
0#
0(
#1236
0"
0)
#1239
b1101 0
1#
1(
#1242
1"
1)
#1246
0#
0(
#1248
0"
0)
#1253
b1100 0
1#
1(
#1254
1"
1)
#1260
0"
0)
0#
0(
#1266
1"
1)
#1267
b1011 0
1#
1(
#1272
0"
0)
#1274
0#
0(
#1278
1"
1)
#1281
b1010 0
1#
1(
#1284
0"
0)
#1288
0#
0(
#1290
1"
1)
#1295
b1001 0
1#
1(
#1296
0"
0)
#1302
1"
1)
0#
0(
#1308
0"
0)
#1309
b1000 0
1#
1(
#1314
1"
1)
#1316
0#
0(
#1320
0"
0)
#1323
b111 0
1#
1(
#1326
1"
1)
#1330
0#
0(
#1332
0"
0)
#1337
b110 0
1#
1(
#1338
1"
1)
#1344
0"
0)
0#
0(
#1350
1"
1)
#1351
b101 0
1#
1(
#1356
0"
0)
#1358
0#
0(
#1362
1"
1)
#1365
b100 0
1#
1(
#1368
0"
0)
#1372
0#
0(
#1374
1"
1)
#1379
b11 0
1#
1(
#1380
0"
0)
#1382
b100 9
b110 ;
#1386
1"
1)
0#
0(
#1392
0"
0)
#1393
b10 0
1#
1(
#1398
1"
1)
#1400
0#
0(
#1404
0"
0)
#1407
b1 0
1#
1(
#1410
1"
1)
#1414
0#
0(
#1416
0"
0)
#1421
b0 0
1#
1(
#1422
1"
1)
#1428
0"
0)
0#
0(
#1434
1"
1)
#1435
b10 2
b1111 0
1#
1(
#1440
0"
0)
#1442
0#
0(
#1446
1"
1)
#1449
b1 2
b1 /
bx0011000 ,
bx0011000 -
bx0011000 3
bx0011000 .
1#
1(
#1452
0"
0)
#1456
0#
0(
#1458
bx0011000 4
1"
1)
#1463
b1110 0
1#
1(
#1464
0"
0)
#1470
1"
1)
0#
0(
#1476
0"
0)
#1477
b1101 0
1#
1(
#1482
1"
1)
#1484
0#
0(
#1488
0"
0)
#1491
b1100 0
1#
1(
#1494
1"
1)
#1498
0#
0(
#1500
0"
0)
#1505
b1011 0
1#
1(
#1506
1"
1)
#1512
0"
0)
0#
0(
#1518
1"
1)
#1519
b1010 0
1#
1(
#1524
0"
0)
#1526
0#
0(
#1530
1"
1)
#1533
b1001 0
1#
1(
#1536
0"
0)
#1540
0#
0(
#1542
1"
1)
#1547
b1000 0
1#
1(
#1548
0"
0)
#1554
1"
1)
0#
0(
#1560
0"
0)
#1561
b111 0
1#
1(
#1566
1"
1)
#1568
0#
0(
#1572
0"
0)
#1575
b110 0
1#
1(
#1578
1"
1)
#1582
0#
0(
#1584
0"
0)
#1589
b101 0
1#
1(
#1590
1"
1)
#1596
0"
0)
0#
0(
#1602
1"
1)
#1603
b100 0
1#
1(
#1608
0"
0)
#1609
b10 9
b111 ;
#1610
0#
0(
#1614
1"
1)
#1617
b11 0
1#
1(
#1620
0"
0)
#1624
0#
0(
#1626
1"
1)
#1631
b10 0
1#
1(
#1632
0"
0)
#1638
1"
1)
0#
0(
#1644
0"
0)
#1645
b1 0
1#
1(
#1650
1"
1)
#1652
0#
0(
#1656
0"
0)
#1659
b0 0
1#
1(
#1662
1"
1)
#1666
0#
0(
#1668
0"
0)
#1673
b10 2
b1111 0
1#
1(
#1674
1"
1)
#1680
0"
0)
0#
0(
#1686
1"
1)
#1687
b1 2
b0 /
b110000 ,
b110000 -
b110000 3
b110000 .
1#
1(
#1692
0"
0)
#1694
0#
0(
#1698
b110000 4
1"
1)
#1701
b1110 0
1#
1(
#1704
0"
0)
#1708
0#
0(
#1710
1"
1)
#1715
b1101 0
1#
1(
#1716
0"
0)
#1722
1"
1)
0#
0(
#1728
0"
0)
#1729
b1100 0
1#
1(
#1734
1"
1)
#1736
0#
0(
#1740
0"
0)
#1743
b1011 0
1#
1(
#1746
1"
1)
#1750
0#
0(
#1752
0"
0)
#1757
b1010 0
1#
1(
#1758
1"
1)
#1764
0"
0)
0#
0(
#1770
1"
1)
#1771
b1001 0
1#
1(
#1776
0"
0)
#1778
0#
0(
#1782
1"
1)
#1785
b1000 0
1#
1(
#1788
0"
0)
#1792
0#
0(
#1794
1"
1)
#1799
b111 0
1#
1(
#1800
0"
0)
#1806
1"
1)
0#
0(
#1812
0"
0)
#1813
b110 0
1#
1(
#1818
1"
1)
#1820
0#
0(
#1824
0"
0)
#1827
b101 0
1#
1(
#1830
1"
1)
#1834
0#
0(
#1836
0"
0)
b1 9
b1000 ;
#1841
b100 0
1#
1(
#1842
1"
1)
#1848
0"
0)
0#
0(
#1854
1"
1)
#1855
b11 0
1#
1(
#1860
0"
0)
#1862
0#
0(
#1866
1"
1)
#1869
b10 0
1#
1(
#1872
0"
0)
#1876
0#
0(
#1878
1"
1)
#1883
b1 0
1#
1(
#1884
0"
0)
#1890
1"
1)
0#
0(
#1896
0"
0)
#1897
b0 0
1#
1(
#1902
1"
1)
#1904
0#
0(
#1908
0"
0)
#1911
b10 2
b1111 0
1#
1(
#1914
1"
1)
#1918
0#
0(
#1920
0"
0)
#1925
b11 2
b111 /
b1100000 ,
b1100000 -
b1100000 3
b1100000 .
1#
1(
#1926
b1100000 4
1"
1)
#1932
0"
0)
0#
0(
#1938
1"
1)
#1939
b100 2
1#
1(
#1944
0"
0)
#1946
0#
0(
#1950
1"
1)
#1953
0+
01
1#
1(
#1956
0"
0)
#1960
0#
0(
#1962
b1 7
1"
1)
#1967
1#
1(
#1968
0"
0)
#1974
b10 7
0!
08
0*
06
1"
1)
0#
0(
#1980
0"
0)
b0 >
b0 ?
b1101 <
1'
#1981
b0 2
1#
1(
0'
#1986
b110 5
b11000000 4
1"
1)
#1988
0#
0(
#1992
0"
0)
b1 >
1'
#1993
0'
#1995
b1 2
1+
11
1#
1(
#1998
b101 5
b10000000 4
1!
18
1"
1)
#2002
0#
0(
#2004
0"
0)
b10 >
b10 ?
1'
#2005
0'
#2009
b1110 0
1#
1(
#2010
b100 5
b0 4
1"
1)
#2016
0"
0)
0#
0(
b11 >
b110 ?
1'
#2017
0'
#2022
b11 5
0!
08
1"
1)
#2023
b1101 0
1#
1(
#2028
0"
0)
b100 >
1'
#2029
0'
#2030
0#
0(
#2034
b10 5
1"
1)
#2037
b1100 0
1#
1(
#2040
0"
0)
b101 >
1'
#2041
0'
#2044
0#
0(
#2046
b1 5
1"
1)
#2051
b1011 0
1#
1(
#2052
0"
0)
b110 >
1'
#2053
0'
#2058
b0 5
1"
1)
0#
0(
#2063
b0 9
1&
b1001 ;
#2064
0"
0)
b111 >
1'
#2065
b1100001 ,
b1100001 -
b1100001 3
b1100001 .
b1010 0
1#
1(
0'
#2070
b0 7
b111 5
1"
1)
#2072
0#
0(
#2076
0"
0)
b1000 >
1'
#2077
0'
#2079
b1001 0
1#
1(
#2082
1!
18
b1100001 4
1*
16
1"
1)
#2086
0#
0(
#2088
0"
0)
b1 =
1$
1'
#2089
0$
0'
#2093
b1000 0
1#
1(
#2094
1"
1)
#2100
0"
0)
0#
0(
#2106
1"
1)
#2107
b111 0
1#
1(
#2112
0"
0)
#2114
0#
0(
#2118
1"
1)
#2121
b110 0
1#
1(
#2124
0"
0)
#2128
0#
0(
#2130
1"
1)
#2135
b101 0
1#
1(
#2136
0"
0)
#2142
1"
1)
0#
0(
#2148
0"
0)
#2149
b100 0
1#
1(
#2154
1"
1)
#2156
0#
0(
#2160
0"
0)
#2163
b11 0
1#
1(
#2166
1"
1)
#2170
0#
0(
#2172
0"
0)
#2177
b10 0
1#
1(
#2178
1"
1)
#2184
0"
0)
0#
0(
#2190
1"
1)
#2191
b1 0
1#
1(
#2196
0"
0)
#2198
0#
0(
#2202
1"
1)
#2205
b0 0
1#
1(
#2208
0"
0)
#2212
0#
0(
#2214
1"
1)
#2219
b10 2
b1111 0
1#
1(
#2220
0"
0)
#2226
1"
1)
0#
0(
#2232
0"
0)
#2233
b1 2
b110 /
b11000010 ,
b11000010 -
b11000010 3
b11000010 .
1#
1(
#2238
b11000010 4
1"
1)
#2240
0#
0(
#2244
0"
0)
#2247
b11000011 ,
b11000011 -
b11000011 3
b11000011 .
b1110 0
1#
1(
#2250
b11000011 4
1"
1)
#2254
0#
0(
#2256
0"
0)
#2261
b1101 0
1#
1(
#2262
1"
1)
#2268
0"
0)
0#
0(
#2274
1"
1)
#2275
b1100 0
1#
1(
#2280
0"
0)
#2282
0#
0(
#2286
1"
1)
#2289
b1011 0
1#
1(
#2290
b1010 ;
#2292
0"
0)
#2296
0#
0(
#2298
1"
1)
#2303
b1010 0
1#
1(
#2304
0"
0)
#2310
1"
1)
0#
0(
#2316
0"
0)
#2317
b1001 0
1#
1(
#2322
1"
1)
#2324
0#
0(
#2328
0"
0)
#2331
b1000 0
1#
1(
#2334
1"
1)
#2338
0#
0(
#2340
0"
0)
#2345
b111 0
1#
1(
#2346
1"
1)
#2352
0"
0)
0#
0(
#2358
1"
1)
#2359
b110 0
1#
1(
#2364
0"
0)
#2366
0#
0(
#2370
1"
1)
#2373
b101 0
1#
1(
#2376
0"
0)
#2380
0#
0(
#2382
1"
1)
#2387
b100 0
1#
1(
#2388
0"
0)
#2394
1"
1)
0#
0(
#2400
0"
0)
#2401
b11 0
1#
1(
#2406
1"
1)
#2408
0#
0(
#2412
0"
0)
#2415
b10 0
1#
1(
#2418
1"
1)
#2422
0#
0(
#2424
0"
0)
#2429
b1 0
1#
1(
#2430
1"
1)
#2436
0"
0)
0#
0(
#2442
1"
1)
#2443
b0 0
1#
1(
#2448
0"
0)
#2450
0#
0(
#2454
1"
1)
#2457
b10 2
b1111 0
1#
1(
#2460
0"
0)
#2464
0#
0(
#2466
1"
1)
#2471
b1 2
b101 /
b10000110 ,
b10000110 -
b10000110 3
b10000110 .
1#
1(
#2472
0"
0)
#2478
b10000110 4
1"
1)
0#
0(
#2484
0"
0)
#2485
b10000111 ,
b10000111 -
b10000111 3
b10000111 .
b1110 0
1#
1(
#2490
b10000111 4
1"
1)
#2492
0#
0(
#2496
0"
0)
#2499
b1101 0
1#
1(
#2502
1"
1)
#2506
0#
0(
#2508
0"
0)
#2513
b1100 0
1#
1(
#2514
1"
1)
#2520
0"
0)
0#
0(
#2526
1"
1)
#2527
b1011 0
1#
1(
#2532
0"
0)
#2534
0#
0(
#2538
1"
1)
#2541
b1010 0
1#
1(
#2544
0"
0)
#2548
0#
0(
#2550
1"
1)
#2555
b1001 0
1#
1(
#2556
0"
0)
#2562
1"
1)
0#
0(
#2568
0"
0)
#2569
b1000 0
1#
1(
#2574
1"
1)
#2576
0#
0(
#2580
0"
0)
#2583
b111 0
1#
1(
#2586
1"
1)
#2590
0#
0(
#2592
0"
0)
#2597
b110 0
1#
1(
#2598
1"
1)
#2604
0"
0)
0#
0(
#2610
1"
1)
#2611
b101 0
1#
1(
#2616
0"
0)
#2618
0#
0(
#2622
1"
1)
#2625
b100 0
1#
1(
#2628
0"
0)
#2632
0#
0(
#2634
1"
1)
#2639
b11 0
1#
1(
#2640
0"
0)
#2646
1"
1)
0#
0(
#2652
0"
0)
#2653
b10 0
1#
1(
#2658
1"
1)
#2660
0#
0(
#2664
0"
0)
#2667
b1 0
1#
1(
#2670
1"
1)
#2674
0#
0(
#2676
0"
0)
#2681
b0 0
1#
1(
#2682
1"
1)
#2688
0"
0)
0#
0(
#2694
1"
1)
#2695
b10 2
b1111 0
1#
1(
#2700
0"
0)
#2702
0#
0(
#2706
1"
1)
#2709
b1 2
b100 /
b1110 ,
b1110 -
b1110 3
b1110 .
1#
1(
#2712
0"
0)
#2716
0#
0(
#2718
b1110 4
1"
1)
#2723
b1111 ,
b1111 -
b1111 3
b1111 .
b1110 0
1#
1(
#2724
0"
0)
#2730
b1111 4
1"
1)
0#
0(
#2736
0"
0)
#2737
b1101 0
1#
1(
#2742
1"
1)
#2744
0#
0(
#2748
0"
0)
#2751
b1100 0
1#
1(
#2754
1"
1)
#2758
0#
0(
#2760
0"
0)
#2765
b1011 0
1#
1(
#2766
1"
1)
#2772
0"
0)
0#
0(
#2778
1"
1)
#2779
b1010 0
1#
1(
#2784
0"
0)
#2786
0#
0(
#2790
1"
1)
#2793
b1001 0
1#
1(
#2796
0"
0)
#2800
0#
0(
#2802
1"
1)
#2807
b1000 0
1#
1(
#2808
0"
0)
#2814
1"
1)
0#
0(
#2820
0"
0)
#2821
b111 0
1#
1(
#2826
1"
1)
#2828
0#
0(
#2832
0"
0)
#2835
b110 0
1#
1(
#2838
1"
1)
#2842
0#
0(
#2844
0"
0)
#2849
b101 0
1#
1(
#2850
1"
1)
#2856
0"
0)
0#
0(
#2862
1"
1)
#2863
b100 0
1#
1(
#2868
0"
0)
#2870
0#
0(
#2874
1"
1)
#2877
b11 0
1#
1(
#2880
0"
0)
#2884
0#
0(
#2886
1"
1)
#2891
b10 0
1#
1(
#2892
0"
0)
#2898
1"
1)
0#
0(
#2904
0"
0)
#2905
b1 0
1#
1(
#2910
1"
1)
#2912
0#
0(
#2916
0"
0)
#2919
b0 0
1#
1(
#2922
1"
1)
#2926
0#
0(
#2928
0"
0)
#2933
b10 2
b1111 0
1#
1(
#2934
1"
1)
#2940
0"
0)
0#
0(
#2946
1"
1)
#2947
b1 2
b11 /
b11110 ,
b11110 -
b11110 3
b11110 .
1#
1(
#2952
0"
0)
#2954
0#
0(
#2958
b11110 4
1"
1)
#2961
b11111 ,
b11111 -
b11111 3
b11111 .
b1110 0
1#
1(
#2964
0"
0)
#2968
0#
0(
#2970
b11111 4
1"
1)
#2975
b1101 0
1#
1(
#2976
0"
0)
#2982
1"
1)
0#
0(
#2988
0"
0)
#2989
b1100 0
1#
1(
#2994
1"
1)
#2996
0#
0(
#3000
0"
0)
#3003
b1011 0
1#
1(
#3006
1"
1)
#3010
0#
0(
#3012
0"
0)
#3017
b1010 0
1#
1(
#3018
1"
1)
#3024
0"
0)
0#
0(
#3030
1"
1)
#3031
b1001 0
1#
1(
#3036
0"
0)
#3038
0#
0(
#3042
1"
1)
#3045
b1000 0
1#
1(
#3048
0"
0)
#3052
0#
0(
#3054
1"
1)
#3059
b111 0
1#
1(
#3060
0"
0)
#3066
1"
1)
0#
0(
#3072
0"
0)
#3073
b110 0
1#
1(
#3078
1"
1)
#3080
0#
0(
#3084
0"
0)
#3087
b101 0
1#
1(
#3090
1"
1)
#3094
0#
0(
#3096
0"
0)
#3101
b100 0
1#
1(
#3102
1"
1)
#3108
0"
0)
0#
0(
#3114
1"
1)
#3115
b11 0
1#
1(
#3120
0"
0)
#3122
0#
0(
#3126
1"
1)
#3129
b10 0
1#
1(
#3132
0"
0)
#3136
0#
0(
#3138
1"
1)
#3143
b1 0
1#
1(
#3144
0"
0)
#3150
1"
1)
0#
0(
#3156
0"
0)
#3157
b0 0
1#
1(
#3162
1"
1)
#3164
0#
0(
#3168
0"
0)
#3171
b10 2
b1111 0
1#
1(
#3174
1"
1)
#3178
0#
0(
#3180
0"
0)
#3185
b1 2
b10 /
b111110 ,
b111110 -
b111110 3
b111110 .
1#
1(
#3186
b111110 4
1"
1)
#3192
0"
0)
0#
0(
#3198
1"
1)
#3199
b111111 ,
b111111 -
b111111 3
b111111 .
b1110 0
1#
1(
#3204
0"
0)
#3206
0#
0(
#3210
b111111 4
1"
1)
#3213
b1101 0
1#
1(
#3216
0"
0)
#3220
0#
0(
#3222
1"
1)
#3227
b1100 0
1#
1(
#3228
0"
0)
#3234
1"
1)
0#
0(
#3240
0"
0)
#3241
b1011 0
1#
1(
#3246
1"
1)
#3248
0#
0(
#3252
0"
0)
#3255
b1010 0
1#
1(
#3258
1"
1)
#3262
0#
0(
#3264
0"
0)
#3269
b1001 0
1#
1(
#3270
1"
1)
#3276
0"
0)
0#
0(
#3282
1"
1)
#3283
b1000 0
1#
1(
#3288
0"
0)
#3290
0#
0(
#3294
1"
1)
#3297
b111 0
1#
1(
#3300
0"
0)
#3304
0#
0(
#3306
1"
1)
#3311
b110 0
1#
1(
#3312
0"
0)
#3318
1"
1)
0#
0(
#3324
0"
0)
#3325
b101 0
1#
1(
#3330
1"
1)
#3332
0#
0(
#3336
0"
0)
#3339
b100 0
1#
1(
#3342
1"
1)
#3346
0#
0(
#3348
0"
0)
#3353
b11 0
1#
1(
#3354
1"
1)
#3360
0"
0)
0#
0(
#3366
1"
1)
#3367
b10 0
1#
1(
#3372
0"
0)
#3374
0#
0(
#3378
1"
1)
#3381
b1 0
1#
1(
#3384
0"
0)
#3388
0#
0(
#3390
1"
1)
#3395
b0 0
1#
1(
#3396
0"
0)
#3402
1"
1)
0#
0(
#3408
0"
0)
#3409
b10 2
b1111 0
1#
1(
#3414
1"
1)
#3416
0#
0(
#3420
0"
0)
#3423
b1 2
b1 /
b1111110 ,
b1111110 -
b1111110 3
b1111110 .
1#
1(
#3426
b1111110 4
1"
1)
#3430
0#
0(
#3432
0"
0)
#3437
b1111111 ,
b1111111 -
b1111111 3
b1111111 .
b1110 0
1#
1(
#3438
b1111111 4
1"
1)
#3444
0"
0)
0#
0(
#3450
1"
1)
#3451
b1101 0
1#
1(
#3456
0"
0)
#3458
0#
0(
#3462
1"
1)
#3465
b1100 0
1#
1(
#3468
0"
0)
#3472
0#
0(
#3474
1"
1)
#3479
b1011 0
1#
1(
#3480
0"
0)
#3486
1"
1)
0#
0(
#3492
0"
0)
#3493
b1010 0
1#
1(
#3498
1"
1)
#3500
0#
0(
#3504
0"
0)
#3507
b1001 0
1#
1(
#3510
1"
1)
#3514
0#
0(
#3516
0"
0)
#3521
b1000 0
1#
1(
#3522
1"
1)
#3528
0"
0)
0#
0(
#3534
1"
1)
#3535
b111 0
1#
1(
#3540
0"
0)
#3542
0#
0(
#3546
1"
1)
#3549
b110 0
1#
1(
#3552
0"
0)
#3556
0#
0(
#3558
1"
1)
#3563
b101 0
1#
1(
#3564
0"
0)
#3570
1"
1)
0#
0(
#3576
0"
0)
#3577
b100 0
1#
1(
#3582
1"
1)
#3584
0#
0(
#3588
0"
0)
#3591
b11 0
1#
1(
#3594
1"
1)
#3598
0#
0(
#3600
0"
0)
#3605
b10 0
1#
1(
#3606
1"
1)
#3612
0"
0)
0#
0(
#3618
1"
1)
#3619
b1 0
1#
1(
#3624
0"
0)
#3626
0#
0(
#3630
1"
1)
#3633
b0 0
1#
1(
#3636
0"
0)
#3640
0#
0(
#3642
1"
1)
#3647
b10 2
b1111 0
1#
1(
#3648
0"
0)
#3654
1"
1)
0#
0(
#3660
0"
0)
#3661
b1 2
b0 /
b11111110 ,
b11111110 -
b11111110 3
b11111110 .
1#
1(
#3666
b11111110 4
1"
1)
#3668
0#
0(
#3672
0"
0)
#3675
b11111111 ,
b11111111 -
b11111111 3
b11111111 .
b1110 0
1#
1(
#3678
b11111111 4
1"
1)
#3682
0#
0(
#3684
0"
0)
#3689
b1101 0
1#
1(
#3690
1"
1)
#3696
0"
0)
0#
0(
#3702
1"
1)
#3703
b1100 0
1#
1(
#3708
0"
0)
#3710
0#
0(
#3714
1"
1)
#3717
b1011 0
1#
1(
#3720
0"
0)
#3724
0#
0(
#3726
1"
1)
#3731
b1010 0
1#
1(
#3732
0"
0)
#3738
1"
1)
0#
0(
#3744
0"
0)
#3745
b1001 0
1#
1(
#3750
1"
1)
#3752
0#
0(
#3756
0"
0)
#3759
b1000 0
1#
1(
#3762
1"
1)
#3766
0#
0(
#3768
0"
0)
#3773
b111 0
1#
1(
#3774
1"
1)
#3780
0"
0)
0#
0(
#3786
1"
1)
#3787
b110 0
1#
1(
#3792
0"
0)
#3794
0#
0(
#3798
1"
1)
#3801
b101 0
1#
1(
#3804
0"
0)
#3808
0#
0(
#3810
1"
1)
#3815
b100 0
1#
1(
#3816
0"
0)
#3822
1"
1)
0#
0(
#3828
0"
0)
#3829
b11 0
1#
1(
#3834
1"
1)
#3836
0#
0(
#3840
0"
0)
#3843
b10 0
1#
1(
#3846
1"
1)
#3850
0#
0(
#3852
0"
0)
#3857
b1 0
1#
1(
#3858
1"
1)
#3864
0"
0)
0#
0(
#3870
1"
1)
#3871
b0 0
1#
1(
#3876
0"
0)
#3878
0#
0(
#3882
1"
1)
#3885
b10 2
b1111 0
1#
1(
#3888
0"
0)
#3892
0#
0(
#3894
1"
1)
#3899
b11 2
b111 /
b11111110 ,
b11111110 -
b11111110 3
b11111110 .
1#
1(
#3900
0"
0)
#3906
b11111110 4
1"
1)
0#
0(
#3912
0"
0)
#3913
b100 2
1#
1(
#3918
1"
1)
#3920
0#
0(
#3924
0"
0)
#3927
0+
01
1#
1(
#3930
b1 7
1"
1)
#3934
0#
0(
#3936
0"
0)
#3941
1#
1(
#3942
b10 7
0!
08
0*
06
1"
1)
#3948
0"
0)
0#
0(
b0 >
b0 ?
b11110 <
1'
#3949
0'
#3954
b110 5
b11111100 4
1!
18
1"
1)
#3955
b0 2
1#
1(
#3960
0"
0)
b1 >
b1 ?
1'
#3961
0'
#3962
0#
0(
#3966
b101 5
b11111000 4
1"
1)
#3969
1+
11
1#
1(
#3972
0"
0)
b10 >
b11 ?
1'
#3973
0'
#3976
0#
0(
#3978
b100 5
b11110000 4
1"
1)
#3983
1#
1(
#3984
0"
0)
b11 >
b111 ?
1'
#3985
0'
#3990
b11 5
b11100000 4
1"
1)
0#
0(
#3996
0"
0)
b100 >
b1111 ?
1'
#3997
1#
1(
0'
#4002
b10 5
b11000000 4
1"
1)
#4004
0#
0(
#4008
0"
0)
b101 >
b11111 ?
1'
#4009
0'
#4011
1#
1(
#4014
b1 5
b10000000 4
1"
1)
#4018
0#
0(
#4020
0"
0)
b110 >
b111111 ?
1'
#4021
0'
#4025
1#
1(
#4026
b0 5
b0 4
1"
1)
#4032
0"
0)
0#
0(
b111 >
b1111111 ?
1'
#4033
0'
#4038
b0 7
b111 5
0!
08
1"
1)
#4039
1#
1(
#4044
0"
0)
b1000 >
1'
#4045
0'
#4046
0#
0(
#4050
1!
18
b11111110 4
1*
16
1"
1)
#4053
1#
1(
#4056
0"
0)
b10 =
1$
1'
#4057
0$
0'
#4060
0#
0(
#4062
1"
1)
#4067
1#
1(
#4068
0"
0)
#4074
1"
1)
0#
0(
#4080
0"
0)
#4081
1#
1(
#4086
1"
1)
#4088
0#
0(
#4092
0"
0)
#4095
1#
1(
#4098
1"
1)
#4102
0#
0(
#4104
0"
0)
#4109
1#
1(
#4110
1"
1)
#4116
0"
0)
0#
0(
#4122
1"
1)
#4123
1#
1(
#4128
0"
0)
#4130
0#
0(
#4134
1"
1)
#4137
1#
1(
#4140
0"
0)
#4144
0#
0(
#4146
1"
1)
#4151
1#
1(
#4152
0"
0)
#4158
1"
1)
0#
0(
#4164
0"
0)
#4165
1#
1(
#4170
1"
1)
#4172
0#
0(
#4176
0"
0)
#4179
1#
1(
#4182
1"
1)
#4186
0#
0(
#4188
0"
0)
#4193
1#
1(
#4194
1"
1)
#4200
0"
0)
0#
0(
#4206
1"
1)
#4207
1#
1(
#4212
0"
0)
#4214
0#
0(
#4218
1"
1)
#4221
1#
1(
#4224
0"
0)
#4228
0#
0(
#4230
1"
1)
#4235
1#
1(
#4236
0"
0)
#4242
1"
1)
0#
0(
#4248
0"
0)
#4249
1#
1(
#4254
1"
1)
#4256
0#
0(
#4260
0"
0)
#4263
1#
1(
#4266
1"
1)
#4270
0#
0(
#4272
0"
0)
#4277
1#
1(
#4278
1"
1)
#4284
0"
0)
0#
0(
#4290
1"
1)
#4291
1#
1(
#4296
0"
0)
#4298
0#
0(
#4302
1"
1)
#4305
1#
1(
#4308
0"
0)
#4312
0#
0(
#4314
1"
1)
#4319
1#
1(
#4320
0"
0)
#4326
1"
1)
0#
0(
#4332
0"
0)
#4333
1#
1(
#4338
1"
1)
#4340
0#
0(
#4344
0"
0)
#4347
1#
1(
#4350
1"
1)
#4354
0#
0(
#4356
0"
0)
#4361
1#
1(
#4362
1"
1)
#4368
0"
0)
0#
0(
#4374
1"
1)
#4375
1#
1(
#4380
0"
0)
#4382
0#
0(
#4386
1"
1)
#4389
1#
1(
#4392
0"
0)
#4396
0#
0(
#4398
1"
1)
#4403
1#
1(
#4404
0"
0)
#4410
1"
1)
0#
0(
#4416
0"
0)
#4417
1#
1(
#4422
1"
1)
#4424
0#
0(
#4428
0"
0)
#4431
1#
1(
#4434
1"
1)
#4438
0#
0(
#4440
0"
0)
#4445
1#
1(
#4446
1"
1)
#4452
0"
0)
0#
0(
#4458
1"
1)
#4459
1#
1(
#4464
0"
0)
#4466
0#
0(
#4470
1"
1)
#4473
1#
1(
#4476
0"
0)
#4480
0#
0(
#4482
1"
1)
#4487
1#
1(
#4488
0"
0)
#4494
1"
1)
0#
0(
#4500
0"
0)
#4501
1#
1(
#4506
1"
1)
#4508
0#
0(
#4512
0"
0)
#4515
1#
1(
#4518
1"
1)
#4522
0#
0(
#4524
0"
0)
#4529
1#
1(
#4530
1"
1)
#4536
0"
0)
0#
0(
#4542
1"
1)
#4543
1#
1(
#4548
0"
0)
#4550
0#
0(
#4554
1"
1)
#4557
1#
1(
#4560
0"
0)
#4562
0&
b0 ;
b100011110 9
b1 :
#4564
0#
0(
#4566
1"
1)
#4571
b1 2
1#
1(
#4572
0"
0)
#4578
1"
1)
0#
0(
#4584
0"
0)
#4585
b1110 0
1#
1(
#4590
1"
1)
#4592
0#
0(
#4596
0"
0)
#4599
b1101 0
1#
1(
#4602
1"
1)
#4606
0#
0(
#4608
0"
0)
#4613
b1100 0
1#
1(
#4614
1"
1)
#4620
0"
0)
0#
0(
#4626
1"
1)
#4627
b1011 0
1#
1(
#4632
0"
0)
#4634
0#
0(
#4638
1"
1)
#4641
b1010 0
1#
1(
#4644
0"
0)
#4648
0#
0(
#4650
1"
1)
#4655
b1001 0
1#
1(
#4656
0"
0)
#4662
1"
1)
0#
0(
#4668
0"
0)
#4669
b1000 0
1#
1(
#4674
1"
1)
#4676
0#
0(
#4680
0"
0)
#4683
b111 0
1#
1(
#4686
1"
1)
#4690
0#
0(
#4692
0"
0)
#4697
b110 0
1#
1(
#4698
1"
1)
#4704
0"
0)
0#
0(
#4710
1"
1)
#4711
b101 0
1#
1(
#4716
0"
0)
#4718
0#
0(
#4722
1"
1)
#4725
b100 0
1#
1(
#4728
0"
0)
#4732
0#
0(
#4734
1"
1)
#4739
b11 0
1#
1(
#4740
0"
0)
#4746
1"
1)
0#
0(
#4752
0"
0)
#4753
b10 0
1#
1(
#4758
1"
1)
#4760
0#
0(
#4764
0"
0)
#4767
b1 0
1#
1(
#4770
1"
1)
#4774
0#
0(
#4776
0"
0)
#4781
b0 0
1#
1(
#4782
1"
1)
#4788
0"
0)
0#
0(
#4789
b10001111 9
b1 ;
#4794
1"
1)
#4795
b10 2
b1111 0
1#
1(
#4800
0"
0)
#4802
0#
0(
#4806
1"
1)
#4809
b1 2
b110 /
b11111100 ,
b11111100 -
b11111100 3
b11111100 .
1#
1(
#4812
0"
0)
#4816
0#
0(
#4818
b11111100 4
1"
1)
#4823
b1110 0
1#
1(
#4824
0"
0)
#4830
1"
1)
0#
0(
#4836
0"
0)
#4837
b1101 0
1#
1(
#4842
1"
1)
#4844
0#
0(
#4848
0"
0)
#4851
b1100 0
1#
1(
#4854
1"
1)
#4858
0#
0(
#4860
0"
0)
#4865
b1011 0
1#
1(
#4866
1"
1)
#4872
0"
0)
0#
0(
#4878
1"
1)
#4879
b1010 0
1#
1(
#4884
0"
0)
#4886
0#
0(
#4890
1"
1)
#4893
b1001 0
1#
1(
#4896
0"
0)
#4900
0#
0(
#4902
1"
1)
#4907
b1000 0
1#
1(
#4908
0"
0)
#4914
1"
1)
0#
0(
#4920
0"
0)
#4921
b111 0
1#
1(
#4926
1"
1)
#4928
0#
0(
#4932
0"
0)
#4935
b110 0
1#
1(
#4938
1"
1)
#4942
0#
0(
#4944
0"
0)
#4949
b101 0
1#
1(
#4950
1"
1)
#4956
0"
0)
0#
0(
#4962
1"
1)
#4963
b100 0
1#
1(
#4968
0"
0)
#4970
0#
0(
#4974
1"
1)
#4977
b11 0
1#
1(
#4980
0"
0)
#4984
0#
0(
#4986
1"
1)
#4991
b10 0
1#
1(
#4992
0"
0)
#4998
1"
1)
0#
0(
#5004
0"
0)
#5005
b1 0
1#
1(
#5010
1"
1)
#5012
0#
0(
#5016
0"
0)
b1000111 9
1&
b10 ;
#5019
b11111101 ,
b11111101 -
b11111101 3
b11111101 .
b0 0
1#
1(
#5022
b11111101 4
1"
1)
#5026
0#
0(
#5028
0"
0)
#5033
b10 2
b1111 0
1#
1(
#5034
1"
1)
#5040
0"
0)
0#
0(
#5046
1"
1)
#5047
b1 2
b101 /
b11111010 ,
b11111010 -
b11111010 3
b11111010 .
1#
1(
#5052
0"
0)
#5054
0#
0(
#5058
b11111010 4
1"
1)
#5061
b11111011 ,
b11111011 -
b11111011 3
b11111011 .
b1110 0
1#
1(
#5064
0"
0)
#5068
0#
0(
#5070
b11111011 4
1"
1)
#5075
b1101 0
1#
1(
#5076
0"
0)
#5082
1"
1)
0#
0(
#5088
0"
0)
#5089
b1100 0
1#
1(
#5094
1"
1)
#5096
0#
0(
#5100
0"
0)
#5103
b1011 0
1#
1(
#5106
1"
1)
#5110
0#
0(
#5112
0"
0)
#5117
b1010 0
1#
1(
#5118
1"
1)
#5124
0"
0)
0#
0(
#5130
1"
1)
#5131
b1001 0
1#
1(
#5136
0"
0)
#5138
0#
0(
#5142
1"
1)
#5145
b1000 0
1#
1(
#5148
0"
0)
#5152
0#
0(
#5154
1"
1)
#5159
b111 0
1#
1(
#5160
0"
0)
#5166
1"
1)
0#
0(
#5172
0"
0)
#5173
b110 0
1#
1(
#5178
1"
1)
#5180
0#
0(
#5184
0"
0)
#5187
b101 0
1#
1(
#5190
1"
1)
#5194
0#
0(
#5196
0"
0)
#5201
b100 0
1#
1(
#5202
1"
1)
#5208
0"
0)
0#
0(
#5214
1"
1)
#5215
b11 0
1#
1(
#5220
0"
0)
#5222
0#
0(
#5226
1"
1)
#5229
b10 0
1#
1(
#5232
0"
0)
#5236
0#
0(
#5238
1"
1)
#5243
b1 0
1#
1(
b100011 9
b11 ;
#5244
0"
0)
#5250
1"
1)
0#
0(
#5256
0"
0)
#5257
b0 0
1#
1(
#5262
1"
1)
#5264
0#
0(
#5268
0"
0)
#5271
b10 2
b1111 0
1#
1(
#5274
1"
1)
#5278
0#
0(
#5280
0"
0)
#5285
b1 2
b100 /
b11110110 ,
b11110110 -
b11110110 3
b11110110 .
1#
1(
#5286
b11110110 4
1"
1)
#5292
0"
0)
0#
0(
#5298
1"
1)
#5299
b11110111 ,
b11110111 -
b11110111 3
b11110111 .
b1110 0
1#
1(
#5304
0"
0)
#5306
0#
0(
#5310
b11110111 4
1"
1)
#5313
b1101 0
1#
1(
#5316
0"
0)
#5320
0#
0(
#5322
1"
1)
#5327
b1100 0
1#
1(
#5328
0"
0)
#5334
1"
1)
0#
0(
#5340
0"
0)
#5341
b1011 0
1#
1(
#5346
1"
1)
#5348
0#
0(
#5352
0"
0)
#5355
b1010 0
1#
1(
#5358
1"
1)
#5362
0#
0(
#5364
0"
0)
#5369
b1001 0
1#
1(
#5370
1"
1)
#5376
0"
0)
0#
0(
#5382
1"
1)
#5383
b1000 0
1#
1(
#5388
0"
0)
#5390
0#
0(
#5394
1"
1)
#5397
b111 0
1#
1(
#5400
0"
0)
#5404
0#
0(
#5406
1"
1)
#5411
b110 0
1#
1(
#5412
0"
0)
#5418
1"
1)
0#
0(
#5424
0"
0)
#5425
b101 0
1#
1(
#5430
1"
1)
#5432
0#
0(
#5436
0"
0)
#5439
b100 0
1#
1(
#5442
1"
1)
#5446
0#
0(
#5448
0"
0)
#5453
b11 0
1#
1(
#5454
1"
1)
#5460
0"
0)
0#
0(
#5466
1"
1)
#5467
b10 0
1#
1(
#5470
b10001 9
b100 ;
#5472
0"
0)
#5474
0#
0(
#5478
1"
1)
#5481
b1 0
1#
1(
#5484
0"
0)
#5488
0#
0(
#5490
1"
1)
#5495
b0 0
1#
1(
#5496
0"
0)
#5502
1"
1)
0#
0(
#5508
0"
0)
#5509
b10 2
b1111 0
1#
1(
#5514
1"
1)
#5516
0#
0(
#5520
0"
0)
#5523
b1 2
b11 /
b11101110 ,
b11101110 -
b11101110 3
b11101110 .
1#
1(
#5526
b11101110 4
1"
1)
#5530
0#
0(
#5532
0"
0)
#5537
b11101111 ,
b11101111 -
b11101111 3
b11101111 .
b1110 0
1#
1(
#5538
b11101111 4
1"
1)
#5544
0"
0)
0#
0(
#5550
1"
1)
#5551
b1101 0
1#
1(
#5556
0"
0)
#5558
0#
0(
#5562
1"
1)
#5565
b1100 0
1#
1(
#5568
0"
0)
#5572
0#
0(
#5574
1"
1)
#5579
b1011 0
1#
1(
#5580
0"
0)
#5586
1"
1)
0#
0(
#5592
0"
0)
#5593
b1010 0
1#
1(
#5598
1"
1)
#5600
0#
0(
#5604
0"
0)
#5607
b1001 0
1#
1(
#5610
1"
1)
#5614
0#
0(
#5616
0"
0)
#5621
b1000 0
1#
1(
#5622
1"
1)
#5628
0"
0)
0#
0(
#5634
1"
1)
#5635
b111 0
1#
1(
#5640
0"
0)
#5642
0#
0(
#5646
1"
1)
#5649
b110 0
1#
1(
#5652
0"
0)
#5656
0#
0(
#5658
1"
1)
#5663
b101 0
1#
1(
#5664
0"
0)
#5670
1"
1)
0#
0(
#5676
0"
0)
#5677
b100 0
1#
1(
#5682
1"
1)
#5684
0#
0(
#5688
0"
0)
#5691
b11 0
1#
1(
#5694
1"
1)
#5697
b1000 9
b101 ;
#5698
0#
0(
#5700
0"
0)
#5705
b10 0
1#
1(
#5706
1"
1)
#5712
0"
0)
0#
0(
#5718
1"
1)
#5719
b1 0
1#
1(
#5724
0"
0)
#5726
0#
0(
#5730
1"
1)
#5733
b0 0
1#
1(
#5736
0"
0)
#5740
0#
0(
#5742
1"
1)
#5747
b10 2
b1111 0
1#
1(
#5748
0"
0)
#5754
1"
1)
0#
0(
#5760
0"
0)
#5761
b1 2
b10 /
b11011110 ,
b11011110 -
b11011110 3
b11011110 .
1#
1(
#5766
b11011110 4
1"
1)
#5768
0#
0(
#5772
0"
0)
#5775
b11011111 ,
b11011111 -
b11011111 3
b11011111 .
b1110 0
1#
1(
#5778
b11011111 4
1"
1)
#5782
0#
0(
#5784
0"
0)
#5789
b1101 0
1#
1(
#5790
1"
1)
#5796
0"
0)
0#
0(
#5802
1"
1)
#5803
b1100 0
1#
1(
#5808
0"
0)
#5810
0#
0(
#5814
1"
1)
#5817
b1011 0
1#
1(
#5820
0"
0)
#5824
0#
0(
#5826
1"
1)
#5831
b1010 0
1#
1(
#5832
0"
0)
#5838
1"
1)
0#
0(
#5844
0"
0)
#5845
b1001 0
1#
1(
#5850
1"
1)
#5852
0#
0(
#5856
0"
0)
#5859
b1000 0
1#
1(
#5862
1"
1)
#5866
0#
0(
#5868
0"
0)
#5873
b111 0
1#
1(
#5874
1"
1)
#5880
0"
0)
0#
0(
#5886
1"
1)
#5887
b110 0
1#
1(
#5892
0"
0)
#5894
0#
0(
#5898
1"
1)
#5901
b101 0
1#
1(
#5904
0"
0)
#5908
0#
0(
#5910
1"
1)
#5915
b100 0
1#
1(
#5916
0"
0)
#5922
1"
1)
0#
0(
#5924
b100 9
0&
b110 ;
#5928
0"
0)
#5929
b11011110 ,
b11011110 -
b11011110 3
b11011110 .
b11 0
1#
1(
#5934
b11011110 4
1"
1)
#5936
0#
0(
#5940
0"
0)
#5943
b10 0
1#
1(
#5946
1"
1)
#5950
0#
0(
#5952
0"
0)
#5957
b1 0
1#
1(
#5958
1"
1)
#5964
0"
0)
0#
0(
#5970
1"
1)
#5971
b0 0
1#
1(
#5976
0"
0)
#5978
0#
0(
#5982
1"
1)
#5985
b10 2
b1111 0
1#
1(
#5988
0"
0)
#5992
0#
0(
#5994
1"
1)
#5999
b1 2
b1 /
b10111100 ,
b10111100 -
b10111100 3
b10111100 .
1#
1(
#6000
0"
0)
#6006
b10111100 4
1"
1)
0#
0(
#6012
0"
0)
#6013
b1110 0
1#
1(
#6018
1"
1)
#6020
0#
0(
#6024
0"
0)
#6027
b1101 0
1#
1(
#6030
1"
1)
#6034
0#
0(
#6036
0"
0)
#6041
b1100 0
1#
1(
#6042
1"
1)
#6048
0"
0)
0#
0(
#6054
1"
1)
#6055
b1011 0
1#
1(
#6060
0"
0)
#6062
0#
0(
#6066
1"
1)
#6069
b1010 0
1#
1(
#6072
0"
0)
#6076
0#
0(
#6078
1"
1)
#6083
b1001 0
1#
1(
#6084
0"
0)
#6090
1"
1)
0#
0(
#6096
0"
0)
#6097
b1000 0
1#
1(
#6102
1"
1)
#6104
0#
0(
#6108
0"
0)
#6111
b111 0
1#
1(
#6114
1"
1)
#6118
0#
0(
#6120
0"
0)
#6125
b110 0
1#
1(
#6126
1"
1)
#6132
0"
0)
0#
0(
#6138
1"
1)
#6139
b101 0
1#
1(
#6144
0"
0)
#6146
0#
0(
#6150
1"
1)
#6151
b10 9
b111 ;
#6153
b100 0
1#
1(
#6156
0"
0)
#6160
0#
0(
#6162
1"
1)
#6167
b11 0
1#
1(
#6168
0"
0)
#6174
1"
1)
0#
0(
#6180
0"
0)
#6181
b10 0
1#
1(
#6186
1"
1)
#6188
0#
0(
#6192
0"
0)
#6195
b1 0
1#
1(
#6198
1"
1)
#6202
0#
0(
#6204
0"
0)
#6209
b0 0
1#
1(
#6210
1"
1)
#6216
0"
0)
0#
0(
#6222
1"
1)
#6223
b10 2
b1111 0
1#
1(
#6228
0"
0)
#6230
0#
0(
#6234
1"
1)
#6237
b1 2
b0 /
b1111000 ,
b1111000 -
b1111000 3
b1111000 .
1#
1(
#6240
0"
0)
#6244
0#
0(
#6246
b1111000 4
1"
1)
#6251
b1110 0
1#
1(
#6252
0"
0)
#6258
1"
1)
0#
0(
#6264
0"
0)
#6265
b1101 0
1#
1(
#6270
1"
1)
#6272
0#
0(
#6276
0"
0)
#6279
b1100 0
1#
1(
#6282
1"
1)
#6286
0#
0(
#6288
0"
0)
#6293
b1011 0
1#
1(
#6294
1"
1)
#6300
0"
0)
0#
0(
#6306
1"
1)
#6307
b1010 0
1#
1(
#6312
0"
0)
#6314
0#
0(
#6318
1"
1)
#6321
b1001 0
1#
1(
#6324
0"
0)
#6328
0#
0(
#6330
1"
1)
#6335
b1000 0
1#
1(
#6336
0"
0)
#6342
1"
1)
0#
0(
#6348
0"
0)
#6349
b111 0
1#
1(
#6354
1"
1)
#6356
0#
0(
#6360
0"
0)
#6363
b110 0
1#
1(
#6366
1"
1)
#6370
0#
0(
#6372
0"
0)
#6377
b101 0
1#
1(
#6378
1"
1)
b1 9
b1000 ;
#6384
0"
0)
0#
0(
#6390
1"
1)
#6391
b100 0
1#
1(
#6396
0"
0)
#6398
0#
0(
#6402
1"
1)
#6405
b11 0
1#
1(
#6408
0"
0)
#6412
0#
0(
#6414
1"
1)
#6419
b10 0
1#
1(
#6420
0"
0)
#6426
1"
1)
0#
0(
#6432
0"
0)
#6433
b1 0
1#
1(
#6438
1"
1)
#6440
0#
0(
#6444
0"
0)
#6447
b0 0
1#
1(
#6450
1"
1)
#6454
0#
0(
#6456
0"
0)
#6461
b10 2
b1111 0
1#
1(
#6462
1"
1)
#6468
0"
0)
0#
0(
#6474
1"
1)
#6475
b11 2
b111 /
b11110000 ,
b11110000 -
b11110000 3
b11110000 .
1#
1(
#6480
0"
0)
#6482
0#
0(
#6486
b11110000 4
1"
1)
#6489
b100 2
1#
1(
#6492
0"
0)
#6496
0#
0(
#6498
1"
1)
#6503
0+
01
1#
1(
#6504
0"
0)
#6510
b1 7
1"
1)
0#
0(
#6516
0"
0)
#6517
1#
1(
#6522
b10 7
0!
08
0*
06
1"
1)
#6524
0#
0(
#6528
0"
0)
b0 >
b0 ?
b101111 <
1'
#6529
0'
#6531
b0 2
1#
1(
#6534
b110 5
b11100000 4
1!
18
1"
1)
#6538
0#
0(
#6540
0"
0)
b1 >
b1 ?
1'
#6541
0'
#6545
b1 2
1+
11
1#
1(
#6546
b101 5
b11000000 4
1"
1)
#6552
0"
0)
0#
0(
b10 >
b11 ?
1'
#6553
0'
#6558
b100 5
b10000000 4
1"
1)
#6559
b1110 0
1#
1(
#6564
0"
0)
b11 >
b111 ?
1'
#6565
0'
#6566
0#
0(
#6570
b11 5
b0 4
1"
1)
#6573
b1101 0
1#
1(
#6576
0"
0)
b100 >
b1111 ?
1'
#6577
0'
#6580
0#
0(
#6582
b10 5
0!
08
1"
1)
#6587
b1100 0
1#
1(
#6588
0"
0)
b101 >
1'
#6589
0'
#6594
b1 5
1"
1)
0#
0(
#6600
0"
0)
b110 >
1'
#6601
b1011 0
1#
1(
0'
#6605
b0 9
1&
b1001 ;
#6606
b0 5
1"
1)
#6608
0#
0(
#6612
0"
0)
b111 >
1'
#6613
0'
#6615
b11110001 ,
b11110001 -
b11110001 3
b11110001 .
b1010 0
1#
1(
#6618
b0 7
b111 5
1"
1)
#6622
0#
0(
#6624
0"
0)
b1000 >
1'
#6625
0'
#6629
b1001 0
1#
1(
#6630
1!
18
b11110001 4
1*
16
1"
1)
#6636
0"
0)
0#
0(
b11 =
1$
1'
#6637
0$
0'
#6642
1"
1)
#6643
b1000 0
1#
1(
#6648
0"
0)
#6650
0#
0(
#6654
1"
1)
#6657
b111 0
1#
1(
#6660
0"
0)
#6664
0#
0(
#6666
1"
1)
#6671
b110 0
1#
1(
#6672
0"
0)
#6678
1"
1)
0#
0(
#6684
0"
0)
#6685
b101 0
1#
1(
#6690
1"
1)
#6692
0#
0(
#6696
0"
0)
#6699
b100 0
1#
1(
#6702
1"
1)
#6706
0#
0(
#6708
0"
0)
#6713
b11 0
1#
1(
#6714
1"
1)
#6720
0"
0)
0#
0(
#6726
1"
1)
#6727
b10 0
1#
1(
#6732
0"
0)
#6734
0#
0(
#6738
1"
1)
#6741
b1 0
1#
1(
#6744
0"
0)
#6748
0#
0(
#6750
1"
1)
#6755
b0 0
1#
1(
#6756
0"
0)
#6762
1"
1)
0#
0(
#6768
0"
0)
#6769
b10 2
b1111 0
1#
1(
#6774
1"
1)
#6776
0#
0(
#6780
0"
0)
#6783
b1 2
b110 /
b11100010 ,
b11100010 -
b11100010 3
b11100010 .
1#
1(
#6786
b11100010 4
1"
1)
#6790
0#
0(
#6792
0"
0)
#6797
b11100011 ,
b11100011 -
b11100011 3
b11100011 .
b1110 0
1#
1(
#6798
b11100011 4
1"
1)
#6804
0"
0)
0#
0(
#6810
1"
1)
#6811
b1101 0
1#
1(
#6816
0"
0)
#6818
0#
0(
#6822
1"
1)
#6825
b1100 0
1#
1(
#6828
0"
0)
#6832
0#
0(
b1010 ;
#6834
1"
1)
#6839
b1011 0
1#
1(
#6840
0"
0)
#6846
1"
1)
0#
0(
#6852
0"
0)
#6853
b1010 0
1#
1(
#6858
1"
1)
#6860
0#
0(
#6864
0"
0)
#6867
b1001 0
1#
1(
#6870
1"
1)
#6874
0#
0(
#6876
0"
0)
#6881
b1000 0
1#
1(
#6882
1"
1)
#6888
0"
0)
0#
0(
#6894
1"
1)
#6895
b111 0
1#
1(
#6900
0"
0)
#6902
0#
0(
#6906
1"
1)
#6909
b110 0
1#
1(
#6912
0"
0)
#6916
0#
0(
#6918
1"
1)
#6923
b101 0
1#
1(
#6924
0"
0)
#6930
1"
1)
0#
0(
#6936
0"
0)
#6937
b100 0
1#
1(
#6942
1"
1)
#6944
0#
0(
#6948
0"
0)
#6951
b11 0
1#
1(
#6954
1"
1)
#6958
0#
0(
#6960
0"
0)
#6965
b10 0
1#
1(
#6966
1"
1)
#6972
0"
0)
0#
0(
#6978
1"
1)
#6979
b1 0
1#
1(
#6984
0"
0)
#6986
0#
0(
#6990
1"
1)
#6993
b0 0
1#
1(
#6996
0"
0)
#7000
0#
0(
#7002
1"
1)
#7007
b10 2
b1111 0
1#
1(
#7008
0"
0)
#7014
1"
1)
0#
0(
#7020
0"
0)
#7021
b1 2
b101 /
b11000110 ,
b11000110 -
b11000110 3
b11000110 .
1#
1(
#7026
b11000110 4
1"
1)
#7028
0#
0(
#7032
0"
0)
#7035
b11000111 ,
b11000111 -
b11000111 3
b11000111 .
b1110 0
1#
1(
#7038
b11000111 4
1"
1)
#7042
0#
0(
#7044
0"
0)
#7049
b1101 0
1#
1(
#7050
1"
1)
#7056
0"
0)
0#
0(
#7062
1"
1)
#7063
b1100 0
1#
1(
#7068
0"
0)
#7070
0#
0(
#7074
1"
1)
#7077
b1011 0
1#
1(
#7080
0"
0)
#7084
0#
0(
#7086
1"
1)
#7091
b1010 0
1#
1(
#7092
0"
0)
#7098
1"
1)
0#
0(
#7104
0"
0)
#7105
b1001 0
1#
1(
#7110
1"
1)
#7112
0#
0(
#7116
0"
0)
#7119
b1000 0
1#
1(
#7122
1"
1)
#7126
0#
0(
#7128
0"
0)
#7133
b111 0
1#
1(
#7134
1"
1)
#7140
0"
0)
0#
0(
#7146
1"
1)
#7147
b110 0
1#
1(
#7152
0"
0)
#7154
0#
0(
#7158
1"
1)
#7161
b101 0
1#
1(
#7164
0"
0)
#7168
0#
0(
#7170
1"
1)
#7175
b100 0
1#
1(
#7176
0"
0)
#7182
1"
1)
0#
0(
#7188
0"
0)
#7189
b11 0
1#
1(
#7194
1"
1)
#7196
0#
0(
#7200
0"
0)
#7203
b10 0
1#
1(
#7206
1"
1)
#7210
0#
0(
#7212
0"
0)
#7217
b1 0
1#
1(
#7218
1"
1)
#7224
0"
0)
0#
0(
#7230
1"
1)
#7231
b0 0
1#
1(
#7236
0"
0)
#7238
0#
0(
#7242
1"
1)
#7245
b10 2
b1111 0
1#
1(
#7248
0"
0)
#7252
0#
0(
#7254
1"
1)
#7259
b1 2
b100 /
b10001110 ,
b10001110 -
b10001110 3
b10001110 .
1#
1(
#7260
0"
0)
#7266
b10001110 4
1"
1)
0#
0(
#7272
0"
0)
#7273
b10001111 ,
b10001111 -
b10001111 3
b10001111 .
b1110 0
1#
1(
#7278
b10001111 4
1"
1)
#7280
0#
0(
#7284
0"
0)
#7287
b1101 0
1#
1(
#7290
1"
1)
#7294
0#
0(
#7296
0"
0)
#7301
b1100 0
1#
1(
#7302
1"
1)
#7308
0"
0)
0#
0(
#7314
1"
1)
#7315
b1011 0
1#
1(
#7320
0"
0)
#7322
0#
0(
#7326
1"
1)
#7329
b1010 0
1#
1(
#7332
0"
0)
#7336
0#
0(
#7338
1"
1)
#7343
b1001 0
1#
1(
#7344
0"
0)
#7350
1"
1)
0#
0(
#7356
0"
0)
#7357
b1000 0
1#
1(
#7362
1"
1)
#7364
0#
0(
#7368
0"
0)
#7371
b111 0
1#
1(
#7374
1"
1)
#7378
0#
0(
#7380
0"
0)
#7385
b110 0
1#
1(
#7386
1"
1)
#7392
0"
0)
0#
0(
#7398
1"
1)
#7399
b101 0
1#
1(
#7404
0"
0)
#7406
0#
0(
#7410
1"
1)
#7413
b100 0
1#
1(
#7416
0"
0)
#7420
0#
0(
#7422
1"
1)
#7427
b11 0
1#
1(
#7428
0"
0)
#7434
1"
1)
0#
0(
#7440
0"
0)
#7441
b10 0
1#
1(
#7446
1"
1)
#7448
0#
0(
#7452
0"
0)
#7455
b1 0
1#
1(
#7458
1"
1)
#7462
0#
0(
#7464
0"
0)
#7469
b0 0
1#
1(
#7470
1"
1)
#7476
0"
0)
0#
0(
#7482
1"
1)
#7483
b10 2
b1111 0
1#
1(
#7488
0"
0)
#7490
0#
0(
#7494
1"
1)
#7497
b1 2
b11 /
b11110 ,
b11110 -
b11110 3
b11110 .
1#
1(
#7500
0"
0)
#7504
0#
0(
#7506
b11110 4
1"
1)
#7511
b11111 ,
b11111 -
b11111 3
b11111 .
b1110 0
1#
1(
#7512
0"
0)
#7518
b11111 4
1"
1)
0#
0(
#7524
0"
0)
#7525
b1101 0
1#
1(
#7530
1"
1)
#7532
0#
0(
#7536
0"
0)
#7539
b1100 0
1#
1(
#7542
1"
1)
#7546
0#
0(
#7548
0"
0)
#7553
b1011 0
1#
1(
#7554
1"
1)
#7560
0"
0)
0#
0(
#7566
1"
1)
#7567
b1010 0
1#
1(
#7572
0"
0)
#7574
0#
0(
#7578
1"
1)
#7581
b1001 0
1#
1(
#7584
0"
0)
#7588
0#
0(
#7590
1"
1)
#7595
b1000 0
1#
1(
#7596
0"
0)
#7602
1"
1)
0#
0(
#7608
0"
0)
#7609
b111 0
1#
1(
#7614
1"
1)
#7616
0#
0(
#7620
0"
0)
#7623
b110 0
1#
1(
#7626
1"
1)
#7630
0#
0(
#7632
0"
0)
#7637
b101 0
1#
1(
#7638
1"
1)
#7644
0"
0)
0#
0(
#7650
1"
1)
#7651
b100 0
1#
1(
#7656
0"
0)
#7658
0#
0(
#7662
1"
1)
#7665
b11 0
1#
1(
#7668
0"
0)
#7672
0#
0(
#7674
1"
1)
#7679
b10 0
1#
1(
#7680
0"
0)
#7686
1"
1)
0#
0(
#7692
0"
0)
#7693
b1 0
1#
1(
#7698
1"
1)
#7700
0#
0(
#7704
0"
0)
#7707
b0 0
1#
1(
#7710
1"
1)
#7714
0#
0(
#7716
0"
0)
#7721
b10 2
b1111 0
1#
1(
#7722
1"
1)
#7728
0"
0)
0#
0(
#7734
1"
1)
#7735
b1 2
b10 /
b111110 ,
b111110 -
b111110 3
b111110 .
1#
1(
#7740
0"
0)
#7742
0#
0(
#7746
b111110 4
1"
1)
#7749
b111111 ,
b111111 -
b111111 3
b111111 .
b1110 0
1#
1(
#7752
0"
0)
#7756
0#
0(
#7758
b111111 4
1"
1)
#7763
b1101 0
1#
1(
#7764
0"
0)
#7770
1"
1)
0#
0(
#7776
0"
0)
#7777
b1100 0
1#
1(
#7782
1"
1)
#7784
0#
0(
#7788
0"
0)
#7791
b1011 0
1#
1(
#7794
1"
1)
#7798
0#
0(
#7800
0"
0)
#7805
b1010 0
1#
1(
#7806
1"
1)
#7812
0"
0)
0#
0(
#7818
1"
1)
#7819
b1001 0
1#
1(
#7824
0"
0)
#7826
0#
0(
#7830
1"
1)
#7833
b1000 0
1#
1(
#7836
0"
0)
#7840
0#
0(
#7842
1"
1)
#7847
b111 0
1#
1(
#7848
0"
0)
#7854
1"
1)
0#
0(
#7860
0"
0)
#7861
b110 0
1#
1(
#7866
1"
1)
#7868
0#
0(
#7872
0"
0)
#7875
b101 0
1#
1(
#7878
1"
1)
#7882
0#
0(
#7884
0"
0)
#7889
b100 0
1#
1(
#7890
1"
1)
#7896
0"
0)
0#
0(
#7902
1"
1)
#7903
b11 0
1#
1(
#7908
0"
0)
#7910
0#
0(
#7914
1"
1)
#7917
b10 0
1#
1(
#7920
0"
0)
#7924
0#
0(
#7926
1"
1)
#7931
b1 0
1#
1(
#7932
0"
0)
#7938
1"
1)
0#
0(
#7944
0"
0)
#7945
b0 0
1#
1(
#7950
1"
1)
#7952
0#
0(
#7956
0"
0)
#7959
b10 2
b1111 0
1#
1(
#7962
1"
1)
#7966
0#
0(
#7968
0"
0)
#7973
b1 2
b1 /
b1111110 ,
b1111110 -
b1111110 3
b1111110 .
1#
1(
#7974
b1111110 4
1"
1)
#7980
0"
0)
0#
0(
#7986
1"
1)
#7987
b1111111 ,
b1111111 -
b1111111 3
b1111111 .
b1110 0
1#
1(
#7992
0"
0)
#7994
0#
0(
#7998
b1111111 4
1"
1)
#8001
b1101 0
1#
1(
#8004
0"
0)
#8008
0#
0(
#8010
1"
1)
#8015
b1100 0
1#
1(
#8016
0"
0)
#8022
1"
1)
0#
0(
#8028
0"
0)
#8029
b1011 0
1#
1(
#8034
1"
1)
#8036
0#
0(
#8040
0"
0)
#8043
b1010 0
1#
1(
#8046
1"
1)
#8050
0#
0(
#8052
0"
0)
#8057
b1001 0
1#
1(
#8058
1"
1)
#8064
0"
0)
0#
0(
#8070
1"
1)
#8071
b1000 0
1#
1(
#8076
0"
0)
#8078
0#
0(
#8082
1"
1)
#8085
b111 0
1#
1(
#8088
0"
0)
#8092
0#
0(
#8094
1"
1)
#8099
b110 0
1#
1(
#8100
0"
0)
#8106
1"
1)
0#
0(
#8112
0"
0)
#8113
b101 0
1#
1(
#8118
1"
1)
#8120
0#
0(
#8124
0"
0)
#8127
b100 0
1#
1(
#8130
1"
1)
#8134
0#
0(
#8136
0"
0)
#8141
b11 0
1#
1(
#8142
1"
1)
#8148
0"
0)
0#
0(
#8154
1"
1)
#8155
b10 0
1#
1(
#8160
0"
0)
#8162
0#
0(
#8166
1"
1)
#8169
b1 0
1#
1(
#8172
0"
0)
#8176
0#
0(
#8178
1"
1)
#8183
b0 0
1#
1(
#8184
0"
0)
#8190
1"
1)
0#
0(
#8196
0"
0)
#8197
b10 2
b1111 0
1#
1(
#8202
1"
1)
#8204
0#
0(
#8208
0"
0)
#8211
b1 2
b0 /
b11111110 ,
b11111110 -
b11111110 3
b11111110 .
1#
1(
#8214
b11111110 4
1"
1)
#8218
0#
0(
#8220
0"
0)
#8225
b11111111 ,
b11111111 -
b11111111 3
b11111111 .
b1110 0
1#
1(
#8226
b11111111 4
1"
1)
#8232
0"
0)
0#
0(
#8238
1"
1)
#8239
b1101 0
1#
1(
#8244
0"
0)
#8246
0#
0(
#8250
1"
1)
#8253
b1100 0
1#
1(
#8256
0"
0)
#8260
0#
0(
#8262
1"
1)
#8267
b1011 0
1#
1(
#8268
0"
0)
#8274
1"
1)
0#
0(
#8280
0"
0)
#8281
b1010 0
1#
1(
#8286
1"
1)
#8288
0#
0(
#8292
0"
0)
#8295
b1001 0
1#
1(
#8298
1"
1)
#8302
0#
0(
#8304
0"
0)
#8309
b1000 0
1#
1(
#8310
1"
1)
#8316
0"
0)
0#
0(
#8322
1"
1)
#8323
b111 0
1#
1(
#8328
0"
0)
#8330
0#
0(
#8334
1"
1)
#8337
b110 0
1#
1(
#8340
0"
0)
#8344
0#
0(
#8346
1"
1)
#8351
b101 0
1#
1(
#8352
0"
0)
#8358
1"
1)
0#
0(
#8364
0"
0)
#8365
b100 0
1#
1(
#8370
1"
1)
#8372
0#
0(
#8376
0"
0)
#8379
b11 0
1#
1(
#8382
1"
1)
#8386
0#
0(
#8388
0"
0)
#8393
b10 0
1#
1(
#8394
1"
1)
#8400
0"
0)
0#
0(
#8406
1"
1)
#8407
b1 0
1#
1(
#8412
0"
0)
#8414
0#
0(
#8418
1"
1)
#8421
b0 0
1#
1(
#8424
0"
0)
#8428
0#
0(
#8430
1"
1)
#8435
b10 2
b1111 0
1#
1(
#8436
0"
0)
#8442
1"
1)
0#
0(
#8448
0"
0)
#8449
b11 2
b111 /
b11111110 ,
b11111110 -
b11111110 3
b11111110 .
1#
1(
#8454
b11111110 4
1"
1)
#8456
0#
0(
#8460
0"
0)
#8463
b100 2
1#
1(
#8466
1"
1)
#8470
0#
0(
#8472
0"
0)
#8477
0+
01
1#
1(
#8478
b1 7
1"
1)
#8484
0"
0)
0#
0(
#8490
b10 7
0!
08
0*
06
1"
1)
#8491
b0 2
1#
1(
#8496
0"
0)
b0 >
b0 ?
b1000000 <
1'
#8497
0'
#8498
0#
0(
#8502
b110 5
b11111100 4
1!
18
1"
1)
#8505
1+
11
1#
1(
#8508
0"
0)
b1 >
b1 ?
1'
#8509
0'
#8512
0#
0(
#8514
b101 5
b11111000 4
1"
1)
#8519
1#
1(
#8520
0"
0)
b10 >
b11 ?
1'
#8521
0'
#8526
b100 5
b11110000 4
1"
1)
0#
0(
#8532
0"
0)
b11 >
b111 ?
1'
#8533
1#
1(
0'
#8538
b11 5
b11100000 4
1"
1)
#8540
0#
0(
#8544
0"
0)
b100 >
b1111 ?
1'
#8545
0'
#8547
1#
1(
#8550
b10 5
b11000000 4
1"
1)
#8554
0#
0(
#8556
0"
0)
b101 >
b11111 ?
1'
#8557
0'
#8561
1#
1(
#8562
b1 5
b10000000 4
1"
1)
#8568
0"
0)
0#
0(
b110 >
b111111 ?
1'
#8569
0'
#8574
b0 5
b0 4
1"
1)
#8575
1#
1(
#8580
0"
0)
b111 >
b1111111 ?
1'
#8581
0'
#8582
0#
0(
#8586
b0 7
b111 5
0!
08
1"
1)
#8589
1#
1(
#8592
0"
0)
b1000 >
1'
#8593
0'
#8596
0#
0(
#8598
1!
18
b11111110 4
1*
16
1"
1)
#8603
1#
1(
#8604
0"
0)
b100 =
1$
1'
#8605
0$
0'
#8610
1"
1)
0#
0(
#8616
0"
0)
#8617
1#
1(
#8622
1"
1)
#8624
0#
0(
#8628
0"
0)
#8631
1#
1(
#8634
1"
1)
#8638
0#
0(
#8640
0"
0)
#8645
1#
1(
#8646
1"
1)
#8652
0"
0)
0#
0(
#8658
1"
1)
#8659
1#
1(
#8664
0"
0)
#8666
0#
0(
#8670
1"
1)
#8673
1#
1(
#8676
0"
0)
#8680
0#
0(
#8682
1"
1)
#8687
1#
1(
#8688
0"
0)
#8694
1"
1)
0#
0(
#8700
0"
0)
#8701
1#
1(
#8706
1"
1)
#8708
0#
0(
#8712
0"
0)
#8715
1#
1(
#8718
1"
1)
#8722
0#
0(
#8724
0"
0)
#8729
1#
1(
#8730
1"
1)
#8736
0"
0)
0#
0(
#8742
1"
1)
#8743
1#
1(
#8748
0"
0)
#8750
0#
0(
#8754
1"
1)
#8757
1#
1(
#8760
0"
0)
#8764
0#
0(
#8766
1"
1)
#8771
1#
1(
#8772
0"
0)
#8778
1"
1)
0#
0(
#8784
0"
0)
#8785
1#
1(
#8790
1"
1)
#8792
0#
0(
#8796
0"
0)
#8799
1#
1(
#8802
1"
1)
#8806
0#
0(
#8808
0"
0)
#8813
1#
1(
#8814
1"
1)
#8820
0"
0)
0#
0(
#8826
1"
1)
#8827
1#
1(
#8832
0"
0)
#8834
0#
0(
#8838
1"
1)
#8841
1#
1(
#8844
0"
0)
#8848
0#
0(
#8850
1"
1)
#8855
1#
1(
#8856
0"
0)
#8862
1"
1)
0#
0(
#8868
0"
0)
#8869
1#
1(
#8874
1"
1)
#8876
0#
0(
#8880
0"
0)
#8883
1#
1(
#8886
1"
1)
#8890
0#
0(
#8892
0"
0)
#8897
1#
1(
#8898
1"
1)
#8904
0"
0)
0#
0(
#8910
1"
1)
#8911
1#
1(
#8916
0"
0)
#8918
0#
0(
#8922
1"
1)
#8925
1#
1(
#8928
0"
0)
#8932
0#
0(
#8934
1"
1)
#8939
1#
1(
#8940
0"
0)
#8946
1"
1)
0#
0(
#8952
0"
0)
#8953
1#
1(
#8958
1"
1)
#8960
0#
0(
#8964
0"
0)
#8967
1#
1(
#8970
1"
1)
#8974
0#
0(
#8976
0"
0)
#8981
1#
1(
#8982
1"
1)
#8988
0"
0)
0#
0(
#8994
1"
1)
#8995
1#
1(
#9000
0"
0)
#9002
0#
0(
#9006
1"
1)
#9009
1#
1(
#9012
0"
0)
#9016
0#
0(
#9018
1"
1)
#9023
1#
1(
#9024
0"
0)
#9030
1"
1)
0#
0(
#9036
0"
0)
#9037
1#
1(
#9042
1"
1)
#9044
0#
0(
#9048
0"
0)
#9051
1#
1(
#9054
1"
1)
#9058
0#
0(
#9060
0"
0)
#9065
1#
1(
#9066
1"
1)
#9072
0"
0)
0#
0(
#9078
1"
1)
#9079
1#
1(
#9084
0"
0)
#9086
0#
0(
#9090
1"
1)
#9093
1#
1(
#9096
0"
0)
#9100
0#
0(
#9102
1"
1)
#9104
0&
b0 ;
b100101111 9
b10 :
#9107
b1 2
1#
1(
#9108
0"
0)
#9114
1"
1)
0#
0(
#9120
0"
0)
#9121
b1110 0
1#
1(
#9126
1"
1)
#9128
0#
0(
#9132
0"
0)
#9135
b1101 0
1#
1(
#9138
1"
1)
#9142
0#
0(
#9144
0"
0)
#9149
b1100 0
1#
1(
#9150
1"
1)
#9156
0"
0)
0#
0(
#9162
1"
1)
#9163
b1011 0
1#
1(
#9168
0"
0)
#9170
0#
0(
#9174
1"
1)
#9177
b1010 0
1#
1(
#9180
0"
0)
#9184
0#
0(
#9186
1"
1)
#9191
b1001 0
1#
1(
#9192
0"
0)
#9198
1"
1)
0#
0(
#9204
0"
0)
#9205
b1000 0
1#
1(
#9210
1"
1)
#9212
0#
0(
#9216
0"
0)
#9219
b111 0
1#
1(
#9222
1"
1)
#9226
0#
0(
#9228
0"
0)
#9233
b110 0
1#
1(
#9234
1"
1)
#9240
0"
0)
0#
0(
#9246
1"
1)
#9247
b101 0
1#
1(
#9252
0"
0)
#9254
0#
0(
#9258
1"
1)
#9261
b100 0
1#
1(
#9264
0"
0)
#9268
0#
0(
#9270
1"
1)
#9275
b11 0
1#
1(
#9276
0"
0)
#9282
1"
1)
0#
0(
#9288
0"
0)
#9289
b10 0
1#
1(
#9294
1"
1)
#9296
0#
0(
#9300
0"
0)
#9303
b1 0
1#
1(
#9306
1"
1)
#9310
0#
0(
#9312
0"
0)
#9317
b0 0
1#
1(
#9318
1"
1)
#9324
0"
0)
0#
0(
#9330
1"
1)
#9331
b10 2
b11111111 ,
b11111111 -
b11111111 3
b11111111 .
b1111 0
1#
1(
b10010111 9
1&
b1 ;
#9336
0"
0)
#9338
0#
0(
#9342
b11111111 4
1"
1)
#9345
b1 2
b110 /
b11111110 ,
b11111110 -
b11111110 3
b11111110 .
1#
1(
#9348
0"
0)
#9352
0#
0(
#9354
b11111110 4
1"
1)
#9359
b11111111 ,
b11111111 -
b11111111 3
b11111111 .
b1110 0
1#
1(
#9360
0"
0)
#9366
b11111111 4
1"
1)
0#
0(
#9372
0"
0)
#9373
b1101 0
1#
1(
#9378
1"
1)
#9380
0#
0(
#9384
0"
0)
#9387
b1100 0
1#
1(
#9390
1"
1)
#9394
0#
0(
#9396
0"
0)
#9401
b1011 0
1#
1(
#9402
1"
1)
#9408
0"
0)
0#
0(
#9414
1"
1)
#9415
b1010 0
1#
1(
#9420
0"
0)
#9422
0#
0(
#9426
1"
1)
#9429
b1001 0
1#
1(
#9432
0"
0)
#9436
0#
0(
#9438
1"
1)
#9443
b1000 0
1#
1(
#9444
0"
0)
#9450
1"
1)
0#
0(
#9456
0"
0)
#9457
b111 0
1#
1(
#9462
1"
1)
#9464
0#
0(
#9468
0"
0)
#9471
b110 0
1#
1(
#9474
1"
1)
#9478
0#
0(
#9480
0"
0)
#9485
b101 0
1#
1(
#9486
1"
1)
#9492
0"
0)
0#
0(
#9498
1"
1)
#9499
b100 0
1#
1(
#9504
0"
0)
#9506
0#
0(
#9510
1"
1)
#9513
b11 0
1#
1(
#9516
0"
0)
#9520
0#
0(
#9522
1"
1)
#9527
b10 0
1#
1(
#9528
0"
0)
#9534
1"
1)
0#
0(
#9540
0"
0)
#9541
b1 0
1#
1(
#9546
1"
1)
#9548
0#
0(
#9552
0"
0)
#9555
b0 0
1#
1(
#9558
1"
1)
b1001011 9
b10 ;
#9562
0#
0(
#9564
0"
0)
#9569
b10 2
b1111 0
1#
1(
#9570
1"
1)
#9576
0"
0)
0#
0(
#9582
1"
1)
#9583
b1 2
b101 /
b11111110 ,
b11111110 -
b11111110 3
b11111110 .
1#
1(
#9588
0"
0)
#9590
0#
0(
#9594
b11111110 4
1"
1)
#9597
b11111111 ,
b11111111 -
b11111111 3
b11111111 .
b1110 0
1#
1(
#9600
0"
0)
#9604
0#
0(
#9606
b11111111 4
1"
1)
#9611
b1101 0
1#
1(
#9612
0"
0)
#9618
1"
1)
0#
0(
#9624
0"
0)
#9625
b1100 0
1#
1(
#9630
1"
1)
#9632
0#
0(
#9636
0"
0)
#9639
b1011 0
1#
1(
#9642
1"
1)
#9646
0#
0(
#9648
0"
0)
#9653
b1010 0
1#
1(
#9654
1"
1)
#9660
0"
0)
0#
0(
#9666
1"
1)
#9667
b1001 0
1#
1(
#9672
0"
0)
#9674
0#
0(
#9678
1"
1)
#9681
b1000 0
1#
1(
#9684
0"
0)
#9688
0#
0(
#9690
1"
1)
#9695
b111 0
1#
1(
#9696
0"
0)
#9702
1"
1)
0#
0(
#9708
0"
0)
#9709
b110 0
1#
1(
#9714
1"
1)
#9716
0#
0(
#9720
0"
0)
#9723
b101 0
1#
1(
#9726
1"
1)
#9730
0#
0(
#9732
0"
0)
#9737
b100 0
1#
1(
#9738
1"
1)
#9744
0"
0)
0#
0(
#9750
1"
1)
#9751
b11 0
1#
1(
#9756
0"
0)
#9758
0#
0(
#9762
1"
1)
#9765
b10 0
1#
1(
#9768
0"
0)
#9772
0#
0(
#9774
1"
1)
#9779
b1 0
1#
1(
#9780
0"
0)
#9785
b100101 9
b11 ;
#9786
1"
1)
0#
0(
#9792
0"
0)
#9793
b0 0
1#
1(
#9798
1"
1)
#9800
0#
0(
#9804
0"
0)
#9807
b10 2
b1111 0
1#
1(
#9810
1"
1)
#9814
0#
0(
#9816
0"
0)
#9821
b1 2
b100 /
b11111110 ,
b11111110 -
b11111110 3
b11111110 .
1#
1(
#9822
b11111110 4
1"
1)
#9828
0"
0)
0#
0(
#9834
1"
1)
#9835
b11111111 ,
b11111111 -
b11111111 3
b11111111 .
b1110 0
1#
1(
#9840
0"
0)
#9842
0#
0(
#9846
b11111111 4
1"
1)
#9849
b1101 0
1#
1(
#9852
0"
0)
#9856
0#
0(
#9858
1"
1)
#9863
b1100 0
1#
1(
#9864
0"
0)
#9870
1"
1)
0#
0(
#9876
0"
0)
#9877
b1011 0
1#
1(
#9882
1"
1)
#9884
0#
0(
#9888
0"
0)
#9891
b1010 0
1#
1(
#9894
1"
1)
#9898
0#
0(
#9900
0"
0)
#9905
b1001 0
1#
1(
#9906
1"
1)
#9912
0"
0)
0#
0(
#9918
1"
1)
#9919
b1000 0
1#
1(
#9924
0"
0)
#9926
0#
0(
#9930
1"
1)
#9933
b111 0
1#
1(
#9936
0"
0)
#9940
0#
0(
#9942
1"
1)
#9947
b110 0
1#
1(
#9948
0"
0)
#9954
1"
1)
0#
0(
#9960
0"
0)
#9961
b101 0
1#
1(
#9966
1"
1)
#9968
0#
0(
#9972
0"
0)
#9975
b100 0
1#
1(
#9978
1"
1)
#9982
0#
0(
#9984
0"
0)
#9989
b11 0
1#
1(
#9990
1"
1)
#9996
0"
0)
0#
0(
#10002
1"
1)
#10003
b10 0
1#
1(
#10008
0"
0)
#10010
0#
0(
#10012
b10010 9
b100 ;
#10014
1"
1)
#10017
b1 0
1#
1(
#10020
0"
0)
#10024
0#
0(
#10026
1"
1)
#10031
b0 0
1#
1(
#10032
0"
0)
#10038
1"
1)
0#
0(
#10044
0"
0)
#10045
b10 2
b1111 0
1#
1(
#10050
1"
1)
#10052
0#
0(
#10056
0"
0)
#10059
b1 2
b11 /
b11111110 ,
b11111110 -
b11111110 3
b11111110 .
1#
1(
#10062
b11111110 4
1"
1)
#10066
0#
0(
#10068
0"
0)
#10073
b11111111 ,
b11111111 -
b11111111 3
b11111111 .
b1110 0
1#
1(
#10074
b11111111 4
1"
1)
#10080
0"
0)
0#
0(
#10086
1"
1)
#10087
b1101 0
1#
1(
#10092
0"
0)
#10094
0#
0(
#10098
1"
1)
#10101
b1100 0
1#
1(
#10104
0"
0)
#10108
0#
0(
#10110
1"
1)
#10115
b1011 0
1#
1(
#10116
0"
0)
#10122
1"
1)
0#
0(
#10128
0"
0)
#10129
b1010 0
1#
1(
#10134
1"
1)
#10136
0#
0(
#10140
0"
0)
#10143
b1001 0
1#
1(
#10146
1"
1)
#10150
0#
0(
#10152
0"
0)
#10157
b1000 0
1#
1(
#10158
1"
1)
#10164
0"
0)
0#
0(
#10170
1"
1)
#10171
b111 0
1#
1(
#10176
0"
0)
#10178
0#
0(
#10182
1"
1)
#10185
b110 0
1#
1(
#10188
0"
0)
#10192
0#
0(
#10194
1"
1)
#10199
b101 0
1#
1(
#10200
0"
0)
#10206
1"
1)
0#
0(
#10212
0"
0)
#10213
b100 0
1#
1(
#10218
1"
1)
#10220
0#
0(
#10224
0"
0)
#10227
b11 0
1#
1(
#10230
1"
1)
#10234
0#
0(
#10236
0"
0)
#10239
b1001 9
0&
b101 ;
#10241
b11111110 ,
b11111110 -
b11111110 3
b11111110 .
b10 0
1#
1(
#10242
b11111110 4
1"
1)
#10248
0"
0)
0#
0(
#10254
1"
1)
#10255
b1 0
1#
1(
#10260
0"
0)
#10262
0#
0(
#10266
1"
1)
#10269
b0 0
1#
1(
#10272
0"
0)
#10276
0#
0(
#10278
1"
1)
#10283
b10 2
b1111 0
1#
1(
#10284
0"
0)
#10290
1"
1)
0#
0(
#10296
0"
0)
#10297
b1 2
b10 /
b11111100 ,
b11111100 -
b11111100 3
b11111100 .
1#
1(
#10302
b11111100 4
1"
1)
#10304
0#
0(
#10308
0"
0)
#10311
b1110 0
1#
1(
#10314
1"
1)
#10318
0#
0(
#10320
0"
0)
#10325
b1101 0
1#
1(
#10326
1"
1)
#10332
0"
0)
0#
0(
#10338
1"
1)
#10339
b1100 0
1#
1(
#10344
0"
0)
#10346
0#
0(
#10350
1"
1)
#10353
b1011 0
1#
1(
#10356
0"
0)
#10360
0#
0(
#10362
1"
1)
#10367
b1010 0
1#
1(
#10368
0"
0)
#10374
1"
1)
0#
0(
#10380
0"
0)
#10381
b1001 0
1#
1(
#10386
1"
1)
#10388
0#
0(
#10392
0"
0)
#10395
b1000 0
1#
1(
#10398
1"
1)
#10402
0#
0(
#10404
0"
0)
#10409
b111 0
1#
1(
#10410
1"
1)
#10416
0"
0)
0#
0(
#10422
1"
1)
#10423
b110 0
1#
1(
#10428
0"
0)
#10430
0#
0(
#10434
1"
1)
#10437
b101 0
1#
1(
#10440
0"
0)
#10444
0#
0(
#10446
1"
1)
#10451
b100 0
1#
1(
#10452
0"
0)
#10458
1"
1)
0#
0(
#10464
0"
0)
#10465
b11 0
1#
1(
#10466
b100 9
1&
b110 ;
#10470
1"
1)
#10472
0#
0(
#10476
0"
0)
#10479
b11111101 ,
b11111101 -
b11111101 3
b11111101 .
b10 0
1#
1(
#10482
b11111101 4
1"
1)
#10486
0#
0(
#10488
0"
0)
#10493
b1 0
1#
1(
#10494
1"
1)
#10500
0"
0)
0#
0(
#10506
1"
1)
#10507
b0 0
1#
1(
#10512
0"
0)
#10514
0#
0(
#10518
1"
1)
#10521
b10 2
b1111 0
1#
1(
#10524
0"
0)
#10528
0#
0(
#10530
1"
1)
#10535
b1 2
b1 /
b11111010 ,
b11111010 -
b11111010 3
b11111010 .
1#
1(
#10536
0"
0)
#10542
b11111010 4
1"
1)
0#
0(
#10548
0"
0)
#10549
b11111011 ,
b11111011 -
b11111011 3
b11111011 .
b1110 0
1#
1(
#10554
b11111011 4
1"
1)
#10556
0#
0(
#10560
0"
0)
#10563
b1101 0
1#
1(
#10566
1"
1)
#10570
0#
0(
#10572
0"
0)
#10577
b1100 0
1#
1(
#10578
1"
1)
#10584
0"
0)
0#
0(
#10590
1"
1)
#10591
b1011 0
1#
1(
#10596
0"
0)
#10598
0#
0(
#10602
1"
1)
#10605
b1010 0
1#
1(
#10608
0"
0)
#10612
0#
0(
#10614
1"
1)
#10619
b1001 0
1#
1(
#10620
0"
0)
#10626
1"
1)
0#
0(
#10632
0"
0)
#10633
b1000 0
1#
1(
#10638
1"
1)
#10640
0#
0(
#10644
0"
0)
#10647
b111 0
1#
1(
#10650
1"
1)
#10654
0#
0(
#10656
0"
0)
#10661
b110 0
1#
1(
#10662
1"
1)
#10668
0"
0)
0#
0(
#10674
1"
1)
#10675
b101 0
1#
1(
#10680
0"
0)
#10682
0#
0(
#10686
1"
1)
#10689
b100 0
1#
1(
#10692
0"
0)
#10693
b10 9
0&
b111 ;
#10696
0#
0(
#10698
1"
1)
#10703
b11111010 ,
b11111010 -
b11111010 3
b11111010 .
b11 0
1#
1(
#10704
0"
0)
#10710
b11111010 4
1"
1)
0#
0(
#10716
0"
0)
#10717
b10 0
1#
1(
#10722
1"
1)
#10724
0#
0(
#10728
0"
0)
#10731
b1 0
1#
1(
#10734
1"
1)
#10738
0#
0(
#10740
0"
0)
#10745
b0 0
1#
1(
#10746
1"
1)
#10752
0"
0)
0#
0(
#10758
1"
1)
#10759
b10 2
b1111 0
1#
1(
#10764
0"
0)
#10766
0#
0(
#10770
1"
1)
#10773
b1 2
b0 /
b11110100 ,
b11110100 -
b11110100 3
b11110100 .
1#
1(
#10776
0"
0)
#10780
0#
0(
#10782
b11110100 4
1"
1)
#10787
b1110 0
1#
1(
#10788
0"
0)
#10794
1"
1)
0#
0(
#10800
0"
0)
#10801
b1101 0
1#
1(
#10806
1"
1)
#10808
0#
0(
#10812
0"
0)
#10815
b1100 0
1#
1(
#10818
1"
1)
#10822
0#
0(
#10824
0"
0)
#10829
b1011 0
1#
1(
#10830
1"
1)
#10836
0"
0)
0#
0(
#10842
1"
1)
#10843
b1010 0
1#
1(
#10848
0"
0)
#10850
0#
0(
#10854
1"
1)
#10857
b1001 0
1#
1(
#10860
0"
0)
#10864
0#
0(
#10866
1"
1)
#10871
b1000 0
1#
1(
#10872
0"
0)
#10878
1"
1)
0#
0(
#10884
0"
0)
#10885
b111 0
1#
1(
#10890
1"
1)
#10892
0#
0(
#10896
0"
0)
#10899
b110 0
1#
1(
#10902
1"
1)
#10906
0#
0(
#10908
0"
0)
#10913
b101 0
1#
1(
#10914
1"
1)
#10920
0"
0)
0#
0(
b1 9
b1000 ;
#10926
1"
1)
#10927
b100 0
1#
1(
#10932
0"
0)
#10934
0#
0(
#10938
1"
1)
#10941
b11 0
1#
1(
#10944
0"
0)
#10948
0#
0(
#10950
1"
1)
#10955
b10 0
1#
1(
#10956
0"
0)
#10962
1"
1)
0#
0(
#10968
0"
0)
#10969
b1 0
1#
1(
#10974
1"
1)
#10976
0#
0(
#10980
0"
0)
#10983
b0 0
1#
1(
#10986
1"
1)
#10990
0#
0(
#10992
0"
0)
#10997
b10 2
b1111 0
1#
1(
#10998
1"
1)
#11004
0"
0)
0#
0(
#11010
1"
1)
#11011
b11 2
b111 /
b11101000 ,
b11101000 -
b11101000 3
b11101000 .
1#
1(
#11016
0"
0)
#11018
0#
0(
#11022
b11101000 4
1"
1)
#11025
b100 2
1#
1(
#11028
0"
0)
#11032
0#
0(
#11034
1"
1)
#11039
0+
01
1#
1(
#11040
0"
0)
#11046
b1 7
1"
1)
0#
0(
#11052
0"
0)
#11053
1#
1(
#11058
b10 7
0!
08
0*
06
1"
1)
#11060
0#
0(
#11064
0"
0)
b0 >
b0 ?
b1010001 <
1'
#11065
0'
#11067
b0 2
1#
1(
#11070
b110 5
b11010000 4
1!
18
1"
1)
#11074
0#
0(
#11076
0"
0)
b1 >
b1 ?
1'
#11077
0'
#11081
b1 2
1+
11
1#
1(
#11082
b101 5
b10100000 4
1"
1)
#11088
0"
0)
0#
0(
b10 >
b11 ?
1'
#11089
0'
#11094
b100 5
b1000000 4
1"
1)
#11095
b1110 0
1#
1(
#11100
0"
0)
b11 >
b111 ?
1'
#11101
0'
#11102
0#
0(
#11106
b11 5
b10000000 4
0!
08
1"
1)
#11109
b1101 0
1#
1(
#11112
0"
0)
b100 >
1'
#11113
0'
#11116
0#
0(
#11118
b10 5
b0 4
1!
18
1"
1)
#11123
b1100 0
1#
1(
#11124
0"
0)
b101 >
b10111 ?
1'
#11125
0'
#11130
b1 5
0!
08
1"
1)
0#
0(
#11136
0"
0)
b110 >
1'
#11137
b1011 0
1#
1(
0'
#11142
b0 5
1"
1)
#11144
0#
0(
#11147
b0 9
1&
b1001 ;
#11148
0"
0)
b111 >
1'
#11149
0'
#11151
b11101001 ,
b11101001 -
b11101001 3
b11101001 .
b1010 0
1#
1(
#11154
b0 7
b111 5
1"
1)
#11158
0#
0(
#11160
0"
0)
b1000 >
1'
#11161
0'
#11165
b1001 0
1#
1(
#11166
1!
18
b11101001 4
1*
16
1"
1)
#11172
0"
0)
0#
0(
b101 =
1$
1'
#11173
0$
0'
#11178
1"
1)
#11179
b1000 0
1#
1(
#11184
0"
0)
#11186
0#
0(
#11190
1"
1)
#11193
b111 0
1#
1(
#11196
0"
0)
#11200
0#
0(
#11202
1"
1)
#11207
b110 0
1#
1(
#11208
0"
0)
#11214
1"
1)
0#
0(
#11220
0"
0)
#11221
b101 0
1#
1(
#11226
1"
1)
#11228
0#
0(
#11232
0"
0)
#11235
b100 0
1#
1(
#11238
1"
1)
#11242
0#
0(
#11244
0"
0)
#11249
b11 0
1#
1(
#11250
1"
1)
#11256
0"
0)
0#
0(
#11262
1"
1)
#11263
b10 0
1#
1(
#11268
0"
0)
#11270
0#
0(
#11274
1"
1)
#11277
b1 0
1#
1(
#11280
0"
0)
#11284
0#
0(
#11286
1"
1)
#11291
b0 0
1#
1(
#11292
0"
0)
#11298
1"
1)
0#
0(
#11304
0"
0)
#11305
b10 2
b1111 0
1#
1(
#11310
1"
1)
#11312
0#
0(
#11316
0"
0)
#11319
b1 2
b110 /
b11010010 ,
b11010010 -
b11010010 3
b11010010 .
1#
1(
#11322
b11010010 4
1"
1)
#11326
0#
0(
#11328
0"
0)
#11333
b11010011 ,
b11010011 -
b11010011 3
b11010011 .
b1110 0
1#
1(
#11334
b11010011 4
1"
1)
#11340
0"
0)
0#
0(
#11346
1"
1)
#11347
b1101 0
1#
1(
#11352
0"
0)
#11354
0#
0(
#11358
1"
1)
#11361
b1100 0
1#
1(
#11364
0"
0)
#11368
0#
0(
#11370
1"
1)
#11374
b1010 ;
#11375
b1011 0
1#
1(
#11376
0"
0)
#11382
1"
1)
0#
0(
#11388
0"
0)
#11389
b1010 0
1#
1(
#11394
1"
1)
#11396
0#
0(
#11400
0"
0)
#11403
b1001 0
1#
1(
#11406
1"
1)
#11410
0#
0(
#11412
0"
0)
#11417
b1000 0
1#
1(
#11418
1"
1)
#11424
0"
0)
0#
0(
#11430
1"
1)
#11431
b111 0
1#
1(
#11436
0"
0)
#11438
0#
0(
#11442
1"
1)
#11445
b110 0
1#
1(
#11448
0"
0)
#11452
0#
0(
#11454
1"
1)
#11459
b101 0
1#
1(
#11460
0"
0)
#11466
1"
1)
0#
0(
#11472
0"
0)
#11473
b100 0
1#
1(
#11478
1"
1)
#11480
0#
0(
#11484
0"
0)
#11487
b11 0
1#
1(
#11490
1"
1)
#11494
0#
0(
#11496
0"
0)
#11501
b10 0
1#
1(
#11502
1"
1)
#11508
0"
0)
0#
0(
#11514
1"
1)
#11515
b1 0
1#
1(
#11520
0"
0)
#11522
0#
0(
#11526
1"
1)
#11529
b0 0
1#
1(
#11532
0"
0)
#11536
0#
0(
#11538
1"
1)
#11543
b10 2
b1111 0
1#
1(
#11544
0"
0)
#11550
1"
1)
0#
0(
#11556
0"
0)
#11557
b1 2
b101 /
b10100110 ,
b10100110 -
b10100110 3
b10100110 .
1#
1(
#11562
b10100110 4
1"
1)
#11564
0#
0(
#11568
0"
0)
#11571
b10100111 ,
b10100111 -
b10100111 3
b10100111 .
b1110 0
1#
1(
#11574
b10100111 4
1"
1)
#11578
0#
0(
#11580
0"
0)
#11585
b1101 0
1#
1(
#11586
1"
1)
#11592
0"
0)
0#
0(
#11598
1"
1)
#11599
b1100 0
1#
1(
#11604
0"
0)
#11606
0#
0(
#11610
1"
1)
#11613
b1011 0
1#
1(
#11616
0"
0)
#11620
0#
0(
#11622
1"
1)
#11627
b1010 0
1#
1(
#11628
0"
0)
#11634
1"
1)
0#
0(
#11640
0"
0)
#11641
b1001 0
1#
1(
#11646
1"
1)
#11648
0#
0(
#11652
0"
0)
#11655
b1000 0
1#
1(
#11658
1"
1)
#11662
0#
0(
#11664
0"
0)
#11669
b111 0
1#
1(
#11670
1"
1)
#11676
0"
0)
0#
0(
#11682
1"
1)
#11683
b110 0
1#
1(
#11688
0"
0)
#11690
0#
0(
#11694
1"
1)
#11697
b101 0
1#
1(
#11700
0"
0)
#11704
0#
0(
#11706
1"
1)
#11711
b100 0
1#
1(
#11712
0"
0)
#11718
1"
1)
0#
0(
#11724
0"
0)
#11725
b11 0
1#
1(
#11730
1"
1)
#11732
0#
0(
#11736
0"
0)
#11739
b10 0
1#
1(
#11742
1"
1)
#11746
0#
0(
#11748
0"
0)
#11753
b1 0
1#
1(
#11754
1"
1)
#11760
0"
0)
0#
0(
#11766
1"
1)
#11767
b0 0
1#
1(
#11772
0"
0)
#11774
0#
0(
#11778
1"
1)
#11781
b10 2
b1111 0
1#
1(
#11784
0"
0)
#11788
0#
0(
#11790
1"
1)
#11795
b1 2
b100 /
b1001110 ,
b1001110 -
b1001110 3
b1001110 .
1#
1(
#11796
0"
0)
#11802
b1001110 4
1"
1)
0#
0(
#11808
0"
0)
#11809
b1001111 ,
b1001111 -
b1001111 3
b1001111 .
b1110 0
1#
1(
#11814
b1001111 4
1"
1)
#11816
0#
0(
#11820
0"
0)
#11823
b1101 0
1#
1(
#11826
1"
1)
#11830
0#
0(
#11832
0"
0)
#11837
b1100 0
1#
1(
#11838
1"
1)
#11844
0"
0)
0#
0(
#11850
1"
1)
#11851
b1011 0
1#
1(
#11856
0"
0)
#11858
0#
0(
#11862
1"
1)
#11865
b1010 0
1#
1(
#11868
0"
0)
#11872
0#
0(
#11874
1"
1)
#11879
b1001 0
1#
1(
#11880
0"
0)
#11886
1"
1)
0#
0(
#11892
0"
0)
#11893
b1000 0
1#
1(
#11898
1"
1)
#11900
0#
0(
#11904
0"
0)
#11907
b111 0
1#
1(
#11910
1"
1)
#11914
0#
0(
#11916
0"
0)
#11921
b110 0
1#
1(
#11922
1"
1)
#11928
0"
0)
0#
0(
#11934
1"
1)
#11935
b101 0
1#
1(
#11940
0"
0)
#11942
0#
0(
#11946
1"
1)
#11949
b100 0
1#
1(
#11952
0"
0)
#11956
0#
0(
#11958
1"
1)
#11963
b11 0
1#
1(
#11964
0"
0)
#11970
1"
1)
0#
0(
#11976
0"
0)
#11977
b10 0
1#
1(
#11982
1"
1)
#11984
0#
0(
#11988
0"
0)
#11991
b1 0
1#
1(
#11994
1"
1)
#11998
0#
0(
#12000
0"
0)
#12005
b0 0
1#
1(
#12006
1"
1)
#12012
0"
0)
0#
0(
#12018
1"
1)
#12019
b10 2
b1111 0
1#
1(
#12024
0"
0)
#12026
0#
0(
#12030
1"
1)
#12033
b1 2
b11 /
b10011110 ,
b10011110 -
b10011110 3
b10011110 .
1#
1(
#12036
0"
0)
#12040
0#
0(
#12042
b10011110 4
1"
1)
#12047
b10011111 ,
b10011111 -
b10011111 3
b10011111 .
b1110 0
1#
1(
#12048
0"
0)
#12054
b10011111 4
1"
1)
0#
0(
#12060
0"
0)
#12061
b1101 0
1#
1(
#12066
1"
1)
#12068
0#
0(
#12072
0"
0)
#12075
b1100 0
1#
1(
#12078
1"
1)
#12082
0#
0(
#12084
0"
0)
#12089
b1011 0
1#
1(
#12090
1"
1)
#12096
0"
0)
0#
0(
#12102
1"
1)
#12103
b1010 0
1#
1(
#12108
0"
0)
#12110
0#
0(
#12114
1"
1)
#12117
b1001 0
1#
1(
#12120
0"
0)
#12124
0#
0(
#12126
1"
1)
#12131
b1000 0
1#
1(
#12132
0"
0)
#12138
1"
1)
0#
0(
#12144
0"
0)
#12145
b111 0
1#
1(
#12150
1"
1)
#12152
0#
0(
#12156
0"
0)
#12159
b110 0
1#
1(
#12162
1"
1)
#12166
0#
0(
#12168
0"
0)
#12173
b101 0
1#
1(
#12174
1"
1)
#12180
0"
0)
0#
0(
#12186
1"
1)
#12187
b100 0
1#
1(
#12192
0"
0)
#12194
0#
0(
#12198
1"
1)
#12201
b11 0
1#
1(
#12204
0"
0)
#12208
0#
0(
#12210
1"
1)
#12215
b10 0
1#
1(
#12216
0"
0)
#12222
1"
1)
0#
0(
#12228
0"
0)
#12229
b1 0
1#
1(
#12234
1"
1)
#12236
0#
0(
#12240
0"
0)
#12243
b0 0
1#
1(
#12246
1"
1)
#12250
0#
0(
#12252
0"
0)
#12257
b10 2
b1111 0
1#
1(
#12258
1"
1)
#12264
0"
0)
0#
0(
#12270
1"
1)
#12271
b1 2
b10 /
b111110 ,
b111110 -
b111110 3
b111110 .
1#
1(
#12276
0"
0)
#12278
0#
0(
#12282
b111110 4
1"
1)
#12285
b111111 ,
b111111 -
b111111 3
b111111 .
b1110 0
1#
1(
#12288
0"
0)
#12292
0#
0(
#12294
b111111 4
1"
1)
#12299
b1101 0
1#
1(
#12300
0"
0)
#12306
1"
1)
0#
0(
#12312
0"
0)
#12313
b1100 0
1#
1(
#12318
1"
1)
#12320
0#
0(
#12324
0"
0)
#12327
b1011 0
1#
1(
#12330
1"
1)
#12334
0#
0(
#12336
0"
0)
#12341
b1010 0
1#
1(
#12342
1"
1)
#12348
0"
0)
0#
0(
#12354
1"
1)
#12355
b1001 0
1#
1(
#12360
0"
0)
#12362
0#
0(
#12366
1"
1)
#12369
b1000 0
1#
1(
#12372
0"
0)
#12376
0#
0(
#12378
1"
1)
#12383
b111 0
1#
1(
#12384
0"
0)
#12390
1"
1)
0#
0(
#12396
0"
0)
#12397
b110 0
1#
1(
#12402
1"
1)
#12404
0#
0(
#12408
0"
0)
#12411
b101 0
1#
1(
#12414
1"
1)
#12418
0#
0(
#12420
0"
0)
#12425
b100 0
1#
1(
#12426
1"
1)
#12432
0"
0)
0#
0(
#12438
1"
1)
#12439
b11 0
1#
1(
#12444
0"
0)
#12446
0#
0(
#12450
1"
1)
#12453
b10 0
1#
1(
#12456
0"
0)
#12460
0#
0(
#12462
1"
1)
#12467
b1 0
1#
1(
#12468
0"
0)
#12474
1"
1)
0#
0(
#12480
0"
0)
#12481
b0 0
1#
1(
#12486
1"
1)
#12488
0#
0(
#12492
0"
0)
#12495
b10 2
b1111 0
1#
1(
#12498
1"
1)
#12502
0#
0(
#12504
0"
0)
#12509
b1 2
b1 /
b1111110 ,
b1111110 -
b1111110 3
b1111110 .
1#
1(
#12510
b1111110 4
1"
1)
#12516
0"
0)
0#
0(
#12522
1"
1)
#12523
b1111111 ,
b1111111 -
b1111111 3
b1111111 .
b1110 0
1#
1(
#12528
0"
0)
#12530
0#
0(
#12534
b1111111 4
1"
1)
#12537
b1101 0
1#
1(
#12540
0"
0)
#12544
0#
0(
#12546
1"
1)
#12551
b1100 0
1#
1(
#12552
0"
0)
#12558
1"
1)
0#
0(
#12564
0"
0)
#12565
b1011 0
1#
1(
#12570
1"
1)
#12572
0#
0(
#12576
0"
0)
#12579
b1010 0
1#
1(
#12582
1"
1)
#12586
0#
0(
#12588
0"
0)
#12593
b1001 0
1#
1(
#12594
1"
1)
#12600
0"
0)
0#
0(
#12606
1"
1)
#12607
b1000 0
1#
1(
#12612
0"
0)
#12614
0#
0(
#12618
1"
1)
#12621
b111 0
1#
1(
#12624
0"
0)
#12628
0#
0(
#12630
1"
1)
#12635
b110 0
1#
1(
#12636
0"
0)
#12642
1"
1)
0#
0(
#12648
0"
0)
#12649
b101 0
1#
1(
#12654
1"
1)
#12656
0#
0(
#12660
0"
0)
#12663
b100 0
1#
1(
#12666
1"
1)
#12670
0#
0(
#12672
0"
0)
#12677
b11 0
1#
1(
#12678
1"
1)
#12684
0"
0)
0#
0(
#12690
1"
1)
#12691
b10 0
1#
1(
#12696
0"
0)
#12698
0#
0(
#12702
1"
1)
#12705
b1 0
1#
1(
#12708
0"
0)
#12712
0#
0(
#12714
1"
1)
#12719
b0 0
1#
1(
#12720
0"
0)
#12726
1"
1)
0#
0(
#12732
0"
0)
#12733
b10 2
b1111 0
1#
1(
#12738
1"
1)
#12740
0#
0(
#12744
0"
0)
#12747
b1 2
b0 /
b11111110 ,
b11111110 -
b11111110 3
b11111110 .
1#
1(
#12750
b11111110 4
1"
1)
#12754
0#
0(
#12756
0"
0)
#12761
b11111111 ,
b11111111 -
b11111111 3
b11111111 .
b1110 0
1#
1(
#12762
b11111111 4
1"
1)
#12768
0"
0)
0#
0(
#12774
1"
1)
#12775
b1101 0
1#
1(
#12780
0"
0)
#12782
0#
0(
#12786
1"
1)
#12789
b1100 0
1#
1(
#12792
0"
0)
#12796
0#
0(
#12798
1"
1)
#12803
b1011 0
1#
1(
#12804
0"
0)
#12810
1"
1)
0#
0(
#12816
0"
0)
#12817
b1010 0
1#
1(
#12822
1"
1)
#12824
0#
0(
#12828
0"
0)
#12831
b1001 0
1#
1(
#12834
1"
1)
#12838
0#
0(
#12840
0"
0)
#12845
b1000 0
1#
1(
#12846
1"
1)
#12852
0"
0)
0#
0(
#12858
1"
1)
#12859
b111 0
1#
1(
#12864
0"
0)
#12866
0#
0(
#12870
1"
1)
#12873
b110 0
1#
1(
#12876
0"
0)
#12880
0#
0(
#12882
1"
1)
#12887
b101 0
1#
1(
#12888
0"
0)
#12894
1"
1)
0#
0(
#12900
0"
0)
#12901
b100 0
1#
1(
#12906
1"
1)
#12908
0#
0(
#12912
0"
0)
#12915
b11 0
1#
1(
#12918
1"
1)
#12922
0#
0(
#12924
0"
0)
#12929
b10 0
1#
1(
#12930
1"
1)
#12936
0"
0)
0#
0(
#12942
1"
1)
#12943
b1 0
1#
1(
#12948
0"
0)
#12950
0#
0(
#12954
1"
1)
#12957
b0 0
1#
1(
#12960
0"
0)
#12964
0#
0(
#12966
1"
1)
#12971
b10 2
b1111 0
1#
1(
#12972
0"
0)
#12978
1"
1)
0#
0(
#12984
0"
0)
#12985
b11 2
b111 /
b11111110 ,
b11111110 -
b11111110 3
b11111110 .
1#
1(
#12990
b11111110 4
1"
1)
#12992
0#
0(
#12996
0"
0)
#12999
b100 2
1#
1(
#13002
1"
1)
#13006
0#
0(
#13008
0"
0)
#13013
0+
01
1#
1(
#13014
b1 7
1"
1)
#13020
0"
0)
0#
0(
#13026
b10 7
0!
08
0*
06
1"
1)
#13027
b0 2
1#
1(
#13032
0"
0)
b0 >
b0 ?
b1100010 <
1'
#13033
0'
#13034
0#
0(
#13038
b110 5
b11111100 4
1!
18
1"
1)
#13041
1+
11
1#
1(
#13044
0"
0)
b1 >
b1 ?
1'
#13045
0'
#13048
0#
0(
#13050
b101 5
b11111000 4
1"
1)
#13055
1#
1(
#13056
0"
0)
b10 >
b11 ?
1'
#13057
0'
#13062
b100 5
b11110000 4
1"
1)
0#
0(
#13068
0"
0)
b11 >
b111 ?
1'
#13069
1#
1(
0'
#13074
b11 5
b11100000 4
1"
1)
#13076
0#
0(
#13080
0"
0)
b100 >
b1111 ?
1'
#13081
0'
#13083
1#
1(
#13086
b10 5
b11000000 4
1"
1)
#13090
0#
0(
#13092
0"
0)
b101 >
b11111 ?
1'
#13093
0'
#13097
1#
1(
#13098
b1 5
b10000000 4
1"
1)
#13104
0"
0)
0#
0(
b110 >
b111111 ?
1'
#13105
0'
#13110
b0 5
b0 4
1"
1)
#13111
1#
1(
#13116
0"
0)
b111 >
b1111111 ?
1'
#13117
0'
#13118
0#
0(
#13122
b0 7
b111 5
0!
08
1"
1)
#13125
1#
1(
#13128
0"
0)
b1000 >
1'
#13129
0'
#13132
0#
0(
#13134
1!
18
b11111110 4
1*
16
1"
1)
#13139
1#
1(
#13140
0"
0)
b110 =
1$
1'
#13141
0$
0'
#13146
1"
1)
0#
0(
#13152
0"
0)
#13153
1#
1(
#13158
1"
1)
#13160
0#
0(
#13164
0"
0)
#13167
1#
1(
#13170
1"
1)
#13174
0#
0(
#13176
0"
0)
#13181
1#
1(
#13182
1"
1)
#13188
0"
0)
0#
0(
#13194
1"
1)
#13195
1#
1(
#13200
0"
0)
#13202
0#
0(
#13206
1"
1)
#13209
1#
1(
#13212
0"
0)
#13216
0#
0(
#13218
1"
1)
#13223
1#
1(
#13224
0"
0)
#13230
1"
1)
0#
0(
#13236
0"
0)
#13237
1#
1(
#13242
1"
1)
#13244
0#
0(
#13248
0"
0)
#13251
1#
1(
#13254
1"
1)
#13258
0#
0(
#13260
0"
0)
#13265
1#
1(
#13266
1"
1)
#13272
0"
0)
0#
0(
#13278
1"
1)
#13279
1#
1(
#13284
0"
0)
#13286
0#
0(
#13290
1"
1)
#13293
1#
1(
#13296
0"
0)
#13300
0#
0(
#13302
1"
1)
#13307
1#
1(
#13308
0"
0)
#13314
1"
1)
0#
0(
#13320
0"
0)
#13321
1#
1(
#13326
1"
1)
#13328
0#
0(
#13332
0"
0)
#13335
1#
1(
#13338
1"
1)
#13342
0#
0(
#13344
0"
0)
#13349
1#
1(
#13350
1"
1)
#13356
0"
0)
0#
0(
#13362
1"
1)
#13363
1#
1(
#13368
0"
0)
#13370
0#
0(
#13374
1"
1)
#13377
1#
1(
#13380
0"
0)
#13384
0#
0(
#13386
1"
1)
#13391
1#
1(
#13392
0"
0)
#13398
1"
1)
0#
0(
#13404
0"
0)
#13405
1#
1(
#13410
1"
1)
#13412
0#
0(
#13416
0"
0)
#13419
1#
1(
#13422
1"
1)
#13426
0#
0(
#13428
0"
0)
#13433
1#
1(
#13434
1"
1)
#13440
0"
0)
0#
0(
#13446
1"
1)
#13447
1#
1(
#13452
0"
0)
#13454
0#
0(
#13458
1"
1)
#13461
1#
1(
#13464
0"
0)
#13468
0#
0(
#13470
1"
1)
#13475
1#
1(
#13476
0"
0)
#13482
1"
1)
0#
0(
#13488
0"
0)
#13489
1#
1(
#13494
1"
1)
#13496
0#
0(
#13500
0"
0)
#13503
1#
1(
#13506
1"
1)
#13510
0#
0(
#13512
0"
0)
#13517
1#
1(
#13518
1"
1)
#13524
0"
0)
0#
0(
#13530
1"
1)
#13531
1#
1(
#13536
0"
0)
#13538
0#
0(
#13542
1"
1)
#13545
1#
1(
#13548
0"
0)
#13552
0#
0(
#13554
1"
1)
#13559
1#
1(
#13560
0"
0)
#13566
1"
1)
0#
0(
#13572
0"
0)
#13573
1#
1(
#13578
1"
1)
#13580
0#
0(
#13584
0"
0)
#13587
1#
1(
#13590
1"
1)
#13594
0#
0(
#13596
0"
0)
#13601
1#
1(
#13602
1"
1)
#13608
0"
0)
0#
0(
#13614
1"
1)
#13615
1#
1(
#13620
0"
0)
#13622
0#
0(
#13626
1"
1)
#13629
1#
1(
#13632
0"
0)
#13636
0#
0(
#13638
1"
1)
#13643
1#
1(
#13644
0"
0)
#13646
0&
b0 ;
b101000000 9
b11 :
#13650
1"
1)
0#
0(
#13656
0"
0)
#13657
b1 2
1#
1(
#13662
1"
1)
#13664
0#
0(
#13668
0"
0)
#13671
b1110 0
1#
1(
#13674
1"
1)
#13678
0#
0(
#13680
0"
0)
#13685
b1101 0
1#
1(
#13686
1"
1)
#13692
0"
0)
0#
0(
#13698
1"
1)
#13699
b1100 0
1#
1(
#13704
0"
0)
#13706
0#
0(
#13710
1"
1)
#13713
b1011 0
1#
1(
#13716
0"
0)
#13720
0#
0(
#13722
1"
1)
#13727
b1010 0
1#
1(
#13728
0"
0)
#13734
1"
1)
0#
0(
#13740
0"
0)
#13741
b1001 0
1#
1(
#13746
1"
1)
#13748
0#
0(
#13752
0"
0)
#13755
b1000 0
1#
1(
#13758
1"
1)
#13762
0#
0(
#13764
0"
0)
#13769
b111 0
1#
1(
#13770
1"
1)
#13776
0"
0)
0#
0(
#13782
1"
1)
#13783
b110 0
1#
1(
#13788
0"
0)
#13790
0#
0(
#13794
1"
1)
#13797
b101 0
1#
1(
#13800
0"
0)
#13804
0#
0(
#13806
1"
1)
#13811
b100 0
1#
1(
#13812
0"
0)
#13818
1"
1)
0#
0(
#13824
0"
0)
#13825
b11 0
1#
1(
#13830
1"
1)
#13832
0#
0(
#13836
0"
0)
#13839
b10 0
1#
1(
#13842
1"
1)
#13846
0#
0(
#13848
0"
0)
#13853
b1 0
1#
1(
#13854
1"
1)
#13860
0"
0)
0#
0(
#13866
1"
1)
#13867
b0 0
1#
1(
#13872
0"
0)
#13873
b10100000 9
b1 ;
#13874
0#
0(
#13878
1"
1)
#13881
b10 2
b1111 0
1#
1(
#13884
0"
0)
#13888
0#
0(
#13890
1"
1)
#13895
b1 2
b110 /
b11111100 ,
b11111100 -
b11111100 3
b11111100 .
1#
1(
#13896
0"
0)
#13902
b11111100 4
1"
1)
0#
0(
#13908
0"
0)
#13909
b1110 0
1#
1(
#13914
1"
1)
#13916
0#
0(
#13920
0"
0)
#13923
b1101 0
1#
1(
#13926
1"
1)
#13930
0#
0(
#13932
0"
0)
#13937
b1100 0
1#
1(
#13938
1"
1)
#13944
0"
0)
0#
0(
#13950
1"
1)
#13951
b1011 0
1#
1(
#13956
0"
0)
#13958
0#
0(
#13962
1"
1)
#13965
b1010 0
1#
1(
#13968
0"
0)
#13972
0#
0(
#13974
1"
1)
#13979
b1001 0
1#
1(
#13980
0"
0)
#13986
1"
1)
0#
0(
#13992
0"
0)
#13993
b1000 0
1#
1(
#13998
1"
1)
#14000
0#
0(
#14004
0"
0)
#14007
b111 0
1#
1(
#14010
1"
1)
#14014
0#
0(
#14016
0"
0)
#14021
b110 0
1#
1(
#14022
1"
1)
#14028
0"
0)
0#
0(
#14034
1"
1)
#14035
b101 0
1#
1(
#14040
0"
0)
#14042
0#
0(
#14046
1"
1)
#14049
b100 0
1#
1(
#14052
0"
0)
#14056
0#
0(
#14058
1"
1)
#14063
b11 0
1#
1(
#14064
0"
0)
#14070
1"
1)
0#
0(
#14076
0"
0)
#14077
b10 0
1#
1(
#14082
1"
1)
#14084
0#
0(
#14088
0"
0)
#14091
b1 0
1#
1(
#14094
1"
1)
#14098
0#
0(
#14100
0"
0)
b1010000 9
b10 ;
#14105
b0 0
1#
1(
#14106
1"
1)
#14112
0"
0)
0#
0(
#14118
1"
1)
#14119
b10 2
b1111 0
1#
1(
#14124
0"
0)
#14126
0#
0(
#14130
1"
1)
#14133
b1 2
b101 /
b11111000 ,
b11111000 -
b11111000 3
b11111000 .
1#
1(
#14136
0"
0)
#14140
0#
0(
#14142
b11111000 4
1"
1)
#14147
b1110 0
1#
1(
#14148
0"
0)
#14154
1"
1)
0#
0(
#14160
0"
0)
#14161
b1101 0
1#
1(
#14166
1"
1)
#14168
0#
0(
#14172
0"
0)
#14175
b1100 0
1#
1(
#14178
1"
1)
#14182
0#
0(
#14184
0"
0)
#14189
b1011 0
1#
1(
#14190
1"
1)
#14196
0"
0)
0#
0(
#14202
1"
1)
#14203
b1010 0
1#
1(
#14208
0"
0)
#14210
0#
0(
#14214
1"
1)
#14217
b1001 0
1#
1(
#14220
0"
0)
#14224
0#
0(
#14226
1"
1)
#14231
b1000 0
1#
1(
#14232
0"
0)
#14238
1"
1)
0#
0(
#14244
0"
0)
#14245
b111 0
1#
1(
#14250
1"
1)
#14252
0#
0(
#14256
0"
0)
#14259
b110 0
1#
1(
#14262
1"
1)
#14266
0#
0(
#14268
0"
0)
#14273
b101 0
1#
1(
#14274
1"
1)
#14280
0"
0)
0#
0(
#14286
1"
1)
#14287
b100 0
1#
1(
#14292
0"
0)
#14294
0#
0(
#14298
1"
1)
#14301
b11 0
1#
1(
#14304
0"
0)
#14308
0#
0(
#14310
1"
1)
#14315
b10 0
1#
1(
#14316
0"
0)
#14322
1"
1)
0#
0(
#14327
b101000 9
b11 ;
#14328
0"
0)
#14329
b1 0
1#
1(
#14334
1"
1)
#14336
0#
0(
#14340
0"
0)
#14343
b0 0
1#
1(
#14346
1"
1)
#14350
0#
0(
#14352
0"
0)
#14357
b10 2
b1111 0
1#
1(
#14358
1"
1)
#14364
0"
0)
0#
0(
#14370
1"
1)
#14371
b1 2
b100 /
b11110000 ,
b11110000 -
b11110000 3
b11110000 .
1#
1(
#14376
0"
0)
#14378
0#
0(
#14382
b11110000 4
1"
1)
#14385
b1110 0
1#
1(
#14388
0"
0)
#14392
0#
0(
#14394
1"
1)
#14399
b1101 0
1#
1(
#14400
0"
0)
#14406
1"
1)
0#
0(
#14412
0"
0)
#14413
b1100 0
1#
1(
#14418
1"
1)
#14420
0#
0(
#14424
0"
0)
#14427
b1011 0
1#
1(
#14430
1"
1)
#14434
0#
0(
#14436
0"
0)
#14441
b1010 0
1#
1(
#14442
1"
1)
#14448
0"
0)
0#
0(
#14454
1"
1)
#14455
b1001 0
1#
1(
#14460
0"
0)
#14462
0#
0(
#14466
1"
1)
#14469
b1000 0
1#
1(
#14472
0"
0)
#14476
0#
0(
#14478
1"
1)
#14483
b111 0
1#
1(
#14484
0"
0)
#14490
1"
1)
0#
0(
#14496
0"
0)
#14497
b110 0
1#
1(
#14502
1"
1)
#14504
0#
0(
#14508
0"
0)
#14511
b101 0
1#
1(
#14514
1"
1)
#14518
0#
0(
#14520
0"
0)
#14525
b100 0
1#
1(
#14526
1"
1)
#14532
0"
0)
0#
0(
#14538
1"
1)
#14539
b11 0
1#
1(
#14544
0"
0)
#14546
0#
0(
#14550
1"
1)
#14553
b10 0
1#
1(
#14554
b10100 9
b100 ;
#14556
0"
0)
#14560
0#
0(
#14562
1"
1)
#14567
b1 0
1#
1(
#14568
0"
0)
#14574
1"
1)
0#
0(
#14580
0"
0)
#14581
b0 0
1#
1(
#14586
1"
1)
#14588
0#
0(
#14592
0"
0)
#14595
b10 2
b1111 0
1#
1(
#14598
1"
1)
#14602
0#
0(
#14604
0"
0)
#14609
b1 2
b11 /
b11100000 ,
b11100000 -
b11100000 3
b11100000 .
1#
1(
#14610
b11100000 4
1"
1)
#14616
0"
0)
0#
0(
#14622
1"
1)
#14623
b1110 0
1#
1(
#14628
0"
0)
#14630
0#
0(
#14634
1"
1)
#14637
b1101 0
1#
1(
#14640
0"
0)
#14644
0#
0(
#14646
1"
1)
#14651
b1100 0
1#
1(
#14652
0"
0)
#14658
1"
1)
0#
0(
#14664
0"
0)
#14665
b1011 0
1#
1(
#14670
1"
1)
#14672
0#
0(
#14676
0"
0)
#14679
b1010 0
1#
1(
#14682
1"
1)
#14686
0#
0(
#14688
0"
0)
#14693
b1001 0
1#
1(
#14694
1"
1)
#14700
0"
0)
0#
0(
#14706
1"
1)
#14707
b1000 0
1#
1(
#14712
0"
0)
#14714
0#
0(
#14718
1"
1)
#14721
b111 0
1#
1(
#14724
0"
0)
#14728
0#
0(
#14730
1"
1)
#14735
b110 0
1#
1(
#14736
0"
0)
#14742
1"
1)
0#
0(
#14748
0"
0)
#14749
b101 0
1#
1(
#14754
1"
1)
#14756
0#
0(
#14760
0"
0)
#14763
b100 0
1#
1(
#14766
1"
1)
#14770
0#
0(
#14772
0"
0)
#14777
b11 0
1#
1(
#14778
1"
1)
#14781
b1010 9
b101 ;
#14784
0"
0)
0#
0(
#14790
1"
1)
#14791
b10 0
1#
1(
#14796
0"
0)
#14798
0#
0(
#14802
1"
1)
#14805
b1 0
1#
1(
#14808
0"
0)
#14812
0#
0(
#14814
1"
1)
#14819
b0 0
1#
1(
#14820
0"
0)
#14826
1"
1)
0#
0(
#14832
0"
0)
#14833
b10 2
b1111 0
1#
1(
#14838
1"
1)
#14840
0#
0(
#14844
0"
0)
#14847
b1 2
b10 /
b11000000 ,
b11000000 -
b11000000 3
b11000000 .
1#
1(
#14850
b11000000 4
1"
1)
#14854
0#
0(
#14856
0"
0)
#14861
b1110 0
1#
1(
#14862
1"
1)
#14868
0"
0)
0#
0(
#14874
1"
1)
#14875
b1101 0
1#
1(
#14880
0"
0)
#14882
0#
0(
#14886
1"
1)
#14889
b1100 0
1#
1(
#14892
0"
0)
#14896
0#
0(
#14898
1"
1)
#14903
b1011 0
1#
1(
#14904
0"
0)
#14910
1"
1)
0#
0(
#14916
0"
0)
#14917
b1010 0
1#
1(
#14922
1"
1)
#14924
0#
0(
#14928
0"
0)
#14931
b1001 0
1#
1(
#14934
1"
1)
#14938
0#
0(
#14940
0"
0)
#14945
b1000 0
1#
1(
#14946
1"
1)
#14952
0"
0)
0#
0(
#14958
1"
1)
#14959
b111 0
1#
1(
#14964
0"
0)
#14966
0#
0(
#14970
1"
1)
#14973
b110 0
1#
1(
#14976
0"
0)
#14980
0#
0(
#14982
1"
1)
#14987
b101 0
1#
1(
#14988
0"
0)
#14994
1"
1)
0#
0(
#15000
0"
0)
#15001
b100 0
1#
1(
#15006
1"
1)
#15008
0#
0(
b101 9
b110 ;
#15012
0"
0)
#15015
b11 0
1#
1(
#15018
1"
1)
#15022
0#
0(
#15024
0"
0)
#15029
b10 0
1#
1(
#15030
1"
1)
#15036
0"
0)
0#
0(
#15042
1"
1)
#15043
b1 0
1#
1(
#15048
0"
0)
#15050
0#
0(
#15054
1"
1)
#15057
b0 0
1#
1(
#15060
0"
0)
#15064
0#
0(
#15066
1"
1)
#15071
b10 2
b1111 0
1#
1(
#15072
0"
0)
#15078
1"
1)
0#
0(
#15084
0"
0)
#15085
b1 2
b1 /
b10000000 ,
b10000000 -
b10000000 3
b10000000 .
1#
1(
#15090
b10000000 4
1"
1)
#15092
0#
0(
#15096
0"
0)
#15099
b1110 0
1#
1(
#15102
1"
1)
#15106
0#
0(
#15108
0"
0)
#15113
b1101 0
1#
1(
#15114
1"
1)
#15120
0"
0)
0#
0(
#15126
1"
1)
#15127
b1100 0
1#
1(
#15132
0"
0)
#15134
0#
0(
#15138
1"
1)
#15141
b1011 0
1#
1(
#15144
0"
0)
#15148
0#
0(
#15150
1"
1)
#15155
b1010 0
1#
1(
#15156
0"
0)
#15162
1"
1)
0#
0(
#15168
0"
0)
#15169
b1001 0
1#
1(
#15174
1"
1)
#15176
0#
0(
#15180
0"
0)
#15183
b1000 0
1#
1(
#15186
1"
1)
#15190
0#
0(
#15192
0"
0)
#15197
b111 0
1#
1(
#15198
1"
1)
#15204
0"
0)
0#
0(
#15210
1"
1)
#15211
b110 0
1#
1(
#15216
0"
0)
#15218
0#
0(
#15222
1"
1)
#15225
b101 0
1#
1(
#15228
0"
0)
#15232
0#
0(
#15234
1"
1)
#15235
b10 9
1&
b111 ;
#15239
b10000001 ,
b10000001 -
b10000001 3
b10000001 .
b100 0
1#
1(
#15240
0"
0)
#15246
b10000001 4
1"
1)
0#
0(
#15252
0"
0)
#15253
b11 0
1#
1(
#15258
1"
1)
#15260
0#
0(
#15264
0"
0)
#15267
b10 0
1#
1(
#15270
1"
1)
#15274
0#
0(
#15276
0"
0)
#15281
b1 0
1#
1(
#15282
1"
1)
#15288
0"
0)
0#
0(
#15294
1"
1)
#15295
b0 0
1#
1(
#15300
0"
0)
#15302
0#
0(
#15306
1"
1)
#15309
b10 2
b1111 0
1#
1(
#15312
0"
0)
#15316
0#
0(
#15318
1"
1)
#15323
b1 2
b0 /
b10 ,
b10 -
b10 3
b10 .
1#
1(
#15324
0"
0)
#15330
b10 4
1"
1)
0#
0(
#15336
0"
0)
#15337
b11 ,
b11 -
b11 3
b11 .
b1110 0
1#
1(
#15342
b11 4
1"
1)
#15344
0#
0(
#15348
0"
0)
#15351
b1101 0
1#
1(
#15354
1"
1)
#15358
0#
0(
#15360
0"
0)
#15365
b1100 0
1#
1(
#15366
1"
1)
#15372
0"
0)
0#
0(
#15378
1"
1)
#15379
b1011 0
1#
1(
#15384
0"
0)
#15386
0#
0(
#15390
1"
1)
#15393
b1010 0
1#
1(
#15396
0"
0)
#15400
0#
0(
#15402
1"
1)
#15407
b1001 0
1#
1(
#15408
0"
0)
#15414
1"
1)
0#
0(
#15420
0"
0)
#15421
b1000 0
1#
1(
#15426
1"
1)
#15428
0#
0(
#15432
0"
0)
#15435
b111 0
1#
1(
#15438
1"
1)
#15442
0#
0(
#15444
0"
0)
#15449
b110 0
1#
1(
#15450
1"
1)
#15456
0"
0)
0#
0(
#15462
1"
1)
b1 9
0&
b1000 ;
#15463
b10 ,
b10 -
b10 3
b10 .
b101 0
1#
1(
#15468
0"
0)
#15470
0#
0(
#15474
b10 4
1"
1)
#15477
b100 0
1#
1(
#15480
0"
0)
#15484
0#
0(
#15486
1"
1)
#15491
b11 0
1#
1(
#15492
0"
0)
#15498
1"
1)
0#
0(
#15504
0"
0)
#15505
b10 0
1#
1(
#15510
1"
1)
#15512
0#
0(
#15516
0"
0)
#15519
b1 0
1#
1(
#15522
1"
1)
#15526
0#
0(
#15528
0"
0)
#15533
b0 0
1#
1(
#15534
1"
1)
#15540
0"
0)
0#
0(
#15546
1"
1)
#15547
b10 2
b1111 0
1#
1(
#15552
0"
0)
#15554
0#
0(
#15558
1"
1)
#15561
b11 2
b111 /
b100 ,
b100 -
b100 3
b100 .
1#
1(
#15564
0"
0)
#15568
0#
0(
#15570
b100 4
1"
1)
#15575
b100 2
1#
1(
#15576
0"
0)
#15582
1"
1)
0#
0(
#15588
0"
0)
#15589
0+
01
1#
1(
#15594
b1 7
1"
1)
#15596
0#
0(
#15600
0"
0)
#15603
1#
1(
#15606
b10 7
0!
08
0*
06
1"
1)
#15610
0#
0(
#15612
0"
0)
b0 >
b0 ?
b1110011 <
1'
#15613
0'
#15617
b0 2
1#
1(
#15618
b110 5
b1000 4
1"
1)
#15624
0"
0)
0#
0(
b1 >
1'
#15625
0'
#15630
b101 5
b10000 4
1"
1)
#15631
b1 2
1+
11
1#
1(
#15636
0"
0)
b10 >
1'
#15637
0'
#15638
0#
0(
#15642
b100 5
b100000 4
1"
1)
#15645
b1110 0
1#
1(
#15648
0"
0)
b11 >
1'
#15649
0'
#15652
0#
0(
#15654
b11 5
b1000000 4
1"
1)
#15659
b1101 0
1#
1(
#15660
0"
0)
b100 >
1'
#15661
0'
#15666
b10 5
b10000000 4
1"
1)
0#
0(
#15672
0"
0)
b101 >
1'
#15673
b1100 0
1#
1(
0'
#15678
b1 5
b0 4
1!
18
1"
1)
#15680
0#
0(
#15684
0"
0)
b110 >
b100000 ?
1'
#15685
0'
#15687
b1011 0
1#
1(
#15689
b0 9
1&
b1001 ;
#15690
b0 5
0!
08
1"
1)
#15694
0#
0(
#15696
0"
0)
b111 >
1'
#15697
0'
#15701
b101 ,
b101 -
b101 3
b101 .
b1010 0
1#
1(
#15702
b0 7
b111 5
1"
1)
#15708
0"
0)
0#
0(
b1000 >
1'
#15709
0'
#15714
1!
18
b101 4
1*
16
1"
1)
#15715
b1001 0
1#
1(
#15720
0"
0)
b111 =
1$
1'
#15721
0$
0'
#15722
0#
0(
#15726
1"
1)
#15729
b1000 0
1#
1(
#15732
0"
0)
#15736
0#
0(
#15738
1"
1)
#15743
b111 0
1#
1(
#15744
0"
0)
#15750
1"
1)
0#
0(
#15756
0"
0)
#15757
b110 0
1#
1(
#15762
1"
1)
#15764
0#
0(
#15768
0"
0)
#15771
b101 0
1#
1(
#15774
1"
1)
#15778
0#
0(
#15780
0"
0)
#15785
b100 0
1#
1(
#15786
1"
1)
#15792
0"
0)
0#
0(
#15798
1"
1)
#15799
b11 0
1#
1(
#15804
0"
0)
#15806
0#
0(
#15810
1"
1)
#15813
b10 0
1#
1(
#15816
0"
0)
#15820
0#
0(
#15822
1"
1)
#15827
b1 0
1#
1(
#15828
0"
0)
#15834
1"
1)
0#
0(
#15840
0"
0)
#15841
b0 0
1#
1(
#15846
1"
1)
#15848
0#
0(
#15852
0"
0)
#15855
b10 2
b1111 0
1#
1(
#15858
1"
1)
#15862
0#
0(
#15864
0"
0)
#15869
b1 2
b110 /
b1010 ,
b1010 -
b1010 3
b1010 .
1#
1(
#15870
b1010 4
1"
1)
#15876
0"
0)
0#
0(
#15882
1"
1)
#15883
b1011 ,
b1011 -
b1011 3
b1011 .
b1110 0
1#
1(
#15888
0"
0)
#15890
0#
0(
#15894
b1011 4
1"
1)
#15897
b1101 0
1#
1(
#15900
0"
0)
#15904
0#
0(
#15906
1"
1)
#15911
b1100 0
1#
1(
#15912
0"
0)
#15916
b1010 ;
#15918
1"
1)
0#
0(
#15924
0"
0)
#15925
b1011 0
1#
1(
#15930
1"
1)
#15932
0#
0(
#15936
0"
0)
#15939
b1010 0
1#
1(
#15942
1"
1)
#15946
0#
0(
#15948
0"
0)
#15953
b1001 0
1#
1(
#15954
1"
1)
#15960
0"
0)
0#
0(
#15966
1"
1)
#15967
b1000 0
1#
1(
#15972
0"
0)
#15974
0#
0(
#15978
1"
1)
#15981
b111 0
1#
1(
#15984
0"
0)
#15988
0#
0(
#15990
1"
1)
#15995
b110 0
1#
1(
#15996
0"
0)
#16002
1"
1)
0#
0(
#16008
0"
0)
#16009
b101 0
1#
1(
#16014
1"
1)
#16016
0#
0(
#16020
0"
0)
#16023
b100 0
1#
1(
#16026
1"
1)
#16030
0#
0(
#16032
0"
0)
#16037
b11 0
1#
1(
#16038
1"
1)
#16044
0"
0)
0#
0(
#16050
1"
1)
#16051
b10 0
1#
1(
#16056
0"
0)
#16058
0#
0(
#16062
1"
1)
#16065
b1 0
1#
1(
#16068
0"
0)
#16072
0#
0(
#16074
1"
1)
#16079
b0 0
1#
1(
#16080
0"
0)
#16086
1"
1)
0#
0(
#16092
0"
0)
#16093
b10 2
b1111 0
1#
1(
#16098
1"
1)
#16100
0#
0(
#16104
0"
0)
#16107
b1 2
b101 /
b10110 ,
b10110 -
b10110 3
b10110 .
1#
1(
#16110
b10110 4
1"
1)
#16114
0#
0(
#16116
0"
0)
#16121
b10111 ,
b10111 -
b10111 3
b10111 .
b1110 0
1#
1(
#16122
b10111 4
1"
1)
#16128
0"
0)
0#
0(
#16134
1"
1)
#16135
b1101 0
1#
1(
#16140
0"
0)
#16142
0#
0(
#16146
1"
1)
#16149
b1100 0
1#
1(
#16152
0"
0)
#16156
0#
0(
#16158
1"
1)
#16163
b1011 0
1#
1(
#16164
0"
0)
#16170
1"
1)
0#
0(
#16176
0"
0)
#16177
b1010 0
1#
1(
#16182
1"
1)
#16184
0#
0(
#16188
0"
0)
#16191
b1001 0
1#
1(
#16194
1"
1)
#16198
0#
0(
#16200
0"
0)
#16205
b1000 0
1#
1(
#16206
1"
1)
#16212
0"
0)
0#
0(
#16218
1"
1)
#16219
b111 0
1#
1(
#16224
0"
0)
#16226
0#
0(
#16230
1"
1)
#16233
b110 0
1#
1(
#16236
0"
0)
#16240
0#
0(
#16242
1"
1)
#16247
b101 0
1#
1(
#16248
0"
0)
#16254
1"
1)
0#
0(
#16260
0"
0)
#16261
b100 0
1#
1(
#16266
1"
1)
#16268
0#
0(
#16272
0"
0)
#16275
b11 0
1#
1(
#16278
1"
1)
#16282
0#
0(
#16284
0"
0)
#16289
b10 0
1#
1(
#16290
1"
1)
#16296
0"
0)
0#
0(
#16302
1"
1)
#16303
b1 0
1#
1(
#16308
0"
0)
#16310
0#
0(
#16314
1"
1)
#16317
b0 0
1#
1(
#16320
0"
0)
#16324
0#
0(
#16326
1"
1)
#16331
b10 2
b1111 0
1#
1(
#16332
0"
0)
#16338
1"
1)
0#
0(
#16344
0"
0)
#16345
b1 2
b100 /
b101110 ,
b101110 -
b101110 3
b101110 .
1#
1(
#16350
b101110 4
1"
1)
#16352
0#
0(
#16356
0"
0)
#16359
b101111 ,
b101111 -
b101111 3
b101111 .
b1110 0
1#
1(
#16362
b101111 4
1"
1)
#16366
0#
0(
#16368
0"
0)
#16373
b1101 0
1#
1(
#16374
1"
1)
#16380
0"
0)
0#
0(
#16386
1"
1)
#16387
b1100 0
1#
1(
#16392
0"
0)
#16394
0#
0(
#16398
1"
1)
#16401
b1011 0
1#
1(
#16404
0"
0)
#16408
0#
0(
#16410
1"
1)
#16415
b1010 0
1#
1(
#16416
0"
0)
#16422
1"
1)
0#
0(
#16428
0"
0)
#16429
b1001 0
1#
1(
#16434
1"
1)
#16436
0#
0(
#16440
0"
0)
#16443
b1000 0
1#
1(
#16446
1"
1)
#16450
0#
0(
#16452
0"
0)
#16457
b111 0
1#
1(
#16458
1"
1)
#16464
0"
0)
0#
0(
#16470
1"
1)
#16471
b110 0
1#
1(
#16476
0"
0)
#16478
0#
0(
#16482
1"
1)
#16485
b101 0
1#
1(
#16488
0"
0)
#16492
0#
0(
#16494
1"
1)
#16499
b100 0
1#
1(
#16500
0"
0)
#16506
1"
1)
0#
0(
#16512
0"
0)
#16513
b11 0
1#
1(
#16518
1"
1)
#16520
0#
0(
#16524
0"
0)
#16527
b10 0
1#
1(
#16530
1"
1)
#16534
0#
0(
#16536
0"
0)
#16541
b1 0
1#
1(
#16542
1"
1)
#16548
0"
0)
0#
0(
#16554
1"
1)
#16555
b0 0
1#
1(
#16560
0"
0)
#16562
0#
0(
#16566
1"
1)
#16569
b10 2
b1111 0
1#
1(
#16572
0"
0)
#16576
0#
0(
#16578
1"
1)
#16583
b1 2
b11 /
b1011110 ,
b1011110 -
b1011110 3
b1011110 .
1#
1(
#16584
0"
0)
#16590
b1011110 4
1"
1)
0#
0(
#16596
0"
0)
#16597
b1011111 ,
b1011111 -
b1011111 3
b1011111 .
b1110 0
1#
1(
#16602
b1011111 4
1"
1)
#16604
0#
0(
#16608
0"
0)
#16611
b1101 0
1#
1(
#16614
1"
1)
#16618
0#
0(
#16620
0"
0)
#16625
b1100 0
1#
1(
#16626
1"
1)
#16632
0"
0)
0#
0(
#16638
1"
1)
#16639
b1011 0
1#
1(
#16644
0"
0)
#16646
0#
0(
#16650
1"
1)
#16653
b1010 0
1#
1(
#16656
0"
0)
#16660
0#
0(
#16662
1"
1)
#16667
b1001 0
1#
1(
#16668
0"
0)
#16674
1"
1)
0#
0(
#16680
0"
0)
#16681
b1000 0
1#
1(
#16686
1"
1)
#16688
0#
0(
#16692
0"
0)
#16695
b111 0
1#
1(
#16698
1"
1)
#16702
0#
0(
#16704
0"
0)
#16709
b110 0
1#
1(
#16710
1"
1)
#16716
0"
0)
0#
0(
#16722
1"
1)
#16723
b101 0
1#
1(
#16728
0"
0)
#16730
0#
0(
#16734
1"
1)
#16737
b100 0
1#
1(
#16740
0"
0)
#16744
0#
0(
#16746
1"
1)
#16751
b11 0
1#
1(
#16752
0"
0)
#16758
1"
1)
0#
0(
#16764
0"
0)
#16765
b10 0
1#
1(
#16770
1"
1)
#16772
0#
0(
#16776
0"
0)
#16779
b1 0
1#
1(
#16782
1"
1)
#16786
0#
0(
#16788
0"
0)
#16793
b0 0
1#
1(
#16794
1"
1)
#16800
0"
0)
0#
0(
#16806
1"
1)
#16807
b10 2
b1111 0
1#
1(
#16812
0"
0)
#16814
0#
0(
#16818
1"
1)
#16821
b1 2
b10 /
b10111110 ,
b10111110 -
b10111110 3
b10111110 .
1#
1(
#16824
0"
0)
#16828
0#
0(
#16830
b10111110 4
1"
1)
#16835
b10111111 ,
b10111111 -
b10111111 3
b10111111 .
b1110 0
1#
1(
#16836
0"
0)
#16842
b10111111 4
1"
1)
0#
0(
#16848
0"
0)
#16849
b1101 0
1#
1(
#16854
1"
1)
#16856
0#
0(
#16860
0"
0)
#16863
b1100 0
1#
1(
#16866
1"
1)
#16870
0#
0(
#16872
0"
0)
#16877
b1011 0
1#
1(
#16878
1"
1)
#16884
0"
0)
0#
0(
#16890
1"
1)
#16891
b1010 0
1#
1(
#16896
0"
0)
#16898
0#
0(
#16902
1"
1)
#16905
b1001 0
1#
1(
#16908
0"
0)
#16912
0#
0(
#16914
1"
1)
#16919
b1000 0
1#
1(
#16920
0"
0)
#16926
1"
1)
0#
0(
#16932
0"
0)
#16933
b111 0
1#
1(
#16938
1"
1)
#16940
0#
0(
#16944
0"
0)
#16947
b110 0
1#
1(
#16950
1"
1)
#16954
0#
0(
#16956
0"
0)
#16961
b101 0
1#
1(
#16962
1"
1)
#16968
0"
0)
0#
0(
#16974
1"
1)
#16975
b100 0
1#
1(
#16980
0"
0)
#16982
0#
0(
#16986
1"
1)
#16989
b11 0
1#
1(
#16992
0"
0)
#16996
0#
0(
#16998
1"
1)
#17003
b10 0
1#
1(
#17004
0"
0)
#17010
1"
1)
0#
0(
#17016
0"
0)
#17017
b1 0
1#
1(
#17022
1"
1)
#17024
0#
0(
#17028
0"
0)
#17031
b0 0
1#
1(
#17034
1"
1)
#17038
0#
0(
#17040
0"
0)
#17045
b10 2
b1111 0
1#
1(
#17046
1"
1)
#17052
0"
0)
0#
0(
#17058
1"
1)
#17059
b1 2
b1 /
b1111110 ,
b1111110 -
b1111110 3
b1111110 .
1#
1(
#17064
0"
0)
#17066
0#
0(
#17070
b1111110 4
1"
1)
#17073
b1111111 ,
b1111111 -
b1111111 3
b1111111 .
b1110 0
1#
1(
#17076
0"
0)
#17080
0#
0(
#17082
b1111111 4
1"
1)
#17087
b1101 0
1#
1(
#17088
0"
0)
#17094
1"
1)
0#
0(
#17100
0"
0)
#17101
b1100 0
1#
1(
#17106
1"
1)
#17108
0#
0(
#17112
0"
0)
#17115
b1011 0
1#
1(
#17118
1"
1)
#17122
0#
0(
#17124
0"
0)
#17129
b1010 0
1#
1(
#17130
1"
1)
#17136
0"
0)
0#
0(
#17142
1"
1)
#17143
b1001 0
1#
1(
#17148
0"
0)
#17150
0#
0(
#17154
1"
1)
#17157
b1000 0
1#
1(
#17160
0"
0)
#17164
0#
0(
#17166
1"
1)
#17171
b111 0
1#
1(
#17172
0"
0)
#17178
1"
1)
0#
0(
#17184
0"
0)
#17185
b110 0
1#
1(
#17190
1"
1)
#17192
0#
0(
#17196
0"
0)
#17199
b101 0
1#
1(
#17202
1"
1)
#17206
0#
0(
#17208
0"
0)
#17213
b100 0
1#
1(
#17214
1"
1)
#17220
0"
0)
0#
0(
#17226
1"
1)
#17227
b11 0
1#
1(
#17232
0"
0)
#17234
0#
0(
#17238
1"
1)
#17241
b10 0
1#
1(
#17244
0"
0)
#17248
0#
0(
#17250
1"
1)
#17255
b1 0
1#
1(
#17256
0"
0)
#17262
1"
1)
0#
0(
#17268
0"
0)
#17269
b0 0
1#
1(
#17274
1"
1)
#17276
0#
0(
#17280
0"
0)
#17283
b10 2
b1111 0
1#
1(
#17286
1"
1)
#17290
0#
0(
#17292
0"
0)
#17297
b1 2
b0 /
b11111110 ,
b11111110 -
b11111110 3
b11111110 .
1#
1(
#17298
b11111110 4
1"
1)
#17304
0"
0)
0#
0(
#17310
1"
1)
#17311
b11111111 ,
b11111111 -
b11111111 3
b11111111 .
b1110 0
1#
1(
#17316
0"
0)
#17318
0#
0(
#17322
b11111111 4
1"
1)
#17325
b1101 0
1#
1(
#17328
0"
0)
#17332
0#
0(
#17334
1"
1)
#17339
b1100 0
1#
1(
#17340
0"
0)
#17346
1"
1)
0#
0(
#17352
0"
0)
#17353
b1011 0
1#
1(
#17358
1"
1)
#17360
0#
0(
#17364
0"
0)
#17367
b1010 0
1#
1(
#17370
1"
1)
#17374
0#
0(
#17376
0"
0)
#17381
b1001 0
1#
1(
#17382
1"
1)
#17388
0"
0)
0#
0(
#17394
1"
1)
#17395
b1000 0
1#
1(
#17400
0"
0)
#17402
0#
0(
#17406
1"
1)
#17409
b111 0
1#
1(
#17412
0"
0)
#17416
0#
0(
#17418
1"
1)
#17423
b110 0
1#
1(
#17424
0"
0)
#17430
1"
1)
0#
0(
#17436
0"
0)
#17437
b101 0
1#
1(
#17442
1"
1)
#17444
0#
0(
#17448
0"
0)
#17451
b100 0
1#
1(
#17454
1"
1)
#17458
0#
0(
#17460
0"
0)
#17465
b11 0
1#
1(
#17466
1"
1)
#17472
0"
0)
0#
0(
#17478
1"
1)
#17479
b10 0
1#
1(
#17484
0"
0)
#17486
0#
0(
#17490
1"
1)
#17493
b1 0
1#
1(
#17496
0"
0)
#17500
0#
0(
#17502
1"
1)
#17507
b0 0
1#
1(
#17508
0"
0)
#17514
1"
1)
0#
0(
#17520
0"
0)
#17521
b10 2
b1111 0
1#
1(
#17526
1"
1)
#17528
0#
0(
#17532
0"
0)
#17535
b11 2
b111 /
b11111110 ,
b11111110 -
b11111110 3
b11111110 .
1#
1(
#17538
b11111110 4
1"
1)
#17542
0#
0(
#17544
0"
0)
#17549
b100 2
1#
1(
#17550
1"
1)
#17556
0"
0)
0#
0(
#17562
1"
1)
#17563
0+
01
1#
1(
#17568
0"
0)
#17570
0#
0(
#17574
b1 7
1"
1)
#17577
1#
1(
#17580
0"
0)
#17584
0#
0(
#17586
b10 7
0!
08
0*
06
1"
1)
#17591
b0 2
1#
1(
#17592
0"
0)
b0 >
b0 ?
b10000100 <
1'
#17593
0'
#17598
b110 5
b11111100 4
1!
18
1"
1)
0#
0(
#17604
0"
0)
b1 >
b1 ?
1'
#17605
1+
11
1#
1(
0'
#17610
b101 5
b11111000 4
1"
1)
#17612
0#
0(
#17616
0"
0)
b10 >
b11 ?
1'
#17617
0'
#17619
1#
1(
#17622
b100 5
b11110000 4
1"
1)
#17626
0#
0(
#17628
0"
0)
b11 >
b111 ?
1'
#17629
0'
#17633
1#
1(
#17634
b11 5
b11100000 4
1"
1)
#17640
0"
0)
0#
0(
b100 >
b1111 ?
1'
#17641
0'
#17646
b10 5
b11000000 4
1"
1)
#17647
1#
1(
#17652
0"
0)
b101 >
b11111 ?
1'
#17653
0'
#17654
0#
0(
#17658
b1 5
b10000000 4
1"
1)
#17661
1#
1(
#17664
0"
0)
b110 >
b111111 ?
1'
#17665
0'
#17668
0#
0(
#17670
b0 5
b0 4
1"
1)
#17675
1#
1(
#17676
0"
0)
b111 >
b1111111 ?
1'
#17677
0'
#17682
b0 7
b111 5
0!
08
1"
1)
0#
0(
#17688
0"
0)
b1000 >
1'
#17689
1#
1(
0'
#17694
1!
18
b11111110 4
1*
16
1"
1)
#17696
0#
0(
#17700
0"
0)
b1000 =
1$
1'
#17701
0$
0'
#17703
1#
1(
#17706
1"
1)
#17710
0#
0(
#17712
0"
0)
#17717
1#
1(
#17718
1"
1)
#17724
0"
0)
0#
0(
#17730
1"
1)
#17731
1#
1(
#17736
0"
0)
#17738
0#
0(
#17742
1"
1)
#17745
1#
1(
#17748
0"
0)
#17752
0#
0(
#17754
1"
1)
#17759
1#
1(
#17760
0"
0)
#17766
1"
1)
0#
0(
#17772
0"
0)
#17773
1#
1(
#17778
1"
1)
#17780
0#
0(
#17784
0"
0)
#17787
1#
1(
#17790
1"
1)
#17794
0#
0(
#17796
0"
0)
#17801
1#
1(
#17802
1"
1)
#17808
0"
0)
0#
0(
#17814
1"
1)
#17815
1#
1(
#17820
0"
0)
#17822
0#
0(
#17826
1"
1)
#17829
1#
1(
#17832
0"
0)
#17836
0#
0(
#17838
1"
1)
#17843
1#
1(
#17844
0"
0)
#17850
1"
1)
0#
0(
#17856
0"
0)
#17857
1#
1(
#17862
1"
1)
#17864
0#
0(
#17868
0"
0)
#17871
1#
1(
#17874
1"
1)
#17878
0#
0(
#17880
0"
0)
#17885
1#
1(
#17886
1"
1)
#17892
0"
0)
0#
0(
#17898
1"
1)
#17899
1#
1(
#17904
0"
0)
#17906
0#
0(
#17910
1"
1)
#17913
1#
1(
#17916
0"
0)
#17920
0#
0(
#17922
1"
1)
#17927
1#
1(
#17928
0"
0)
#17934
1"
1)
0#
0(
#17940
0"
0)
#17941
1#
1(
#17946
1"
1)
#17948
0#
0(
#17952
0"
0)
#17955
1#
1(
#17958
1"
1)
#17962
0#
0(
#17964
0"
0)
#17969
1#
1(
#17970
1"
1)
#17976
0"
0)
0#
0(
#17982
1"
1)
#17983
1#
1(
#17988
0"
0)
#17990
0#
0(
#17994
1"
1)
#17997
1#
1(
#18000
0"
0)
#18004
0#
0(
#18006
1"
1)
#18011
1#
1(
#18012
0"
0)
#18018
1"
1)
0#
0(
#18024
0"
0)
#18025
1#
1(
#18030
1"
1)
#18032
0#
0(
#18036
0"
0)
#18039
1#
1(
#18042
1"
1)
#18046
0#
0(
#18048
0"
0)
#18053
1#
1(
#18054
1"
1)
#18060
0"
0)
0#
0(
#18066
1"
1)
#18067
1#
1(
#18072
0"
0)
#18074
0#
0(
#18078
1"
1)
#18081
1#
1(
#18084
0"
0)
#18088
0#
0(
#18090
1"
1)
#18095
1#
1(
#18096
0"
0)
#18102
1"
1)
0#
0(
#18108
0"
0)
#18109
1#
1(
#18114
1"
1)
#18116
0#
0(
#18120
0"
0)
#18123
1#
1(
#18126
1"
1)
#18130
0#
0(
#18132
0"
0)
#18137
1#
1(
#18138
1"
1)
#18144
0"
0)
0#
0(
#18150
1"
1)
#18151
1#
1(
#18156
0"
0)
#18158
0#
0(
#18162
1"
1)
#18165
1#
1(
#18168
0"
0)
#18172
0#
0(
#18174
1"
1)
#18179
1#
1(
#18180
0"
0)
#18186
1"
1)
0#
0(
#18188
0&
b0 ;
b101010001 9
b100 :
#18192
0"
0)
#18193
b1 2
1#
1(
#18198
1"
1)
#18200
0#
0(
#18204
0"
0)
#18207
b1110 0
1#
1(
#18210
1"
1)
#18214
0#
0(
#18216
0"
0)
#18221
b1101 0
1#
1(
#18222
1"
1)
#18228
0"
0)
0#
0(
#18234
1"
1)
#18235
b1100 0
1#
1(
#18240
0"
0)
#18242
0#
0(
#18246
1"
1)
#18249
b1011 0
1#
1(
#18252
0"
0)
#18256
0#
0(
#18258
1"
1)
#18263
b1010 0
1#
1(
#18264
0"
0)
#18270
1"
1)
0#
0(
#18276
0"
0)
#18277
b1001 0
1#
1(
#18282
1"
1)
#18284
0#
0(
#18288
0"
0)
#18291
b1000 0
1#
1(
#18294
1"
1)
#18298
0#
0(
#18300
0"
0)
#18305
b111 0
1#
1(
#18306
1"
1)
#18312
0"
0)
0#
0(
#18318
1"
1)
#18319
b110 0
1#
1(
#18324
0"
0)
#18326
0#
0(
#18330
1"
1)
#18333
b101 0
1#
1(
#18336
0"
0)
#18340
0#
0(
#18342
1"
1)
#18347
b100 0
1#
1(
#18348
0"
0)
#18354
1"
1)
0#
0(
#18360
0"
0)
#18361
b11 0
1#
1(
#18366
1"
1)
#18368
0#
0(
#18372
0"
0)
#18375
b10 0
1#
1(
#18378
1"
1)
#18382
0#
0(
#18384
0"
0)
#18389
b1 0
1#
1(
#18390
1"
1)
#18396
0"
0)
0#
0(
#18402
1"
1)
#18403
b0 0
1#
1(
#18408
0"
0)
#18410
0#
0(
#18414
1"
1)
#18415
b10101000 9
1&
b1 ;
#18417
b10 2
b11111111 ,
b11111111 -
b11111111 3
b11111111 .
b1111 0
1#
1(
#18420
0"
0)
#18424
0#
0(
#18426
b11111111 4
1"
1)
#18431
b1 2
b110 /
b11111110 ,
b11111110 -
b11111110 3
b11111110 .
1#
1(
#18432
0"
0)
#18438
b11111110 4
1"
1)
0#
0(
#18444
0"
0)
#18445
b11111111 ,
b11111111 -
b11111111 3
b11111111 .
b1110 0
1#
1(
#18450
b11111111 4
1"
1)
#18452
0#
0(
#18456
0"
0)
#18459
b1101 0
1#
1(
#18462
1"
1)
#18466
0#
0(
#18468
0"
0)
#18473
b1100 0
1#
1(
#18474
1"
1)
#18480
0"
0)
0#
0(
#18486
1"
1)
#18487
b1011 0
1#
1(
#18492
0"
0)
#18494
0#
0(
#18498
1"
1)
#18501
b1010 0
1#
1(
#18504
0"
0)
#18508
0#
0(
#18510
1"
1)
#18515
b1001 0
1#
1(
#18516
0"
0)
#18522
1"
1)
0#
0(
#18528
0"
0)
#18529
b1000 0
1#
1(
#18534
1"
1)
#18536
0#
0(
#18540
0"
0)
#18543
b111 0
1#
1(
#18546
1"
1)
#18550
0#
0(
#18552
0"
0)
#18557
b110 0
1#
1(
#18558
1"
1)
#18564
0"
0)
0#
0(
#18570
1"
1)
#18571
b101 0
1#
1(
#18576
0"
0)
#18578
0#
0(
#18582
1"
1)
#18585
b100 0
1#
1(
#18588
0"
0)
#18592
0#
0(
#18594
1"
1)
#18599
b11 0
1#
1(
#18600
0"
0)
#18606
1"
1)
0#
0(
#18612
0"
0)
#18613
b10 0
1#
1(
#18618
1"
1)
#18620
0#
0(
#18624
0"
0)
#18627
b1 0
1#
1(
#18630
1"
1)
#18634
0#
0(
#18636
0"
0)
#18641
b0 0
1#
1(
#18642
1"
1)
b1010100 9
0&
b10 ;
#18648
0"
0)
0#
0(
#18654
1"
1)
#18655
b10 2
b11111110 ,
b11111110 -
b11111110 3
b11111110 .
b1111 0
1#
1(
#18660
0"
0)
#18662
0#
0(
#18666
b11111110 4
1"
1)
#18669
b1 2
b101 /
b11111100 ,
b11111100 -
b11111100 3
b11111100 .
1#
1(
#18672
0"
0)
#18676
0#
0(
#18678
b11111100 4
1"
1)
#18683
b1110 0
1#
1(
#18684
0"
0)
#18690
1"
1)
0#
0(
#18696
0"
0)
#18697
b1101 0
1#
1(
#18702
1"
1)
#18704
0#
0(
#18708
0"
0)
#18711
b1100 0
1#
1(
#18714
1"
1)
#18718
0#
0(
#18720
0"
0)
#18725
b1011 0
1#
1(
#18726
1"
1)
#18732
0"
0)
0#
0(
#18738
1"
1)
#18739
b1010 0
1#
1(
#18744
0"
0)
#18746
0#
0(
#18750
1"
1)
#18753
b1001 0
1#
1(
#18756
0"
0)
#18760
0#
0(
#18762
1"
1)
#18767
b1000 0
1#
1(
#18768
0"
0)
#18774
1"
1)
0#
0(
#18780
0"
0)
#18781
b111 0
1#
1(
#18786
1"
1)
#18788
0#
0(
#18792
0"
0)
#18795
b110 0
1#
1(
#18798
1"
1)
#18802
0#
0(
#18804
0"
0)
#18809
b101 0
1#
1(
#18810
1"
1)
#18816
0"
0)
0#
0(
#18822
1"
1)
#18823
b100 0
1#
1(
#18828
0"
0)
#18830
0#
0(
#18834
1"
1)
#18837
b11 0
1#
1(
#18840
0"
0)
#18844
0#
0(
#18846
1"
1)
#18851
b10 0
1#
1(
#18852
0"
0)
#18858
1"
1)
0#
0(
#18864
0"
0)
#18865
b1 0
1#
1(
#18869
b101010 9
b11 ;
#18870
1"
1)
#18872
0#
0(
#18876
0"
0)
#18879
b0 0
1#
1(
#18882
1"
1)
#18886
0#
0(
#18888
0"
0)
#18893
b10 2
b1111 0
1#
1(
#18894
1"
1)
#18900
0"
0)
0#
0(
#18906
1"
1)
#18907
b1 2
b100 /
b11111000 ,
b11111000 -
b11111000 3
b11111000 .
1#
1(
#18912
0"
0)
#18914
0#
0(
#18918
b11111000 4
1"
1)
#18921
b1110 0
1#
1(
#18924
0"
0)
#18928
0#
0(
#18930
1"
1)
#18935
b1101 0
1#
1(
#18936
0"
0)
#18942
1"
1)
0#
0(
#18948
0"
0)
#18949
b1100 0
1#
1(
#18954
1"
1)
#18956
0#
0(
#18960
0"
0)
#18963
b1011 0
1#
1(
#18966
1"
1)
#18970
0#
0(
#18972
0"
0)
#18977
b1010 0
1#
1(
#18978
1"
1)
#18984
0"
0)
0#
0(
#18990
1"
1)
#18991
b1001 0
1#
1(
#18996
0"
0)
#18998
0#
0(
#19002
1"
1)
#19005
b1000 0
1#
1(
#19008
0"
0)
#19012
0#
0(
#19014
1"
1)
#19019
b111 0
1#
1(
#19020
0"
0)
#19026
1"
1)
0#
0(
#19032
0"
0)
#19033
b110 0
1#
1(
#19038
1"
1)
#19040
0#
0(
#19044
0"
0)
#19047
b101 0
1#
1(
#19050
1"
1)
#19054
0#
0(
#19056
0"
0)
#19061
b100 0
1#
1(
#19062
1"
1)
#19068
0"
0)
0#
0(
#19074
1"
1)
#19075
b11 0
1#
1(
#19080
0"
0)
#19082
0#
0(
#19086
1"
1)
#19089
b10 0
1#
1(
#19092
0"
0)
#19096
0#
0(
b10101 9
b100 ;
#19098
1"
1)
#19103
b1 0
1#
1(
#19104
0"
0)
#19110
1"
1)
0#
0(
#19116
0"
0)
#19117
b0 0
1#
1(
#19122
1"
1)
#19124
0#
0(
#19128
0"
0)
#19131
b10 2
b1111 0
1#
1(
#19134
1"
1)
#19138
0#
0(
#19140
0"
0)
#19145
b1 2
b11 /
b11110000 ,
b11110000 -
b11110000 3
b11110000 .
1#
1(
#19146
b11110000 4
1"
1)
#19152
0"
0)
0#
0(
#19158
1"
1)
#19159
b1110 0
1#
1(
#19164
0"
0)
#19166
0#
0(
#19170
1"
1)
#19173
b1101 0
1#
1(
#19176
0"
0)
#19180
0#
0(
#19182
1"
1)
#19187
b1100 0
1#
1(
#19188
0"
0)
#19194
1"
1)
0#
0(
#19200
0"
0)
#19201
b1011 0
1#
1(
#19206
1"
1)
#19208
0#
0(
#19212
0"
0)
#19215
b1010 0
1#
1(
#19218
1"
1)
#19222
0#
0(
#19224
0"
0)
#19229
b1001 0
1#
1(
#19230
1"
1)
#19236
0"
0)
0#
0(
#19242
1"
1)
#19243
b1000 0
1#
1(
#19248
0"
0)
#19250
0#
0(
#19254
1"
1)
#19257
b111 0
1#
1(
#19260
0"
0)
#19264
0#
0(
#19266
1"
1)
#19271
b110 0
1#
1(
#19272
0"
0)
#19278
1"
1)
0#
0(
#19284
0"
0)
#19285
b101 0
1#
1(
#19290
1"
1)
#19292
0#
0(
#19296
0"
0)
#19299
b100 0
1#
1(
#19302
1"
1)
#19306
0#
0(
#19308
0"
0)
#19313
b11 0
1#
1(
#19314
1"
1)
#19320
0"
0)
0#
0(
#19323
b1010 9
1&
b101 ;
#19326
1"
1)
#19327
b11110001 ,
b11110001 -
b11110001 3
b11110001 .
b10 0
1#
1(
#19332
0"
0)
#19334
0#
0(
#19338
b11110001 4
1"
1)
#19341
b1 0
1#
1(
#19344
0"
0)
#19348
0#
0(
#19350
1"
1)
#19355
b0 0
1#
1(
#19356
0"
0)
#19362
1"
1)
0#
0(
#19368
0"
0)
#19369
b10 2
b1111 0
1#
1(
#19374
1"
1)
#19376
0#
0(
#19380
0"
0)
#19383
b1 2
b10 /
b11100010 ,
b11100010 -
b11100010 3
b11100010 .
1#
1(
#19386
b11100010 4
1"
1)
#19390
0#
0(
#19392
0"
0)
#19397
b11100011 ,
b11100011 -
b11100011 3
b11100011 .
b1110 0
1#
1(
#19398
b11100011 4
1"
1)
#19404
0"
0)
0#
0(
#19410
1"
1)
#19411
b1101 0
1#
1(
#19416
0"
0)
#19418
0#
0(
#19422
1"
1)
#19425
b1100 0
1#
1(
#19428
0"
0)
#19432
0#
0(
#19434
1"
1)
#19439
b1011 0
1#
1(
#19440
0"
0)
#19446
1"
1)
0#
0(
#19452
0"
0)
#19453
b1010 0
1#
1(
#19458
1"
1)
#19460
0#
0(
#19464
0"
0)
#19467
b1001 0
1#
1(
#19470
1"
1)
#19474
0#
0(
#19476
0"
0)
#19481
b1000 0
1#
1(
#19482
1"
1)
#19488
0"
0)
0#
0(
#19494
1"
1)
#19495
b111 0
1#
1(
#19500
0"
0)
#19502
0#
0(
#19506
1"
1)
#19509
b110 0
1#
1(
#19512
0"
0)
#19516
0#
0(
#19518
1"
1)
#19523
b101 0
1#
1(
#19524
0"
0)
#19530
1"
1)
0#
0(
#19536
0"
0)
#19537
b100 0
1#
1(
#19542
1"
1)
#19544
0#
0(
#19548
0"
0)
#19550
b101 9
0&
b110 ;
#19551
b11100010 ,
b11100010 -
b11100010 3
b11100010 .
b11 0
1#
1(
#19554
b11100010 4
1"
1)
#19558
0#
0(
#19560
0"
0)
#19565
b10 0
1#
1(
#19566
1"
1)
#19572
0"
0)
0#
0(
#19578
1"
1)
#19579
b1 0
1#
1(
#19584
0"
0)
#19586
0#
0(
#19590
1"
1)
#19593
b0 0
1#
1(
#19596
0"
0)
#19600
0#
0(
#19602
1"
1)
#19607
b10 2
b1111 0
1#
1(
#19608
0"
0)
#19614
1"
1)
0#
0(
#19620
0"
0)
#19621
b1 2
b1 /
b11000100 ,
b11000100 -
b11000100 3
b11000100 .
1#
1(
#19626
b11000100 4
1"
1)
#19628
0#
0(
#19632
0"
0)
#19635
b1110 0
1#
1(
#19638
1"
1)
#19642
0#
0(
#19644
0"
0)
#19649
b1101 0
1#
1(
#19650
1"
1)
#19656
0"
0)
0#
0(
#19662
1"
1)
#19663
b1100 0
1#
1(
#19668
0"
0)
#19670
0#
0(
#19674
1"
1)
#19677
b1011 0
1#
1(
#19680
0"
0)
#19684
0#
0(
#19686
1"
1)
#19691
b1010 0
1#
1(
#19692
0"
0)
#19698
1"
1)
0#
0(
#19704
0"
0)
#19705
b1001 0
1#
1(
#19710
1"
1)
#19712
0#
0(
#19716
0"
0)
#19719
b1000 0
1#
1(
#19722
1"
1)
#19726
0#
0(
#19728
0"
0)
#19733
b111 0
1#
1(
#19734
1"
1)
#19740
0"
0)
0#
0(
#19746
1"
1)
#19747
b110 0
1#
1(
#19752
0"
0)
#19754
0#
0(
#19758
1"
1)
#19761
b101 0
1#
1(
#19764
0"
0)
#19768
0#
0(
#19770
1"
1)
#19775
b100 0
1#
1(
#19776
0"
0)
#19777
b10 9
1&
b111 ;
#19782
1"
1)
0#
0(
#19788
0"
0)
#19789
b11000101 ,
b11000101 -
b11000101 3
b11000101 .
b11 0
1#
1(
#19794
b11000101 4
1"
1)
#19796
0#
0(
#19800
0"
0)
#19803
b10 0
1#
1(
#19806
1"
1)
#19810
0#
0(
#19812
0"
0)
#19817
b1 0
1#
1(
#19818
1"
1)
#19824
0"
0)
0#
0(
#19830
1"
1)
#19831
b0 0
1#
1(
#19836
0"
0)
#19838
0#
0(
#19842
1"
1)
#19845
b10 2
b1111 0
1#
1(
#19848
0"
0)
#19852
0#
0(
#19854
1"
1)
#19859
b1 2
b0 /
b10001010 ,
b10001010 -
b10001010 3
b10001010 .
1#
1(
#19860
0"
0)
#19866
b10001010 4
1"
1)
0#
0(
#19872
0"
0)
#19873
b10001011 ,
b10001011 -
b10001011 3
b10001011 .
b1110 0
1#
1(
#19878
b10001011 4
1"
1)
#19880
0#
0(
#19884
0"
0)
#19887
b1101 0
1#
1(
#19890
1"
1)
#19894
0#
0(
#19896
0"
0)
#19901
b1100 0
1#
1(
#19902
1"
1)
#19908
0"
0)
0#
0(
#19914
1"
1)
#19915
b1011 0
1#
1(
#19920
0"
0)
#19922
0#
0(
#19926
1"
1)
#19929
b1010 0
1#
1(
#19932
0"
0)
#19936
0#
0(
#19938
1"
1)
#19943
b1001 0
1#
1(
#19944
0"
0)
#19950
1"
1)
0#
0(
#19956
0"
0)
#19957
b1000 0
1#
1(
#19962
1"
1)
#19964
0#
0(
#19968
0"
0)
#19971
b111 0
1#
1(
#19974
1"
1)
#19978
0#
0(
#19980
0"
0)
#19985
b110 0
1#
1(
#19986
1"
1)
#19992
0"
0)
0#
0(
#19998
1"
1)
#19999
b101 0
1#
1(
#20004
0"
0)
b1 9
0&
b1000 ;
#20006
0#
0(
#20010
1"
1)
#20013
b10001010 ,
b10001010 -
b10001010 3
b10001010 .
b100 0
1#
1(
#20016
0"
0)
#20020
0#
0(
#20022
b10001010 4
1"
1)
#20027
b11 0
1#
1(
#20028
0"
0)
#20034
1"
1)
0#
0(
#20040
0"
0)
#20041
b10 0
1#
1(
#20046
1"
1)
#20048
0#
0(
#20052
0"
0)
#20055
b1 0
1#
1(
#20058
1"
1)
#20062
0#
0(
#20064
0"
0)
#20069
b0 0
1#
1(
#20070
1"
1)
#20076
0"
0)
0#
0(
#20082
1"
1)
#20083
b10 2
b1111 0
1#
1(
#20088
0"
0)
#20090
0#
0(
#20094
1"
1)
#20097
b11 2
b111 /
b10100 ,
b10100 -
b10100 3
b10100 .
1#
1(
#20100
0"
0)
#20104
0#
0(
#20106
b10100 4
1"
1)
#20111
b100 2
1#
1(
#20112
0"
0)
#20118
1"
1)
0#
0(
#20124
0"
0)
#20125
0+
01
1#
1(
#20130
b1 7
1"
1)
#20132
0#
0(
#20136
0"
0)
#20139
1#
1(
#20142
b10 7
0!
08
0*
06
1"
1)
#20146
0#
0(
#20148
0"
0)
b0 >
b0 ?
b10010101 <
1'
#20149
0'
#20153
b0 2
1#
1(
#20154
b110 5
b101000 4
1"
1)
#20160
0"
0)
0#
0(
b1 >
1'
#20161
0'
#20166
b101 5
b1010000 4
1"
1)
#20167
b1 2
1+
11
1#
1(
#20172
0"
0)
b10 >
1'
#20173
0'
#20174
0#
0(
#20178
b100 5
b10100000 4
1"
1)
#20181
b1110 0
1#
1(
#20184
0"
0)
b11 >
1'
#20185
0'
#20188
0#
0(
#20190
b11 5
b1000000 4
1!
18
1"
1)
#20195
b1101 0
1#
1(
#20196
0"
0)
b100 >
b1000 ?
1'
#20197
0'
#20202
b10 5
b10000000 4
0!
08
1"
1)
0#
0(
#20208
0"
0)
b101 >
1'
#20209
b1100 0
1#
1(
0'
#20214
b1 5
b0 4
1!
18
1"
1)
#20216
0#
0(
#20220
0"
0)
b110 >
b101000 ?
1'
#20221
0'
#20223
b1011 0
1#
1(
#20226
b0 5
0!
08
1"
1)
#20230
0#
0(
#20231
b0 9
1&
b1001 ;
#20232
0"
0)
b111 >
1'
#20233
0'
#20237
b10101 ,
b10101 -
b10101 3
b10101 .
b1010 0
1#
1(
#20238
b0 7
b111 5
1"
1)
#20244
0"
0)
0#
0(
b1000 >
1'
#20245
0'
#20250
1!
18
b10101 4
1*
16
1"
1)
#20251
b1001 0
1#
1(
#20256
0"
0)
b1001 =
1$
1'
#20257
0$
0'
#20258
0#
0(
#20262
1"
1)
#20265
b1000 0
1#
1(
#20268
0"
0)
#20272
0#
0(
#20274
1"
1)
#20279
b111 0
1#
1(
#20280
0"
0)
#20286
1"
1)
0#
0(
#20292
0"
0)
#20293
b110 0
1#
1(
#20298
1"
1)
#20300
0#
0(
#20304
0"
0)
#20307
b101 0
1#
1(
#20310
1"
1)
#20314
0#
0(
#20316
0"
0)
#20321
b100 0
1#
1(
#20322
1"
1)
#20328
0"
0)
0#
0(
#20334
1"
1)
#20335
b11 0
1#
1(
#20340
0"
0)
#20342
0#
0(
#20346
1"
1)
#20349
b10 0
1#
1(
#20352
0"
0)
#20356
0#
0(
#20358
1"
1)
#20363
b1 0
1#
1(
#20364
0"
0)
#20370
1"
1)
0#
0(
#20376
0"
0)
#20377
b0 0
1#
1(
#20382
1"
1)
#20384
0#
0(
#20388
0"
0)
#20391
b10 2
b1111 0
1#
1(
#20394
1"
1)
#20398
0#
0(
#20400
0"
0)
#20405
b1 2
b110 /
b101010 ,
b101010 -
b101010 3
b101010 .
1#
1(
#20406
b101010 4
1"
1)
#20412
0"
0)
0#
0(
#20418
1"
1)
#20419
b101011 ,
b101011 -
b101011 3
b101011 .
b1110 0
1#
1(
#20424
0"
0)
#20426
0#
0(
#20430
b101011 4
1"
1)
#20433
b1101 0
1#
1(
#20436
0"
0)
#20440
0#
0(
#20442
1"
1)
#20447
b1100 0
1#
1(
#20448
0"
0)
#20454
1"
1)
0#
0(
#20458
b1010 ;
#20460
0"
0)
#20461
b1011 0
1#
1(
#20466
1"
1)
#20468
0#
0(
#20472
0"
0)
#20475
b1010 0
1#
1(
#20478
1"
1)
#20482
0#
0(
#20484
0"
0)
#20489
b1001 0
1#
1(
#20490
1"
1)
#20496
0"
0)
0#
0(
#20502
1"
1)
#20503
b1000 0
1#
1(
#20508
0"
0)
#20510
0#
0(
#20514
1"
1)
#20517
b111 0
1#
1(
#20520
0"
0)
#20524
0#
0(
#20526
1"
1)
#20531
b110 0
1#
1(
#20532
0"
0)
#20538
1"
1)
0#
0(
#20544
0"
0)
#20545
b101 0
1#
1(
#20550
1"
1)
#20552
0#
0(
#20556
0"
0)
#20559
b100 0
1#
1(
#20562
1"
1)
#20566
0#
0(
#20568
0"
0)
#20573
b11 0
1#
1(
#20574
1"
1)
#20580
0"
0)
0#
0(
#20586
1"
1)
#20587
b10 0
1#
1(
#20592
0"
0)
#20594
0#
0(
#20598
1"
1)
#20601
b1 0
1#
1(
#20604
0"
0)
#20608
0#
0(
#20610
1"
1)
#20615
b0 0
1#
1(
#20616
0"
0)
#20622
1"
1)
0#
0(
#20628
0"
0)
#20629
b10 2
b1111 0
1#
1(
#20634
1"
1)
#20636
0#
0(
#20640
0"
0)
#20643
b1 2
b101 /
b1010110 ,
b1010110 -
b1010110 3
b1010110 .
1#
1(
#20646
b1010110 4
1"
1)
#20650
0#
0(
#20652
0"
0)
#20657
b1010111 ,
b1010111 -
b1010111 3
b1010111 .
b1110 0
1#
1(
#20658
b1010111 4
1"
1)
#20664
0"
0)
0#
0(
#20670
1"
1)
#20671
b1101 0
1#
1(
#20676
0"
0)
#20678
0#
0(
#20682
1"
1)
#20685
b1100 0
1#
1(
#20688
0"
0)
#20692
0#
0(
#20694
1"
1)
#20699
b1011 0
1#
1(
#20700
0"
0)
#20706
1"
1)
0#
0(
#20712
0"
0)
#20713
b1010 0
1#
1(
#20718
1"
1)
#20720
0#
0(
#20724
0"
0)
#20727
b1001 0
1#
1(
#20730
1"
1)
#20734
0#
0(
#20736
0"
0)
#20741
b1000 0
1#
1(
#20742
1"
1)
#20748
0"
0)
0#
0(
#20754
1"
1)
#20755
b111 0
1#
1(
#20760
0"
0)
#20762
0#
0(
#20766
1"
1)
#20769
b110 0
1#
1(
#20772
0"
0)
#20776
0#
0(
#20778
1"
1)
#20783
b101 0
1#
1(
#20784
0"
0)
#20790
1"
1)
0#
0(
#20796
0"
0)
#20797
b100 0
1#
1(
#20802
1"
1)
#20804
0#
0(
#20808
0"
0)
#20811
b11 0
1#
1(
#20814
1"
1)
#20818
0#
0(
#20820
0"
0)
#20825
b10 0
1#
1(
#20826
1"
1)
#20832
0"
0)
0#
0(
#20838
1"
1)
#20839
b1 0
1#
1(
#20844
0"
0)
#20846
0#
0(
#20850
1"
1)
#20853
b0 0
1#
1(
#20856
0"
0)
#20860
0#
0(
#20862
1"
1)
#20867
b10 2
b1111 0
1#
1(
#20868
0"
0)
#20874
1"
1)
0#
0(
#20880
0"
0)
#20881
b1 2
b100 /
b10101110 ,
b10101110 -
b10101110 3
b10101110 .
1#
1(
#20886
b10101110 4
1"
1)
#20888
0#
0(
#20892
0"
0)
#20895
b10101111 ,
b10101111 -
b10101111 3
b10101111 .
b1110 0
1#
1(
#20898
b10101111 4
1"
1)
#20902
0#
0(
#20904
0"
0)
#20909
b1101 0
1#
1(
#20910
1"
1)
#20916
0"
0)
0#
0(
#20922
1"
1)
#20923
b1100 0
1#
1(
#20928
0"
0)
#20930
0#
0(
#20934
1"
1)
#20937
b1011 0
1#
1(
#20940
0"
0)
#20944
0#
0(
#20946
1"
1)
#20951
b1010 0
1#
1(
#20952
0"
0)
#20958
1"
1)
0#
0(
#20964
0"
0)
#20965
b1001 0
1#
1(
#20970
1"
1)
#20972
0#
0(
#20976
0"
0)
#20979
b1000 0
1#
1(
#20982
1"
1)
#20986
0#
0(
#20988
0"
0)
#20993
b111 0
1#
1(
#20994
1"
1)
#21000
0"
0)
0#
0(
#21006
1"
1)
#21007
b110 0
1#
1(
#21012
0"
0)
#21014
0#
0(
#21018
1"
1)
#21021
b101 0
1#
1(
#21024
0"
0)
#21028
0#
0(
#21030
1"
1)
#21035
b100 0
1#
1(
#21036
0"
0)
#21042
1"
1)
0#
0(
#21048
0"
0)
#21049
b11 0
1#
1(
#21054
1"
1)
#21056
0#
0(
#21060
0"
0)
#21063
b10 0
1#
1(
#21066
1"
1)
#21070
0#
0(
#21072
0"
0)
#21077
b1 0
1#
1(
#21078
1"
1)
#21084
0"
0)
0#
0(
#21090
1"
1)
#21091
b0 0
1#
1(
#21096
0"
0)
#21098
0#
0(
#21102
1"
1)
#21105
b10 2
b1111 0
1#
1(
#21108
0"
0)
#21112
0#
0(
#21114
1"
1)
#21119
b1 2
b11 /
b1011110 ,
b1011110 -
b1011110 3
b1011110 .
1#
1(
#21120
0"
0)
#21126
b1011110 4
1"
1)
0#
0(
#21132
0"
0)
#21133
b1011111 ,
b1011111 -
b1011111 3
b1011111 .
b1110 0
1#
1(
#21138
b1011111 4
1"
1)
#21140
0#
0(
#21144
0"
0)
#21147
b1101 0
1#
1(
#21150
1"
1)
#21154
0#
0(
#21156
0"
0)
#21161
b1100 0
1#
1(
#21162
1"
1)
#21168
0"
0)
0#
0(
#21174
1"
1)
#21175
b1011 0
1#
1(
#21180
0"
0)
#21182
0#
0(
#21186
1"
1)
#21189
b1010 0
1#
1(
#21192
0"
0)
#21196
0#
0(
#21198
1"
1)
#21203
b1001 0
1#
1(
#21204
0"
0)
#21210
1"
1)
0#
0(
#21216
0"
0)
#21217
b1000 0
1#
1(
#21222
1"
1)
#21224
0#
0(
#21228
0"
0)
#21231
b111 0
1#
1(
#21234
1"
1)
#21238
0#
0(
#21240
0"
0)
#21245
b110 0
1#
1(
#21246
1"
1)
#21252
0"
0)
0#
0(
#21258
1"
1)
#21259
b101 0
1#
1(
#21264
0"
0)
#21266
0#
0(
#21270
1"
1)
#21273
b100 0
1#
1(
#21276
0"
0)
#21280
0#
0(
#21282
1"
1)
#21287
b11 0
1#
1(
#21288
0"
0)
#21294
1"
1)
0#
0(
#21300
0"
0)
#21301
b10 0
1#
1(
#21306
1"
1)
#21308
0#
0(
#21312
0"
0)
#21315
b1 0
1#
1(
#21318
1"
1)
#21322
0#
0(
#21324
0"
0)
#21329
b0 0
1#
1(
#21330
1"
1)
#21336
0"
0)
0#
0(
#21342
1"
1)
#21343
b10 2
b1111 0
1#
1(
#21348
0"
0)
#21350
0#
0(
#21354
1"
1)
#21357
b1 2
b10 /
b10111110 ,
b10111110 -
b10111110 3
b10111110 .
1#
1(
#21360
0"
0)
#21364
0#
0(
#21366
b10111110 4
1"
1)
#21371
b10111111 ,
b10111111 -
b10111111 3
b10111111 .
b1110 0
1#
1(
#21372
0"
0)
#21378
b10111111 4
1"
1)
0#
0(
#21384
0"
0)
#21385
b1101 0
1#
1(
#21390
1"
1)
#21392
0#
0(
#21396
0"
0)
#21399
b1100 0
1#
1(
#21402
1"
1)
#21406
0#
0(
#21408
0"
0)
#21413
b1011 0
1#
1(
#21414
1"
1)
#21420
0"
0)
0#
0(
#21426
1"
1)
#21427
b1010 0
1#
1(
#21432
0"
0)
#21434
0#
0(
#21438
1"
1)
#21441
b1001 0
1#
1(
#21444
0"
0)
#21448
0#
0(
#21450
1"
1)
#21455
b1000 0
1#
1(
#21456
0"
0)
#21462
1"
1)
0#
0(
#21468
0"
0)
#21469
b111 0
1#
1(
#21474
1"
1)
#21476
0#
0(
#21480
0"
0)
#21483
b110 0
1#
1(
#21486
1"
1)
#21490
0#
0(
#21492
0"
0)
#21497
b101 0
1#
1(
#21498
1"
1)
#21504
0"
0)
0#
0(
#21510
1"
1)
#21511
b100 0
1#
1(
#21516
0"
0)
#21518
0#
0(
#21522
1"
1)
#21525
b11 0
1#
1(
#21528
0"
0)
#21532
0#
0(
#21534
1"
1)
#21539
b10 0
1#
1(
#21540
0"
0)
#21546
1"
1)
0#
0(
#21552
0"
0)
#21553
b1 0
1#
1(
#21558
1"
1)
#21560
0#
0(
#21564
0"
0)
#21567
b0 0
1#
1(
#21570
1"
1)
#21574
0#
0(
#21576
0"
0)
#21581
b10 2
b1111 0
1#
1(
#21582
1"
1)
#21588
0"
0)
0#
0(
#21594
1"
1)
#21595
b1 2
b1 /
b1111110 ,
b1111110 -
b1111110 3
b1111110 .
1#
1(
#21600
0"
0)
#21602
0#
0(
#21606
b1111110 4
1"
1)
#21609
b1111111 ,
b1111111 -
b1111111 3
b1111111 .
b1110 0
1#
1(
#21612
0"
0)
#21616
0#
0(
#21618
b1111111 4
1"
1)
#21623
b1101 0
1#
1(
#21624
0"
0)
#21630
1"
1)
0#
0(
#21636
0"
0)
#21637
b1100 0
1#
1(
#21642
1"
1)
#21644
0#
0(
#21648
0"
0)
#21651
b1011 0
1#
1(
#21654
1"
1)
#21658
0#
0(
#21660
0"
0)
#21665
b1010 0
1#
1(
#21666
1"
1)
#21672
0"
0)
0#
0(
#21678
1"
1)
#21679
b1001 0
1#
1(
#21684
0"
0)
#21686
0#
0(
#21690
1"
1)
#21693
b1000 0
1#
1(
#21696
0"
0)
#21700
0#
0(
#21702
1"
1)
#21707
b111 0
1#
1(
#21708
0"
0)
#21714
1"
1)
0#
0(
#21720
0"
0)
#21721
b110 0
1#
1(
#21726
1"
1)
#21728
0#
0(
#21732
0"
0)
#21735
b101 0
1#
1(
#21738
1"
1)
#21742
0#
0(
#21744
0"
0)
#21749
b100 0
1#
1(
#21750
1"
1)
#21756
0"
0)
0#
0(
#21762
1"
1)
#21763
b11 0
1#
1(
#21768
0"
0)
#21770
0#
0(
#21774
1"
1)
#21777
b10 0
1#
1(
#21780
0"
0)
#21784
0#
0(
#21786
1"
1)
#21791
b1 0
1#
1(
#21792
0"
0)
#21798
1"
1)
0#
0(
#21804
0"
0)
#21805
b0 0
1#
1(
#21810
1"
1)
#21812
0#
0(
#21816
0"
0)
#21819
b10 2
b1111 0
1#
1(
#21822
1"
1)
#21826
0#
0(
#21828
0"
0)
#21833
b1 2
b0 /
b11111110 ,
b11111110 -
b11111110 3
b11111110 .
1#
1(
#21834
b11111110 4
1"
1)
#21840
0"
0)
0#
0(
#21846
1"
1)
#21847
b11111111 ,
b11111111 -
b11111111 3
b11111111 .
b1110 0
1#
1(
#21852
0"
0)
#21854
0#
0(
#21858
b11111111 4
1"
1)
#21861
b1101 0
1#
1(
#21864
0"
0)
#21868
0#
0(
#21870
1"
1)
#21875
b1100 0
1#
1(
#21876
0"
0)
#21882
1"
1)
0#
0(
#21888
0"
0)
#21889
b1011 0
1#
1(
#21894
1"
1)
#21896
0#
0(
#21900
0"
0)
#21903
b1010 0
1#
1(
#21906
1"
1)
#21910
0#
0(
#21912
0"
0)
#21917
b1001 0
1#
1(
#21918
1"
1)
#21924
0"
0)
0#
0(
#21930
1"
1)
#21931
b1000 0
1#
1(
#21936
0"
0)
#21938
0#
0(
#21942
1"
1)
#21945
b111 0
1#
1(
#21948
0"
0)
#21952
0#
0(
#21954
1"
1)
#21959
b110 0
1#
1(
#21960
0"
0)
#21966
1"
1)
0#
0(
#21972
0"
0)
#21973
b101 0
1#
1(
#21978
1"
1)
#21980
0#
0(
#21984
0"
0)
#21987
b100 0
1#
1(
#21990
1"
1)
#21994
0#
0(
#21996
0"
0)
#22001
b11 0
1#
1(
#22002
1"
1)
#22008
0"
0)
0#
0(
#22014
1"
1)
#22015
b10 0
1#
1(
#22020
0"
0)
#22022
0#
0(
#22026
1"
1)
#22029
b1 0
1#
1(
#22032
0"
0)
#22036
0#
0(
#22038
1"
1)
#22043
b0 0
1#
1(
#22044
0"
0)
#22050
1"
1)
0#
0(
#22056
0"
0)
#22057
b10 2
b1111 0
1#
1(
#22062
1"
1)
#22064
0#
0(
#22068
0"
0)
#22071
b11 2
b111 /
b11111110 ,
b11111110 -
b11111110 3
b11111110 .
1#
1(
#22074
b11111110 4
1"
1)
#22078
0#
0(
#22080
0"
0)
#22085
b100 2
1#
1(
#22086
1"
1)
#22092
0"
0)
0#
0(
#22098
1"
1)
#22099
0+
01
1#
1(
#22104
0"
0)
#22106
0#
0(
#22110
b1 7
1"
1)
#22113
1#
1(
#22116
0"
0)
#22120
0#
0(
#22122
b10 7
0!
08
0*
06
1"
1)
#22127
b0 2
1#
1(
#22128
0"
0)
b0 >
b0 ?
b10100110 <
1'
#22129
0'
#22134
b110 5
b11111100 4
1!
18
1"
1)
0#
0(
#22140
0"
0)
b1 >
b1 ?
1'
#22141
1+
11
1#
1(
0'
#22146
b101 5
b11111000 4
1"
1)
#22148
0#
0(
#22152
0"
0)
b10 >
b11 ?
1'
#22153
0'
#22155
1#
1(
#22158
b100 5
b11110000 4
1"
1)
#22162
0#
0(
#22164
0"
0)
b11 >
b111 ?
1'
#22165
0'
#22169
1#
1(
#22170
b11 5
b11100000 4
1"
1)
#22176
0"
0)
0#
0(
b100 >
b1111 ?
1'
#22177
0'
#22182
b10 5
b11000000 4
1"
1)
#22183
1#
1(
#22188
0"
0)
b101 >
b11111 ?
1'
#22189
0'
#22190
0#
0(
#22194
b1 5
b10000000 4
1"
1)
#22197
1#
1(
#22200
0"
0)
b110 >
b111111 ?
1'
#22201
0'
#22204
0#
0(
#22206
b0 5
b0 4
1"
1)
#22211
1#
1(
#22212
0"
0)
b111 >
b1111111 ?
1'
#22213
0'
#22218
b0 7
b111 5
0!
08
1"
1)
0#
0(
#22224
0"
0)
b1000 >
1'
#22225
1#
1(
0'
#22230
1!
18
b11111110 4
1*
16
1"
1)
#22232
0#
0(
#22236
0"
0)
b1010 =
1$
1'
#22237
0$
0'
#22239
1#
1(
#22242
1"
1)
#22246
0#
0(
#22248
0"
0)
#22253
1#
1(
#22254
1"
1)
#22260
0"
0)
0#
0(
#22266
1"
1)
#22267
1#
1(
#22272
0"
0)
#22274
0#
0(
#22278
1"
1)
#22281
1#
1(
#22284
0"
0)
#22288
0#
0(
#22290
1"
1)
#22295
1#
1(
#22296
0"
0)
#22302
1"
1)
0#
0(
#22308
0"
0)
#22309
1#
1(
#22314
1"
1)
#22316
0#
0(
#22320
0"
0)
#22323
1#
1(
#22326
1"
1)
#22330
0#
0(
#22332
0"
0)
#22337
1#
1(
#22338
1"
1)
#22344
0"
0)
0#
0(
#22350
1"
1)
#22351
1#
1(
#22356
0"
0)
#22358
0#
0(
#22362
1"
1)
#22365
1#
1(
#22368
0"
0)
#22372
0#
0(
#22374
1"
1)
#22379
1#
1(
#22380
0"
0)
#22386
1"
1)
0#
0(
#22392
0"
0)
#22393
1#
1(
#22398
1"
1)
#22400
0#
0(
#22404
0"
0)
#22407
1#
1(
#22410
1"
1)
#22414
0#
0(
#22416
0"
0)
#22421
1#
1(
#22422
1"
1)
#22428
0"
0)
0#
0(
#22434
1"
1)
#22435
1#
1(
#22440
0"
0)
#22442
0#
0(
#22446
1"
1)
#22449
1#
1(
#22452
0"
0)
#22456
0#
0(
#22458
1"
1)
#22463
1#
1(
#22464
0"
0)
#22470
1"
1)
0#
0(
#22476
0"
0)
#22477
1#
1(
#22482
1"
1)
#22484
0#
0(
#22488
0"
0)
#22491
1#
1(
#22494
1"
1)
#22498
0#
0(
#22500
0"
0)
#22505
1#
1(
#22506
1"
1)
#22512
0"
0)
0#
0(
#22518
1"
1)
#22519
1#
1(
#22524
0"
0)
#22526
0#
0(
#22530
1"
1)
#22533
1#
1(
#22536
0"
0)
#22540
0#
0(
#22542
1"
1)
#22547
1#
1(
#22548
0"
0)
#22554
1"
1)
0#
0(
#22560
0"
0)
#22561
1#
1(
#22566
1"
1)
#22568
0#
0(
#22572
0"
0)
#22575
1#
1(
#22578
1"
1)
#22582
0#
0(
#22584
0"
0)
#22589
1#
1(
#22590
1"
1)
#22596
0"
0)
0#
0(
#22602
1"
1)
#22603
1#
1(
#22608
0"
0)
#22610
0#
0(
#22614
1"
1)
#22617
1#
1(
#22620
0"
0)
#22624
0#
0(
#22626
1"
1)
#22631
1#
1(
#22632
0"
0)
#22638
1"
1)
0#
0(
#22644
0"
0)
#22645
1#
1(
#22650
1"
1)
#22652
0#
0(
#22656
0"
0)
#22659
1#
1(
#22662
1"
1)
#22666
0#
0(
#22668
0"
0)
#22673
1#
1(
#22674
1"
1)
#22680
0"
0)
0#
0(
#22686
1"
1)
#22687
1#
1(
#22692
0"
0)
#22694
0#
0(
#22698
1"
1)
#22701
1#
1(
#22704
0"
0)
#22708
0#
0(
#22710
1"
1)
#22715
1#
1(
#22716
0"
0)
#22722
1"
1)
0#
0(
#22728
0"
0)
#22729
1#
1(
#22730
0&
b0 ;
b101100010 9
b101 :
#22734
1"
1)
#22736
0#
0(
#22740
0"
0)
#22743
b1 2
1#
1(
#22746
1"
1)
#22750
0#
0(
#22752
0"
0)
#22757
b1110 0
1#
1(
#22758
1"
1)
#22764
0"
0)
0#
0(
#22770
1"
1)
#22771
b1101 0
1#
1(
#22776
0"
0)
#22778
0#
0(
#22782
1"
1)
#22785
b1100 0
1#
1(
#22788
0"
0)
#22792
0#
0(
#22794
1"
1)
#22799
b1011 0
1#
1(
#22800
0"
0)
#22806
1"
1)
0#
0(
#22812
0"
0)
#22813
b1010 0
1#
1(
#22818
1"
1)
#22820
0#
0(
#22824
0"
0)
#22827
b1001 0
1#
1(
#22830
1"
1)
#22834
0#
0(
#22836
0"
0)
#22841
b1000 0
1#
1(
#22842
1"
1)
#22848
0"
0)
0#
0(
#22854
1"
1)
#22855
b111 0
1#
1(
#22860
0"
0)
#22862
0#
0(
#22866
1"
1)
#22869
b110 0
1#
1(
#22872
0"
0)
#22876
0#
0(
#22878
1"
1)
#22883
b101 0
1#
1(
#22884
0"
0)
#22890
1"
1)
0#
0(
#22896
0"
0)
#22897
b100 0
1#
1(
#22902
1"
1)
#22904
0#
0(
#22908
0"
0)
#22911
b11 0
1#
1(
#22914
1"
1)
#22918
0#
0(
#22920
0"
0)
#22925
b10 0
1#
1(
#22926
1"
1)
#22932
0"
0)
0#
0(
#22938
1"
1)
#22939
b1 0
1#
1(
#22944
0"
0)
#22946
0#
0(
#22950
1"
1)
#22953
b0 0
1#
1(
#22956
0"
0)
#22957
b10110001 9
b1 ;
#22960
0#
0(
#22962
1"
1)
#22967
b10 2
b1111 0
1#
1(
#22968
0"
0)
#22974
1"
1)
0#
0(
#22980
0"
0)
#22981
b1 2
b110 /
b11111100 ,
b11111100 -
b11111100 3
b11111100 .
1#
1(
#22986
b11111100 4
1"
1)
#22988
0#
0(
#22992
0"
0)
#22995
b1110 0
1#
1(
#22998
1"
1)
#23002
0#
0(
#23004
0"
0)
#23009
b1101 0
1#
1(
#23010
1"
1)
#23016
0"
0)
0#
0(
#23022
1"
1)
#23023
b1100 0
1#
1(
#23028
0"
0)
#23030
0#
0(
#23034
1"
1)
#23037
b1011 0
1#
1(
#23040
0"
0)
#23044
0#
0(
#23046
1"
1)
#23051
b1010 0
1#
1(
#23052
0"
0)
#23058
1"
1)
0#
0(
#23064
0"
0)
#23065
b1001 0
1#
1(
#23070
1"
1)
#23072
0#
0(
#23076
0"
0)
#23079
b1000 0
1#
1(
#23082
1"
1)
#23086
0#
0(
#23088
0"
0)
#23093
b111 0
1#
1(
#23094
1"
1)
#23100
0"
0)
0#
0(
#23106
1"
1)
#23107
b110 0
1#
1(
#23112
0"
0)
#23114
0#
0(
#23118
1"
1)
#23121
b101 0
1#
1(
#23124
0"
0)
#23128
0#
0(
#23130
1"
1)
#23135
b100 0
1#
1(
#23136
0"
0)
#23142
1"
1)
0#
0(
#23148
0"
0)
#23149
b11 0
1#
1(
#23154
1"
1)
#23156
0#
0(
#23160
0"
0)
#23163
b10 0
1#
1(
#23166
1"
1)
#23170
0#
0(
#23172
0"
0)
#23177
b1 0
1#
1(
#23178
1"
1)
#23184
0"
0)
0#
0(
b1011000 9
1&
b10 ;
#23190
1"
1)
#23191
b11111101 ,
b11111101 -
b11111101 3
b11111101 .
b0 0
1#
1(
#23196
0"
0)
#23198
0#
0(
#23202
b11111101 4
1"
1)
#23205
b10 2
b1111 0
1#
1(
#23208
0"
0)
#23212
0#
0(
#23214
1"
1)
#23219
b1 2
b101 /
b11111010 ,
b11111010 -
b11111010 3
b11111010 .
1#
1(
#23220
0"
0)
#23226
b11111010 4
1"
1)
0#
0(
#23232
0"
0)
#23233
b11111011 ,
b11111011 -
b11111011 3
b11111011 .
b1110 0
1#
1(
#23238
b11111011 4
1"
1)
#23240
0#
0(
#23244
0"
0)
#23247
b1101 0
1#
1(
#23250
1"
1)
#23254
0#
0(
#23256
0"
0)
#23261
b1100 0
1#
1(
#23262
1"
1)
#23268
0"
0)
0#
0(
#23274
1"
1)
#23275
b1011 0
1#
1(
#23280
0"
0)
#23282
0#
0(
#23286
1"
1)
#23289
b1010 0
1#
1(
#23292
0"
0)
#23296
0#
0(
#23298
1"
1)
#23303
b1001 0
1#
1(
#23304
0"
0)
#23310
1"
1)
0#
0(
#23316
0"
0)
#23317
b1000 0
1#
1(
#23322
1"
1)
#23324
0#
0(
#23328
0"
0)
#23331
b111 0
1#
1(
#23334
1"
1)
#23338
0#
0(
#23340
0"
0)
#23345
b110 0
1#
1(
#23346
1"
1)
#23352
0"
0)
0#
0(
#23358
1"
1)
#23359
b101 0
1#
1(
#23364
0"
0)
#23366
0#
0(
#23370
1"
1)
#23373
b100 0
1#
1(
#23376
0"
0)
#23380
0#
0(
#23382
1"
1)
#23387
b11 0
1#
1(
#23388
0"
0)
#23394
1"
1)
0#
0(
#23400
0"
0)
#23401
b10 0
1#
1(
#23406
1"
1)
#23408
0#
0(
#23411
b101100 9
0&
b11 ;
#23412
0"
0)
#23415
b11111010 ,
b11111010 -
b11111010 3
b11111010 .
b1 0
1#
1(
#23418
b11111010 4
1"
1)
#23422
0#
0(
#23424
0"
0)
#23429
b0 0
1#
1(
#23430
1"
1)
#23436
0"
0)
0#
0(
#23442
1"
1)
#23443
b10 2
b1111 0
1#
1(
#23448
0"
0)
#23450
0#
0(
#23454
1"
1)
#23457
b1 2
b100 /
b11110100 ,
b11110100 -
b11110100 3
b11110100 .
1#
1(
#23460
0"
0)
#23464
0#
0(
#23466
b11110100 4
1"
1)
#23471
b1110 0
1#
1(
#23472
0"
0)
#23478
1"
1)
0#
0(
#23484
0"
0)
#23485
b1101 0
1#
1(
#23490
1"
1)
#23492
0#
0(
#23496
0"
0)
#23499
b1100 0
1#
1(
#23502
1"
1)
#23506
0#
0(
#23508
0"
0)
#23513
b1011 0
1#
1(
#23514
1"
1)
#23520
0"
0)
0#
0(
#23526
1"
1)
#23527
b1010 0
1#
1(
#23532
0"
0)
#23534
0#
0(
#23538
1"
1)
#23541
b1001 0
1#
1(
#23544
0"
0)
#23548
0#
0(
#23550
1"
1)
#23555
b1000 0
1#
1(
#23556
0"
0)
#23562
1"
1)
0#
0(
#23568
0"
0)
#23569
b111 0
1#
1(
#23574
1"
1)
#23576
0#
0(
#23580
0"
0)
#23583
b110 0
1#
1(
#23586
1"
1)
#23590
0#
0(
#23592
0"
0)
#23597
b101 0
1#
1(
#23598
1"
1)
#23604
0"
0)
0#
0(
#23610
1"
1)
#23611
b100 0
1#
1(
#23616
0"
0)
#23618
0#
0(
#23622
1"
1)
#23625
b11 0
1#
1(
#23628
0"
0)
#23632
0#
0(
#23634
1"
1)
#23638
b10110 9
b100 ;
#23639
b10 0
1#
1(
#23640
0"
0)
#23646
1"
1)
0#
0(
#23652
0"
0)
#23653
b1 0
1#
1(
#23658
1"
1)
#23660
0#
0(
#23664
0"
0)
#23667
b0 0
1#
1(
#23670
1"
1)
#23674
0#
0(
#23676
0"
0)
#23681
b10 2
b1111 0
1#
1(
#23682
1"
1)
#23688
0"
0)
0#
0(
#23694
1"
1)
#23695
b1 2
b11 /
b11101000 ,
b11101000 -
b11101000 3
b11101000 .
1#
1(
#23700
0"
0)
#23702
0#
0(
#23706
b11101000 4
1"
1)
#23709
b1110 0
1#
1(
#23712
0"
0)
#23716
0#
0(
#23718
1"
1)
#23723
b1101 0
1#
1(
#23724
0"
0)
#23730
1"
1)
0#
0(
#23736
0"
0)
#23737
b1100 0
1#
1(
#23742
1"
1)
#23744
0#
0(
#23748
0"
0)
#23751
b1011 0
1#
1(
#23754
1"
1)
#23758
0#
0(
#23760
0"
0)
#23765
b1010 0
1#
1(
#23766
1"
1)
#23772
0"
0)
0#
0(
#23778
1"
1)
#23779
b1001 0
1#
1(
#23784
0"
0)
#23786
0#
0(
#23790
1"
1)
#23793
b1000 0
1#
1(
#23796
0"
0)
#23800
0#
0(
#23802
1"
1)
#23807
b111 0
1#
1(
#23808
0"
0)
#23814
1"
1)
0#
0(
#23820
0"
0)
#23821
b110 0
1#
1(
#23826
1"
1)
#23828
0#
0(
#23832
0"
0)
#23835
b101 0
1#
1(
#23838
1"
1)
#23842
0#
0(
#23844
0"
0)
#23849
b100 0
1#
1(
#23850
1"
1)
#23856
0"
0)
0#
0(
#23862
1"
1)
#23863
b11 0
1#
1(
#23865
b1011 9
b101 ;
#23868
0"
0)
#23870
0#
0(
#23874
1"
1)
#23877
b10 0
1#
1(
#23880
0"
0)
#23884
0#
0(
#23886
1"
1)
#23891
b1 0
1#
1(
#23892
0"
0)
#23898
1"
1)
0#
0(
#23904
0"
0)
#23905
b0 0
1#
1(
#23910
1"
1)
#23912
0#
0(
#23916
0"
0)
#23919
b10 2
b1111 0
1#
1(
#23922
1"
1)
#23926
0#
0(
#23928
0"
0)
#23933
b1 2
b10 /
b11010000 ,
b11010000 -
b11010000 3
b11010000 .
1#
1(
#23934
b11010000 4
1"
1)
#23940
0"
0)
0#
0(
#23946
1"
1)
#23947
b1110 0
1#
1(
#23952
0"
0)
#23954
0#
0(
#23958
1"
1)
#23961
b1101 0
1#
1(
#23964
0"
0)
#23968
0#
0(
#23970
1"
1)
#23975
b1100 0
1#
1(
#23976
0"
0)
#23982
1"
1)
0#
0(
#23988
0"
0)
#23989
b1011 0
1#
1(
#23994
1"
1)
#23996
0#
0(
#24000
0"
0)
#24003
b1010 0
1#
1(
#24006
1"
1)
#24010
0#
0(
#24012
0"
0)
#24017
b1001 0
1#
1(
#24018
1"
1)
#24024
0"
0)
0#
0(
#24030
1"
1)
#24031
b1000 0
1#
1(
#24036
0"
0)
#24038
0#
0(
#24042
1"
1)
#24045
b111 0
1#
1(
#24048
0"
0)
#24052
0#
0(
#24054
1"
1)
#24059
b110 0
1#
1(
#24060
0"
0)
#24066
1"
1)
0#
0(
#24072
0"
0)
#24073
b101 0
1#
1(
#24078
1"
1)
#24080
0#
0(
#24084
0"
0)
#24087
b100 0
1#
1(
#24090
1"
1)
#24092
b101 9
1&
b110 ;
#24094
0#
0(
#24096
0"
0)
#24101
b11010001 ,
b11010001 -
b11010001 3
b11010001 .
b11 0
1#
1(
#24102
b11010001 4
1"
1)
#24108
0"
0)
0#
0(
#24114
1"
1)
#24115
b10 0
1#
1(
#24120
0"
0)
#24122
0#
0(
#24126
1"
1)
#24129
b1 0
1#
1(
#24132
0"
0)
#24136
0#
0(
#24138
1"
1)
#24143
b0 0
1#
1(
#24144
0"
0)
#24150
1"
1)
0#
0(
#24156
0"
0)
#24157
b10 2
b1111 0
1#
1(
#24162
1"
1)
#24164
0#
0(
#24168
0"
0)
#24171
b1 2
b1 /
b10100010 ,
b10100010 -
b10100010 3
b10100010 .
1#
1(
#24174
b10100010 4
1"
1)
#24178
0#
0(
#24180
0"
0)
#24185
b10100011 ,
b10100011 -
b10100011 3
b10100011 .
b1110 0
1#
1(
#24186
b10100011 4
1"
1)
#24192
0"
0)
0#
0(
#24198
1"
1)
#24199
b1101 0
1#
1(
#24204
0"
0)
#24206
0#
0(
#24210
1"
1)
#24213
b1100 0
1#
1(
#24216
0"
0)
#24220
0#
0(
#24222
1"
1)
#24227
b1011 0
1#
1(
#24228
0"
0)
#24234
1"
1)
0#
0(
#24240
0"
0)
#24241
b1010 0
1#
1(
#24246
1"
1)
#24248
0#
0(
#24252
0"
0)
#24255
b1001 0
1#
1(
#24258
1"
1)
#24262
0#
0(
#24264
0"
0)
#24269
b1000 0
1#
1(
#24270
1"
1)
#24276
0"
0)
0#
0(
#24282
1"
1)
#24283
b111 0
1#
1(
#24288
0"
0)
#24290
0#
0(
#24294
1"
1)
#24297
b110 0
1#
1(
#24300
0"
0)
#24304
0#
0(
#24306
1"
1)
#24311
b101 0
1#
1(
#24312
0"
0)
#24318
1"
1)
0#
0(
#24319
b10 9
b111 ;
#24324
0"
0)
#24325
b100 0
1#
1(
#24330
1"
1)
#24332
0#
0(
#24336
0"
0)
#24339
b11 0
1#
1(
#24342
1"
1)
#24346
0#
0(
#24348
0"
0)
#24353
b10 0
1#
1(
#24354
1"
1)
#24360
0"
0)
0#
0(
#24366
1"
1)
#24367
b1 0
1#
1(
#24372
0"
0)
#24374
0#
0(
#24378
1"
1)
#24381
b0 0
1#
1(
#24384
0"
0)
#24388
0#
0(
#24390
1"
1)
#24395
b10 2
b1111 0
1#
1(
#24396
0"
0)
#24402
1"
1)
0#
0(
#24408
0"
0)
#24409
b1 2
b0 /
b1000110 ,
b1000110 -
b1000110 3
b1000110 .
1#
1(
#24414
b1000110 4
1"
1)
#24416
0#
0(
#24420
0"
0)
#24423
b1000111 ,
b1000111 -
b1000111 3
b1000111 .
b1110 0
1#
1(
#24426
b1000111 4
1"
1)
#24430
0#
0(
#24432
0"
0)
#24437
b1101 0
1#
1(
#24438
1"
1)
#24444
0"
0)
0#
0(
#24450
1"
1)
#24451
b1100 0
1#
1(
#24456
0"
0)
#24458
0#
0(
#24462
1"
1)
#24465
b1011 0
1#
1(
#24468
0"
0)
#24472
0#
0(
#24474
1"
1)
#24479
b1010 0
1#
1(
#24480
0"
0)
#24486
1"
1)
0#
0(
#24492
0"
0)
#24493
b1001 0
1#
1(
#24498
1"
1)
#24500
0#
0(
#24504
0"
0)
#24507
b1000 0
1#
1(
#24510
1"
1)
#24514
0#
0(
#24516
0"
0)
#24521
b111 0
1#
1(
#24522
1"
1)
#24528
0"
0)
0#
0(
#24534
1"
1)
#24535
b110 0
1#
1(
#24540
0"
0)
#24542
0#
0(
#24546
1"
1)
b1 9
0&
b1000 ;
#24549
b1000110 ,
b1000110 -
b1000110 3
b1000110 .
b101 0
1#
1(
#24552
0"
0)
#24556
0#
0(
#24558
b1000110 4
1"
1)
#24563
b100 0
1#
1(
#24564
0"
0)
#24570
1"
1)
0#
0(
#24576
0"
0)
#24577
b11 0
1#
1(
#24582
1"
1)
#24584
0#
0(
#24588
0"
0)
#24591
b10 0
1#
1(
#24594
1"
1)
#24598
0#
0(
#24600
0"
0)
#24605
b1 0
1#
1(
#24606
1"
1)
#24612
0"
0)
0#
0(
#24618
1"
1)
#24619
b0 0
1#
1(
#24624
0"
0)
#24626
0#
0(
#24630
1"
1)
#24633
b10 2
b1111 0
1#
1(
#24636
0"
0)
#24640
0#
0(
#24642
1"
1)
#24647
b11 2
b111 /
b10001100 ,
b10001100 -
b10001100 3
b10001100 .
1#
1(
#24648
0"
0)
#24654
b10001100 4
1"
1)
0#
0(
#24660
0"
0)
#24661
b100 2
1#
1(
#24666
1"
1)
#24668
0#
0(
#24672
0"
0)
#24675
0+
01
1#
1(
#24678
b1 7
1"
1)
#24682
0#
0(
#24684
0"
0)
#24689
1#
1(
#24690
b10 7
0!
08
0*
06
1"
1)
#24696
0"
0)
0#
0(
b0 >
b0 ?
b10110111 <
1'
#24697
0'
#24702
b110 5
b11000 4
1!
18
1"
1)
#24703
b0 2
1#
1(
#24708
0"
0)
b1 >
b1 ?
1'
#24709
0'
#24710
0#
0(
#24714
b101 5
b110000 4
0!
08
1"
1)
#24717
b1 2
1+
11
1#
1(
#24720
0"
0)
b10 >
1'
#24721
0'
#24724
0#
0(
#24726
b100 5
b1100000 4
1"
1)
#24731
b1110 0
1#
1(
#24732
0"
0)
b11 >
1'
#24733
0'
#24738
b11 5
b11000000 4
1"
1)
0#
0(
#24744
0"
0)
b100 >
1'
#24745
b1101 0
1#
1(
0'
#24750
b10 5
b10000000 4
1!
18
1"
1)
#24752
0#
0(
#24756
0"
0)
b101 >
b10001 ?
1'
#24757
0'
#24759
b1100 0
1#
1(
#24762
b1 5
b0 4
1"
1)
#24766
0#
0(
#24768
0"
0)
b110 >
b110001 ?
1'
#24769
0'
#24773
b10001101 ,
b10001101 -
b10001101 3
b10001101 .
b1011 0
1#
1(
b0 9
1&
b1001 ;
#24774
b0 5
0!
08
1"
1)
#24780
0"
0)
0#
0(
b111 >
1'
#24781
0'
#24786
b0 7
b111 5
1"
1)
#24787
b1010 0
1#
1(
#24792
0"
0)
b1000 >
1'
#24793
0'
#24794
0#
0(
#24798
1!
18
b10001101 4
1*
16
1"
1)
#24801
b1001 0
1#
1(
#24804
0"
0)
b1011 =
1$
1'
#24805
0$
0'
#24808
0#
0(
#24810
1"
1)
#24815
b1000 0
1#
1(
#24816
0"
0)
#24822
1"
1)
0#
0(
#24828
0"
0)
#24829
b111 0
1#
1(
#24834
1"
1)
#24836
0#
0(
#24840
0"
0)
#24843
b110 0
1#
1(
#24846
1"
1)
#24850
0#
0(
#24852
0"
0)
#24857
b101 0
1#
1(
#24858
1"
1)
#24864
0"
0)
0#
0(
#24870
1"
1)
#24871
b100 0
1#
1(
#24876
0"
0)
#24878
0#
0(
#24882
1"
1)
#24885
b11 0
1#
1(
#24888
0"
0)
#24892
0#
0(
#24894
1"
1)
#24899
b10 0
1#
1(
#24900
0"
0)
#24906
1"
1)
0#
0(
#24912
0"
0)
#24913
b1 0
1#
1(
#24918
1"
1)
#24920
0#
0(
#24924
0"
0)
#24927
b0 0
1#
1(
#24930
1"
1)
#24934
0#
0(
#24936
0"
0)
#24941
b10 2
b1111 0
1#
1(
#24942
1"
1)
#24948
0"
0)
0#
0(
#24954
1"
1)
#24955
b1 2
b110 /
b11010 ,
b11010 -
b11010 3
b11010 .
1#
1(
#24960
0"
0)
#24962
0#
0(
#24966
b11010 4
1"
1)
#24969
b11011 ,
b11011 -
b11011 3
b11011 .
b1110 0
1#
1(
#24972
0"
0)
#24976
0#
0(
#24978
b11011 4
1"
1)
#24983
b1101 0
1#
1(
#24984
0"
0)
#24990
1"
1)
0#
0(
#24996
0"
0)
#24997
b1100 0
1#
1(
#25000
b1010 ;
#25002
1"
1)
#25004
0#
0(
#25008
0"
0)
#25011
b1011 0
1#
1(
#25014
1"
1)
#25018
0#
0(
#25020
0"
0)
#25025
b1010 0
1#
1(
#25026
1"
1)
#25032
0"
0)
0#
0(
#25038
1"
1)
#25039
b1001 0
1#
1(
#25044
0"
0)
#25046
0#
0(
#25050
1"
1)
#25053
b1000 0
1#
1(
#25056
0"
0)
#25060
0#
0(
#25062
1"
1)
#25067
b111 0
1#
1(
#25068
0"
0)
#25074
1"
1)
0#
0(
#25080
0"
0)
#25081
b110 0
1#
1(
#25086
1"
1)
#25088
0#
0(
#25092
0"
0)
#25095
b101 0
1#
1(
#25098
1"
1)
#25102
0#
0(
#25104
0"
0)
#25109
b100 0
1#
1(
#25110
1"
1)
#25116
0"
0)
0#
0(
#25122
1"
1)
#25123
b11 0
1#
1(
#25128
0"
0)
#25130
0#
0(
#25134
1"
1)
#25137
b10 0
1#
1(
#25140
0"
0)
#25144
0#
0(
#25146
1"
1)
#25151
b1 0
1#
1(
#25152
0"
0)
#25158
1"
1)
0#
0(
#25164
0"
0)
#25165
b0 0
1#
1(
#25170
1"
1)
#25172
0#
0(
#25176
0"
0)
#25179
b10 2
b1111 0
1#
1(
#25182
1"
1)
#25186
0#
0(
#25188
0"
0)
#25193
b1 2
b101 /
b110110 ,
b110110 -
b110110 3
b110110 .
1#
1(
#25194
b110110 4
1"
1)
#25200
0"
0)
0#
0(
#25206
1"
1)
#25207
b110111 ,
b110111 -
b110111 3
b110111 .
b1110 0
1#
1(
#25212
0"
0)
#25214
0#
0(
#25218
b110111 4
1"
1)
#25221
b1101 0
1#
1(
#25224
0"
0)
#25228
0#
0(
#25230
1"
1)
#25235
b1100 0
1#
1(
#25236
0"
0)
#25242
1"
1)
0#
0(
#25248
0"
0)
#25249
b1011 0
1#
1(
#25254
1"
1)
#25256
0#
0(
#25260
0"
0)
#25263
b1010 0
1#
1(
#25266
1"
1)
#25270
0#
0(
#25272
0"
0)
#25277
b1001 0
1#
1(
#25278
1"
1)
#25284
0"
0)
0#
0(
#25290
1"
1)
#25291
b1000 0
1#
1(
#25296
0"
0)
#25298
0#
0(
#25302
1"
1)
#25305
b111 0
1#
1(
#25308
0"
0)
#25312
0#
0(
#25314
1"
1)
#25319
b110 0
1#
1(
#25320
0"
0)
#25326
1"
1)
0#
0(
#25332
0"
0)
#25333
b101 0
1#
1(
#25338
1"
1)
#25340
0#
0(
#25344
0"
0)
#25347
b100 0
1#
1(
#25350
1"
1)
#25354
0#
0(
#25356
0"
0)
#25361
b11 0
1#
1(
#25362
1"
1)
#25368
0"
0)
0#
0(
#25374
1"
1)
#25375
b10 0
1#
1(
#25380
0"
0)
#25382
0#
0(
#25386
1"
1)
#25389
b1 0
1#
1(
#25392
0"
0)
#25396
0#
0(
#25398
1"
1)
#25403
b0 0
1#
1(
#25404
0"
0)
#25410
1"
1)
0#
0(
#25416
0"
0)
#25417
b10 2
b1111 0
1#
1(
#25422
1"
1)
#25424
0#
0(
#25428
0"
0)
#25431
b1 2
b100 /
b1101110 ,
b1101110 -
b1101110 3
b1101110 .
1#
1(
#25434
b1101110 4
1"
1)
#25438
0#
0(
#25440
0"
0)
#25445
b1101111 ,
b1101111 -
b1101111 3
b1101111 .
b1110 0
1#
1(
#25446
b1101111 4
1"
1)
#25452
0"
0)
0#
0(
#25458
1"
1)
#25459
b1101 0
1#
1(
#25464
0"
0)
#25466
0#
0(
#25470
1"
1)
#25473
b1100 0
1#
1(
#25476
0"
0)
#25480
0#
0(
#25482
1"
1)
#25487
b1011 0
1#
1(
#25488
0"
0)
#25494
1"
1)
0#
0(
#25500
0"
0)
#25501
b1010 0
1#
1(
#25506
1"
1)
#25508
0#
0(
#25512
0"
0)
#25515
b1001 0
1#
1(
#25518
1"
1)
#25522
0#
0(
#25524
0"
0)
#25529
b1000 0
1#
1(
#25530
1"
1)
#25536
0"
0)
0#
0(
#25542
1"
1)
#25543
b111 0
1#
1(
#25548
0"
0)
#25550
0#
0(
#25554
1"
1)
#25557
b110 0
1#
1(
#25560
0"
0)
#25564
0#
0(
#25566
1"
1)
#25571
b101 0
1#
1(
#25572
0"
0)
#25578
1"
1)
0#
0(
#25584
0"
0)
#25585
b100 0
1#
1(
#25590
1"
1)
#25592
0#
0(
#25596
0"
0)
#25599
b11 0
1#
1(
#25602
1"
1)
#25606
0#
0(
#25608
0"
0)
#25613
b10 0
1#
1(
#25614
1"
1)
#25620
0"
0)
0#
0(
#25626
1"
1)
#25627
b1 0
1#
1(
#25632
0"
0)
#25634
0#
0(
#25638
1"
1)
#25641
b0 0
1#
1(
#25644
0"
0)
#25648
0#
0(
#25650
1"
1)
#25655
b10 2
b1111 0
1#
1(
#25656
0"
0)
#25662
1"
1)
0#
0(
#25668
0"
0)
#25669
b1 2
b11 /
b11011110 ,
b11011110 -
b11011110 3
b11011110 .
1#
1(
#25674
b11011110 4
1"
1)
#25676
0#
0(
#25680
0"
0)
#25683
b11011111 ,
b11011111 -
b11011111 3
b11011111 .
b1110 0
1#
1(
#25686
b11011111 4
1"
1)
#25690
0#
0(
#25692
0"
0)
#25697
b1101 0
1#
1(
#25698
1"
1)
#25704
0"
0)
0#
0(
#25710
1"
1)
#25711
b1100 0
1#
1(
#25716
0"
0)
#25718
0#
0(
#25722
1"
1)
#25725
b1011 0
1#
1(
#25728
0"
0)
#25732
0#
0(
#25734
1"
1)
#25739
b1010 0
1#
1(
#25740
0"
0)
#25746
1"
1)
0#
0(
#25752
0"
0)
#25753
b1001 0
1#
1(
#25758
1"
1)
#25760
0#
0(
#25764
0"
0)
#25767
b1000 0
1#
1(
#25770
1"
1)
#25774
0#
0(
#25776
0"
0)
#25781
b111 0
1#
1(
#25782
1"
1)
#25788
0"
0)
0#
0(
#25794
1"
1)
#25795
b110 0
1#
1(
#25800
0"
0)
#25802
0#
0(
#25806
1"
1)
#25809
b101 0
1#
1(
#25812
0"
0)
#25816
0#
0(
#25818
1"
1)
#25823
b100 0
1#
1(
#25824
0"
0)
#25830
1"
1)
0#
0(
#25836
0"
0)
#25837
b11 0
1#
1(
#25842
1"
1)
#25844
0#
0(
#25848
0"
0)
#25851
b10 0
1#
1(
#25854
1"
1)
#25858
0#
0(
#25860
0"
0)
#25865
b1 0
1#
1(
#25866
1"
1)
#25872
0"
0)
0#
0(
#25878
1"
1)
#25879
b0 0
1#
1(
#25884
0"
0)
#25886
0#
0(
#25890
1"
1)
#25893
b10 2
b1111 0
1#
1(
#25896
0"
0)
#25900
0#
0(
#25902
1"
1)
#25907
b1 2
b10 /
b10111110 ,
b10111110 -
b10111110 3
b10111110 .
1#
1(
#25908
0"
0)
#25914
b10111110 4
1"
1)
0#
0(
#25920
0"
0)
#25921
b10111111 ,
b10111111 -
b10111111 3
b10111111 .
b1110 0
1#
1(
#25926
b10111111 4
1"
1)
#25928
0#
0(
#25932
0"
0)
#25935
b1101 0
1#
1(
#25938
1"
1)
#25942
0#
0(
#25944
0"
0)
#25949
b1100 0
1#
1(
#25950
1"
1)
#25956
0"
0)
0#
0(
#25962
1"
1)
#25963
b1011 0
1#
1(
#25968
0"
0)
#25970
0#
0(
#25974
1"
1)
#25977
b1010 0
1#
1(
#25980
0"
0)
#25984
0#
0(
#25986
1"
1)
#25991
b1001 0
1#
1(
#25992
0"
0)
#25998
1"
1)
0#
0(
#26004
0"
0)
#26005
b1000 0
1#
1(
#26010
1"
1)
#26012
0#
0(
#26016
0"
0)
#26019
b111 0
1#
1(
#26022
1"
1)
#26026
0#
0(
#26028
0"
0)
#26033
b110 0
1#
1(
#26034
1"
1)
#26040
0"
0)
0#
0(
#26046
1"
1)
#26047
b101 0
1#
1(
#26052
0"
0)
#26054
0#
0(
#26058
1"
1)
#26061
b100 0
1#
1(
#26064
0"
0)
#26068
0#
0(
#26070
1"
1)
#26075
b11 0
1#
1(
#26076
0"
0)
#26082
1"
1)
0#
0(
#26088
0"
0)
#26089
b10 0
1#
1(
#26094
1"
1)
#26096
0#
0(
#26100
0"
0)
#26103
b1 0
1#
1(
#26106
1"
1)
#26110
0#
0(
#26112
0"
0)
#26117
b0 0
1#
1(
#26118
1"
1)
#26124
0"
0)
0#
0(
#26130
1"
1)
#26131
b10 2
b1111 0
1#
1(
#26136
0"
0)
#26138
0#
0(
#26142
1"
1)
#26145
b1 2
b1 /
b1111110 ,
b1111110 -
b1111110 3
b1111110 .
1#
1(
#26148
0"
0)
#26152
0#
0(
#26154
b1111110 4
1"
1)
#26159
b1111111 ,
b1111111 -
b1111111 3
b1111111 .
b1110 0
1#
1(
#26160
0"
0)
#26166
b1111111 4
1"
1)
0#
0(
#26172
0"
0)
#26173
b1101 0
1#
1(
#26178
1"
1)
#26180
0#
0(
#26184
0"
0)
#26187
b1100 0
1#
1(
#26190
1"
1)
#26194
0#
0(
#26196
0"
0)
#26201
b1011 0
1#
1(
#26202
1"
1)
#26208
0"
0)
0#
0(
#26214
1"
1)
#26215
b1010 0
1#
1(
#26220
0"
0)
#26222
0#
0(
#26226
1"
1)
#26229
b1001 0
1#
1(
#26232
0"
0)
#26236
0#
0(
#26238
1"
1)
#26243
b1000 0
1#
1(
#26244
0"
0)
#26250
1"
1)
0#
0(
#26256
0"
0)
#26257
b111 0
1#
1(
#26262
1"
1)
#26264
0#
0(
#26268
0"
0)
#26271
b110 0
1#
1(
#26274
1"
1)
#26278
0#
0(
#26280
0"
0)
#26285
b101 0
1#
1(
#26286
1"
1)
#26292
0"
0)
0#
0(
#26298
1"
1)
#26299
b100 0
1#
1(
#26304
0"
0)
#26306
0#
0(
#26310
1"
1)
#26313
b11 0
1#
1(
#26316
0"
0)
#26320
0#
0(
#26322
1"
1)
#26327
b10 0
1#
1(
#26328
0"
0)
#26334
1"
1)
0#
0(
#26340
0"
0)
#26341
b1 0
1#
1(
#26346
1"
1)
#26348
0#
0(
#26352
0"
0)
#26355
b0 0
1#
1(
#26358
1"
1)
#26362
0#
0(
#26364
0"
0)
#26369
b10 2
b1111 0
1#
1(
#26370
1"
1)
#26376
0"
0)
0#
0(
#26382
1"
1)
#26383
b1 2
b0 /
b11111110 ,
b11111110 -
b11111110 3
b11111110 .
1#
1(
#26388
0"
0)
#26390
0#
0(
#26394
b11111110 4
1"
1)
#26397
b11111111 ,
b11111111 -
b11111111 3
b11111111 .
b1110 0
1#
1(
#26400
0"
0)
#26404
0#
0(
#26406
b11111111 4
1"
1)
#26411
b1101 0
1#
1(
#26412
0"
0)
#26418
1"
1)
0#
0(
#26424
0"
0)
#26425
b1100 0
1#
1(
#26430
1"
1)
#26432
0#
0(
#26436
0"
0)
#26439
b1011 0
1#
1(
#26442
1"
1)
#26446
0#
0(
#26448
0"
0)
#26453
b1010 0
1#
1(
#26454
1"
1)
#26460
0"
0)
0#
0(
#26466
1"
1)
#26467
b1001 0
1#
1(
#26472
0"
0)
#26474
0#
0(
#26478
1"
1)
#26481
b1000 0
1#
1(
#26484
0"
0)
#26488
0#
0(
#26490
1"
1)
#26495
b111 0
1#
1(
#26496
0"
0)
#26502
1"
1)
0#
0(
#26508
0"
0)
#26509
b110 0
1#
1(
#26514
1"
1)
#26516
0#
0(
#26520
0"
0)
#26523
b101 0
1#
1(
#26526
1"
1)
#26530
0#
0(
#26532
0"
0)
#26537
b100 0
1#
1(
#26538
1"
1)
#26544
0"
0)
0#
0(
#26550
1"
1)
#26551
b11 0
1#
1(
#26556
0"
0)
#26558
0#
0(
#26562
1"
1)
#26565
b10 0
1#
1(
#26568
0"
0)
#26572
0#
0(
#26574
1"
1)
#26579
b1 0
1#
1(
#26580
0"
0)
#26586
1"
1)
0#
0(
#26592
0"
0)
#26593
b0 0
1#
1(
#26598
1"
1)
#26600
0#
0(
#26604
0"
0)
#26607
b10 2
b1111 0
1#
1(
#26610
1"
1)
#26614
0#
0(
#26616
0"
0)
#26621
b11 2
b111 /
b11111110 ,
b11111110 -
b11111110 3
b11111110 .
1#
1(
#26622
b11111110 4
1"
1)
#26628
0"
0)
0#
0(
#26634
1"
1)
#26635
b100 2
1#
1(
#26640
0"
0)
#26642
0#
0(
#26646
1"
1)
#26649
0+
01
1#
1(
#26652
0"
0)
#26656
0#
0(
#26658
b1 7
1"
1)
#26663
1#
1(
#26664
0"
0)
#26670
b10 7
0!
08
0*
06
1"
1)
0#
0(
#26676
0"
0)
b0 >
b0 ?
b11001000 <
1'
#26677
b0 2
1#
1(
0'
#26682
b110 5
b11111100 4
1!
18
1"
1)
#26684
0#
0(
#26688
0"
0)
b1 >
b1 ?
1'
#26689
0'
#26691
1+
11
1#
1(
#26694
b101 5
b11111000 4
1"
1)
#26698
0#
0(
#26700
0"
0)
b10 >
b11 ?
1'
#26701
0'
#26705
1#
1(
#26706
b100 5
b11110000 4
1"
1)
#26712
0"
0)
0#
0(
b11 >
b111 ?
1'
#26713
0'
#26718
b11 5
b11100000 4
1"
1)
#26719
1#
1(
#26724
0"
0)
b100 >
b1111 ?
1'
#26725
0'
#26726
0#
0(
#26730
b10 5
b11000000 4
1"
1)
#26733
1#
1(
#26736
0"
0)
b101 >
b11111 ?
1'
#26737
0'
#26740
0#
0(
#26742
b1 5
b10000000 4
1"
1)
#26747
1#
1(
#26748
0"
0)
b110 >
b111111 ?
1'
#26749
0'
#26754
b0 5
b0 4
1"
1)
0#
0(
#26760
0"
0)
b111 >
b1111111 ?
1'
#26761
1#
1(
0'
#26766
b0 7
b111 5
0!
08
1"
1)
#26768
0#
0(
#26772
0"
0)
b1000 >
1'
#26773
0'
#26775
1#
1(
#26778
1!
18
b11111110 4
1*
16
1"
1)
#26782
0#
0(
#26784
0"
0)
b1100 =
1$
1'
#26785
0$
0'
#26789
1#
1(
#26790
1"
1)
#26796
0"
0)
0#
0(
#26802
1"
1)
#26803
1#
1(
#26808
0"
0)
#26810
0#
0(
#26814
1"
1)
#26817
1#
1(
#26820
0"
0)
#26824
0#
0(
#26826
1"
1)
#26831
1#
1(
#26832
0"
0)
#26838
1"
1)
0#
0(
#26844
0"
0)
#26845
1#
1(
#26850
1"
1)
#26852
0#
0(
#26856
0"
0)
#26859
1#
1(
#26862
1"
1)
#26866
0#
0(
#26868
0"
0)
#26873
1#
1(
#26874
1"
1)
#26880
0"
0)
0#
0(
#26886
1"
1)
#26887
1#
1(
#26892
0"
0)
#26894
0#
0(
#26898
1"
1)
#26901
1#
1(
#26904
0"
0)
#26908
0#
0(
#26910
1"
1)
#26915
1#
1(
#26916
0"
0)
#26922
1"
1)
0#
0(
#26928
0"
0)
#26929
1#
1(
#26934
1"
1)
#26936
0#
0(
#26940
0"
0)
#26943
1#
1(
#26946
1"
1)
#26950
0#
0(
#26952
0"
0)
#26957
1#
1(
#26958
1"
1)
#26964
0"
0)
0#
0(
#26970
1"
1)
#26971
1#
1(
#26976
0"
0)
#26978
0#
0(
#26982
1"
1)
#26985
1#
1(
#26988
0"
0)
#26992
0#
0(
#26994
1"
1)
#26999
1#
1(
#27000
0"
0)
#27006
1"
1)
0#
0(
#27012
0"
0)
#27013
1#
1(
#27018
1"
1)
#27020
0#
0(
#27024
0"
0)
#27027
1#
1(
#27030
1"
1)
#27034
0#
0(
#27036
0"
0)
#27041
1#
1(
#27042
1"
1)
#27048
0"
0)
0#
0(
#27054
1"
1)
#27055
1#
1(
#27060
0"
0)
#27062
0#
0(
#27066
1"
1)
#27069
1#
1(
#27072
0"
0)
#27076
0#
0(
#27078
1"
1)
#27083
1#
1(
#27084
0"
0)
#27090
1"
1)
0#
0(
#27096
0"
0)
#27097
1#
1(
#27102
1"
1)
#27104
0#
0(
#27108
0"
0)
#27111
1#
1(
#27114
1"
1)
#27118
0#
0(
#27120
0"
0)
#27125
1#
1(
#27126
1"
1)
#27132
0"
0)
0#
0(
#27138
1"
1)
#27139
1#
1(
#27144
0"
0)
#27146
0#
0(
#27150
1"
1)
#27153
1#
1(
#27156
0"
0)
#27160
0#
0(
#27162
1"
1)
#27167
1#
1(
#27168
0"
0)
#27174
1"
1)
0#
0(
#27180
0"
0)
#27181
1#
1(
#27186
1"
1)
#27188
0#
0(
#27192
0"
0)
#27195
1#
1(
#27198
1"
1)
#27202
0#
0(
#27204
0"
0)
#27209
1#
1(
#27210
1"
1)
#27216
0"
0)
0#
0(
#27222
1"
1)
#27223
1#
1(
#27228
0"
0)
#27230
0#
0(
#27234
1"
1)
#27237
1#
1(
#27240
0"
0)
#27244
0#
0(
#27246
1"
1)
#27251
1#
1(
#27252
0"
0)
#27258
1"
1)
0#
0(
#27264
0"
0)
#27265
1#
1(
#27270
1"
1)
#27272
0#
0(
0&
b0 ;
b101110011 9
b110 :
#27276
0"
0)
#27279
b1 2
1#
1(
#27282
1"
1)
#27286
0#
0(
#27288
0"
0)
#27293
b1110 0
1#
1(
#27294
1"
1)
#27300
0"
0)
0#
0(
#27306
1"
1)
#27307
b1101 0
1#
1(
#27312
0"
0)
#27314
0#
0(
#27318
1"
1)
#27321
b1100 0
1#
1(
#27324
0"
0)
#27328
0#
0(
#27330
1"
1)
#27335
b1011 0
1#
1(
#27336
0"
0)
#27342
1"
1)
0#
0(
#27348
0"
0)
#27349
b1010 0
1#
1(
#27354
1"
1)
#27356
0#
0(
#27360
0"
0)
#27363
b1001 0
1#
1(
#27366
1"
1)
#27370
0#
0(
#27372
0"
0)
#27377
b1000 0
1#
1(
#27378
1"
1)
#27384
0"
0)
0#
0(
#27390
1"
1)
#27391
b111 0
1#
1(
#27396
0"
0)
#27398
0#
0(
#27402
1"
1)
#27405
b110 0
1#
1(
#27408
0"
0)
#27412
0#
0(
#27414
1"
1)
#27419
b101 0
1#
1(
#27420
0"
0)
#27426
1"
1)
0#
0(
#27432
0"
0)
#27433
b100 0
1#
1(
#27438
1"
1)
#27440
0#
0(
#27444
0"
0)
#27447
b11 0
1#
1(
#27450
1"
1)
#27454
0#
0(
#27456
0"
0)
#27461
b10 0
1#
1(
#27462
1"
1)
#27468
0"
0)
0#
0(
#27474
1"
1)
#27475
b1 0
1#
1(
#27480
0"
0)
#27482
0#
0(
#27486
1"
1)
#27489
b0 0
1#
1(
#27492
0"
0)
#27496
0#
0(
#27498
1"
1)
#27499
b10111001 9
1&
b1 ;
#27503
b10 2
b11111111 ,
b11111111 -
b11111111 3
b11111111 .
b1111 0
1#
1(
#27504
0"
0)
#27510
b11111111 4
1"
1)
0#
0(
#27516
0"
0)
#27517
b1 2
b110 /
b11111110 ,
b11111110 -
b11111110 3
b11111110 .
1#
1(
#27522
b11111110 4
1"
1)
#27524
0#
0(
#27528
0"
0)
#27531
b11111111 ,
b11111111 -
b11111111 3
b11111111 .
b1110 0
1#
1(
#27534
b11111111 4
1"
1)
#27538
0#
0(
#27540
0"
0)
#27545
b1101 0
1#
1(
#27546
1"
1)
#27552
0"
0)
0#
0(
#27558
1"
1)
#27559
b1100 0
1#
1(
#27564
0"
0)
#27566
0#
0(
#27570
1"
1)
#27573
b1011 0
1#
1(
#27576
0"
0)
#27580
0#
0(
#27582
1"
1)
#27587
b1010 0
1#
1(
#27588
0"
0)
#27594
1"
1)
0#
0(
#27600
0"
0)
#27601
b1001 0
1#
1(
#27606
1"
1)
#27608
0#
0(
#27612
0"
0)
#27615
b1000 0
1#
1(
#27618
1"
1)
#27622
0#
0(
#27624
0"
0)
#27629
b111 0
1#
1(
#27630
1"
1)
#27636
0"
0)
0#
0(
#27642
1"
1)
#27643
b110 0
1#
1(
#27648
0"
0)
#27650
0#
0(
#27654
1"
1)
#27657
b101 0
1#
1(
#27660
0"
0)
#27664
0#
0(
#27666
1"
1)
#27671
b100 0
1#
1(
#27672
0"
0)
#27678
1"
1)
0#
0(
#27684
0"
0)
#27685
b11 0
1#
1(
#27690
1"
1)
#27692
0#
0(
#27696
0"
0)
#27699
b10 0
1#
1(
#27702
1"
1)
#27706
0#
0(
#27708
0"
0)
#27713
b1 0
1#
1(
#27714
1"
1)
#27720
0"
0)
0#
0(
#27726
1"
1)
b1011100 9
b10 ;
#27727
b0 0
1#
1(
#27732
0"
0)
#27734
0#
0(
#27738
1"
1)
#27741
b10 2
b1111 0
1#
1(
#27744
0"
0)
#27748
0#
0(
#27750
1"
1)
#27755
b1 2
b101 /
b11111110 ,
b11111110 -
b11111110 3
b11111110 .
1#
1(
#27756
0"
0)
#27762
b11111110 4
1"
1)
0#
0(
#27768
0"
0)
#27769
b11111111 ,
b11111111 -
b11111111 3
b11111111 .
b1110 0
1#
1(
#27774
b11111111 4
1"
1)
#27776
0#
0(
#27780
0"
0)
#27783
b1101 0
1#
1(
#27786
1"
1)
#27790
0#
0(
#27792
0"
0)
#27797
b1100 0
1#
1(
#27798
1"
1)
#27804
0"
0)
0#
0(
#27810
1"
1)
#27811
b1011 0
1#
1(
#27816
0"
0)
#27818
0#
0(
#27822
1"
1)
#27825
b1010 0
1#
1(
#27828
0"
0)
#27832
0#
0(
#27834
1"
1)
#27839
b1001 0
1#
1(
#27840
0"
0)
#27846
1"
1)
0#
0(
#27852
0"
0)
#27853
b1000 0
1#
1(
#27858
1"
1)
#27860
0#
0(
#27864
0"
0)
#27867
b111 0
1#
1(
#27870
1"
1)
#27874
0#
0(
#27876
0"
0)
#27881
b110 0
1#
1(
#27882
1"
1)
#27888
0"
0)
0#
0(
#27894
1"
1)
#27895
b101 0
1#
1(
#27900
0"
0)
#27902
0#
0(
#27906
1"
1)
#27909
b100 0
1#
1(
#27912
0"
0)
#27916
0#
0(
#27918
1"
1)
#27923
b11 0
1#
1(
#27924
0"
0)
#27930
1"
1)
0#
0(
#27936
0"
0)
#27937
b10 0
1#
1(
#27942
1"
1)
#27944
0#
0(
#27948
0"
0)
#27951
b1 0
1#
1(
#27953
b101110 9
0&
b11 ;
#27954
1"
1)
#27958
0#
0(
#27960
0"
0)
#27965
b11111110 ,
b11111110 -
b11111110 3
b11111110 .
b0 0
1#
1(
#27966
b11111110 4
1"
1)
#27972
0"
0)
0#
0(
#27978
1"
1)
#27979
b10 2
b1111 0
1#
1(
#27984
0"
0)
#27986
0#
0(
#27990
1"
1)
#27993
b1 2
b100 /
b11111100 ,
b11111100 -
b11111100 3
b11111100 .
1#
1(
#27996
0"
0)
#28000
0#
0(
#28002
b11111100 4
1"
1)
#28007
b1110 0
1#
1(
#28008
0"
0)
#28014
1"
1)
0#
0(
#28020
0"
0)
#28021
b1101 0
1#
1(
#28026
1"
1)
#28028
0#
0(
#28032
0"
0)
#28035
b1100 0
1#
1(
#28038
1"
1)
#28042
0#
0(
#28044
0"
0)
#28049
b1011 0
1#
1(
#28050
1"
1)
#28056
0"
0)
0#
0(
#28062
1"
1)
#28063
b1010 0
1#
1(
#28068
0"
0)
#28070
0#
0(
#28074
1"
1)
#28077
b1001 0
1#
1(
#28080
0"
0)
#28084
0#
0(
#28086
1"
1)
#28091
b1000 0
1#
1(
#28092
0"
0)
#28098
1"
1)
0#
0(
#28104
0"
0)
#28105
b111 0
1#
1(
#28110
1"
1)
#28112
0#
0(
#28116
0"
0)
#28119
b110 0
1#
1(
#28122
1"
1)
#28126
0#
0(
#28128
0"
0)
#28133
b101 0
1#
1(
#28134
1"
1)
#28140
0"
0)
0#
0(
#28146
1"
1)
#28147
b100 0
1#
1(
#28152
0"
0)
#28154
0#
0(
#28158
1"
1)
#28161
b11 0
1#
1(
#28164
0"
0)
#28168
0#
0(
#28170
1"
1)
#28175
b10 0
1#
1(
#28176
0"
0)
#28180
b10111 9
b100 ;
#28182
1"
1)
0#
0(
#28188
0"
0)
#28189
b1 0
1#
1(
#28194
1"
1)
#28196
0#
0(
#28200
0"
0)
#28203
b0 0
1#
1(
#28206
1"
1)
#28210
0#
0(
#28212
0"
0)
#28217
b10 2
b1111 0
1#
1(
#28218
1"
1)
#28224
0"
0)
0#
0(
#28230
1"
1)
#28231
b1 2
b11 /
b11111000 ,
b11111000 -
b11111000 3
b11111000 .
1#
1(
#28236
0"
0)
#28238
0#
0(
#28242
b11111000 4
1"
1)
#28245
b1110 0
1#
1(
#28248
0"
0)
#28252
0#
0(
#28254
1"
1)
#28259
b1101 0
1#
1(
#28260
0"
0)
#28266
1"
1)
0#
0(
#28272
0"
0)
#28273
b1100 0
1#
1(
#28278
1"
1)
#28280
0#
0(
#28284
0"
0)
#28287
b1011 0
1#
1(
#28290
1"
1)
#28294
0#
0(
#28296
0"
0)
#28301
b1010 0
1#
1(
#28302
1"
1)
#28308
0"
0)
0#
0(
#28314
1"
1)
#28315
b1001 0
1#
1(
#28320
0"
0)
#28322
0#
0(
#28326
1"
1)
#28329
b1000 0
1#
1(
#28332
0"
0)
#28336
0#
0(
#28338
1"
1)
#28343
b111 0
1#
1(
#28344
0"
0)
#28350
1"
1)
0#
0(
#28356
0"
0)
#28357
b110 0
1#
1(
#28362
1"
1)
#28364
0#
0(
#28368
0"
0)
#28371
b101 0
1#
1(
#28374
1"
1)
#28378
0#
0(
#28380
0"
0)
#28385
b100 0
1#
1(
#28386
1"
1)
#28392
0"
0)
0#
0(
#28398
1"
1)
#28399
b11 0
1#
1(
#28404
0"
0)
#28406
0#
0(
#28407
b1011 9
1&
b101 ;
#28410
1"
1)
#28413
b11111001 ,
b11111001 -
b11111001 3
b11111001 .
b10 0
1#
1(
#28416
0"
0)
#28420
0#
0(
#28422
b11111001 4
1"
1)
#28427
b1 0
1#
1(
#28428
0"
0)
#28434
1"
1)
0#
0(
#28440
0"
0)
#28441
b0 0
1#
1(
#28446
1"
1)
#28448
0#
0(
#28452
0"
0)
#28455
b10 2
b1111 0
1#
1(
#28458
1"
1)
#28462
0#
0(
#28464
0"
0)
#28469
b1 2
b10 /
b11110010 ,
b11110010 -
b11110010 3
b11110010 .
1#
1(
#28470
b11110010 4
1"
1)
#28476
0"
0)
0#
0(
#28482
1"
1)
#28483
b11110011 ,
b11110011 -
b11110011 3
b11110011 .
b1110 0
1#
1(
#28488
0"
0)
#28490
0#
0(
#28494
b11110011 4
1"
1)
#28497
b1101 0
1#
1(
#28500
0"
0)
#28504
0#
0(
#28506
1"
1)
#28511
b1100 0
1#
1(
#28512
0"
0)
#28518
1"
1)
0#
0(
#28524
0"
0)
#28525
b1011 0
1#
1(
#28530
1"
1)
#28532
0#
0(
#28536
0"
0)
#28539
b1010 0
1#
1(
#28542
1"
1)
#28546
0#
0(
#28548
0"
0)
#28553
b1001 0
1#
1(
#28554
1"
1)
#28560
0"
0)
0#
0(
#28566
1"
1)
#28567
b1000 0
1#
1(
#28572
0"
0)
#28574
0#
0(
#28578
1"
1)
#28581
b111 0
1#
1(
#28584
0"
0)
#28588
0#
0(
#28590
1"
1)
#28595
b110 0
1#
1(
#28596
0"
0)
#28602
1"
1)
0#
0(
#28608
0"
0)
#28609
b101 0
1#
1(
#28614
1"
1)
#28616
0#
0(
#28620
0"
0)
#28623
b100 0
1#
1(
#28626
1"
1)
#28630
0#
0(
#28632
0"
0)
#28634
b101 9
b110 ;
#28637
b11 0
1#
1(
#28638
1"
1)
#28644
0"
0)
0#
0(
#28650
1"
1)
#28651
b10 0
1#
1(
#28656
0"
0)
#28658
0#
0(
#28662
1"
1)
#28665
b1 0
1#
1(
#28668
0"
0)
#28672
0#
0(
#28674
1"
1)
#28679
b0 0
1#
1(
#28680
0"
0)
#28686
1"
1)
0#
0(
#28692
0"
0)
#28693
b10 2
b1111 0
1#
1(
#28698
1"
1)
#28700
0#
0(
#28704
0"
0)
#28707
b1 2
b1 /
b11100110 ,
b11100110 -
b11100110 3
b11100110 .
1#
1(
#28710
b11100110 4
1"
1)
#28714
0#
0(
#28716
0"
0)
#28721
b11100111 ,
b11100111 -
b11100111 3
b11100111 .
b1110 0
1#
1(
#28722
b11100111 4
1"
1)
#28728
0"
0)
0#
0(
#28734
1"
1)
#28735
b1101 0
1#
1(
#28740
0"
0)
#28742
0#
0(
#28746
1"
1)
#28749
b1100 0
1#
1(
#28752
0"
0)
#28756
0#
0(
#28758
1"
1)
#28763
b1011 0
1#
1(
#28764
0"
0)
#28770
1"
1)
0#
0(
#28776
0"
0)
#28777
b1010 0
1#
1(
#28782
1"
1)
#28784
0#
0(
#28788
0"
0)
#28791
b1001 0
1#
1(
#28794
1"
1)
#28798
0#
0(
#28800
0"
0)
#28805
b1000 0
1#
1(
#28806
1"
1)
#28812
0"
0)
0#
0(
#28818
1"
1)
#28819
b111 0
1#
1(
#28824
0"
0)
#28826
0#
0(
#28830
1"
1)
#28833
b110 0
1#
1(
#28836
0"
0)
#28840
0#
0(
#28842
1"
1)
#28847
b101 0
1#
1(
#28848
0"
0)
#28854
1"
1)
0#
0(
#28860
0"
0)
#28861
b100 0
1#
1(
b10 9
b111 ;
#28866
1"
1)
#28868
0#
0(
#28872
0"
0)
#28875
b11 0
1#
1(
#28878
1"
1)
#28882
0#
0(
#28884
0"
0)
#28889
b10 0
1#
1(
#28890
1"
1)
#28896
0"
0)
0#
0(
#28902
1"
1)
#28903
b1 0
1#
1(
#28908
0"
0)
#28910
0#
0(
#28914
1"
1)
#28917
b0 0
1#
1(
#28920
0"
0)
#28924
0#
0(
#28926
1"
1)
#28931
b10 2
b1111 0
1#
1(
#28932
0"
0)
#28938
1"
1)
0#
0(
#28944
0"
0)
#28945
b1 2
b0 /
b11001110 ,
b11001110 -
b11001110 3
b11001110 .
1#
1(
#28950
b11001110 4
1"
1)
#28952
0#
0(
#28956
0"
0)
#28959
b11001111 ,
b11001111 -
b11001111 3
b11001111 .
b1110 0
1#
1(
#28962
b11001111 4
1"
1)
#28966
0#
0(
#28968
0"
0)
#28973
b1101 0
1#
1(
#28974
1"
1)
#28980
0"
0)
0#
0(
#28986
1"
1)
#28987
b1100 0
1#
1(
#28992
0"
0)
#28994
0#
0(
#28998
1"
1)
#29001
b1011 0
1#
1(
#29004
0"
0)
#29008
0#
0(
#29010
1"
1)
#29015
b1010 0
1#
1(
#29016
0"
0)
#29022
1"
1)
0#
0(
#29028
0"
0)
#29029
b1001 0
1#
1(
#29034
1"
1)
#29036
0#
0(
#29040
0"
0)
#29043
b1000 0
1#
1(
#29046
1"
1)
#29050
0#
0(
#29052
0"
0)
#29057
b111 0
1#
1(
#29058
1"
1)
#29064
0"
0)
0#
0(
#29070
1"
1)
#29071
b110 0
1#
1(
#29076
0"
0)
#29078
0#
0(
#29082
1"
1)
#29085
b101 0
1#
1(
#29088
0"
0)
b1 9
0&
b1000 ;
#29092
0#
0(
#29094
1"
1)
#29099
b11001110 ,
b11001110 -
b11001110 3
b11001110 .
b100 0
1#
1(
#29100
0"
0)
#29106
b11001110 4
1"
1)
0#
0(
#29112
0"
0)
#29113
b11 0
1#
1(
#29118
1"
1)
#29120
0#
0(
#29124
0"
0)
#29127
b10 0
1#
1(
#29130
1"
1)
#29134
0#
0(
#29136
0"
0)
#29141
b1 0
1#
1(
#29142
1"
1)
#29148
0"
0)
0#
0(
#29154
1"
1)
#29155
b0 0
1#
1(
#29160
0"
0)
#29162
0#
0(
#29166
1"
1)
#29169
b10 2
b1111 0
1#
1(
#29172
0"
0)
#29176
0#
0(
#29178
1"
1)
#29183
b11 2
b111 /
b10011100 ,
b10011100 -
b10011100 3
b10011100 .
1#
1(
#29184
0"
0)
#29190
b10011100 4
1"
1)
0#
0(
#29196
0"
0)
#29197
b100 2
1#
1(
#29202
1"
1)
#29204
0#
0(
#29208
0"
0)
#29211
0+
01
1#
1(
#29214
b1 7
1"
1)
#29218
0#
0(
#29220
0"
0)
#29225
1#
1(
#29226
b10 7
0!
08
0*
06
1"
1)
#29232
0"
0)
0#
0(
b0 >
b0 ?
b11011001 <
1'
#29233
0'
#29238
b110 5
b111000 4
1!
18
1"
1)
#29239
b0 2
1#
1(
#29244
0"
0)
b1 >
b1 ?
1'
#29245
0'
#29246
0#
0(
#29250
b101 5
b1110000 4
0!
08
1"
1)
#29253
b1 2
1+
11
1#
1(
#29256
0"
0)
b10 >
1'
#29257
0'
#29260
0#
0(
#29262
b100 5
b11100000 4
1"
1)
#29267
b1110 0
1#
1(
#29268
0"
0)
b11 >
1'
#29269
0'
#29274
b11 5
b11000000 4
1!
18
1"
1)
0#
0(
#29280
0"
0)
b100 >
b1001 ?
1'
#29281
b1101 0
1#
1(
0'
#29286
b10 5
b10000000 4
1"
1)
#29288
0#
0(
#29292
0"
0)
b101 >
b11001 ?
1'
#29293
0'
#29295
b1100 0
1#
1(
#29298
b1 5
b0 4
1"
1)
#29302
0#
0(
#29304
0"
0)
b110 >
b111001 ?
1'
#29305
0'
#29309
b1011 0
1#
1(
#29310
b0 5
0!
08
1"
1)
#29315
b0 9
1&
b1001 ;
#29316
0"
0)
0#
0(
b111 >
1'
#29317
0'
#29322
b0 7
b111 5
1"
1)
#29323
b10011101 ,
b10011101 -
b10011101 3
b10011101 .
b1010 0
1#
1(
#29328
0"
0)
b1000 >
1'
#29329
0'
#29330
0#
0(
#29334
1!
18
b10011101 4
1*
16
1"
1)
#29337
b1001 0
1#
1(
#29340
0"
0)
b1101 =
1$
1'
#29341
0$
0'
#29344
0#
0(
#29346
1"
1)
#29351
b1000 0
1#
1(
#29352
0"
0)
#29358
1"
1)
0#
0(
#29364
0"
0)
#29365
b111 0
1#
1(
#29370
1"
1)
#29372
0#
0(
#29376
0"
0)
#29379
b110 0
1#
1(
#29382
1"
1)
#29386
0#
0(
#29388
0"
0)
#29393
b101 0
1#
1(
#29394
1"
1)
#29400
0"
0)
0#
0(
#29406
1"
1)
#29407
b100 0
1#
1(
#29412
0"
0)
#29414
0#
0(
#29418
1"
1)
#29421
b11 0
1#
1(
#29424
0"
0)
#29428
0#
0(
#29430
1"
1)
#29435
b10 0
1#
1(
#29436
0"
0)
#29442
1"
1)
0#
0(
#29448
0"
0)
#29449
b1 0
1#
1(
#29454
1"
1)
#29456
0#
0(
#29460
0"
0)
#29463
b0 0
1#
1(
#29466
1"
1)
#29470
0#
0(
#29472
0"
0)
#29477
b10 2
b1111 0
1#
1(
#29478
1"
1)
#29484
0"
0)
0#
0(
#29490
1"
1)
#29491
b1 2
b110 /
b111010 ,
b111010 -
b111010 3
b111010 .
1#
1(
#29496
0"
0)
#29498
0#
0(
#29502
b111010 4
1"
1)
#29505
b111011 ,
b111011 -
b111011 3
b111011 .
b1110 0
1#
1(
#29508
0"
0)
#29512
0#
0(
#29514
b111011 4
1"
1)
#29519
b1101 0
1#
1(
#29520
0"
0)
#29526
1"
1)
0#
0(
#29532
0"
0)
#29533
b1100 0
1#
1(
#29538
1"
1)
#29540
0#
0(
#29542
b1010 ;
#29544
0"
0)
#29547
b1011 0
1#
1(
#29550
1"
1)
#29554
0#
0(
#29556
0"
0)
#29561
b1010 0
1#
1(
#29562
1"
1)
#29568
0"
0)
0#
0(
#29574
1"
1)
#29575
b1001 0
1#
1(
#29580
0"
0)
#29582
0#
0(
#29586
1"
1)
#29589
b1000 0
1#
1(
#29592
0"
0)
#29596
0#
0(
#29598
1"
1)
#29603
b111 0
1#
1(
#29604
0"
0)
#29610
1"
1)
0#
0(
#29616
0"
0)
#29617
b110 0
1#
1(
#29622
1"
1)
#29624
0#
0(
#29628
0"
0)
#29631
b101 0
1#
1(
#29634
1"
1)
#29638
0#
0(
#29640
0"
0)
#29645
b100 0
1#
1(
#29646
1"
1)
#29652
0"
0)
0#
0(
#29658
1"
1)
#29659
b11 0
1#
1(
#29664
0"
0)
#29666
0#
0(
#29670
1"
1)
#29673
b10 0
1#
1(
#29676
0"
0)
#29680
0#
0(
#29682
1"
1)
#29687
b1 0
1#
1(
#29688
0"
0)
#29694
1"
1)
0#
0(
#29700
0"
0)
#29701
b0 0
1#
1(
#29706
1"
1)
#29708
0#
0(
#29712
0"
0)
#29715
b10 2
b1111 0
1#
1(
#29718
1"
1)
#29722
0#
0(
#29724
0"
0)
#29729
b1 2
b101 /
b1110110 ,
b1110110 -
b1110110 3
b1110110 .
1#
1(
#29730
b1110110 4
1"
1)
#29736
0"
0)
0#
0(
#29742
1"
1)
#29743
b1110111 ,
b1110111 -
b1110111 3
b1110111 .
b1110 0
1#
1(
#29748
0"
0)
#29750
0#
0(
#29754
b1110111 4
1"
1)
#29757
b1101 0
1#
1(
#29760
0"
0)
#29764
0#
0(
#29766
1"
1)
#29771
b1100 0
1#
1(
#29772
0"
0)
#29778
1"
1)
0#
0(
#29784
0"
0)
#29785
b1011 0
1#
1(
#29790
1"
1)
#29792
0#
0(
#29796
0"
0)
#29799
b1010 0
1#
1(
#29802
1"
1)
#29806
0#
0(
#29808
0"
0)
#29813
b1001 0
1#
1(
#29814
1"
1)
#29820
0"
0)
0#
0(
#29826
1"
1)
#29827
b1000 0
1#
1(
#29832
0"
0)
#29834
0#
0(
#29838
1"
1)
#29841
b111 0
1#
1(
#29844
0"
0)
#29848
0#
0(
#29850
1"
1)
#29855
b110 0
1#
1(
#29856
0"
0)
#29862
1"
1)
0#
0(
#29868
0"
0)
#29869
b101 0
1#
1(
#29874
1"
1)
#29876
0#
0(
#29880
0"
0)
#29883
b100 0
1#
1(
#29886
1"
1)
#29890
0#
0(
#29892
0"
0)
#29897
b11 0
1#
1(
#29898
1"
1)
#29904
0"
0)
0#
0(
#29910
1"
1)
#29911
b10 0
1#
1(
#29916
0"
0)
#29918
0#
0(
#29922
1"
1)
#29925
b1 0
1#
1(
#29928
0"
0)
#29932
0#
0(
#29934
1"
1)
#29939
b0 0
1#
1(
#29940
0"
0)
#29946
1"
1)
0#
0(
#29952
0"
0)
#29953
b10 2
b1111 0
1#
1(
#29958
1"
1)
#29960
0#
0(
#29964
0"
0)
#29967
b1 2
b100 /
b11101110 ,
b11101110 -
b11101110 3
b11101110 .
1#
1(
#29970
b11101110 4
1"
1)
#29974
0#
0(
#29976
0"
0)
#29981
b11101111 ,
b11101111 -
b11101111 3
b11101111 .
b1110 0
1#
1(
#29982
b11101111 4
1"
1)
#29988
0"
0)
0#
0(
#29994
1"
1)
#29995
b1101 0
1#
1(
#30000
0"
0)
#30002
0#
0(
#30006
1"
1)
#30009
b1100 0
1#
1(
#30012
0"
0)
#30016
0#
0(
#30018
1"
1)
#30023
b1011 0
1#
1(
#30024
0"
0)
#30030
1"
1)
0#
0(
#30036
0"
0)
#30037
b1010 0
1#
1(
#30042
1"
1)
#30044
0#
0(
#30048
0"
0)
#30051
b1001 0
1#
1(
#30054
1"
1)
#30058
0#
0(
#30060
0"
0)
#30065
b1000 0
1#
1(
#30066
1"
1)
#30072
0"
0)
0#
0(
#30078
1"
1)
#30079
b111 0
1#
1(
#30084
0"
0)
#30086
0#
0(
#30090
1"
1)
#30093
b110 0
1#
1(
#30096
0"
0)
#30100
0#
0(
#30102
1"
1)
#30107
b101 0
1#
1(
#30108
0"
0)
#30114
1"
1)
0#
0(
#30120
0"
0)
#30121
b100 0
1#
1(
#30126
1"
1)
#30128
0#
0(
#30132
0"
0)
#30135
b11 0
1#
1(
#30138
1"
1)
#30142
0#
0(
#30144
0"
0)
#30149
b10 0
1#
1(
#30150
1"
1)
#30156
0"
0)
0#
0(
#30162
1"
1)
#30163
b1 0
1#
1(
#30168
0"
0)
#30170
0#
0(
#30174
1"
1)
#30177
b0 0
1#
1(
#30180
0"
0)
#30184
0#
0(
#30186
1"
1)
#30191
b10 2
b1111 0
1#
1(
#30192
0"
0)
#30198
1"
1)
0#
0(
#30204
0"
0)
#30205
b1 2
b11 /
b11011110 ,
b11011110 -
b11011110 3
b11011110 .
1#
1(
#30210
b11011110 4
1"
1)
#30212
0#
0(
#30216
0"
0)
#30219
b11011111 ,
b11011111 -
b11011111 3
b11011111 .
b1110 0
1#
1(
#30222
b11011111 4
1"
1)
#30226
0#
0(
#30228
0"
0)
#30233
b1101 0
1#
1(
#30234
1"
1)
#30240
0"
0)
0#
0(
#30246
1"
1)
#30247
b1100 0
1#
1(
#30252
0"
0)
#30254
0#
0(
#30258
1"
1)
#30261
b1011 0
1#
1(
#30264
0"
0)
#30268
0#
0(
#30270
1"
1)
#30275
b1010 0
1#
1(
#30276
0"
0)
#30282
1"
1)
0#
0(
#30288
0"
0)
#30289
b1001 0
1#
1(
#30294
1"
1)
#30296
0#
0(
#30300
0"
0)
#30303
b1000 0
1#
1(
#30306
1"
1)
#30310
0#
0(
#30312
0"
0)
#30317
b111 0
1#
1(
#30318
1"
1)
#30324
0"
0)
0#
0(
#30330
1"
1)
#30331
b110 0
1#
1(
#30336
0"
0)
#30338
0#
0(
#30342
1"
1)
#30345
b101 0
1#
1(
#30348
0"
0)
#30352
0#
0(
#30354
1"
1)
#30359
b100 0
1#
1(
#30360
0"
0)
#30366
1"
1)
0#
0(
#30372
0"
0)
#30373
b11 0
1#
1(
#30378
1"
1)
#30380
0#
0(
#30384
0"
0)
#30387
b10 0
1#
1(
#30390
1"
1)
#30394
0#
0(
#30396
0"
0)
#30401
b1 0
1#
1(
#30402
1"
1)
#30408
0"
0)
0#
0(
#30414
1"
1)
#30415
b0 0
1#
1(
#30420
0"
0)
#30422
0#
0(
#30426
1"
1)
#30429
b10 2
b1111 0
1#
1(
#30432
0"
0)
#30436
0#
0(
#30438
1"
1)
#30443
b1 2
b10 /
b10111110 ,
b10111110 -
b10111110 3
b10111110 .
1#
1(
#30444
0"
0)
#30450
b10111110 4
1"
1)
0#
0(
#30456
0"
0)
#30457
b10111111 ,
b10111111 -
b10111111 3
b10111111 .
b1110 0
1#
1(
#30462
b10111111 4
1"
1)
#30464
0#
0(
#30468
0"
0)
#30471
b1101 0
1#
1(
#30474
1"
1)
#30478
0#
0(
#30480
0"
0)
#30485
b1100 0
1#
1(
#30486
1"
1)
#30492
0"
0)
0#
0(
#30498
1"
1)
#30499
b1011 0
1#
1(
#30504
0"
0)
#30506
0#
0(
#30510
1"
1)
#30513
b1010 0
1#
1(
#30516
0"
0)
#30520
0#
0(
#30522
1"
1)
#30527
b1001 0
1#
1(
#30528
0"
0)
#30534
1"
1)
0#
0(
#30540
0"
0)
#30541
b1000 0
1#
1(
#30546
1"
1)
#30548
0#
0(
#30552
0"
0)
#30555
b111 0
1#
1(
#30558
1"
1)
#30562
0#
0(
#30564
0"
0)
#30569
b110 0
1#
1(
#30570
1"
1)
#30576
0"
0)
0#
0(
#30582
1"
1)
#30583
b101 0
1#
1(
#30588
0"
0)
#30590
0#
0(
#30594
1"
1)
#30597
b100 0
1#
1(
#30600
0"
0)
#30604
0#
0(
#30606
1"
1)
#30611
b11 0
1#
1(
#30612
0"
0)
#30618
1"
1)
0#
0(
#30624
0"
0)
#30625
b10 0
1#
1(
#30630
1"
1)
#30632
0#
0(
#30636
0"
0)
#30639
b1 0
1#
1(
#30642
1"
1)
#30646
0#
0(
#30648
0"
0)
#30653
b0 0
1#
1(
#30654
1"
1)
#30660
0"
0)
0#
0(
#30666
1"
1)
#30667
b10 2
b1111 0
1#
1(
#30672
0"
0)
#30674
0#
0(
#30678
1"
1)
#30681
b1 2
b1 /
b1111110 ,
b1111110 -
b1111110 3
b1111110 .
1#
1(
#30684
0"
0)
#30688
0#
0(
#30690
b1111110 4
1"
1)
#30695
b1111111 ,
b1111111 -
b1111111 3
b1111111 .
b1110 0
1#
1(
#30696
0"
0)
#30702
b1111111 4
1"
1)
0#
0(
#30708
0"
0)
#30709
b1101 0
1#
1(
#30714
1"
1)
#30716
0#
0(
#30720
0"
0)
#30723
b1100 0
1#
1(
#30726
1"
1)
#30730
0#
0(
#30732
0"
0)
#30737
b1011 0
1#
1(
#30738
1"
1)
#30744
0"
0)
0#
0(
#30750
1"
1)
#30751
b1010 0
1#
1(
#30756
0"
0)
#30758
0#
0(
#30762
1"
1)
#30765
b1001 0
1#
1(
#30768
0"
0)
#30772
0#
0(
#30774
1"
1)
#30779
b1000 0
1#
1(
#30780
0"
0)
#30786
1"
1)
0#
0(
#30792
0"
0)
#30793
b111 0
1#
1(
#30798
1"
1)
#30800
0#
0(
#30804
0"
0)
#30807
b110 0
1#
1(
#30810
1"
1)
#30814
0#
0(
#30816
0"
0)
#30821
b101 0
1#
1(
#30822
1"
1)
#30828
0"
0)
0#
0(
#30834
1"
1)
#30835
b100 0
1#
1(
#30840
0"
0)
#30842
0#
0(
#30846
1"
1)
#30849
b11 0
1#
1(
#30852
0"
0)
#30856
0#
0(
#30858
1"
1)
#30863
b10 0
1#
1(
#30864
0"
0)
#30870
1"
1)
0#
0(
#30876
0"
0)
#30877
b1 0
1#
1(
#30882
1"
1)
#30884
0#
0(
#30888
0"
0)
#30891
b0 0
1#
1(
#30894
1"
1)
#30898
0#
0(
#30900
0"
0)
#30905
b10 2
b1111 0
1#
1(
#30906
1"
1)
#30912
0"
0)
0#
0(
#30918
1"
1)
#30919
b1 2
b0 /
b11111110 ,
b11111110 -
b11111110 3
b11111110 .
1#
1(
#30924
0"
0)
#30926
0#
0(
#30930
b11111110 4
1"
1)
#30933
b11111111 ,
b11111111 -
b11111111 3
b11111111 .
b1110 0
1#
1(
#30936
0"
0)
#30940
0#
0(
#30942
b11111111 4
1"
1)
#30947
b1101 0
1#
1(
#30948
0"
0)
#30954
1"
1)
0#
0(
#30960
0"
0)
#30961
b1100 0
1#
1(
#30966
1"
1)
#30968
0#
0(
#30972
0"
0)
#30975
b1011 0
1#
1(
#30978
1"
1)
#30982
0#
0(
#30984
0"
0)
#30989
b1010 0
1#
1(
#30990
1"
1)
#30996
0"
0)
0#
0(
#31002
1"
1)
#31003
b1001 0
1#
1(
#31008
0"
0)
#31010
0#
0(
#31014
1"
1)
#31017
b1000 0
1#
1(
#31020
0"
0)
#31024
0#
0(
#31026
1"
1)
#31031
b111 0
1#
1(
#31032
0"
0)
#31038
1"
1)
0#
0(
#31044
0"
0)
#31045
b110 0
1#
1(
#31050
1"
1)
#31052
0#
0(
#31056
0"
0)
#31059
b101 0
1#
1(
#31062
1"
1)
#31066
0#
0(
#31068
0"
0)
#31073
b100 0
1#
1(
#31074
1"
1)
#31080
0"
0)
0#
0(
#31086
1"
1)
#31087
b11 0
1#
1(
#31092
0"
0)
#31094
0#
0(
#31098
1"
1)
#31101
b10 0
1#
1(
#31104
0"
0)
#31108
0#
0(
#31110
1"
1)
#31115
b1 0
1#
1(
#31116
0"
0)
#31122
1"
1)
0#
0(
#31128
0"
0)
#31129
b0 0
1#
1(
#31134
1"
1)
#31136
0#
0(
#31140
0"
0)
#31143
b10 2
b1111 0
1#
1(
#31146
1"
1)
#31150
0#
0(
#31152
0"
0)
#31157
b11 2
b111 /
b11111110 ,
b11111110 -
b11111110 3
b11111110 .
1#
1(
#31158
b11111110 4
1"
1)
#31164
0"
0)
0#
0(
#31170
1"
1)
#31171
b100 2
1#
1(
#31176
0"
0)
#31178
0#
0(
#31182
1"
1)
#31185
0+
01
1#
1(
#31188
0"
0)
#31192
0#
0(
#31194
b1 7
1"
1)
#31199
1#
1(
#31200
0"
0)
#31206
b10 7
0!
08
0*
06
1"
1)
0#
0(
#31212
0"
0)
b0 >
b0 ?
b11101010 <
1'
#31213
b0 2
1#
1(
0'
#31218
b110 5
b11111100 4
1!
18
1"
1)
#31220
0#
0(
#31224
0"
0)
b1 >
b1 ?
1'
#31225
0'
#31227
1+
11
1#
1(
#31230
b101 5
b11111000 4
1"
1)
#31234
0#
0(
#31236
0"
0)
b10 >
b11 ?
1'
#31237
0'
#31241
1#
1(
#31242
b100 5
b11110000 4
1"
1)
#31248
0"
0)
0#
0(
b11 >
b111 ?
1'
#31249
0'
#31254
b11 5
b11100000 4
1"
1)
#31255
1#
1(
#31260
0"
0)
b100 >
b1111 ?
1'
#31261
0'
#31262
0#
0(
#31266
b10 5
b11000000 4
1"
1)
#31269
1#
1(
#31272
0"
0)
b101 >
b11111 ?
1'
#31273
0'
#31276
0#
0(
#31278
b1 5
b10000000 4
1"
1)
#31283
1#
1(
#31284
0"
0)
b110 >
b111111 ?
1'
#31285
0'
#31290
b0 5
b0 4
1"
1)
0#
0(
#31296
0"
0)
b111 >
b1111111 ?
1'
#31297
1#
1(
0'
#31302
b0 7
b111 5
0!
08
1"
1)
#31304
0#
0(
#31308
0"
0)
b1000 >
1'
#31309
0'
#31311
1#
1(
#31314
1!
18
b11111110 4
1*
16
1"
1)
#31318
0#
0(
#31320
0"
0)
b1110 =
1$
1'
#31321
0$
0'
#31325
1#
1(
#31326
1"
1)
#31332
0"
0)
0#
0(
#31338
1"
1)
#31339
1#
1(
#31344
0"
0)
#31346
0#
0(
#31350
1"
1)
#31353
1#
1(
#31356
0"
0)
#31360
0#
0(
#31362
1"
1)
#31367
1#
1(
#31368
0"
0)
#31374
1"
1)
0#
0(
#31380
0"
0)
#31381
1#
1(
#31386
1"
1)
#31388
0#
0(
#31392
0"
0)
#31395
1#
1(
#31398
1"
1)
#31402
0#
0(
#31404
0"
0)
#31409
1#
1(
#31410
1"
1)
#31416
0"
0)
0#
0(
#31422
1"
1)
#31423
1#
1(
#31428
0"
0)
#31430
0#
0(
#31434
1"
1)
#31437
1#
1(
#31440
0"
0)
#31444
0#
0(
#31446
1"
1)
#31451
1#
1(
#31452
0"
0)
#31458
1"
1)
0#
0(
#31464
0"
0)
#31465
1#
1(
#31470
1"
1)
#31472
0#
0(
#31476
0"
0)
#31479
1#
1(
#31482
1"
1)
#31486
0#
0(
#31488
0"
0)
#31493
1#
1(
#31494
1"
1)
#31500
0"
0)
0#
0(
#31506
1"
1)
#31507
1#
1(
#31512
0"
0)
#31514
0#
0(
#31518
1"
1)
#31521
1#
1(
#31524
0"
0)
#31528
0#
0(
#31530
1"
1)
#31535
1#
1(
#31536
0"
0)
#31542
1"
1)
0#
0(
#31548
0"
0)
#31549
1#
1(
#31554
1"
1)
#31556
0#
0(
#31560
0"
0)
#31563
1#
1(
#31566
1"
1)
#31570
0#
0(
#31572
0"
0)
#31577
1#
1(
#31578
1"
1)
#31584
0"
0)
0#
0(
#31590
1"
1)
#31591
1#
1(
#31596
0"
0)
#31598
0#
0(
#31602
1"
1)
#31605
1#
1(
#31608
0"
0)
#31612
0#
0(
#31614
1"
1)
#31619
1#
1(
#31620
0"
0)
#31626
1"
1)
0#
0(
#31632
0"
0)
#31633
1#
1(
#31638
1"
1)
#31640
0#
0(
#31644
0"
0)
#31647
1#
1(
#31650
1"
1)
#31654
0#
0(
#31656
0"
0)
#31661
1#
1(
#31662
1"
1)
#31668
0"
0)
0#
0(
#31674
1"
1)
#31675
1#
1(
#31680
0"
0)
#31682
0#
0(
#31686
1"
1)
#31689
1#
1(
#31692
0"
0)
#31696
0#
0(
#31698
1"
1)
#31703
1#
1(
#31704
0"
0)
#31710
1"
1)
0#
0(
#31716
0"
0)
#31717
1#
1(
#31722
1"
1)
#31724
0#
0(
#31728
0"
0)
#31731
1#
1(
#31734
1"
1)
#31738
0#
0(
#31740
0"
0)
#31745
1#
1(
#31746
1"
1)
#31752
0"
0)
0#
0(
#31758
1"
1)
#31759
1#
1(
#31764
0"
0)
#31766
0#
0(
#31770
1"
1)
#31773
1#
1(
#31776
0"
0)
#31780
0#
0(
#31782
1"
1)
#31787
1#
1(
#31788
0"
0)
#31794
1"
1)
0#
0(
#31800
0"
0)
#31801
1#
1(
#31806
1"
1)
#31808
0#
0(
#31812
0"
0)
#31814
0&
b0 ;
b110000100 9
b111 :
#31815
b1 2
1#
1(
#31818
1"
1)
#31822
0#
0(
#31824
0"
0)
#31829
b1110 0
1#
1(
#31830
1"
1)
#31836
0"
0)
0#
0(
#31842
1"
1)
#31843
b1101 0
1#
1(
#31848
0"
0)
#31850
0#
0(
#31854
1"
1)
#31857
b1100 0
1#
1(
#31860
0"
0)
#31864
0#
0(
#31866
1"
1)
#31871
b1011 0
1#
1(
#31872
0"
0)
#31878
1"
1)
0#
0(
#31884
0"
0)
#31885
b1010 0
1#
1(
#31890
1"
1)
#31892
0#
0(
#31896
0"
0)
#31899
b1001 0
1#
1(
#31902
1"
1)
#31906
0#
0(
#31908
0"
0)
#31913
b1000 0
1#
1(
#31914
1"
1)
#31920
0"
0)
0#
0(
#31926
1"
1)
#31927
b111 0
1#
1(
#31932
0"
0)
#31934
0#
0(
#31938
1"
1)
#31941
b110 0
1#
1(
#31944
0"
0)
#31948
0#
0(
#31950
1"
1)
#31955
b101 0
1#
1(
#31956
0"
0)
#31962
1"
1)
0#
0(
#31968
0"
0)
#31969
b100 0
1#
1(
#31974
1"
1)
#31976
0#
0(
#31980
0"
0)
#31983
b11 0
1#
1(
#31986
1"
1)
#31990
0#
0(
#31992
0"
0)
#31997
b10 0
1#
1(
#31998
1"
1)
#32004
0"
0)
0#
0(
#32010
1"
1)
#32011
b1 0
1#
1(
#32016
0"
0)
#32018
0#
0(
#32022
1"
1)
#32025
b0 0
1#
1(
#32028
0"
0)
#32032
0#
0(
#32034
1"
1)
#32039
b10 2
b1111 0
1#
1(
#32040
0"
0)
#32041
b11000010 9
b1 ;
#32046
1"
1)
0#
0(
#32052
0"
0)
#32053
b1 2
b110 /
b11111100 ,
b11111100 -
b11111100 3
b11111100 .
1#
1(
#32058
b11111100 4
1"
1)
#32060
0#
0(
#32064
0"
0)
#32067
b1110 0
1#
1(
#32070
1"
1)
#32074
0#
0(
#32076
0"
0)
#32081
b1101 0
1#
1(
#32082
1"
1)
#32088
0"
0)
0#
0(
#32094
1"
1)
#32095
b1100 0
1#
1(
#32100
0"
0)
#32102
0#
0(
#32106
1"
1)
#32109
b1011 0
1#
1(
#32112
0"
0)
#32116
0#
0(
#32118
1"
1)
#32123
b1010 0
1#
1(
#32124
0"
0)
#32130
1"
1)
0#
0(
#32136
0"
0)
#32137
b1001 0
1#
1(
#32142
1"
1)
#32144
0#
0(
#32148
0"
0)
#32151
b1000 0
1#
1(
#32154
1"
1)
#32158
0#
0(
#32160
0"
0)
#32165
b111 0
1#
1(
#32166
1"
1)
#32172
0"
0)
0#
0(
#32178
1"
1)
#32179
b110 0
1#
1(
#32184
0"
0)
#32186
0#
0(
#32190
1"
1)
#32193
b101 0
1#
1(
#32196
0"
0)
#32200
0#
0(
#32202
1"
1)
#32207
b100 0
1#
1(
#32208
0"
0)
#32214
1"
1)
0#
0(
#32220
0"
0)
#32221
b11 0
1#
1(
#32226
1"
1)
#32228
0#
0(
#32232
0"
0)
#32235
b10 0
1#
1(
#32238
1"
1)
#32242
0#
0(
#32244
0"
0)
#32249
b1 0
1#
1(
#32250
1"
1)
#32256
0"
0)
0#
0(
#32262
1"
1)
#32263
b0 0
1#
1(
#32268
0"
0)
b1100001 9
b10 ;
#32270
0#
0(
#32274
1"
1)
#32277
b10 2
b1111 0
1#
1(
#32280
0"
0)
#32284
0#
0(
#32286
1"
1)
#32291
b1 2
b101 /
b11111000 ,
b11111000 -
b11111000 3
b11111000 .
1#
1(
#32292
0"
0)
#32298
b11111000 4
1"
1)
0#
0(
#32304
0"
0)
#32305
b1110 0
1#
1(
#32310
1"
1)
#32312
0#
0(
#32316
0"
0)
#32319
b1101 0
1#
1(
#32322
1"
1)
#32326
0#
0(
#32328
0"
0)
#32333
b1100 0
1#
1(
#32334
1"
1)
#32340
0"
0)
0#
0(
#32346
1"
1)
#32347
b1011 0
1#
1(
#32352
0"
0)
#32354
0#
0(
#32358
1"
1)
#32361
b1010 0
1#
1(
#32364
0"
0)
#32368
0#
0(
#32370
1"
1)
#32375
b1001 0
1#
1(
#32376
0"
0)
#32382
1"
1)
0#
0(
#32388
0"
0)
#32389
b1000 0
1#
1(
#32394
1"
1)
#32396
0#
0(
#32400
0"
0)
#32403
b111 0
1#
1(
#32406
1"
1)
#32410
0#
0(
#32412
0"
0)
#32417
b110 0
1#
1(
#32418
1"
1)
#32424
0"
0)
0#
0(
#32430
1"
1)
#32431
b101 0
1#
1(
#32436
0"
0)
#32438
0#
0(
#32442
1"
1)
#32445
b100 0
1#
1(
#32448
0"
0)
#32452
0#
0(
#32454
1"
1)
#32459
b11 0
1#
1(
#32460
0"
0)
#32466
1"
1)
0#
0(
#32472
0"
0)
#32473
b10 0
1#
1(
#32478
1"
1)
#32480
0#
0(
#32484
0"
0)
#32487
b1 0
1#
1(
#32490
1"
1)
#32494
0#
0(
#32495
b110000 9
1&
b11 ;
#32496
0"
0)
#32501
b11111001 ,
b11111001 -
b11111001 3
b11111001 .
b0 0
1#
1(
#32502
b11111001 4
1"
1)
#32508
0"
0)
0#
0(
#32514
1"
1)
#32515
b10 2
b1111 0
1#
1(
#32520
0"
0)
#32522
0#
0(
#32526
1"
1)
#32529
b1 2
b100 /
b11110010 ,
b11110010 -
b11110010 3
b11110010 .
1#
1(
#32532
0"
0)
#32536
0#
0(
#32538
b11110010 4
1"
1)
#32543
b11110011 ,
b11110011 -
b11110011 3
b11110011 .
b1110 0
1#
1(
#32544
0"
0)
#32550
b11110011 4
1"
1)
0#
0(
#32556
0"
0)
#32557
b1101 0
1#
1(
#32562
1"
1)
#32564
0#
0(
#32568
0"
0)
#32571
b1100 0
1#
1(
#32574
1"
1)
#32578
0#
0(
#32580
0"
0)
#32585
b1011 0
1#
1(
#32586
1"
1)
#32592
0"
0)
0#
0(
#32598
1"
1)
#32599
b1010 0
1#
1(
#32604
0"
0)
#32606
0#
0(
#32610
1"
1)
#32613
b1001 0
1#
1(
#32616
0"
0)
#32620
0#
0(
#32622
1"
1)
#32627
b1000 0
1#
1(
#32628
0"
0)
#32634
1"
1)
0#
0(
#32640
0"
0)
#32641
b111 0
1#
1(
#32646
1"
1)
#32648
0#
0(
#32652
0"
0)
#32655
b110 0
1#
1(
#32658
1"
1)
#32662
0#
0(
#32664
0"
0)
#32669
b101 0
1#
1(
#32670
1"
1)
#32676
0"
0)
0#
0(
#32682
1"
1)
#32683
b100 0
1#
1(
#32688
0"
0)
#32690
0#
0(
#32694
1"
1)
#32697
b11 0
1#
1(
#32700
0"
0)
#32704
0#
0(
#32706
1"
1)
#32711
b10 0
1#
1(
#32712
0"
0)
#32718
1"
1)
0#
0(
#32722
b11000 9
0&
b100 ;
#32724
0"
0)
#32725
b11110010 ,
b11110010 -
b11110010 3
b11110010 .
b1 0
1#
1(
#32730
b11110010 4
1"
1)
#32732
0#
0(
#32736
0"
0)
#32739
b0 0
1#
1(
#32742
1"
1)
#32746
0#
0(
#32748
0"
0)
#32753
b10 2
b1111 0
1#
1(
#32754
1"
1)
#32760
0"
0)
0#
0(
#32766
1"
1)
#32767
b1 2
b11 /
b11100100 ,
b11100100 -
b11100100 3
b11100100 .
1#
1(
#32772
0"
0)
#32774
0#
0(
#32778
b11100100 4
1"
1)
#32781
b1110 0
1#
1(
#32784
0"
0)
#32788
0#
0(
#32790
1"
1)
#32795
b1101 0
1#
1(
#32796
0"
0)
#32802
1"
1)
0#
0(
#32808
0"
0)
#32809
b1100 0
1#
1(
#32814
1"
1)
#32816
0#
0(
#32820
0"
0)
#32823
b1011 0
1#
1(
#32826
1"
1)
#32830
0#
0(
#32832
0"
0)
#32837
b1010 0
1#
1(
#32838
1"
1)
#32844
0"
0)
0#
0(
#32850
1"
1)
#32851
b1001 0
1#
1(
#32856
0"
0)
#32858
0#
0(
#32862
1"
1)
#32865
b1000 0
1#
1(
#32868
0"
0)
#32872
0#
0(
#32874
1"
1)
#32879
b111 0
1#
1(
#32880
0"
0)
#32886
1"
1)
0#
0(
#32892
0"
0)
#32893
b110 0
1#
1(
#32898
1"
1)
#32900
0#
0(
#32904
0"
0)
#32907
b101 0
1#
1(
#32910
1"
1)
#32914
0#
0(
#32916
0"
0)
#32921
b100 0
1#
1(
#32922
1"
1)
#32928
0"
0)
0#
0(
#32934
1"
1)
#32935
b11 0
1#
1(
#32940
0"
0)
#32942
0#
0(
#32946
1"
1)
#32949
b10 0
1#
1(
b1100 9
b101 ;
#32952
0"
0)
#32956
0#
0(
#32958
1"
1)
#32963
b1 0
1#
1(
#32964
0"
0)
#32970
1"
1)
0#
0(
#32976
0"
0)
#32977
b0 0
1#
1(
#32982
1"
1)
#32984
0#
0(
#32988
0"
0)
#32991
b10 2
b1111 0
1#
1(
#32994
1"
1)
#32998
0#
0(
#33000
0"
0)
#33005
b1 2
b10 /
b11001000 ,
b11001000 -
b11001000 3
b11001000 .
1#
1(
#33006
b11001000 4
1"
1)
#33012
0"
0)
0#
0(
#33018
1"
1)
#33019
b1110 0
1#
1(
#33024
0"
0)
#33026
0#
0(
#33030
1"
1)
#33033
b1101 0
1#
1(
#33036
0"
0)
#33040
0#
0(
#33042
1"
1)
#33047
b1100 0
1#
1(
#33048
0"
0)
#33054
1"
1)
0#
0(
#33060
0"
0)
#33061
b1011 0
1#
1(
#33066
1"
1)
#33068
0#
0(
#33072
0"
0)
#33075
b1010 0
1#
1(
#33078
1"
1)
#33082
0#
0(
#33084
0"
0)
#33089
b1001 0
1#
1(
#33090
1"
1)
#33096
0"
0)
0#
0(
#33102
1"
1)
#33103
b1000 0
1#
1(
#33108
0"
0)
#33110
0#
0(
#33114
1"
1)
#33117
b111 0
1#
1(
#33120
0"
0)
#33124
0#
0(
#33126
1"
1)
#33131
b110 0
1#
1(
#33132
0"
0)
#33138
1"
1)
0#
0(
#33144
0"
0)
#33145
b101 0
1#
1(
#33150
1"
1)
#33152
0#
0(
#33156
0"
0)
#33159
b100 0
1#
1(
#33162
1"
1)
#33166
0#
0(
#33168
0"
0)
#33173
b11 0
1#
1(
#33174
1"
1)
#33176
b110 9
b110 ;
#33180
0"
0)
0#
0(
#33186
1"
1)
#33187
b10 0
1#
1(
#33192
0"
0)
#33194
0#
0(
#33198
1"
1)
#33201
b1 0
1#
1(
#33204
0"
0)
#33208
0#
0(
#33210
1"
1)
#33215
b0 0
1#
1(
#33216
0"
0)
#33222
1"
1)
0#
0(
#33228
0"
0)
#33229
b10 2
b1111 0
1#
1(
#33234
1"
1)
#33236
0#
0(
#33240
0"
0)
#33243
b1 2
b1 /
b10010000 ,
b10010000 -
b10010000 3
b10010000 .
1#
1(
#33246
b10010000 4
1"
1)
#33250
0#
0(
#33252
0"
0)
#33257
b1110 0
1#
1(
#33258
1"
1)
#33264
0"
0)
0#
0(
#33270
1"
1)
#33271
b1101 0
1#
1(
#33276
0"
0)
#33278
0#
0(
#33282
1"
1)
#33285
b1100 0
1#
1(
#33288
0"
0)
#33292
0#
0(
#33294
1"
1)
#33299
b1011 0
1#
1(
#33300
0"
0)
#33306
1"
1)
0#
0(
#33312
0"
0)
#33313
b1010 0
1#
1(
#33318
1"
1)
#33320
0#
0(
#33324
0"
0)
#33327
b1001 0
1#
1(
#33330
1"
1)
#33334
0#
0(
#33336
0"
0)
#33341
b1000 0
1#
1(
#33342
1"
1)
#33348
0"
0)
0#
0(
#33354
1"
1)
#33355
b111 0
1#
1(
#33360
0"
0)
#33362
0#
0(
#33366
1"
1)
#33369
b110 0
1#
1(
#33372
0"
0)
#33376
0#
0(
#33378
1"
1)
#33383
b101 0
1#
1(
#33384
0"
0)
#33390
1"
1)
0#
0(
#33396
0"
0)
#33397
b100 0
1#
1(
#33402
1"
1)
#33403
b11 9
b111 ;
#33404
0#
0(
#33408
0"
0)
#33411
b11 0
1#
1(
#33414
1"
1)
#33418
0#
0(
#33420
0"
0)
#33425
b10 0
1#
1(
#33426
1"
1)
#33432
0"
0)
0#
0(
#33438
1"
1)
#33439
b1 0
1#
1(
#33444
0"
0)
#33446
0#
0(
#33450
1"
1)
#33453
b0 0
1#
1(
#33456
0"
0)
#33460
0#
0(
#33462
1"
1)
#33467
b10 2
b1111 0
1#
1(
#33468
0"
0)
#33474
1"
1)
0#
0(
#33480
0"
0)
#33481
b1 2
b0 /
b100000 ,
b100000 -
b100000 3
b100000 .
1#
1(
#33486
b100000 4
1"
1)
#33488
0#
0(
#33492
0"
0)
#33495
b1110 0
1#
1(
#33498
1"
1)
#33502
0#
0(
#33504
0"
0)
#33509
b1101 0
1#
1(
#33510
1"
1)
#33516
0"
0)
0#
0(
#33522
1"
1)
#33523
b1100 0
1#
1(
#33528
0"
0)
#33530
0#
0(
#33534
1"
1)
#33537
b1011 0
1#
1(
#33540
0"
0)
#33544
0#
0(
#33546
1"
1)
#33551
b1010 0
1#
1(
#33552
0"
0)
#33558
1"
1)
0#
0(
#33564
0"
0)
#33565
b1001 0
1#
1(
#33570
1"
1)
#33572
0#
0(
#33576
0"
0)
#33579
b1000 0
1#
1(
#33582
1"
1)
#33586
0#
0(
#33588
0"
0)
#33593
b111 0
1#
1(
#33594
1"
1)
#33600
0"
0)
0#
0(
#33606
1"
1)
#33607
b110 0
1#
1(
#33612
0"
0)
#33614
0#
0(
#33618
1"
1)
#33621
b101 0
1#
1(
#33624
0"
0)
#33628
0#
0(
#33630
1"
1)
b1 9
1&
b1000 ;
#33635
b100001 ,
b100001 -
b100001 3
b100001 .
b100 0
1#
1(
#33636
0"
0)
#33642
b100001 4
1"
1)
0#
0(
#33648
0"
0)
#33649
b11 0
1#
1(
#33654
1"
1)
#33656
0#
0(
#33660
0"
0)
#33663
b10 0
1#
1(
#33666
1"
1)
#33670
0#
0(
#33672
0"
0)
#33677
b1 0
1#
1(
#33678
1"
1)
#33684
0"
0)
0#
0(
#33690
1"
1)
#33691
b0 0
1#
1(
#33696
0"
0)
#33698
0#
0(
#33702
1"
1)
#33705
b10 2
b1111 0
1#
1(
#33708
0"
0)
#33712
0#
0(
#33714
1"
1)
#33719
b11 2
b111 /
b1000010 ,
b1000010 -
b1000010 3
b1000010 .
1#
1(
#33720
0"
0)
#33726
b1000010 4
1"
1)
0#
0(
#33732
0"
0)
#33733
b100 2
1#
1(
#33738
1"
1)
#33740
0#
0(
#33744
0"
0)
#33747
0+
01
1#
1(
#33750
b1 7
1"
1)
#33754
0#
0(
#33756
0"
0)
#33761
1#
1(
#33762
b10 7
0!
08
0*
06
1"
1)
#33768
0"
0)
0#
0(
b0 >
b0 ?
b11111011 <
1'
#33769
0'
#33774
b110 5
b10000100 4
1"
1)
#33775
b0 2
1#
1(
#33780
0"
0)
b1 >
1'
#33781
0'
#33782
0#
0(
#33786
b101 5
b1000 4
1!
18
1"
1)
#33789
1+
11
1#
1(
#33792
0"
0)
b10 >
b10 ?
1'
#33793
0'
#33796
0#
0(
#33798
b100 5
b10000 4
0!
08
1"
1)
#33803
1#
1(
#33804
0"
0)
b11 >
1'
#33805
0'
#33810
b11 5
b100000 4
1"
1)
0#
0(
#33816
0"
0)
b100 >
1'
#33817
1#
1(
0'
#33822
b10 5
b1000000 4
1"
1)
#33824
0#
0(
#33828
0"
0)
b101 >
1'
#33829
0'
#33831
1#
1(
#33834
b1 5
b10000000 4
1"
1)
#33838
0#
0(
#33840
0"
0)
b110 >
1'
#33841
0'
#33845
1#
1(
#33846
b0 5
b0 4
1!
18
1"
1)
#33852
0"
0)
0#
0(
b111 >
b1000010 ?
1'
#33853
0'
#33857
b0 9
b1001 ;
#33858
b0 7
b111 5
0!
08
1"
1)
#33859
1#
1(
#33864
0"
0)
b1000 >
1'
#33865
0'
#33866
0#
0(
#33870
1!
18
b1000010 4
1*
16
1"
1)
#33873
1#
1(
#33876
0"
0)
b1111 =
1$
1'
#33877
0$
0'
#33880
0#
0(
#33882
1"
1)
#33887
1#
1(
#33888
0"
0)
#33894
1"
1)
0#
0(
#33900
0"
0)
#33901
1#
1(
#33906
1"
1)
#33908
0#
0(
#33912
0"
0)
#33915
1#
1(
#33918
1"
1)
#33922
0#
0(
#33924
0"
0)
#33929
1#
1(
#33930
1"
1)
#33936
0"
0)
0#
0(
#33942
1"
1)
#33943
1#
1(
#33948
0"
0)
#33950
0#
0(
#33954
1"
1)
#33957
1#
1(
#33960
0"
0)
#33964
0#
0(
#33966
1"
1)
#33971
1#
1(
#33972
0"
0)
#33978
1"
1)
0#
0(
#33984
0"
0)
#33985
1#
1(
#33990
1"
1)
#33992
0#
0(
#33996
0"
0)
#33999
1#
1(
#34002
1"
1)
#34006
0#
0(
#34008
0"
0)
#34013
1#
1(
#34014
1"
1)
#34020
0"
0)
0#
0(
#34026
1"
1)
#34027
1#
1(
#34032
0"
0)
#34034
0#
0(
#34038
1"
1)
#34041
1#
1(
#34044
0"
0)
#34048
0#
0(
#34050
1"
1)
#34055
1#
1(
#34056
0"
0)
#34062
1"
1)
0#
0(
#34068
0"
0)
#34069
1#
1(
#34074
1"
1)
#34076
0#
0(
#34080
0"
0)
#34083
1#
1(
#34084
b1010 ;
#34086
1"
1)
#34090
0#
0(
#34092
0"
0)
#34097
1#
1(
#34098
1"
1)
#34104
0"
0)
0#
0(
#34110
1"
1)
#34111
1#
1(
#34116
0"
0)
#34118
0#
0(
#34122
1"
1)
#34125
1#
1(
#34128
0"
0)
#34132
0#
0(
#34134
1"
1)
#34139
1#
1(
#34140
0"
0)
#34146
1"
1)
0#
0(
#34152
0"
0)
#34153
1#
1(
#34158
1"
1)
#34160
0#
0(
#34164
0"
0)
#34167
1#
1(
#34170
1"
1)
#34174
0#
0(
#34176
0"
0)
#34181
1#
1(
#34182
1"
1)
#34188
0"
0)
0#
0(
#34194
1"
1)
#34195
1#
1(
#34200
0"
0)
#34202
0#
0(
#34206
1"
1)
#34209
1#
1(
#34212
0"
0)
#34216
0#
0(
#34218
1"
1)
#34223
1#
1(
#34224
0"
0)
#34230
1"
1)
0#
0(
#34236
0"
0)
#34237
1#
1(
#34242
1"
1)
#34244
0#
0(
#34248
0"
0)
#34251
1#
1(
#34254
1"
1)
#34258
0#
0(
#34260
0"
0)
#34265
1#
1(
#34266
1"
1)
#34272
0"
0)
0#
0(
#34278
1"
1)
#34279
1#
1(
#34284
0"
0)
#34286
0#
0(
#34290
1"
1)
#34293
1#
1(
#34296
0"
0)
#34300
0#
0(
#34302
1"
1)
#34307
1#
1(
#34308
0"
0)
#34314
1"
1)
0#
0(
#34320
0"
0)
#34321
1#
1(
#34326
1"
1)
#34328
0#
0(
#34332
0"
0)
#34335
1#
1(
#34338
1"
1)
#34342
0#
0(
#34344
0"
0)
#34349
1#
1(
#34350
1"
1)
#34356
0"
0)
0#
0(
#34362
1"
1)
#34363
1#
1(
#34368
0"
0)
#34370
0#
0(
#34374
1"
1)
#34377
1#
1(
#34380
0"
0)
#34384
0#
0(
#34386
1"
1)
#34391
1#
1(
#34392
0"
0)
#34398
1"
1)
0#
0(
#34404
0"
0)
#34405
1#
1(
#34410
1"
1)
#34412
0#
0(
#34416
0"
0)
#34419
1#
1(
#34422
1"
1)
#34426
0#
0(
#34428
0"
0)
#34433
1#
1(
#34434
1"
1)
#34440
0"
0)
0#
0(
#34446
1"
1)
#34447
1#
1(
#34452
0"
0)
#34454
0#
0(
#34458
1"
1)
#34461
1#
1(
#34464
0"
0)
#34468
0#
0(
#34470
1"
1)
#34475
1#
1(
#34476
0"
0)
#34482
1"
1)
0#
0(
#34488
0"
0)
#34489
1#
1(
#34494
1"
1)
#34496
0#
0(
#34500
0"
0)
#34503
1#
1(
#34506
1"
1)
#34510
0#
0(
#34512
0"
0)
#34517
1#
1(
#34518
1"
1)
#34524
0"
0)
0#
0(
#34530
1"
1)
#34531
1#
1(
#34536
0"
0)
#34538
0#
0(
#34542
1"
1)
#34545
1#
1(
#34548
0"
0)
#34552
0#
0(
#34554
1"
1)
#34559
1#
1(
#34560
0"
0)
#34566
1"
1)
0#
0(
#34572
0"
0)
#34573
1#
1(
#34578
1"
1)
#34580
0#
0(
#34584
0"
0)
#34587
1#
1(
#34590
1"
1)
#34594
0#
0(
#34596
0"
0)
#34601
1#
1(
#34602
1"
1)
#34608
0"
0)
0#
0(
#34614
1"
1)
#34615
1#
1(
#34620
0"
0)
#34622
0#
0(
#34626
1"
1)
#34629
1#
1(
#34632
0"
0)
#34636
0#
0(
#34638
1"
1)
#34643
1#
1(
#34644
0"
0)
#34650
1"
1)
0#
0(
#34656
0"
0)
#34657
1#
1(
#34662
1"
1)
#34664
0#
0(
#34668
0"
0)
#34671
1#
1(
#34674
1"
1)
#34678
0#
0(
#34680
0"
0)
#34685
1#
1(
#34686
1"
1)
#34692
0"
0)
0#
0(
#34698
1"
1)
#34699
1#
1(
#34704
0"
0)
#34706
0#
0(
#34710
1"
1)
#34713
1#
1(
#34716
0"
0)
#34720
0#
0(
#34722
1"
1)
#34727
1#
1(
#34728
0"
0)
#34734
1"
1)
0#
0(
#34740
0"
0)
#34741
1#
1(
#34746
1"
1)
#34748
0#
0(
#34752
0"
0)
#34755
1#
1(
#34758
1"
1)
#34762
0#
0(
#34764
0"
0)
#34769
1#
1(
#34770
1"
1)
#34776
0"
0)
0#
0(
#34782
1"
1)
#34783
1#
1(
#34788
0"
0)
#34790
0#
0(
#34794
1"
1)
#34797
1#
1(
#34800
0"
0)
#34804
0#
0(
#34806
1"
1)
#34811
1#
1(
#34812
0"
0)
#34818
1"
1)
0#
0(
#34824
0"
0)
#34825
1#
1(
#34830
1"
1)
#34832
0#
0(
#34836
0"
0)
#34839
1#
1(
#34842
1"
1)
#34846
0#
0(
#34848
0"
0)
#34853
1#
1(
#34854
1"
1)
#34860
0"
0)
0#
0(
#34866
1"
1)
#34867
1#
1(
#34872
0"
0)
#34874
0#
0(
#34878
1"
1)
#34881
1#
1(
#34884
0"
0)
#34888
0#
0(
#34890
1"
1)
#34895
1#
1(
#34896
0"
0)
#34902
1"
1)
0#
0(
#34908
0"
0)
#34909
1#
1(
#34914
1"
1)
#34916
0#
0(
#34920
0"
0)
#34923
1#
1(
#34926
1"
1)
#34930
0#
0(
#34932
0"
0)
#34937
1#
1(
#34938
1"
1)
#34944
0"
0)
0#
0(
#34950
1"
1)
#34951
1#
1(
#34956
0"
0)
#34958
0#
0(
#34962
1"
1)
#34965
1#
1(
#34968
0"
0)
#34972
0#
0(
#34974
1"
1)
#34979
1#
1(
#34980
0"
0)
#34986
1"
1)
0#
0(
#34992
0"
0)
#34993
1#
1(
#34998
1"
1)
#35000
0#
0(
#35004
0"
0)
#35007
1#
1(
#35010
1"
1)
#35014
0#
0(
#35016
0"
0)
#35021
1#
1(
#35022
1"
1)
#35028
0"
0)
0#
0(
#35034
1"
1)
#35035
1#
1(
#35040
0"
0)
#35042
0#
0(
#35046
1"
1)
#35049
1#
1(
#35052
0"
0)
#35056
0#
0(
#35058
1"
1)
#35063
1#
1(
#35064
0"
0)
#35070
1"
1)
0#
0(
#35076
0"
0)
#35077
1#
1(
#35082
1"
1)
#35084
0#
0(
#35088
0"
0)
#35091
1#
1(
#35094
1"
1)
#35098
0#
0(
#35100
0"
0)
#35105
1#
1(
#35106
1"
1)
#35112
0"
0)
0#
0(
#35118
1"
1)
#35119
1#
1(
#35124
0"
0)
#35126
0#
0(
#35130
1"
1)
#35133
1#
1(
#35136
0"
0)
#35140
0#
0(
#35142
1"
1)
#35147
1#
1(
#35148
0"
0)
#35154
1"
1)
0#
0(
#35160
0"
0)
#35161
1#
1(
#35166
1"
1)
#35168
0#
0(
#35172
0"
0)
#35175
1#
1(
#35178
1"
1)
#35182
0#
0(
#35184
0"
0)
#35189
1#
1(
#35190
1"
1)
#35196
0"
0)
0#
0(
#35202
1"
1)
#35203
1#
1(
#35208
0"
0)
#35210
0#
0(
#35214
1"
1)
#35217
1#
1(
#35220
0"
0)
#35224
0#
0(
#35226
1"
1)
#35231
1#
1(
#35232
0"
0)
#35238
1"
1)
0#
0(
#35244
0"
0)
#35245
1#
1(
#35250
1"
1)
#35252
0#
0(
#35256
0"
0)
#35259
1#
1(
#35262
1"
1)
#35266
0#
0(
#35268
0"
0)
#35273
1#
1(
#35274
1"
1)
#35280
0"
0)
0#
0(
#35286
1"
1)
#35287
1#
1(
#35292
0"
0)
#35294
0#
0(
#35298
1"
1)
#35301
1#
1(
#35304
0"
0)
#35308
0#
0(
#35310
1"
1)
#35315
1#
1(
#35316
0"
0)
#35322
1"
1)
0#
0(
#35328
0"
0)
#35329
1#
1(
#35334
1"
1)
#35336
0#
0(
#35340
0"
0)
#35343
1#
1(
#35346
1"
1)
#35350
0#
0(
#35352
0"
0)
#35357
1#
1(
#35358
1"
1)
#35364
0"
0)
0#
0(
#35370
1"
1)
#35371
1#
1(
#35376
0"
0)
#35378
0#
0(
#35382
1"
1)
#35385
1#
1(
#35388
0"
0)
#35392
0#
0(
#35394
1"
1)
#35399
1#
1(
#35400
0"
0)
#35406
1"
1)
0#
0(
#35412
0"
0)
#35413
1#
1(
#35418
1"
1)
#35420
0#
0(
#35424
0"
0)
#35427
1#
1(
#35430
1"
1)
#35434
0#
0(
#35436
0"
0)
#35441
1#
1(
#35442
1"
1)
#35448
0"
0)
0#
0(
#35454
1"
1)
#35455
1#
1(
#35460
0"
0)
#35462
0#
0(
#35466
1"
1)
#35469
1#
1(
#35472
0"
0)
#35476
0#
0(
#35478
1"
1)
#35483
1#
1(
#35484
0"
0)
#35490
1"
1)
0#
0(
#35496
0"
0)
#35497
1#
1(
#35502
1"
1)
#35504
0#
0(
#35508
0"
0)
#35511
1#
1(
#35514
1"
1)
#35518
0#
0(
#35520
0"
0)
#35525
1#
1(
#35526
1"
1)
#35532
0"
0)
0#
0(
#35538
1"
1)
#35539
1#
1(
#35544
0"
0)
#35546
0#
0(
#35550
1"
1)
#35553
1#
1(
#35556
0"
0)
#35560
0#
0(
#35562
1"
1)
#35567
1#
1(
#35568
0"
0)
#35574
1"
1)
0#
0(
#35580
0"
0)
#35581
1#
1(
#35586
1"
1)
#35588
0#
0(
#35592
0"
0)
#35595
1#
1(
#35598
1"
1)
#35602
0#
0(
#35604
0"
0)
#35609
1#
1(
#35610
1"
1)
#35616
0"
0)
0#
0(
#35622
1"
1)
#35623
1#
1(
#35628
0"
0)
#35630
0#
0(
#35634
1"
1)
#35637
1#
1(
#35640
0"
0)
#35644
0#
0(
#35646
1"
1)
#35651
1#
1(
#35652
0"
0)
#35658
1"
1)
0#
0(
#35664
0"
0)
#35665
1#
1(
#35670
1"
1)
#35672
0#
0(
#35676
0"
0)
#35679
1#
1(
#35682
1"
1)
#35686
0#
0(
#35688
0"
0)
#35693
1#
1(
#35694
1"
1)
#35700
0"
0)
0#
0(
#35706
1"
1)
#35707
1#
1(
#35712
0"
0)
#35714
0#
0(
#35718
1"
1)
#35721
1#
1(
#35724
0"
0)
#35728
0#
0(
#35730
1"
1)
#35735
1#
1(
#35736
0"
0)
#35742
1"
1)
0#
0(
#35748
0"
0)
#35749
1#
1(
#35754
1"
1)
#35756
0#
0(
#35760
0"
0)
#35763
1#
1(
#35766
1"
1)
#35770
0#
0(
#35772
0"
0)
#35777
1#
1(
#35778
1"
1)
#35784
0"
0)
0#
0(
#35790
1"
1)
#35791
1#
1(
#35796
0"
0)
#35798
0#
0(
#35802
1"
1)
#35805
1#
1(
#35808
0"
0)
#35812
0#
0(
#35814
1"
1)
#35819
1#
1(
#35820
0"
0)
#35826
1"
1)
0#
0(
#35832
0"
0)
#35833
1#
1(
#35838
1"
1)
#35840
0#
0(
#35844
0"
0)
#35847
1#
1(
#35850
1"
1)
#35854
0#
0(
#35856
0"
0)
#35861
1#
1(
#35862
1"
1)
#35868
0"
0)
0#
0(
#35874
1"
1)
#35875
1#
1(
#35880
0"
0)
#35882
0#
0(
#35886
1"
1)
#35889
1#
1(
#35892
0"
0)
#35896
0#
0(
#35898
1"
1)
#35903
1#
1(
#35904
0"
0)
#35910
1"
1)
0#
0(
#35916
0"
0)
#35917
1#
1(
#35922
1"
1)
#35924
0#
0(
#35928
0"
0)
#35931
1#
1(
#35934
1"
1)
#35938
0#
0(
#35940
0"
0)
#35945
1#
1(
#35946
1"
1)
#35952
0"
0)
0#
0(
#35958
1"
1)
#35959
1#
1(
#35964
0"
0)
#35966
0#
0(
#35970
1"
1)
#35973
1#
1(
#35976
0"
0)
#35980
0#
0(
#35982
1"
1)
#35987
1#
1(
#35988
0"
0)
#35994
1"
1)
0#
0(
#36000
0"
0)
#36001
1#
1(
#36006
1"
1)
#36008
0#
0(
#36012
0"
0)
#36015
1#
1(
#36018
1"
1)
#36022
0#
0(
#36024
0"
0)
#36029
1#
1(
#36030
1"
1)
#36036
0"
0)
0#
0(
#36042
1"
1)
#36043
1#
1(
#36048
0"
0)
#36050
0#
0(
#36054
1"
1)
#36057
1#
1(
#36060
0"
0)
#36064
0#
0(
#36066
1"
1)
#36071
1#
1(
#36072
0"
0)
#36078
1"
1)
0#
0(
#36084
0"
0)
#36085
1#
1(
#36090
1"
1)
#36092
0#
0(
#36096
0"
0)
#36099
1#
1(
#36102
1"
1)
#36106
0#
0(
#36108
0"
0)
#36113
1#
1(
#36114
1"
1)
#36120
0"
0)
0#
0(
#36126
1"
1)
#36127
1#
1(
#36132
0"
0)
#36134
0#
0(
#36138
1"
1)
#36141
1#
1(
#36144
0"
0)
#36148
0#
0(
#36150
1"
1)
#36155
1#
1(
#36156
0"
0)
#36162
1"
1)
0#
0(
#36168
0"
0)
#36169
1#
1(
#36174
1"
1)
#36176
0#
0(
#36180
0"
0)
#36183
1#
1(
#36186
1"
1)
#36190
0#
0(
#36192
0"
0)
#36197
1#
1(
#36198
1"
1)
#36204
0"
0)
0#
0(
#36210
1"
1)
#36211
1#
1(
#36216
0"
0)
#36218
0#
0(
#36222
1"
1)
#36225
1#
1(
#36228
0"
0)
#36232
0#
0(
#36234
1"
1)
#36239
1#
1(
#36240
0"
0)
#36246
1"
1)
0#
0(
#36252
0"
0)
#36253
1#
1(
#36258
1"
1)
#36260
0#
0(
#36264
0"
0)
#36267
1#
1(
#36270
1"
1)
#36274
0#
0(
#36276
0"
0)
#36281
1#
1(
#36282
1"
1)
#36288
0"
0)
0#
0(
#36294
1"
1)
#36295
1#
1(
#36300
0"
0)
#36302
0#
0(
#36306
1"
1)
#36309
1#
1(
#36312
0"
0)
#36316
0#
0(
#36318
1"
1)
#36323
1#
1(
#36324
0"
0)
#36330
1"
1)
0#
0(
#36336
0"
0)
#36337
1#
1(
#36342
1"
1)
#36344
0#
0(
#36348
0"
0)
#36351
1#
1(
#36354
1"
1)
#36356
0&
b0 ;
b110010101 9
b1000 :
#36358
0#
0(
#36360
0"
0)
#36365
b1 2
1#
1(
#36366
1"
1)
#36372
0"
0)
0#
0(
#36378
1"
1)
#36379
b1110 0
1#
1(
#36384
0"
0)
#36386
0#
0(
#36390
1"
1)
#36393
b1101 0
1#
1(
#36396
0"
0)
#36400
0#
0(
#36402
1"
1)
#36407
b1100 0
1#
1(
#36408
0"
0)
#36414
1"
1)
0#
0(
#36420
0"
0)
#36421
b1011 0
1#
1(
#36426
1"
1)
#36428
0#
0(
#36432
0"
0)
#36435
b1010 0
1#
1(
#36438
1"
1)
#36442
0#
0(
#36444
0"
0)
#36449
b1001 0
1#
1(
#36450
1"
1)
#36456
0"
0)
0#
0(
#36462
1"
1)
#36463
b1000 0
1#
1(
#36468
0"
0)
#36470
0#
0(
#36474
1"
1)
#36477
b111 0
1#
1(
#36480
0"
0)
#36484
0#
0(
#36486
1"
1)
#36491
b110 0
1#
1(
#36492
0"
0)
#36498
1"
1)
0#
0(
#36504
0"
0)
#36505
b101 0
1#
1(
#36510
1"
1)
#36512
0#
0(
#36516
0"
0)
#36519
b100 0
1#
1(
#36522
1"
1)
#36526
0#
0(
#36528
0"
0)
#36533
b11 0
1#
1(
#36534
1"
1)
#36540
0"
0)
0#
0(
#36546
1"
1)
#36547
b10 0
1#
1(
#36552
0"
0)
#36554
0#
0(
#36558
1"
1)
#36561
b1 0
1#
1(
#36564
0"
0)
#36568
0#
0(
#36570
1"
1)
#36575
b0 0
1#
1(
#36576
0"
0)
#36582
1"
1)
0#
0(
#36583
b11001010 9
1&
b1 ;
#36588
0"
0)
#36589
b10 2
b1000011 ,
b1000011 -
b1000011 3
b1000011 .
b1111 0
1#
1(
#36594
b1000011 4
1"
1)
#36596
0#
0(
#36600
0"
0)
#36603
b1 2
b110 /
b10000110 ,
b10000110 -
b10000110 3
b10000110 .
1#
1(
#36606
b10000110 4
1"
1)
#36610
0#
0(
#36612
0"
0)
#36617
b10000111 ,
b10000111 -
b10000111 3
b10000111 .
b1110 0
1#
1(
#36618
b10000111 4
1"
1)
#36624
0"
0)
0#
0(
#36630
1"
1)
#36631
b1101 0
1#
1(
#36636
0"
0)
#36638
0#
0(
#36642
1"
1)
#36645
b1100 0
1#
1(
#36648
0"
0)
#36652
0#
0(
#36654
1"
1)
#36659
b1011 0
1#
1(
#36660
0"
0)
#36666
1"
1)
0#
0(
#36672
0"
0)
#36673
b1010 0
1#
1(
#36678
1"
1)
#36680
0#
0(
#36684
0"
0)
#36687
b1001 0
1#
1(
#36690
1"
1)
#36694
0#
0(
#36696
0"
0)
#36701
b1000 0
1#
1(
#36702
1"
1)
#36708
0"
0)
0#
0(
#36714
1"
1)
#36715
b111 0
1#
1(
#36720
0"
0)
#36722
0#
0(
#36726
1"
1)
#36729
b110 0
1#
1(
#36732
0"
0)
#36736
0#
0(
#36738
1"
1)
#36743
b101 0
1#
1(
#36744
0"
0)
#36750
1"
1)
0#
0(
#36756
0"
0)
#36757
b100 0
1#
1(
#36762
1"
1)
#36764
0#
0(
#36768
0"
0)
#36771
b11 0
1#
1(
#36774
1"
1)
#36778
0#
0(
#36780
0"
0)
#36785
b10 0
1#
1(
#36786
1"
1)
#36792
0"
0)
0#
0(
#36798
1"
1)
#36799
b1 0
1#
1(
#36804
0"
0)
#36806
0#
0(
#36810
1"
1)
b1100101 9
0&
b10 ;
#36813
b10000110 ,
b10000110 -
b10000110 3
b10000110 .
b0 0
1#
1(
#36816
0"
0)
#36820
0#
0(
#36822
b10000110 4
1"
1)
#36827
b10 2
b1111 0
1#
1(
#36828
0"
0)
#36834
1"
1)
0#
0(
#36840
0"
0)
#36841
b1 2
b101 /
b1100 ,
b1100 -
b1100 3
b1100 .
1#
1(
#36846
b1100 4
1"
1)
#36848
0#
0(
#36852
0"
0)
#36855
b1110 0
1#
1(
#36858
1"
1)
#36862
0#
0(
#36864
0"
0)
#36869
b1101 0
1#
1(
#36870
1"
1)
#36876
0"
0)
0#
0(
#36882
1"
1)
#36883
b1100 0
1#
1(
#36888
0"
0)
#36890
0#
0(
#36894
1"
1)
#36897
b1011 0
1#
1(
#36900
0"
0)
#36904
0#
0(
#36906
1"
1)
#36911
b1010 0
1#
1(
#36912
0"
0)
#36918
1"
1)
0#
0(
#36924
0"
0)
#36925
b1001 0
1#
1(
#36930
1"
1)
#36932
0#
0(
#36936
0"
0)
#36939
b1000 0
1#
1(
#36942
1"
1)
#36946
0#
0(
#36948
0"
0)
#36953
b111 0
1#
1(
#36954
1"
1)
#36960
0"
0)
0#
0(
#36966
1"
1)
#36967
b110 0
1#
1(
#36972
0"
0)
#36974
0#
0(
#36978
1"
1)
#36981
b101 0
1#
1(
#36984
0"
0)
#36988
0#
0(
#36990
1"
1)
#36995
b100 0
1#
1(
#36996
0"
0)
#37002
1"
1)
0#
0(
#37008
0"
0)
#37009
b11 0
1#
1(
#37014
1"
1)
#37016
0#
0(
#37020
0"
0)
#37023
b10 0
1#
1(
#37026
1"
1)
#37030
0#
0(
#37032
0"
0)
#37037
b1101 ,
b1101 -
b1101 3
b1101 .
b1 0
1#
1(
b110010 9
1&
b11 ;
#37038
b1101 4
1"
1)
#37044
0"
0)
0#
0(
#37050
1"
1)
#37051
b0 0
1#
1(
#37056
0"
0)
#37058
0#
0(
#37062
1"
1)
#37065
b10 2
b1111 0
1#
1(
#37068
0"
0)
#37072
0#
0(
#37074
1"
1)
#37079
b1 2
b100 /
b11010 ,
b11010 -
b11010 3
b11010 .
1#
1(
#37080
0"
0)
#37086
b11010 4
1"
1)
0#
0(
#37092
0"
0)
#37093
b11011 ,
b11011 -
b11011 3
b11011 .
b1110 0
1#
1(
#37098
b11011 4
1"
1)
#37100
0#
0(
#37104
0"
0)
#37107
b1101 0
1#
1(
#37110
1"
1)
#37114
0#
0(
#37116
0"
0)
#37121
b1100 0
1#
1(
#37122
1"
1)
#37128
0"
0)
0#
0(
#37134
1"
1)
#37135
b1011 0
1#
1(
#37140
0"
0)
#37142
0#
0(
#37146
1"
1)
#37149
b1010 0
1#
1(
#37152
0"
0)
#37156
0#
0(
#37158
1"
1)
#37163
b1001 0
1#
1(
#37164
0"
0)
#37170
1"
1)
0#
0(
#37176
0"
0)
#37177
b1000 0
1#
1(
#37182
1"
1)
#37184
0#
0(
#37188
0"
0)
#37191
b111 0
1#
1(
#37194
1"
1)
#37198
0#
0(
#37200
0"
0)
#37205
b110 0
1#
1(
#37206
1"
1)
#37212
0"
0)
0#
0(
#37218
1"
1)
#37219
b101 0
1#
1(
#37224
0"
0)
#37226
0#
0(
#37230
1"
1)
#37233
b100 0
1#
1(
#37236
0"
0)
#37240
0#
0(
#37242
1"
1)
#37247
b11 0
1#
1(
#37248
0"
0)
#37254
1"
1)
0#
0(
#37260
0"
0)
#37261
b10 0
1#
1(
#37264
b11001 9
0&
b100 ;
#37266
1"
1)
#37268
0#
0(
#37272
0"
0)
#37275
b11010 ,
b11010 -
b11010 3
b11010 .
b1 0
1#
1(
#37278
b11010 4
1"
1)
#37282
0#
0(
#37284
0"
0)
#37289
b0 0
1#
1(
#37290
1"
1)
#37296
0"
0)
0#
0(
#37302
1"
1)
#37303
b10 2
b1111 0
1#
1(
#37308
0"
0)
#37310
0#
0(
#37314
1"
1)
#37317
b1 2
b11 /
b110100 ,
b110100 -
b110100 3
b110100 .
1#
1(
#37320
0"
0)
#37324
0#
0(
#37326
b110100 4
1"
1)
#37331
b1110 0
1#
1(
#37332
0"
0)
#37338
1"
1)
0#
0(
#37344
0"
0)
#37345
b1101 0
1#
1(
#37350
1"
1)
#37352
0#
0(
#37356
0"
0)
#37359
b1100 0
1#
1(
#37362
1"
1)
#37366
0#
0(
#37368
0"
0)
#37373
b1011 0
1#
1(
#37374
1"
1)
#37380
0"
0)
0#
0(
#37386
1"
1)
#37387
b1010 0
1#
1(
#37392
0"
0)
#37394
0#
0(
#37398
1"
1)
#37401
b1001 0
1#
1(
#37404
0"
0)
#37408
0#
0(
#37410
1"
1)
#37415
b1000 0
1#
1(
#37416
0"
0)
#37422
1"
1)
0#
0(
#37428
0"
0)
#37429
b111 0
1#
1(
#37434
1"
1)
#37436
0#
0(
#37440
0"
0)
#37443
b110 0
1#
1(
#37446
1"
1)
#37450
0#
0(
#37452
0"
0)
#37457
b101 0
1#
1(
#37458
1"
1)
#37464
0"
0)
0#
0(
#37470
1"
1)
#37471
b100 0
1#
1(
#37476
0"
0)
#37478
0#
0(
#37482
1"
1)
#37485
b11 0
1#
1(
#37488
0"
0)
#37491
b1100 9
1&
b101 ;
#37492
0#
0(
#37494
1"
1)
#37499
b110101 ,
b110101 -
b110101 3
b110101 .
b10 0
1#
1(
#37500
0"
0)
#37506
b110101 4
1"
1)
0#
0(
#37512
0"
0)
#37513
b1 0
1#
1(
#37518
1"
1)
#37520
0#
0(
#37524
0"
0)
#37527
b0 0
1#
1(
#37530
1"
1)
#37534
0#
0(
#37536
0"
0)
#37541
b10 2
b1111 0
1#
1(
#37542
1"
1)
#37548
0"
0)
0#
0(
#37554
1"
1)
#37555
b1 2
b10 /
b1101010 ,
b1101010 -
b1101010 3
b1101010 .
1#
1(
#37560
0"
0)
#37562
0#
0(
#37566
b1101010 4
1"
1)
#37569
b1101011 ,
b1101011 -
b1101011 3
b1101011 .
b1110 0
1#
1(
#37572
0"
0)
#37576
0#
0(
#37578
b1101011 4
1"
1)
#37583
b1101 0
1#
1(
#37584
0"
0)
#37590
1"
1)
0#
0(
#37596
0"
0)
#37597
b1100 0
1#
1(
#37602
1"
1)
#37604
0#
0(
#37608
0"
0)
#37611
b1011 0
1#
1(
#37614
1"
1)
#37618
0#
0(
#37620
0"
0)
#37625
b1010 0
1#
1(
#37626
1"
1)
#37632
0"
0)
0#
0(
#37638
1"
1)
#37639
b1001 0
1#
1(
#37644
0"
0)
#37646
0#
0(
#37650
1"
1)
#37653
b1000 0
1#
1(
#37656
0"
0)
#37660
0#
0(
#37662
1"
1)
#37667
b111 0
1#
1(
#37668
0"
0)
#37674
1"
1)
0#
0(
#37680
0"
0)
#37681
b110 0
1#
1(
#37686
1"
1)
#37688
0#
0(
#37692
0"
0)
#37695
b101 0
1#
1(
#37698
1"
1)
#37702
0#
0(
#37704
0"
0)
#37709
b100 0
1#
1(
#37710
1"
1)
#37716
0"
0)
0#
0(
#37718
b110 9
0&
b110 ;
#37722
1"
1)
#37723
b1101010 ,
b1101010 -
b1101010 3
b1101010 .
b11 0
1#
1(
#37728
0"
0)
#37730
0#
0(
#37734
b1101010 4
1"
1)
#37737
b10 0
1#
1(
#37740
0"
0)
#37744
0#
0(
#37746
1"
1)
#37751
b1 0
1#
1(
#37752
0"
0)
#37758
1"
1)
0#
0(
#37764
0"
0)
#37765
b0 0
1#
1(
#37770
1"
1)
#37772
0#
0(
#37776
0"
0)
#37779
b10 2
b1111 0
1#
1(
#37782
1"
1)
#37786
0#
0(
#37788
0"
0)
#37793
b1 2
b1 /
b11010100 ,
b11010100 -
b11010100 3
b11010100 .
1#
1(
#37794
b11010100 4
1"
1)
#37800
0"
0)
0#
0(
#37806
1"
1)
#37807
b1110 0
1#
1(
#37812
0"
0)
#37814
0#
0(
#37818
1"
1)
#37821
b1101 0
1#
1(
#37824
0"
0)
#37828
0#
0(
#37830
1"
1)
#37835
b1100 0
1#
1(
#37836
0"
0)
#37842
1"
1)
0#
0(
#37848
0"
0)
#37849
b1011 0
1#
1(
#37854
1"
1)
#37856
0#
0(
#37860
0"
0)
#37863
b1010 0
1#
1(
#37866
1"
1)
#37870
0#
0(
#37872
0"
0)
#37877
b1001 0
1#
1(
#37878
1"
1)
#37884
0"
0)
0#
0(
#37890
1"
1)
#37891
b1000 0
1#
1(
#37896
0"
0)
#37898
0#
0(
#37902
1"
1)
#37905
b111 0
1#
1(
#37908
0"
0)
#37912
0#
0(
#37914
1"
1)
#37919
b110 0
1#
1(
#37920
0"
0)
#37926
1"
1)
0#
0(
#37932
0"
0)
#37933
b101 0
1#
1(
#37938
1"
1)
#37940
0#
0(
#37944
0"
0)
#37945
b11 9
b111 ;
#37947
b100 0
1#
1(
#37950
1"
1)
#37954
0#
0(
#37956
0"
0)
#37961
b11 0
1#
1(
#37962
1"
1)
#37968
0"
0)
0#
0(
#37974
1"
1)
#37975
b10 0
1#
1(
#37980
0"
0)
#37982
0#
0(
#37986
1"
1)
#37989
b1 0
1#
1(
#37992
0"
0)
#37996
0#
0(
#37998
1"
1)
#38003
b0 0
1#
1(
#38004
0"
0)
#38010
1"
1)
0#
0(
#38016
0"
0)
#38017
b10 2
b1111 0
1#
1(
#38022
1"
1)
#38024
0#
0(
#38028
0"
0)
#38031
b1 2
b0 /
b10101000 ,
b10101000 -
b10101000 3
b10101000 .
1#
1(
#38034
b10101000 4
1"
1)
#38038
0#
0(
#38040
0"
0)
#38045
b1110 0
1#
1(
#38046
1"
1)
#38052
0"
0)
0#
0(
#38058
1"
1)
#38059
b1101 0
1#
1(
#38064
0"
0)
#38066
0#
0(
#38070
1"
1)
#38073
b1100 0
1#
1(
#38076
0"
0)
#38080
0#
0(
#38082
1"
1)
#38087
b1011 0
1#
1(
#38088
0"
0)
#38094
1"
1)
0#
0(
#38100
0"
0)
#38101
b1010 0
1#
1(
#38106
1"
1)
#38108
0#
0(
#38112
0"
0)
#38115
b1001 0
1#
1(
#38118
1"
1)
#38122
0#
0(
#38124
0"
0)
#38129
b1000 0
1#
1(
#38130
1"
1)
#38136
0"
0)
0#
0(
#38142
1"
1)
#38143
b111 0
1#
1(
#38148
0"
0)
#38150
0#
0(
#38154
1"
1)
#38157
b110 0
1#
1(
#38160
0"
0)
#38164
0#
0(
#38166
1"
1)
#38171
b101 0
1#
1(
#38172
0"
0)
b1 9
1&
b1000 ;
#38178
1"
1)
0#
0(
#38184
0"
0)
#38185
b10101001 ,
b10101001 -
b10101001 3
b10101001 .
b100 0
1#
1(
#38190
b10101001 4
1"
1)
#38192
0#
0(
#38196
0"
0)
#38199
b11 0
1#
1(
#38202
1"
1)
#38206
0#
0(
#38208
0"
0)
#38213
b10 0
1#
1(
#38214
1"
1)
#38220
0"
0)
0#
0(
#38226
1"
1)
#38227
b1 0
1#
1(
#38232
0"
0)
#38234
0#
0(
#38238
1"
1)
#38241
b0 0
1#
1(
#38244
0"
0)
#38248
0#
0(
#38250
1"
1)
#38255
b10 2
b1111 0
1#
1(
#38256
0"
0)
#38262
1"
1)
0#
0(
#38268
0"
0)
#38269
b11 2
b111 /
b1010010 ,
b1010010 -
b1010010 3
b1010010 .
1#
1(
#38274
b1010010 4
1"
1)
#38276
0#
0(
#38280
0"
0)
#38283
b100 2
1#
1(
#38286
1"
1)
#38290
0#
0(
#38292
0"
0)
#38297
0+
01
1#
1(
#38298
b1 7
1"
1)
#38304
0"
0)
0#
0(
#38310
b10 7
0!
08
0*
06
1"
1)
#38311
b0 2
1#
1(
#38316
0"
0)
b0 >
b0 ?
b1100 <
1'
#38317
0'
#38318
0#
0(
#38322
b110 5
b10100100 4
1"
1)
#38325
1+
11
1#
1(
#38328
0"
0)
b1 >
1'
#38329
0'
#38332
0#
0(
#38334
b101 5
b1001000 4
1!
18
1"
1)
#38339
1#
1(
#38340
0"
0)
b10 >
b10 ?
1'
#38341
0'
#38346
b100 5
b10010000 4
0!
08
1"
1)
0#
0(
#38352
0"
0)
b11 >
1'
#38353
1#
1(
0'
#38358
b11 5
b100000 4
1!
18
1"
1)
#38360
0#
0(
#38364
0"
0)
b100 >
b1010 ?
1'
#38365
0'
#38367
1#
1(
#38370
b10 5
b1000000 4
0!
08
1"
1)
#38374
0#
0(
#38376
0"
0)
b101 >
1'
#38377
0'
#38381
1#
1(
#38382
b1 5
b10000000 4
1"
1)
#38388
0"
0)
0#
0(
b110 >
1'
#38389
0'
#38394
b0 5
b0 4
1!
18
1"
1)
#38395
1#
1(
#38399
b0 9
b1001 ;
#38400
0"
0)
b111 >
b1001010 ?
1'
#38401
0'
#38402
0#
0(
#38406
b0 7
b111 5
0!
08
1"
1)
#38409
1#
1(
#38412
0"
0)
b1000 >
1'
#38413
0'
#38416
0#
0(
#38418
1!
18
b1010010 4
1*
16
1"
1)
#38423
1#
1(
#38424
0"
0)
b10000 =
1$
1'
#38425
0$
0'
#38430
1"
1)
0#
0(
#38436
0"
0)
#38437
1#
1(
#38442
1"
1)
#38444
0#
0(
#38448
0"
0)
#38451
1#
1(
#38454
1"
1)
#38458
0#
0(
#38460
0"
0)
#38465
1#
1(
#38466
1"
1)
#38472
0"
0)
0#
0(
#38478
1"
1)
#38479
1#
1(
#38484
0"
0)
#38486
0#
0(
#38490
1"
1)
#38493
1#
1(
#38496
0"
0)
#38500
0#
0(
#38502
1"
1)
#38507
1#
1(
#38508
0"
0)
#38514
1"
1)
0#
0(
#38520
0"
0)
#38521
1#
1(
#38526
1"
1)
#38528
0#
0(
#38532
0"
0)
#38535
1#
1(
#38538
1"
1)
#38542
0#
0(
#38544
0"
0)
#38549
1#
1(
#38550
1"
1)
#38556
0"
0)
0#
0(
#38562
1"
1)
#38563
1#
1(
#38568
0"
0)
#38570
0#
0(
#38574
1"
1)
#38577
1#
1(
#38580
0"
0)
#38584
0#
0(
#38586
1"
1)
#38591
1#
1(
#38592
0"
0)
#38598
1"
1)
0#
0(
#38604
0"
0)
#38605
1#
1(
#38610
1"
1)
#38612
0#
0(
#38616
0"
0)
#38619
1#
1(
#38622
1"
1)
#38626
0#
0(
b1010 ;
#38628
0"
0)
#38633
1#
1(
#38634
1"
1)
#38640
0"
0)
0#
0(
#38646
1"
1)
#38647
1#
1(
#38652
0"
0)
#38654
0#
0(
#38658
1"
1)
#38661
1#
1(
#38664
0"
0)
#38668
0#
0(
#38670
1"
1)
#38675
1#
1(
#38676
0"
0)
#38682
1"
1)
0#
0(
#38688
0"
0)
#38689
1#
1(
#38694
1"
1)
#38696
0#
0(
#38700
0"
0)
#38703
1#
1(
#38706
1"
1)
#38710
0#
0(
#38712
0"
0)
#38717
1#
1(
#38718
1"
1)
#38724
0"
0)
0#
0(
#38730
1"
1)
#38731
1#
1(
#38736
0"
0)
#38738
0#
0(
#38742
1"
1)
#38745
1#
1(
#38748
0"
0)
#38752
0#
0(
#38754
1"
1)
#38759
1#
1(
#38760
0"
0)
#38766
1"
1)
0#
0(
#38772
0"
0)
#38773
1#
1(
#38778
1"
1)
#38780
0#
0(
#38784
0"
0)
#38787
1#
1(
#38790
1"
1)
#38794
0#
0(
#38796
0"
0)
#38801
1#
1(
#38802
1"
1)
#38808
0"
0)
0#
0(
#38814
1"
1)
#38815
1#
1(
#38820
0"
0)
#38822
0#
0(
#38826
1"
1)
#38829
1#
1(
#38832
0"
0)
#38836
0#
0(
#38838
1"
1)
#38843
1#
1(
#38844
0"
0)
#38850
1"
1)
0#
0(
#38856
0"
0)
#38857
1#
1(
#38862
1"
1)
#38864
0#
0(
#38868
0"
0)
#38871
1#
1(
#38874
1"
1)
#38878
0#
0(
#38880
0"
0)
#38885
1#
1(
#38886
1"
1)
#38892
0"
0)
0#
0(
#38898
1"
1)
#38899
1#
1(
#38904
0"
0)
#38906
0#
0(
#38910
1"
1)
#38913
1#
1(
#38916
0"
0)
#38920
0#
0(
#38922
1"
1)
#38927
1#
1(
#38928
0"
0)
#38934
1"
1)
0#
0(
#38940
0"
0)
#38941
1#
1(
#38946
1"
1)
#38948
0#
0(
#38952
0"
0)
#38955
1#
1(
#38958
1"
1)
#38962
0#
0(
#38964
0"
0)
#38969
1#
1(
#38970
1"
1)
#38976
0"
0)
0#
0(
#38982
1"
1)
#38983
1#
1(
#38988
0"
0)
#38990
0#
0(
#38994
1"
1)
#38997
1#
1(
#39000
0"
0)
#39004
0#
0(
#39006
1"
1)
#39011
1#
1(
#39012
0"
0)
#39018
1"
1)
0#
0(
#39024
0"
0)
#39025
1#
1(
#39030
1"
1)
#39032
0#
0(
#39036
0"
0)
#39039
1#
1(
#39042
1"
1)
#39046
0#
0(
#39048
0"
0)
#39053
1#
1(
#39054
1"
1)
#39060
0"
0)
0#
0(
#39066
1"
1)
#39067
1#
1(
#39072
0"
0)
#39074
0#
0(
#39078
1"
1)
#39081
1#
1(
#39084
0"
0)
#39088
0#
0(
#39090
1"
1)
#39095
1#
1(
#39096
0"
0)
#39102
1"
1)
0#
0(
#39108
0"
0)
#39109
1#
1(
#39114
1"
1)
#39116
0#
0(
#39120
0"
0)
#39123
1#
1(
#39126
1"
1)
#39130
0#
0(
#39132
0"
0)
#39137
1#
1(
#39138
1"
1)
#39144
0"
0)
0#
0(
#39150
1"
1)
#39151
1#
1(
#39156
0"
0)
#39158
0#
0(
#39162
1"
1)
#39165
1#
1(
#39168
0"
0)
#39172
0#
0(
#39174
1"
1)
#39179
1#
1(
#39180
0"
0)
#39186
1"
1)
0#
0(
#39192
0"
0)
#39193
1#
1(
#39198
1"
1)
#39200
0#
0(
#39204
0"
0)
#39207
1#
1(
#39210
1"
1)
#39214
0#
0(
#39216
0"
0)
#39221
1#
1(
#39222
1"
1)
#39228
0"
0)
0#
0(
#39234
1"
1)
#39235
1#
1(
#39240
0"
0)
#39242
0#
0(
#39246
1"
1)
#39249
1#
1(
#39252
0"
0)
#39256
0#
0(
#39258
1"
1)
#39263
1#
1(
#39264
0"
0)
#39270
1"
1)
0#
0(
#39276
0"
0)
#39277
1#
1(
#39282
1"
1)
#39284
0#
0(
#39288
0"
0)
#39291
1#
1(
#39294
1"
1)
#39298
0#
0(
#39300
0"
0)
#39305
1#
1(
#39306
1"
1)
#39312
0"
0)
0#
0(
#39318
1"
1)
#39319
1#
1(
#39324
0"
0)
#39326
0#
0(
#39330
1"
1)
#39333
1#
1(
#39336
0"
0)
#39340
0#
0(
#39342
1"
1)
#39347
1#
1(
#39348
0"
0)
#39354
1"
1)
0#
0(
#39360
0"
0)
#39361
1#
1(
#39366
1"
1)
#39368
0#
0(
#39372
0"
0)
#39375
1#
1(
#39378
1"
1)
#39382
0#
0(
#39384
0"
0)
#39389
1#
1(
#39390
1"
1)
#39396
0"
0)
0#
0(
#39402
1"
1)
#39403
1#
1(
#39408
0"
0)
#39410
0#
0(
#39414
1"
1)
#39417
1#
1(
#39420
0"
0)
#39424
0#
0(
#39426
1"
1)
#39431
1#
1(
#39432
0"
0)
#39438
1"
1)
0#
0(
#39444
0"
0)
#39445
1#
1(
#39450
1"
1)
#39452
0#
0(
#39456
0"
0)
#39459
1#
1(
#39462
1"
1)
#39466
0#
0(
#39468
0"
0)
#39473
1#
1(
#39474
1"
1)
#39480
0"
0)
0#
0(
#39486
1"
1)
#39487
1#
1(
#39492
0"
0)
#39494
0#
0(
#39498
1"
1)
#39501
1#
1(
#39504
0"
0)
#39508
0#
0(
#39510
1"
1)
#39515
1#
1(
#39516
0"
0)
#39522
1"
1)
0#
0(
#39528
0"
0)
#39529
1#
1(
#39534
1"
1)
#39536
0#
0(
#39540
0"
0)
#39543
1#
1(
#39546
1"
1)
#39550
0#
0(
#39552
0"
0)
#39557
1#
1(
#39558
1"
1)
#39564
0"
0)
0#
0(
#39570
1"
1)
#39571
1#
1(
#39576
0"
0)
#39578
0#
0(
#39582
1"
1)
#39585
1#
1(
#39588
0"
0)
#39592
0#
0(
#39594
1"
1)
#39599
1#
1(
#39600
0"
0)
#39606
1"
1)
0#
0(
#39612
0"
0)
#39613
1#
1(
#39618
1"
1)
#39620
0#
0(
#39624
0"
0)
#39627
1#
1(
#39630
1"
1)
#39634
0#
0(
#39636
0"
0)
#39641
1#
1(
#39642
1"
1)
#39648
0"
0)
0#
0(
#39654
1"
1)
#39655
1#
1(
#39660
0"
0)
#39662
0#
0(
#39666
1"
1)
#39669
1#
1(
#39672
0"
0)
#39676
0#
0(
#39678
1"
1)
#39683
1#
1(
#39684
0"
0)
#39690
1"
1)
0#
0(
#39696
0"
0)
#39697
1#
1(
#39702
1"
1)
#39704
0#
0(
#39708
0"
0)
#39711
1#
1(
#39714
1"
1)
#39718
0#
0(
#39720
0"
0)
#39725
1#
1(
#39726
1"
1)
#39732
0"
0)
0#
0(
#39738
1"
1)
#39739
1#
1(
#39744
0"
0)
#39746
0#
0(
#39750
1"
1)
#39753
1#
1(
#39756
0"
0)
#39760
0#
0(
#39762
1"
1)
#39767
1#
1(
#39768
0"
0)
#39774
1"
1)
0#
0(
#39780
0"
0)
#39781
1#
1(
#39786
1"
1)
#39788
0#
0(
#39792
0"
0)
#39795
1#
1(
#39798
1"
1)
#39802
0#
0(
#39804
0"
0)
#39809
1#
1(
#39810
1"
1)
#39816
0"
0)
0#
0(
#39822
1"
1)
#39823
1#
1(
#39828
0"
0)
#39830
0#
0(
#39834
1"
1)
#39837
1#
1(
#39840
0"
0)
#39844
0#
0(
#39846
1"
1)
#39851
1#
1(
#39852
0"
0)
#39858
1"
1)
0#
0(
#39864
0"
0)
#39865
1#
1(
#39870
1"
1)
#39872
0#
0(
#39876
0"
0)
#39879
1#
1(
#39882
1"
1)
#39886
0#
0(
#39888
0"
0)
#39893
1#
1(
#39894
1"
1)
#39900
0"
0)
0#
0(
#39906
1"
1)
#39907
1#
1(
#39912
0"
0)
#39914
0#
0(
#39918
1"
1)
#39921
1#
1(
#39924
0"
0)
#39928
0#
0(
#39930
1"
1)
#39935
1#
1(
#39936
0"
0)
#39942
1"
1)
0#
0(
#39948
0"
0)
#39949
1#
1(
#39954
1"
1)
#39956
0#
0(
#39960
0"
0)
#39963
1#
1(
#39966
1"
1)
#39970
0#
0(
#39972
0"
0)
#39977
1#
1(
#39978
1"
1)
#39984
0"
0)
0#
0(
#39990
1"
1)
#39991
1#
1(
#39996
0"
0)
#39998
0#
0(
#40002
1"
1)
#40005
1#
1(
#40008
0"
0)
#40012
0#
0(
#40014
1"
1)
#40019
1#
1(
#40020
0"
0)
#40026
1"
1)
0#
0(
#40032
0"
0)
#40033
1#
1(
#40038
1"
1)
#40040
0#
0(
#40044
0"
0)
#40047
1#
1(
#40050
1"
1)
#40054
0#
0(
#40056
0"
0)
#40061
1#
1(
#40062
1"
1)
#40068
0"
0)
0#
0(
#40074
1"
1)
#40075
1#
1(
#40080
0"
0)
#40082
0#
0(
#40086
1"
1)
#40089
1#
1(
#40092
0"
0)
#40096
0#
0(
#40098
1"
1)
#40103
1#
1(
#40104
0"
0)
#40110
1"
1)
0#
0(
#40116
0"
0)
#40117
1#
1(
#40122
1"
1)
#40124
0#
0(
#40128
0"
0)
#40131
1#
1(
#40134
1"
1)
#40138
0#
0(
#40140
0"
0)
#40145
1#
1(
#40146
1"
1)
#40152
0"
0)
0#
0(
#40158
1"
1)
#40159
1#
1(
#40164
0"
0)
#40166
0#
0(
#40170
1"
1)
#40173
1#
1(
#40176
0"
0)
#40180
0#
0(
#40182
1"
1)
#40187
1#
1(
#40188
0"
0)
#40194
1"
1)
0#
0(
#40200
0"
0)
#40201
1#
1(
#40206
1"
1)
#40208
0#
0(
#40212
0"
0)
#40215
1#
1(
#40218
1"
1)
#40222
0#
0(
#40224
0"
0)
#40229
1#
1(
#40230
1"
1)
#40236
0"
0)
0#
0(
#40242
1"
1)
#40243
1#
1(
#40248
0"
0)
#40250
0#
0(
#40254
1"
1)
#40257
1#
1(
#40260
0"
0)
#40264
0#
0(
#40266
1"
1)
#40271
1#
1(
#40272
0"
0)
#40278
1"
1)
0#
0(
#40284
0"
0)
#40285
1#
1(
#40290
1"
1)
#40292
0#
0(
#40296
0"
0)
#40299
1#
1(
#40302
1"
1)
#40306
0#
0(
#40308
0"
0)
#40313
1#
1(
#40314
1"
1)
#40320
0"
0)
0#
0(
#40326
1"
1)
#40327
1#
1(
#40332
0"
0)
#40334
0#
0(
#40338
1"
1)
#40341
1#
1(
#40344
0"
0)
#40348
0#
0(
#40350
1"
1)
#40355
1#
1(
#40356
0"
0)
#40362
1"
1)
0#
0(
#40368
0"
0)
#40369
1#
1(
#40374
1"
1)
#40376
0#
0(
#40380
0"
0)
#40383
1#
1(
#40386
1"
1)
#40390
0#
0(
#40392
0"
0)
#40397
1#
1(
#40398
1"
1)
#40404
0"
0)
0#
0(
#40410
1"
1)
#40411
1#
1(
#40416
0"
0)
#40418
0#
0(
#40422
1"
1)
#40425
1#
1(
#40428
0"
0)
#40432
0#
0(
#40434
1"
1)
#40439
1#
1(
#40440
0"
0)
#40446
1"
1)
0#
0(
#40452
0"
0)
#40453
1#
1(
#40458
1"
1)
#40460
0#
0(
#40464
0"
0)
#40467
1#
1(
#40470
1"
1)
#40474
0#
0(
#40476
0"
0)
#40481
1#
1(
#40482
1"
1)
#40488
0"
0)
0#
0(
#40494
1"
1)
#40495
1#
1(
#40500
0"
0)
#40502
0#
0(
#40506
1"
1)
#40509
1#
1(
#40512
0"
0)
#40516
0#
0(
#40518
1"
1)
#40523
1#
1(
#40524
0"
0)
#40530
1"
1)
0#
0(
#40536
0"
0)
#40537
1#
1(
#40542
1"
1)
#40544
0#
0(
#40548
0"
0)
#40551
1#
1(
#40554
1"
1)
#40558
0#
0(
#40560
0"
0)
#40565
1#
1(
#40566
1"
1)
#40572
0"
0)
0#
0(
#40578
1"
1)
#40579
1#
1(
#40584
0"
0)
#40586
0#
0(
#40590
1"
1)
#40593
1#
1(
#40596
0"
0)
#40600
0#
0(
#40602
1"
1)
#40607
1#
1(
#40608
0"
0)
#40614
1"
1)
0#
0(
#40620
0"
0)
#40621
1#
1(
#40626
1"
1)
#40628
0#
0(
#40632
0"
0)
#40635
1#
1(
#40638
1"
1)
#40642
0#
0(
#40644
0"
0)
#40649
1#
1(
#40650
1"
1)
#40656
0"
0)
0#
0(
#40662
1"
1)
#40663
1#
1(
#40668
0"
0)
#40670
0#
0(
#40674
1"
1)
#40677
1#
1(
#40680
0"
0)
#40684
0#
0(
#40686
1"
1)
#40691
1#
1(
#40692
0"
0)
#40698
1"
1)
0#
0(
#40704
0"
0)
#40705
1#
1(
#40710
1"
1)
#40712
0#
0(
#40716
0"
0)
#40719
1#
1(
#40722
1"
1)
#40726
0#
0(
#40728
0"
0)
#40733
1#
1(
#40734
1"
1)
#40740
0"
0)
0#
0(
#40746
1"
1)
#40747
1#
1(
#40752
0"
0)
#40754
0#
0(
#40758
1"
1)
#40761
1#
1(
#40764
0"
0)
#40768
0#
0(
#40770
1"
1)
#40775
1#
1(
#40776
0"
0)
#40782
1"
1)
0#
0(
#40788
0"
0)
#40789
1#
1(
#40794
1"
1)
#40796
0#
0(
#40800
0"
0)
#40803
1#
1(
#40806
1"
1)
#40810
0#
0(
#40812
0"
0)
#40817
1#
1(
#40818
1"
1)
#40824
0"
0)
0#
0(
#40830
1"
1)
#40831
1#
1(
#40836
0"
0)
#40838
0#
0(
#40842
1"
1)
#40845
1#
1(
#40848
0"
0)
#40852
0#
0(
#40854
1"
1)
#40859
1#
1(
#40860
0"
0)
#40866
1"
1)
0#
0(
#40872
0"
0)
#40873
1#
1(
#40878
1"
1)
#40880
0#
0(
#40884
0"
0)
#40887
1#
1(
#40890
1"
1)
#40894
0#
0(
#40896
0"
0)
#40898
0&
b0 ;
b110100110 9
b1001 :
#40901
b1 2
1#
1(
#40902
1"
1)
#40908
0"
0)
0#
0(
#40914
1"
1)
#40915
b1110 0
1#
1(
#40920
0"
0)
#40922
0#
0(
#40926
1"
1)
#40929
b1101 0
1#
1(
#40932
0"
0)
#40936
0#
0(
#40938
1"
1)
#40943
b1100 0
1#
1(
#40944
0"
0)
#40950
1"
1)
0#
0(
#40956
0"
0)
#40957
b1011 0
1#
1(
#40962
1"
1)
#40964
0#
0(
#40968
0"
0)
#40971
b1010 0
1#
1(
#40974
1"
1)
#40978
0#
0(
#40980
0"
0)
#40985
b1001 0
1#
1(
#40986
1"
1)
#40992
0"
0)
0#
0(
#40998
1"
1)
#40999
b1000 0
1#
1(
#41004
0"
0)
#41006
0#
0(
#41010
1"
1)
#41013
b111 0
1#
1(
#41016
0"
0)
#41020
0#
0(
#41022
1"
1)
#41027
b110 0
1#
1(
#41028
0"
0)
#41034
1"
1)
0#
0(
#41040
0"
0)
#41041
b101 0
1#
1(
#41046
1"
1)
#41048
0#
0(
#41052
0"
0)
#41055
b100 0
1#
1(
#41058
1"
1)
#41062
0#
0(
#41064
0"
0)
#41069
b11 0
1#
1(
#41070
1"
1)
#41076
0"
0)
0#
0(
#41082
1"
1)
#41083
b10 0
1#
1(
#41088
0"
0)
#41090
0#
0(
#41094
1"
1)
#41097
b1 0
1#
1(
#41100
0"
0)
#41104
0#
0(
#41106
1"
1)
#41111
b0 0
1#
1(
#41112
0"
0)
#41118
1"
1)
0#
0(
#41124
0"
0)
#41125
b10 2
b1111 0
1#
1(
b11010011 9
b1 ;
#41130
1"
1)
#41132
0#
0(
#41136
0"
0)
#41139
b1 2
b110 /
b10100100 ,
b10100100 -
b10100100 3
b10100100 .
1#
1(
#41142
b10100100 4
1"
1)
#41146
0#
0(
#41148
0"
0)
#41153
b1110 0
1#
1(
#41154
1"
1)
#41160
0"
0)
0#
0(
#41166
1"
1)
#41167
b1101 0
1#
1(
#41172
0"
0)
#41174
0#
0(
#41178
1"
1)
#41181
b1100 0
1#
1(
#41184
0"
0)
#41188
0#
0(
#41190
1"
1)
#41195
b1011 0
1#
1(
#41196
0"
0)
#41202
1"
1)
0#
0(
#41208
0"
0)
#41209
b1010 0
1#
1(
#41214
1"
1)
#41216
0#
0(
#41220
0"
0)
#41223
b1001 0
1#
1(
#41226
1"
1)
#41230
0#
0(
#41232
0"
0)
#41237
b1000 0
1#
1(
#41238
1"
1)
#41244
0"
0)
0#
0(
#41250
1"
1)
#41251
b111 0
1#
1(
#41256
0"
0)
#41258
0#
0(
#41262
1"
1)
#41265
b110 0
1#
1(
#41268
0"
0)
#41272
0#
0(
#41274
1"
1)
#41279
b101 0
1#
1(
#41280
0"
0)
#41286
1"
1)
0#
0(
#41292
0"
0)
#41293
b100 0
1#
1(
#41298
1"
1)
#41300
0#
0(
#41304
0"
0)
#41307
b11 0
1#
1(
#41310
1"
1)
#41314
0#
0(
#41316
0"
0)
#41321
b10 0
1#
1(
#41322
1"
1)
#41328
0"
0)
0#
0(
#41334
1"
1)
#41335
b1 0
1#
1(
#41340
0"
0)
#41342
0#
0(
#41346
1"
1)
#41349
b0 0
1#
1(
#41352
0"
0)
b1101001 9
1&
b10 ;
#41356
0#
0(
#41358
1"
1)
#41363
b10 2
b10100101 ,
b10100101 -
b10100101 3
b10100101 .
b1111 0
1#
1(
#41364
0"
0)
#41370
b10100101 4
1"
1)
0#
0(
#41376
0"
0)
#41377
b1 2
b101 /
b1001010 ,
b1001010 -
b1001010 3
b1001010 .
1#
1(
#41382
b1001010 4
1"
1)
#41384
0#
0(
#41388
0"
0)
#41391
b1001011 ,
b1001011 -
b1001011 3
b1001011 .
b1110 0
1#
1(
#41394
b1001011 4
1"
1)
#41398
0#
0(
#41400
0"
0)
#41405
b1101 0
1#
1(
#41406
1"
1)
#41412
0"
0)
0#
0(
#41418
1"
1)
#41419
b1100 0
1#
1(
#41424
0"
0)
#41426
0#
0(
#41430
1"
1)
#41433
b1011 0
1#
1(
#41436
0"
0)
#41440
0#
0(
#41442
1"
1)
#41447
b1010 0
1#
1(
#41448
0"
0)
#41454
1"
1)
0#
0(
#41460
0"
0)
#41461
b1001 0
1#
1(
#41466
1"
1)
#41468
0#
0(
#41472
0"
0)
#41475
b1000 0
1#
1(
#41478
1"
1)
#41482
0#
0(
#41484
0"
0)
#41489
b111 0
1#
1(
#41490
1"
1)
#41496
0"
0)
0#
0(
#41502
1"
1)
#41503
b110 0
1#
1(
#41508
0"
0)
#41510
0#
0(
#41514
1"
1)
#41517
b101 0
1#
1(
#41520
0"
0)
#41524
0#
0(
#41526
1"
1)
#41531
b100 0
1#
1(
#41532
0"
0)
#41538
1"
1)
0#
0(
#41544
0"
0)
#41545
b11 0
1#
1(
#41550
1"
1)
#41552
0#
0(
#41556
0"
0)
#41559
b10 0
1#
1(
#41562
1"
1)
#41566
0#
0(
#41568
0"
0)
#41573
b1 0
1#
1(
#41574
1"
1)
#41579
b110100 9
b11 ;
#41580
0"
0)
0#
0(
#41586
1"
1)
#41587
b0 0
1#
1(
#41592
0"
0)
#41594
0#
0(
#41598
1"
1)
#41601
b10 2
b1111 0
1#
1(
#41604
0"
0)
#41608
0#
0(
#41610
1"
1)
#41615
b1 2
b100 /
b10010110 ,
b10010110 -
b10010110 3
b10010110 .
1#
1(
#41616
0"
0)
#41622
b10010110 4
1"
1)
0#
0(
#41628
0"
0)
#41629
b10010111 ,
b10010111 -
b10010111 3
b10010111 .
b1110 0
1#
1(
#41634
b10010111 4
1"
1)
#41636
0#
0(
#41640
0"
0)
#41643
b1101 0
1#
1(
#41646
1"
1)
#41650
0#
0(
#41652
0"
0)
#41657
b1100 0
1#
1(
#41658
1"
1)
#41664
0"
0)
0#
0(
#41670
1"
1)
#41671
b1011 0
1#
1(
#41676
0"
0)
#41678
0#
0(
#41682
1"
1)
#41685
b1010 0
1#
1(
#41688
0"
0)
#41692
0#
0(
#41694
1"
1)
#41699
b1001 0
1#
1(
#41700
0"
0)
#41706
1"
1)
0#
0(
#41712
0"
0)
#41713
b1000 0
1#
1(
#41718
1"
1)
#41720
0#
0(
#41724
0"
0)
#41727
b111 0
1#
1(
#41730
1"
1)
#41734
0#
0(
#41736
0"
0)
#41741
b110 0
1#
1(
#41742
1"
1)
#41748
0"
0)
0#
0(
#41754
1"
1)
#41755
b101 0
1#
1(
#41760
0"
0)
#41762
0#
0(
#41766
1"
1)
#41769
b100 0
1#
1(
#41772
0"
0)
#41776
0#
0(
#41778
1"
1)
#41783
b11 0
1#
1(
#41784
0"
0)
#41790
1"
1)
0#
0(
#41796
0"
0)
#41797
b10 0
1#
1(
#41802
1"
1)
#41804
0#
0(
#41806
b11010 9
0&
b100 ;
#41808
0"
0)
#41811
b10010110 ,
b10010110 -
b10010110 3
b10010110 .
b1 0
1#
1(
#41814
b10010110 4
1"
1)
#41818
0#
0(
#41820
0"
0)
#41825
b0 0
1#
1(
#41826
1"
1)
#41832
0"
0)
0#
0(
#41838
1"
1)
#41839
b10 2
b1111 0
1#
1(
#41844
0"
0)
#41846
0#
0(
#41850
1"
1)
#41853
b1 2
b11 /
b101100 ,
b101100 -
b101100 3
b101100 .
1#
1(
#41856
0"
0)
#41860
0#
0(
#41862
b101100 4
1"
1)
#41867
b1110 0
1#
1(
#41868
0"
0)
#41874
1"
1)
0#
0(
#41880
0"
0)
#41881
b1101 0
1#
1(
#41886
1"
1)
#41888
0#
0(
#41892
0"
0)
#41895
b1100 0
1#
1(
#41898
1"
1)
#41902
0#
0(
#41904
0"
0)
#41909
b1011 0
1#
1(
#41910
1"
1)
#41916
0"
0)
0#
0(
#41922
1"
1)
#41923
b1010 0
1#
1(
#41928
0"
0)
#41930
0#
0(
#41934
1"
1)
#41937
b1001 0
1#
1(
#41940
0"
0)
#41944
0#
0(
#41946
1"
1)
#41951
b1000 0
1#
1(
#41952
0"
0)
#41958
1"
1)
0#
0(
#41964
0"
0)
#41965
b111 0
1#
1(
#41970
1"
1)
#41972
0#
0(
#41976
0"
0)
#41979
b110 0
1#
1(
#41982
1"
1)
#41986
0#
0(
#41988
0"
0)
#41993
b101 0
1#
1(
#41994
1"
1)
#42000
0"
0)
0#
0(
#42006
1"
1)
#42007
b100 0
1#
1(
#42012
0"
0)
#42014
0#
0(
#42018
1"
1)
#42021
b11 0
1#
1(
#42024
0"
0)
#42028
0#
0(
#42030
1"
1)
#42033
b1101 9
b101 ;
#42035
b10 0
1#
1(
#42036
0"
0)
#42042
1"
1)
0#
0(
#42048
0"
0)
#42049
b1 0
1#
1(
#42054
1"
1)
#42056
0#
0(
#42060
0"
0)
#42063
b0 0
1#
1(
#42066
1"
1)
#42070
0#
0(
#42072
0"
0)
#42077
b10 2
b1111 0
1#
1(
#42078
1"
1)
#42084
0"
0)
0#
0(
#42090
1"
1)
#42091
b1 2
b10 /
b1011000 ,
b1011000 -
b1011000 3
b1011000 .
1#
1(
#42096
0"
0)
#42098
0#
0(
#42102
b1011000 4
1"
1)
#42105
b1110 0
1#
1(
#42108
0"
0)
#42112
0#
0(
#42114
1"
1)
#42119
b1101 0
1#
1(
#42120
0"
0)
#42126
1"
1)
0#
0(
#42132
0"
0)
#42133
b1100 0
1#
1(
#42138
1"
1)
#42140
0#
0(
#42144
0"
0)
#42147
b1011 0
1#
1(
#42150
1"
1)
#42154
0#
0(
#42156
0"
0)
#42161
b1010 0
1#
1(
#42162
1"
1)
#42168
0"
0)
0#
0(
#42174
1"
1)
#42175
b1001 0
1#
1(
#42180
0"
0)
#42182
0#
0(
#42186
1"
1)
#42189
b1000 0
1#
1(
#42192
0"
0)
#42196
0#
0(
#42198
1"
1)
#42203
b111 0
1#
1(
#42204
0"
0)
#42210
1"
1)
0#
0(
#42216
0"
0)
#42217
b110 0
1#
1(
#42222
1"
1)
#42224
0#
0(
#42228
0"
0)
#42231
b101 0
1#
1(
#42234
1"
1)
#42238
0#
0(
#42240
0"
0)
#42245
b100 0
1#
1(
#42246
1"
1)
#42252
0"
0)
0#
0(
#42258
1"
1)
#42259
b11 0
1#
1(
#42260
b110 9
1&
b110 ;
#42264
0"
0)
#42266
0#
0(
#42270
1"
1)
#42273
b1011001 ,
b1011001 -
b1011001 3
b1011001 .
b10 0
1#
1(
#42276
0"
0)
#42280
0#
0(
#42282
b1011001 4
1"
1)
#42287
b1 0
1#
1(
#42288
0"
0)
#42294
1"
1)
0#
0(
#42300
0"
0)
#42301
b0 0
1#
1(
#42306
1"
1)
#42308
0#
0(
#42312
0"
0)
#42315
b10 2
b1111 0
1#
1(
#42318
1"
1)
#42322
0#
0(
#42324
0"
0)
#42329
b1 2
b1 /
b10110010 ,
b10110010 -
b10110010 3
b10110010 .
1#
1(
#42330
b10110010 4
1"
1)
#42336
0"
0)
0#
0(
#42342
1"
1)
#42343
b10110011 ,
b10110011 -
b10110011 3
b10110011 .
b1110 0
1#
1(
#42348
0"
0)
#42350
0#
0(
#42354
b10110011 4
1"
1)
#42357
b1101 0
1#
1(
#42360
0"
0)
#42364
0#
0(
#42366
1"
1)
#42371
b1100 0
1#
1(
#42372
0"
0)
#42378
1"
1)
0#
0(
#42384
0"
0)
#42385
b1011 0
1#
1(
#42390
1"
1)
#42392
0#
0(
#42396
0"
0)
#42399
b1010 0
1#
1(
#42402
1"
1)
#42406
0#
0(
#42408
0"
0)
#42413
b1001 0
1#
1(
#42414
1"
1)
#42420
0"
0)
0#
0(
#42426
1"
1)
#42427
b1000 0
1#
1(
#42432
0"
0)
#42434
0#
0(
#42438
1"
1)
#42441
b111 0
1#
1(
#42444
0"
0)
#42448
0#
0(
#42450
1"
1)
#42455
b110 0
1#
1(
#42456
0"
0)
#42462
1"
1)
0#
0(
#42468
0"
0)
#42469
b101 0
1#
1(
#42474
1"
1)
#42476
0#
0(
#42480
0"
0)
#42483
b100 0
1#
1(
#42486
1"
1)
#42487
b11 9
0&
b111 ;
#42490
0#
0(
#42492
0"
0)
#42497
b10110010 ,
b10110010 -
b10110010 3
b10110010 .
b11 0
1#
1(
#42498
b10110010 4
1"
1)
#42504
0"
0)
0#
0(
#42510
1"
1)
#42511
b10 0
1#
1(
#42516
0"
0)
#42518
0#
0(
#42522
1"
1)
#42525
b1 0
1#
1(
#42528
0"
0)
#42532
0#
0(
#42534
1"
1)
#42539
b0 0
1#
1(
#42540
0"
0)
#42546
1"
1)
0#
0(
#42552
0"
0)
#42553
b10 2
b1111 0
1#
1(
#42558
1"
1)
#42560
0#
0(
#42564
0"
0)
#42567
b1 2
b0 /
b1100100 ,
b1100100 -
b1100100 3
b1100100 .
1#
1(
#42570
b1100100 4
1"
1)
#42574
0#
0(
#42576
0"
0)
#42581
b1110 0
1#
1(
#42582
1"
1)
#42588
0"
0)
0#
0(
#42594
1"
1)
#42595
b1101 0
1#
1(
#42600
0"
0)
#42602
0#
0(
#42606
1"
1)
#42609
b1100 0
1#
1(
#42612
0"
0)
#42616
0#
0(
#42618
1"
1)
#42623
b1011 0
1#
1(
#42624
0"
0)
#42630
1"
1)
0#
0(
#42636
0"
0)
#42637
b1010 0
1#
1(
#42642
1"
1)
#42644
0#
0(
#42648
0"
0)
#42651
b1001 0
1#
1(
#42654
1"
1)
#42658
0#
0(
#42660
0"
0)
#42665
b1000 0
1#
1(
#42666
1"
1)
#42672
0"
0)
0#
0(
#42678
1"
1)
#42679
b111 0
1#
1(
#42684
0"
0)
#42686
0#
0(
#42690
1"
1)
#42693
b110 0
1#
1(
#42696
0"
0)
#42700
0#
0(
#42702
1"
1)
#42707
b101 0
1#
1(
#42708
0"
0)
#42714
1"
1)
0#
0(
b1 9
1&
b1000 ;
#42720
0"
0)
#42721
b1100101 ,
b1100101 -
b1100101 3
b1100101 .
b100 0
1#
1(
#42726
b1100101 4
1"
1)
#42728
0#
0(
#42732
0"
0)
#42735
b11 0
1#
1(
#42738
1"
1)
#42742
0#
0(
#42744
0"
0)
#42749
b10 0
1#
1(
#42750
1"
1)
#42756
0"
0)
0#
0(
#42762
1"
1)
#42763
b1 0
1#
1(
#42768
0"
0)
#42770
0#
0(
#42774
1"
1)
#42777
b0 0
1#
1(
#42780
0"
0)
#42784
0#
0(
#42786
1"
1)
#42791
b10 2
b1111 0
1#
1(
#42792
0"
0)
#42798
1"
1)
0#
0(
#42804
0"
0)
#42805
b11 2
b111 /
b11001010 ,
b11001010 -
b11001010 3
b11001010 .
1#
1(
#42810
b11001010 4
1"
1)
#42812
0#
0(
#42816
0"
0)
#42819
b100 2
1#
1(
#42822
1"
1)
#42826
0#
0(
#42828
0"
0)
#42833
0+
01
1#
1(
#42834
b1 7
1"
1)
#42840
0"
0)
0#
0(
#42846
b10 7
0!
08
0*
06
1"
1)
#42847
b0 2
1#
1(
#42852
0"
0)
b0 >
b0 ?
b11101 <
1'
#42853
0'
#42854
0#
0(
#42858
b110 5
b10010100 4
1!
18
1"
1)
#42861
1+
11
1#
1(
#42864
0"
0)
b1 >
b1 ?
1'
#42865
0'
#42868
0#
0(
#42870
b101 5
b101000 4
1"
1)
#42875
1#
1(
#42876
0"
0)
b10 >
b11 ?
1'
#42877
0'
#42882
b100 5
b1010000 4
0!
08
1"
1)
0#
0(
#42888
0"
0)
b11 >
1'
#42889
1#
1(
0'
#42894
b11 5
b10100000 4
1"
1)
#42896
0#
0(
#42900
0"
0)
b100 >
1'
#42901
0'
#42903
1#
1(
#42906
b10 5
b1000000 4
1!
18
1"
1)
#42910
0#
0(
#42912
0"
0)
b101 >
b10011 ?
1'
#42913
0'
#42917
1#
1(
#42918
b1 5
b10000000 4
0!
08
1"
1)
#42924
0"
0)
0#
0(
b110 >
1'
#42925
0'
#42930
b0 5
b0 4
1!
18
1"
1)
#42931
1#
1(
#42936
0"
0)
b111 >
b1010011 ?
1'
#42937
0'
#42938
0#
0(
#42941
b0 9
b1001 ;
#42942
b0 7
b111 5
0!
08
1"
1)
#42945
1#
1(
#42948
0"
0)
b1000 >
1'
#42949
0'
#42952
0#
0(
#42954
1!
18
b11001010 4
1*
16
1"
1)
#42959
1#
1(
#42960
0"
0)
b10001 =
1$
1'
#42961
0$
0'
#42966
1"
1)
0#
0(
#42972
0"
0)
#42973
1#
1(
#42978
1"
1)
#42980
0#
0(
#42984
0"
0)
#42987
1#
1(
#42990
1"
1)
#42994
0#
0(
#42996
0"
0)
#43001
1#
1(
#43002
1"
1)
#43008
0"
0)
0#
0(
#43014
1"
1)
#43015
1#
1(
#43020
0"
0)
#43022
0#
0(
#43026
1"
1)
#43029
1#
1(
#43032
0"
0)
#43036
0#
0(
#43038
1"
1)
#43043
1#
1(
#43044
0"
0)
#43050
1"
1)
0#
0(
#43056
0"
0)
#43057
1#
1(
#43062
1"
1)
#43064
0#
0(
#43068
0"
0)
#43071
1#
1(
#43074
1"
1)
#43078
0#
0(
#43080
0"
0)
#43085
1#
1(
#43086
1"
1)
#43092
0"
0)
0#
0(
#43098
1"
1)
#43099
1#
1(
#43104
0"
0)
#43106
0#
0(
#43110
1"
1)
#43113
1#
1(
#43116
0"
0)
#43120
0#
0(
#43122
1"
1)
#43127
1#
1(
#43128
0"
0)
#43134
1"
1)
0#
0(
#43140
0"
0)
#43141
1#
1(
#43146
1"
1)
#43148
0#
0(
#43152
0"
0)
#43155
1#
1(
#43158
1"
1)
#43162
0#
0(
#43164
0"
0)
#43168
b1010 ;
#43169
1#
1(
#43170
1"
1)
#43176
0"
0)
0#
0(
#43182
1"
1)
#43183
1#
1(
#43188
0"
0)
#43190
0#
0(
#43194
1"
1)
#43197
1#
1(
#43200
0"
0)
#43204
0#
0(
#43206
1"
1)
#43211
1#
1(
#43212
0"
0)
#43218
1"
1)
0#
0(
#43224
0"
0)
#43225
1#
1(
#43230
1"
1)
#43232
0#
0(
#43236
0"
0)
#43239
1#
1(
#43242
1"
1)
#43246
0#
0(
#43248
0"
0)
#43253
1#
1(
#43254
1"
1)
#43260
0"
0)
0#
0(
#43266
1"
1)
#43267
1#
1(
#43272
0"
0)
#43274
0#
0(
#43278
1"
1)
#43281
1#
1(
#43284
0"
0)
#43288
0#
0(
#43290
1"
1)
#43295
1#
1(
#43296
0"
0)
#43302
1"
1)
0#
0(
#43308
0"
0)
#43309
1#
1(
#43314
1"
1)
#43316
0#
0(
#43320
0"
0)
#43323
1#
1(
#43326
1"
1)
#43330
0#
0(
#43332
0"
0)
#43337
1#
1(
#43338
1"
1)
#43344
0"
0)
0#
0(
#43350
1"
1)
#43351
1#
1(
#43356
0"
0)
#43358
0#
0(
#43362
1"
1)
#43365
1#
1(
#43368
0"
0)
#43372
0#
0(
#43374
1"
1)
#43379
1#
1(
#43380
0"
0)
#43386
1"
1)
0#
0(
#43392
0"
0)
#43393
1#
1(
#43398
1"
1)
#43400
0#
0(
#43404
0"
0)
#43407
1#
1(
#43410
1"
1)
#43414
0#
0(
#43416
0"
0)
#43421
1#
1(
#43422
1"
1)
#43428
0"
0)
0#
0(
#43434
1"
1)
#43435
1#
1(
#43440
0"
0)
#43442
0#
0(
#43446
1"
1)
#43449
1#
1(
#43452
0"
0)
#43456
0#
0(
#43458
1"
1)
#43463
1#
1(
#43464
0"
0)
#43470
1"
1)
0#
0(
#43476
0"
0)
#43477
1#
1(
#43482
1"
1)
#43484
0#
0(
#43488
0"
0)
#43491
1#
1(
#43494
1"
1)
#43498
0#
0(
#43500
0"
0)
#43505
1#
1(
#43506
1"
1)
#43512
0"
0)
0#
0(
#43518
1"
1)
#43519
1#
1(
#43524
0"
0)
#43526
0#
0(
#43530
1"
1)
#43533
1#
1(
#43536
0"
0)
#43540
0#
0(
#43542
1"
1)
#43547
1#
1(
#43548
0"
0)
#43554
1"
1)
0#
0(
#43560
0"
0)
#43561
1#
1(
#43566
1"
1)
#43568
0#
0(
#43572
0"
0)
#43575
1#
1(
#43578
1"
1)
#43582
0#
0(
#43584
0"
0)
#43589
1#
1(
#43590
1"
1)
#43596
0"
0)
0#
0(
#43602
1"
1)
#43603
1#
1(
#43608
0"
0)
#43610
0#
0(
#43614
1"
1)
#43617
1#
1(
#43620
0"
0)
#43624
0#
0(
#43626
1"
1)
#43631
1#
1(
#43632
0"
0)
#43638
1"
1)
0#
0(
#43644
0"
0)
#43645
1#
1(
#43650
1"
1)
#43652
0#
0(
#43656
0"
0)
#43659
1#
1(
#43662
1"
1)
#43666
0#
0(
#43668
0"
0)
#43673
1#
1(
#43674
1"
1)
#43680
0"
0)
0#
0(
#43686
1"
1)
#43687
1#
1(
#43692
0"
0)
#43694
0#
0(
#43698
1"
1)
#43701
1#
1(
#43704
0"
0)
#43708
0#
0(
#43710
1"
1)
#43715
1#
1(
#43716
0"
0)
#43722
1"
1)
0#
0(
#43728
0"
0)
#43729
1#
1(
#43734
1"
1)
#43736
0#
0(
#43740
0"
0)
#43743
1#
1(
#43746
1"
1)
#43750
0#
0(
#43752
0"
0)
#43757
1#
1(
#43758
1"
1)
#43764
0"
0)
0#
0(
#43770
1"
1)
#43771
1#
1(
#43776
0"
0)
#43778
0#
0(
#43782
1"
1)
#43785
1#
1(
#43788
0"
0)
#43792
0#
0(
#43794
1"
1)
#43799
1#
1(
#43800
0"
0)
#43806
1"
1)
0#
0(
#43812
0"
0)
#43813
1#
1(
#43818
1"
1)
#43820
0#
0(
#43824
0"
0)
#43827
1#
1(
#43830
1"
1)
#43834
0#
0(
#43836
0"
0)
#43841
1#
1(
#43842
1"
1)
#43848
0"
0)
0#
0(
#43854
1"
1)
#43855
1#
1(
#43860
0"
0)
#43862
0#
0(
#43866
1"
1)
#43869
1#
1(
#43872
0"
0)
#43876
0#
0(
#43878
1"
1)
#43883
1#
1(
#43884
0"
0)
#43890
1"
1)
0#
0(
#43896
0"
0)
#43897
1#
1(
#43902
1"
1)
#43904
0#
0(
#43908
0"
0)
#43911
1#
1(
#43914
1"
1)
#43918
0#
0(
#43920
0"
0)
#43925
1#
1(
#43926
1"
1)
#43932
0"
0)
0#
0(
#43938
1"
1)
#43939
1#
1(
#43944
0"
0)
#43946
0#
0(
#43950
1"
1)
#43953
1#
1(
#43956
0"
0)
#43960
0#
0(
#43962
1"
1)
#43967
1#
1(
#43968
0"
0)
#43974
1"
1)
0#
0(
#43980
0"
0)
#43981
1#
1(
#43986
1"
1)
#43988
0#
0(
#43992
0"
0)
#43995
1#
1(
#43998
1"
1)
#44002
0#
0(
#44004
0"
0)
#44009
1#
1(
#44010
1"
1)
#44016
0"
0)
0#
0(
#44022
1"
1)
#44023
1#
1(
#44028
0"
0)
#44030
0#
0(
#44034
1"
1)
#44037
1#
1(
#44040
0"
0)
#44044
0#
0(
#44046
1"
1)
#44051
1#
1(
#44052
0"
0)
#44058
1"
1)
0#
0(
#44064
0"
0)
#44065
1#
1(
#44070
1"
1)
#44072
0#
0(
#44076
0"
0)
#44079
1#
1(
#44082
1"
1)
#44086
0#
0(
#44088
0"
0)
#44093
1#
1(
#44094
1"
1)
#44100
0"
0)
0#
0(
#44106
1"
1)
#44107
1#
1(
#44112
0"
0)
#44114
0#
0(
#44118
1"
1)
#44121
1#
1(
#44124
0"
0)
#44128
0#
0(
#44130
1"
1)
#44135
1#
1(
#44136
0"
0)
#44142
1"
1)
0#
0(
#44148
0"
0)
#44149
1#
1(
#44154
1"
1)
#44156
0#
0(
#44160
0"
0)
#44163
1#
1(
#44166
1"
1)
#44170
0#
0(
#44172
0"
0)
#44177
1#
1(
#44178
1"
1)
#44184
0"
0)
0#
0(
#44190
1"
1)
#44191
1#
1(
#44196
0"
0)
#44198
0#
0(
#44202
1"
1)
#44205
1#
1(
#44208
0"
0)
#44212
0#
0(
#44214
1"
1)
#44219
1#
1(
#44220
0"
0)
#44226
1"
1)
0#
0(
#44232
0"
0)
#44233
1#
1(
#44238
1"
1)
#44240
0#
0(
#44244
0"
0)
#44247
1#
1(
#44250
1"
1)
#44254
0#
0(
#44256
0"
0)
#44261
1#
1(
#44262
1"
1)
#44268
0"
0)
0#
0(
#44274
1"
1)
#44275
1#
1(
#44280
0"
0)
#44282
0#
0(
#44286
1"
1)
#44289
1#
1(
#44292
0"
0)
#44296
0#
0(
#44298
1"
1)
#44303
1#
1(
#44304
0"
0)
#44310
1"
1)
0#
0(
#44316
0"
0)
#44317
1#
1(
#44322
1"
1)
#44324
0#
0(
#44328
0"
0)
#44331
1#
1(
#44334
1"
1)
#44338
0#
0(
#44340
0"
0)
#44345
1#
1(
#44346
1"
1)
#44352
0"
0)
0#
0(
#44358
1"
1)
#44359
1#
1(
#44364
0"
0)
#44366
0#
0(
#44370
1"
1)
#44373
1#
1(
#44376
0"
0)
#44380
0#
0(
#44382
1"
1)
#44387
1#
1(
#44388
0"
0)
#44394
1"
1)
0#
0(
#44400
0"
0)
#44401
1#
1(
#44406
1"
1)
#44408
0#
0(
#44412
0"
0)
#44415
1#
1(
#44418
1"
1)
#44422
0#
0(
#44424
0"
0)
#44429
1#
1(
#44430
1"
1)
#44436
0"
0)
0#
0(
#44442
1"
1)
#44443
1#
1(
#44448
0"
0)
#44450
0#
0(
#44454
1"
1)
#44457
1#
1(
#44460
0"
0)
#44464
0#
0(
#44466
1"
1)
#44471
1#
1(
#44472
0"
0)
#44478
1"
1)
0#
0(
#44484
0"
0)
#44485
1#
1(
#44490
1"
1)
#44492
0#
0(
#44496
0"
0)
#44499
1#
1(
#44502
1"
1)
#44506
0#
0(
#44508
0"
0)
#44513
1#
1(
#44514
1"
1)
#44520
0"
0)
0#
0(
#44526
1"
1)
#44527
1#
1(
#44532
0"
0)
#44534
0#
0(
#44538
1"
1)
#44541
1#
1(
#44544
0"
0)
#44548
0#
0(
#44550
1"
1)
#44555
1#
1(
#44556
0"
0)
#44562
1"
1)
0#
0(
#44568
0"
0)
#44569
1#
1(
#44574
1"
1)
#44576
0#
0(
#44580
0"
0)
#44583
1#
1(
#44586
1"
1)
#44590
0#
0(
#44592
0"
0)
#44597
1#
1(
#44598
1"
1)
#44604
0"
0)
0#
0(
#44610
1"
1)
#44611
1#
1(
#44616
0"
0)
#44618
0#
0(
#44622
1"
1)
#44625
1#
1(
#44628
0"
0)
#44632
0#
0(
#44634
1"
1)
#44639
1#
1(
#44640
0"
0)
#44646
1"
1)
0#
0(
#44652
0"
0)
#44653
1#
1(
#44658
1"
1)
#44660
0#
0(
#44664
0"
0)
#44667
1#
1(
#44670
1"
1)
#44674
0#
0(
#44676
0"
0)
#44681
1#
1(
#44682
1"
1)
#44688
0"
0)
0#
0(
#44694
1"
1)
#44695
1#
1(
#44700
0"
0)
#44702
0#
0(
#44706
1"
1)
#44709
1#
1(
#44712
0"
0)
#44716
0#
0(
#44718
1"
1)
#44723
1#
1(
#44724
0"
0)
#44730
1"
1)
0#
0(
#44736
0"
0)
#44737
1#
1(
#44742
1"
1)
#44744
0#
0(
#44748
0"
0)
#44751
1#
1(
#44754
1"
1)
#44758
0#
0(
#44760
0"
0)
#44765
1#
1(
#44766
1"
1)
#44772
0"
0)
0#
0(
#44778
1"
1)
#44779
1#
1(
#44784
0"
0)
#44786
0#
0(
#44790
1"
1)
#44793
1#
1(
#44796
0"
0)
#44800
0#
0(
#44802
1"
1)
#44807
1#
1(
#44808
0"
0)
#44814
1"
1)
0#
0(
#44820
0"
0)
#44821
1#
1(
#44826
1"
1)
#44828
0#
0(
#44832
0"
0)
#44835
1#
1(
#44838
1"
1)
#44842
0#
0(
#44844
0"
0)
#44849
1#
1(
#44850
1"
1)
#44856
0"
0)
0#
0(
#44862
1"
1)
#44863
1#
1(
#44868
0"
0)
#44870
0#
0(
#44874
1"
1)
#44877
1#
1(
#44880
0"
0)
#44884
0#
0(
#44886
1"
1)
#44891
1#
1(
#44892
0"
0)
#44898
1"
1)
0#
0(
#44904
0"
0)
#44905
1#
1(
#44910
1"
1)
#44912
0#
0(
#44916
0"
0)
#44919
1#
1(
#44922
1"
1)
#44926
0#
0(
#44928
0"
0)
#44933
1#
1(
#44934
1"
1)
#44940
0"
0)
0#
0(
#44946
1"
1)
#44947
1#
1(
#44952
0"
0)
#44954
0#
0(
#44958
1"
1)
#44961
1#
1(
#44964
0"
0)
#44968
0#
0(
#44970
1"
1)
#44975
1#
1(
#44976
0"
0)
#44982
1"
1)
0#
0(
#44988
0"
0)
#44989
1#
1(
#44994
1"
1)
#44996
0#
0(
#45000
0"
0)
#45003
1#
1(
#45006
1"
1)
#45010
0#
0(
#45012
0"
0)
#45017
1#
1(
#45018
1"
1)
#45024
0"
0)
0#
0(
#45030
1"
1)
#45031
1#
1(
#45036
0"
0)
#45038
0#
0(
#45042
1"
1)
#45045
1#
1(
#45048
0"
0)
#45052
0#
0(
#45054
1"
1)
#45059
1#
1(
#45060
0"
0)
#45066
1"
1)
0#
0(
#45072
0"
0)
#45073
1#
1(
#45078
1"
1)
#45080
0#
0(
#45084
0"
0)
#45087
1#
1(
#45090
1"
1)
#45094
0#
0(
#45096
0"
0)
#45101
1#
1(
#45102
1"
1)
#45108
0"
0)
0#
0(
#45114
1"
1)
#45115
1#
1(
#45120
0"
0)
#45122
0#
0(
#45126
1"
1)
#45129
1#
1(
#45132
0"
0)
#45136
0#
0(
#45138
1"
1)
#45143
1#
1(
#45144
0"
0)
#45150
1"
1)
0#
0(
#45156
0"
0)
#45157
1#
1(
#45162
1"
1)
#45164
0#
0(
#45168
0"
0)
#45171
1#
1(
#45174
1"
1)
#45178
0#
0(
#45180
0"
0)
#45185
1#
1(
#45186
1"
1)
#45192
0"
0)
0#
0(
#45198
1"
1)
#45199
1#
1(
#45204
0"
0)
#45206
0#
0(
#45210
1"
1)
#45213
1#
1(
#45216
0"
0)
#45220
0#
0(
#45222
1"
1)
#45227
1#
1(
#45228
0"
0)
#45234
1"
1)
0#
0(
#45240
0"
0)
#45241
1#
1(
#45246
1"
1)
#45248
0#
0(
#45252
0"
0)
#45255
1#
1(
#45258
1"
1)
#45262
0#
0(
#45264
0"
0)
#45269
1#
1(
#45270
1"
1)
#45276
0"
0)
0#
0(
#45282
1"
1)
#45283
1#
1(
#45288
0"
0)
#45290
0#
0(
#45294
1"
1)
#45297
1#
1(
#45300
0"
0)
#45304
0#
0(
#45306
1"
1)
#45311
1#
1(
#45312
0"
0)
#45318
1"
1)
0#
0(
#45324
0"
0)
#45325
1#
1(
#45330
1"
1)
#45332
0#
0(
#45336
0"
0)
#45339
1#
1(
#45342
1"
1)
#45346
0#
0(
#45348
0"
0)
#45353
1#
1(
#45354
1"
1)
#45360
0"
0)
0#
0(
#45366
1"
1)
#45367
1#
1(
#45372
0"
0)
#45374
0#
0(
#45378
1"
1)
#45381
1#
1(
#45384
0"
0)
#45388
0#
0(
#45390
1"
1)
#45395
1#
1(
#45396
0"
0)
#45402
1"
1)
0#
0(
#45408
0"
0)
#45409
1#
1(
#45414
1"
1)
#45416
0#
0(
#45420
0"
0)
#45423
1#
1(
#45426
1"
1)
#45430
0#
0(
#45432
0"
0)
#45437
1#
1(
#45438
1"
1)
#45440
0&
b0 ;
b110110111 9
b1010 :
#45444
0"
0)
0#
0(
#45450
1"
1)
#45451
b1 2
1#
1(
#45456
0"
0)
#45458
0#
0(
#45462
1"
1)
#45465
b1110 0
1#
1(
#45468
0"
0)
#45472
0#
0(
#45474
1"
1)
#45479
b1101 0
1#
1(
#45480
0"
0)
#45486
1"
1)
0#
0(
#45492
0"
0)
#45493
b1100 0
1#
1(
#45498
1"
1)
#45500
0#
0(
#45504
0"
0)
#45507
b1011 0
1#
1(
#45510
1"
1)
#45514
0#
0(
#45516
0"
0)
#45521
b1010 0
1#
1(
#45522
1"
1)
#45528
0"
0)
0#
0(
#45534
1"
1)
#45535
b1001 0
1#
1(
#45540
0"
0)
#45542
0#
0(
#45546
1"
1)
#45549
b1000 0
1#
1(
#45552
0"
0)
#45556
0#
0(
#45558
1"
1)
#45563
b111 0
1#
1(
#45564
0"
0)
#45570
1"
1)
0#
0(
#45576
0"
0)
#45577
b110 0
1#
1(
#45582
1"
1)
#45584
0#
0(
#45588
0"
0)
#45591
b101 0
1#
1(
#45594
1"
1)
#45598
0#
0(
#45600
0"
0)
#45605
b100 0
1#
1(
#45606
1"
1)
#45612
0"
0)
0#
0(
#45618
1"
1)
#45619
b11 0
1#
1(
#45624
0"
0)
#45626
0#
0(
#45630
1"
1)
#45633
b10 0
1#
1(
#45636
0"
0)
#45640
0#
0(
#45642
1"
1)
#45647
b1 0
1#
1(
#45648
0"
0)
#45654
1"
1)
0#
0(
#45660
0"
0)
#45661
b0 0
1#
1(
#45666
1"
1)
#45667
b11011011 9
1&
b1 ;
#45668
0#
0(
#45672
0"
0)
#45675
b10 2
b11001011 ,
b11001011 -
b11001011 3
b11001011 .
b1111 0
1#
1(
#45678
b11001011 4
1"
1)
#45682
0#
0(
#45684
0"
0)
#45689
b1 2
b110 /
b10010110 ,
b10010110 -
b10010110 3
b10010110 .
1#
1(
#45690
b10010110 4
1"
1)
#45696
0"
0)
0#
0(
#45702
1"
1)
#45703
b10010111 ,
b10010111 -
b10010111 3
b10010111 .
b1110 0
1#
1(
#45708
0"
0)
#45710
0#
0(
#45714
b10010111 4
1"
1)
#45717
b1101 0
1#
1(
#45720
0"
0)
#45724
0#
0(
#45726
1"
1)
#45731
b1100 0
1#
1(
#45732
0"
0)
#45738
1"
1)
0#
0(
#45744
0"
0)
#45745
b1011 0
1#
1(
#45750
1"
1)
#45752
0#
0(
#45756
0"
0)
#45759
b1010 0
1#
1(
#45762
1"
1)
#45766
0#
0(
#45768
0"
0)
#45773
b1001 0
1#
1(
#45774
1"
1)
#45780
0"
0)
0#
0(
#45786
1"
1)
#45787
b1000 0
1#
1(
#45792
0"
0)
#45794
0#
0(
#45798
1"
1)
#45801
b111 0
1#
1(
#45804
0"
0)
#45808
0#
0(
#45810
1"
1)
#45815
b110 0
1#
1(
#45816
0"
0)
#45822
1"
1)
0#
0(
#45828
0"
0)
#45829
b101 0
1#
1(
#45834
1"
1)
#45836
0#
0(
#45840
0"
0)
#45843
b100 0
1#
1(
#45846
1"
1)
#45850
0#
0(
#45852
0"
0)
#45857
b11 0
1#
1(
#45858
1"
1)
#45864
0"
0)
0#
0(
#45870
1"
1)
#45871
b10 0
1#
1(
#45876
0"
0)
#45878
0#
0(
#45882
1"
1)
#45885
b1 0
1#
1(
#45888
0"
0)
#45892
0#
0(
#45894
1"
1)
b1101101 9
b10 ;
#45899
b0 0
1#
1(
#45900
0"
0)
#45906
1"
1)
0#
0(
#45912
0"
0)
#45913
b10 2
b1111 0
1#
1(
#45918
1"
1)
#45920
0#
0(
#45924
0"
0)
#45927
b1 2
b101 /
b101110 ,
b101110 -
b101110 3
b101110 .
1#
1(
#45930
b101110 4
1"
1)
#45934
0#
0(
#45936
0"
0)
#45941
b101111 ,
b101111 -
b101111 3
b101111 .
b1110 0
1#
1(
#45942
b101111 4
1"
1)
#45948
0"
0)
0#
0(
#45954
1"
1)
#45955
b1101 0
1#
1(
#45960
0"
0)
#45962
0#
0(
#45966
1"
1)
#45969
b1100 0
1#
1(
#45972
0"
0)
#45976
0#
0(
#45978
1"
1)
#45983
b1011 0
1#
1(
#45984
0"
0)
#45990
1"
1)
0#
0(
#45996
0"
0)
#45997
b1010 0
1#
1(
#46002
1"
1)
#46004
0#
0(
#46008
0"
0)
#46011
b1001 0
1#
1(
#46014
1"
1)
#46018
0#
0(
#46020
0"
0)
#46025
b1000 0
1#
1(
#46026
1"
1)
#46032
0"
0)
0#
0(
#46038
1"
1)
#46039
b111 0
1#
1(
#46044
0"
0)
#46046
0#
0(
#46050
1"
1)
#46053
b110 0
1#
1(
#46056
0"
0)
#46060
0#
0(
#46062
1"
1)
#46067
b101 0
1#
1(
#46068
0"
0)
#46074
1"
1)
0#
0(
#46080
0"
0)
#46081
b100 0
1#
1(
#46086
1"
1)
#46088
0#
0(
#46092
0"
0)
#46095
b11 0
1#
1(
#46098
1"
1)
#46102
0#
0(
#46104
0"
0)
#46109
b10 0
1#
1(
#46110
1"
1)
#46116
0"
0)
0#
0(
#46121
b110110 9
b11 ;
#46122
1"
1)
#46123
b1 0
1#
1(
#46128
0"
0)
#46130
0#
0(
#46134
1"
1)
#46137
b0 0
1#
1(
#46140
0"
0)
#46144
0#
0(
#46146
1"
1)
#46151
b10 2
b1111 0
1#
1(
#46152
0"
0)
#46158
1"
1)
0#
0(
#46164
0"
0)
#46165
b1 2
b100 /
b1011110 ,
b1011110 -
b1011110 3
b1011110 .
1#
1(
#46170
b1011110 4
1"
1)
#46172
0#
0(
#46176
0"
0)
#46179
b1011111 ,
b1011111 -
b1011111 3
b1011111 .
b1110 0
1#
1(
#46182
b1011111 4
1"
1)
#46186
0#
0(
#46188
0"
0)
#46193
b1101 0
1#
1(
#46194
1"
1)
#46200
0"
0)
0#
0(
#46206
1"
1)
#46207
b1100 0
1#
1(
#46212
0"
0)
#46214
0#
0(
#46218
1"
1)
#46221
b1011 0
1#
1(
#46224
0"
0)
#46228
0#
0(
#46230
1"
1)
#46235
b1010 0
1#
1(
#46236
0"
0)
#46242
1"
1)
0#
0(
#46248
0"
0)
#46249
b1001 0
1#
1(
#46254
1"
1)
#46256
0#
0(
#46260
0"
0)
#46263
b1000 0
1#
1(
#46266
1"
1)
#46270
0#
0(
#46272
0"
0)
#46277
b111 0
1#
1(
#46278
1"
1)
#46284
0"
0)
0#
0(
#46290
1"
1)
#46291
b110 0
1#
1(
#46296
0"
0)
#46298
0#
0(
#46302
1"
1)
#46305
b101 0
1#
1(
#46308
0"
0)
#46312
0#
0(
#46314
1"
1)
#46319
b100 0
1#
1(
#46320
0"
0)
#46326
1"
1)
0#
0(
#46332
0"
0)
#46333
b11 0
1#
1(
#46338
1"
1)
#46340
0#
0(
#46344
0"
0)
#46347
b10 0
1#
1(
#46348
b11011 9
0&
b100 ;
#46350
1"
1)
#46354
0#
0(
#46356
0"
0)
#46361
b1011110 ,
b1011110 -
b1011110 3
b1011110 .
b1 0
1#
1(
#46362
b1011110 4
1"
1)
#46368
0"
0)
0#
0(
#46374
1"
1)
#46375
b0 0
1#
1(
#46380
0"
0)
#46382
0#
0(
#46386
1"
1)
#46389
b10 2
b1111 0
1#
1(
#46392
0"
0)
#46396
0#
0(
#46398
1"
1)
#46403
b1 2
b11 /
b10111100 ,
b10111100 -
b10111100 3
b10111100 .
1#
1(
#46404
0"
0)
#46410
b10111100 4
1"
1)
0#
0(
#46416
0"
0)
#46417
b1110 0
1#
1(
#46422
1"
1)
#46424
0#
0(
#46428
0"
0)
#46431
b1101 0
1#
1(
#46434
1"
1)
#46438
0#
0(
#46440
0"
0)
#46445
b1100 0
1#
1(
#46446
1"
1)
#46452
0"
0)
0#
0(
#46458
1"
1)
#46459
b1011 0
1#
1(
#46464
0"
0)
#46466
0#
0(
#46470
1"
1)
#46473
b1010 0
1#
1(
#46476
0"
0)
#46480
0#
0(
#46482
1"
1)
#46487
b1001 0
1#
1(
#46488
0"
0)
#46494
1"
1)
0#
0(
#46500
0"
0)
#46501
b1000 0
1#
1(
#46506
1"
1)
#46508
0#
0(
#46512
0"
0)
#46515
b111 0
1#
1(
#46518
1"
1)
#46522
0#
0(
#46524
0"
0)
#46529
b110 0
1#
1(
#46530
1"
1)
#46536
0"
0)
0#
0(
#46542
1"
1)
#46543
b101 0
1#
1(
#46548
0"
0)
#46550
0#
0(
#46554
1"
1)
#46557
b100 0
1#
1(
#46560
0"
0)
#46564
0#
0(
#46566
1"
1)
#46571
b11 0
1#
1(
#46572
0"
0)
#46575
b1101 9
1&
b101 ;
#46578
1"
1)
0#
0(
#46584
0"
0)
#46585
b10111101 ,
b10111101 -
b10111101 3
b10111101 .
b10 0
1#
1(
#46590
b10111101 4
1"
1)
#46592
0#
0(
#46596
0"
0)
#46599
b1 0
1#
1(
#46602
1"
1)
#46606
0#
0(
#46608
0"
0)
#46613
b0 0
1#
1(
#46614
1"
1)
#46620
0"
0)
0#
0(
#46626
1"
1)
#46627
b10 2
b1111 0
1#
1(
#46632
0"
0)
#46634
0#
0(
#46638
1"
1)
#46641
b1 2
b10 /
b1111010 ,
b1111010 -
b1111010 3
b1111010 .
1#
1(
#46644
0"
0)
#46648
0#
0(
#46650
b1111010 4
1"
1)
#46655
b1111011 ,
b1111011 -
b1111011 3
b1111011 .
b1110 0
1#
1(
#46656
0"
0)
#46662
b1111011 4
1"
1)
0#
0(
#46668
0"
0)
#46669
b1101 0
1#
1(
#46674
1"
1)
#46676
0#
0(
#46680
0"
0)
#46683
b1100 0
1#
1(
#46686
1"
1)
#46690
0#
0(
#46692
0"
0)
#46697
b1011 0
1#
1(
#46698
1"
1)
#46704
0"
0)
0#
0(
#46710
1"
1)
#46711
b1010 0
1#
1(
#46716
0"
0)
#46718
0#
0(
#46722
1"
1)
#46725
b1001 0
1#
1(
#46728
0"
0)
#46732
0#
0(
#46734
1"
1)
#46739
b1000 0
1#
1(
#46740
0"
0)
#46746
1"
1)
0#
0(
#46752
0"
0)
#46753
b111 0
1#
1(
#46758
1"
1)
#46760
0#
0(
#46764
0"
0)
#46767
b110 0
1#
1(
#46770
1"
1)
#46774
0#
0(
#46776
0"
0)
#46781
b101 0
1#
1(
#46782
1"
1)
#46788
0"
0)
0#
0(
#46794
1"
1)
#46795
b100 0
1#
1(
#46800
0"
0)
#46802
0#
0(
b110 9
b110 ;
#46806
1"
1)
#46809
b11 0
1#
1(
#46812
0"
0)
#46816
0#
0(
#46818
1"
1)
#46823
b10 0
1#
1(
#46824
0"
0)
#46830
1"
1)
0#
0(
#46836
0"
0)
#46837
b1 0
1#
1(
#46842
1"
1)
#46844
0#
0(
#46848
0"
0)
#46851
b0 0
1#
1(
#46854
1"
1)
#46858
0#
0(
#46860
0"
0)
#46865
b10 2
b1111 0
1#
1(
#46866
1"
1)
#46872
0"
0)
0#
0(
#46878
1"
1)
#46879
b1 2
b1 /
b11110110 ,
b11110110 -
b11110110 3
b11110110 .
1#
1(
#46884
0"
0)
#46886
0#
0(
#46890
b11110110 4
1"
1)
#46893
b11110111 ,
b11110111 -
b11110111 3
b11110111 .
b1110 0
1#
1(
#46896
0"
0)
#46900
0#
0(
#46902
b11110111 4
1"
1)
#46907
b1101 0
1#
1(
#46908
0"
0)
#46914
1"
1)
0#
0(
#46920
0"
0)
#46921
b1100 0
1#
1(
#46926
1"
1)
#46928
0#
0(
#46932
0"
0)
#46935
b1011 0
1#
1(
#46938
1"
1)
#46942
0#
0(
#46944
0"
0)
#46949
b1010 0
1#
1(
#46950
1"
1)
#46956
0"
0)
0#
0(
#46962
1"
1)
#46963
b1001 0
1#
1(
#46968
0"
0)
#46970
0#
0(
#46974
1"
1)
#46977
b1000 0
1#
1(
#46980
0"
0)
#46984
0#
0(
#46986
1"
1)
#46991
b111 0
1#
1(
#46992
0"
0)
#46998
1"
1)
0#
0(
#47004
0"
0)
#47005
b110 0
1#
1(
#47010
1"
1)
#47012
0#
0(
#47016
0"
0)
#47019
b101 0
1#
1(
#47022
1"
1)
#47026
0#
0(
#47028
0"
0)
#47029
b11 9
0&
b111 ;
#47033
b11110110 ,
b11110110 -
b11110110 3
b11110110 .
b100 0
1#
1(
#47034
b11110110 4
1"
1)
#47040
0"
0)
0#
0(
#47046
1"
1)
#47047
b11 0
1#
1(
#47052
0"
0)
#47054
0#
0(
#47058
1"
1)
#47061
b10 0
1#
1(
#47064
0"
0)
#47068
0#
0(
#47070
1"
1)
#47075
b1 0
1#
1(
#47076
0"
0)
#47082
1"
1)
0#
0(
#47088
0"
0)
#47089
b0 0
1#
1(
#47094
1"
1)
#47096
0#
0(
#47100
0"
0)
#47103
b10 2
b1111 0
1#
1(
#47106
1"
1)
#47110
0#
0(
#47112
0"
0)
#47117
b1 2
b0 /
b11101100 ,
b11101100 -
b11101100 3
b11101100 .
1#
1(
#47118
b11101100 4
1"
1)
#47124
0"
0)
0#
0(
#47130
1"
1)
#47131
b1110 0
1#
1(
#47136
0"
0)
#47138
0#
0(
#47142
1"
1)
#47145
b1101 0
1#
1(
#47148
0"
0)
#47152
0#
0(
#47154
1"
1)
#47159
b1100 0
1#
1(
#47160
0"
0)
#47166
1"
1)
0#
0(
#47172
0"
0)
#47173
b1011 0
1#
1(
#47178
1"
1)
#47180
0#
0(
#47184
0"
0)
#47187
b1010 0
1#
1(
#47190
1"
1)
#47194
0#
0(
#47196
0"
0)
#47201
b1001 0
1#
1(
#47202
1"
1)
#47208
0"
0)
0#
0(
#47214
1"
1)
#47215
b1000 0
1#
1(
#47220
0"
0)
#47222
0#
0(
#47226
1"
1)
#47229
b111 0
1#
1(
#47232
0"
0)
#47236
0#
0(
#47238
1"
1)
#47243
b110 0
1#
1(
#47244
0"
0)
#47250
1"
1)
0#
0(
#47256
0"
0)
b1 9
1&
b1000 ;
#47257
b11101101 ,
b11101101 -
b11101101 3
b11101101 .
b101 0
1#
1(
#47262
b11101101 4
1"
1)
#47264
0#
0(
#47268
0"
0)
#47271
b100 0
1#
1(
#47274
1"
1)
#47278
0#
0(
#47280
0"
0)
#47285
b11 0
1#
1(
#47286
1"
1)
#47292
0"
0)
0#
0(
#47298
1"
1)
#47299
b10 0
1#
1(
#47304
0"
0)
#47306
0#
0(
#47310
1"
1)
#47313
b1 0
1#
1(
#47316
0"
0)
#47320
0#
0(
#47322
1"
1)
#47327
b0 0
1#
1(
#47328
0"
0)
#47334
1"
1)
0#
0(
#47340
0"
0)
#47341
b10 2
b1111 0
1#
1(
#47346
1"
1)
#47348
0#
0(
#47352
0"
0)
#47355
b11 2
b111 /
b11011010 ,
b11011010 -
b11011010 3
b11011010 .
1#
1(
#47358
b11011010 4
1"
1)
#47362
0#
0(
#47364
0"
0)
#47369
b100 2
1#
1(
#47370
1"
1)
#47376
0"
0)
0#
0(
#47382
1"
1)
#47383
0+
01
1#
1(
#47388
0"
0)
#47390
0#
0(
#47394
b1 7
1"
1)
#47397
1#
1(
#47400
0"
0)
#47404
0#
0(
#47406
b10 7
0!
08
0*
06
1"
1)
#47411
b0 2
1#
1(
#47412
0"
0)
b0 >
b0 ?
b101110 <
1'
#47413
0'
#47418
b110 5
b10110100 4
1!
18
1"
1)
0#
0(
#47424
0"
0)
b1 >
b1 ?
1'
#47425
1+
11
1#
1(
0'
#47430
b101 5
b1101000 4
1"
1)
#47432
0#
0(
#47436
0"
0)
b10 >
b11 ?
1'
#47437
0'
#47439
1#
1(
#47442
b100 5
b11010000 4
0!
08
1"
1)
#47446
0#
0(
#47448
0"
0)
b11 >
1'
#47449
0'
#47453
1#
1(
#47454
b11 5
b10100000 4
1!
18
1"
1)
#47460
0"
0)
0#
0(
b100 >
b1011 ?
1'
#47461
0'
#47466
b10 5
b1000000 4
1"
1)
#47467
1#
1(
#47472
0"
0)
b101 >
b11011 ?
1'
#47473
0'
#47474
0#
0(
#47478
b1 5
b10000000 4
0!
08
1"
1)
#47481
1#
1(
#47483
b0 9
b1001 ;
#47484
0"
0)
b110 >
1'
#47485
0'
#47488
0#
0(
#47490
b0 5
b0 4
1!
18
1"
1)
#47495
1#
1(
#47496
0"
0)
b111 >
b1011011 ?
1'
#47497
0'
#47502
b0 7
b111 5
0!
08
1"
1)
0#
0(
#47508
0"
0)
b1000 >
1'
#47509
1#
1(
0'
#47514
1!
18
b11011010 4
1*
16
1"
1)
#47516
0#
0(
#47520
0"
0)
b10010 =
1$
1'
#47521
0$
0'
#47523
1#
1(
#47526
1"
1)
#47530
0#
0(
#47532
0"
0)
#47537
1#
1(
#47538
1"
1)
#47544
0"
0)
0#
0(
#47550
1"
1)
#47551
1#
1(
#47556
0"
0)
#47558
0#
0(
#47562
1"
1)
#47565
1#
1(
#47568
0"
0)
#47572
0#
0(
#47574
1"
1)
#47579
1#
1(
#47580
0"
0)
#47586
1"
1)
0#
0(
#47592
0"
0)
#47593
1#
1(
#47598
1"
1)
#47600
0#
0(
#47604
0"
0)
#47607
1#
1(
#47610
1"
1)
#47614
0#
0(
#47616
0"
0)
#47621
1#
1(
#47622
1"
1)
#47628
0"
0)
0#
0(
#47634
1"
1)
#47635
1#
1(
#47640
0"
0)
#47642
0#
0(
#47646
1"
1)
#47649
1#
1(
#47652
0"
0)
#47656
0#
0(
#47658
1"
1)
#47663
1#
1(
#47664
0"
0)
#47670
1"
1)
0#
0(
#47676
0"
0)
#47677
1#
1(
#47682
1"
1)
#47684
0#
0(
#47688
0"
0)
#47691
1#
1(
#47694
1"
1)
#47698
0#
0(
#47700
0"
0)
#47705
1#
1(
#47706
1"
1)
#47710
b1010 ;
#47712
0"
0)
0#
0(
#47718
1"
1)
#47719
1#
1(
#47724
0"
0)
#47726
0#
0(
#47730
1"
1)
#47733
1#
1(
#47736
0"
0)
#47740
0#
0(
#47742
1"
1)
#47747
1#
1(
#47748
0"
0)
#47754
1"
1)
0#
0(
#47760
0"
0)
#47761
1#
1(
#47766
1"
1)
#47768
0#
0(
#47772
0"
0)
#47775
1#
1(
#47778
1"
1)
#47782
0#
0(
#47784
0"
0)
#47789
1#
1(
#47790
1"
1)
#47796
0"
0)
0#
0(
#47802
1"
1)
#47803
1#
1(
#47808
0"
0)
#47810
0#
0(
#47814
1"
1)
#47817
1#
1(
#47820
0"
0)
#47824
0#
0(
#47826
1"
1)
#47831
1#
1(
#47832
0"
0)
#47838
1"
1)
0#
0(
#47844
0"
0)
#47845
1#
1(
#47850
1"
1)
#47852
0#
0(
#47856
0"
0)
#47859
1#
1(
#47862
1"
1)
#47866
0#
0(
#47868
0"
0)
#47873
1#
1(
#47874
1"
1)
#47880
0"
0)
0#
0(
#47886
1"
1)
#47887
1#
1(
#47892
0"
0)
#47894
0#
0(
#47898
1"
1)
#47901
1#
1(
#47904
0"
0)
#47908
0#
0(
#47910
1"
1)
#47915
1#
1(
#47916
0"
0)
#47922
1"
1)
0#
0(
#47928
0"
0)
#47929
1#
1(
#47934
1"
1)
#47936
0#
0(
#47940
0"
0)
#47943
1#
1(
#47946
1"
1)
#47950
0#
0(
#47952
0"
0)
#47957
1#
1(
#47958
1"
1)
#47964
0"
0)
0#
0(
#47970
1"
1)
#47971
1#
1(
#47976
0"
0)
#47978
0#
0(
#47982
1"
1)
#47985
1#
1(
#47988
0"
0)
#47992
0#
0(
#47994
1"
1)
#47999
1#
1(
#48000
0"
0)
#48006
1"
1)
0#
0(
#48012
0"
0)
#48013
1#
1(
#48018
1"
1)
#48020
0#
0(
#48024
0"
0)
#48027
1#
1(
#48030
1"
1)
#48034
0#
0(
#48036
0"
0)
#48041
1#
1(
#48042
1"
1)
#48048
0"
0)
0#
0(
#48054
1"
1)
#48055
1#
1(
#48060
0"
0)
#48062
0#
0(
#48066
1"
1)
#48069
1#
1(
#48072
0"
0)
#48076
0#
0(
#48078
1"
1)
#48083
1#
1(
#48084
0"
0)
#48090
1"
1)
0#
0(
#48096
0"
0)
#48097
1#
1(
#48102
1"
1)
#48104
0#
0(
#48108
0"
0)
#48111
1#
1(
#48114
1"
1)
#48118
0#
0(
#48120
0"
0)
#48125
1#
1(
#48126
1"
1)
#48132
0"
0)
0#
0(
#48138
1"
1)
#48139
1#
1(
#48144
0"
0)
#48146
0#
0(
#48150
1"
1)
#48153
1#
1(
#48156
0"
0)
#48160
0#
0(
#48162
1"
1)
#48167
1#
1(
#48168
0"
0)
#48174
1"
1)
0#
0(
#48180
0"
0)
#48181
1#
1(
#48186
1"
1)
#48188
0#
0(
#48192
0"
0)
#48195
1#
1(
#48198
1"
1)
#48202
0#
0(
#48204
0"
0)
#48209
1#
1(
#48210
1"
1)
#48216
0"
0)
0#
0(
#48222
1"
1)
#48223
1#
1(
#48228
0"
0)
#48230
0#
0(
#48234
1"
1)
#48237
1#
1(
#48240
0"
0)
#48244
0#
0(
#48246
1"
1)
#48251
1#
1(
#48252
0"
0)
#48258
1"
1)
0#
0(
#48264
0"
0)
#48265
1#
1(
#48270
1"
1)
#48272
0#
0(
#48276
0"
0)
#48279
1#
1(
#48282
1"
1)
#48286
0#
0(
#48288
0"
0)
#48293
1#
1(
#48294
1"
1)
#48300
0"
0)
0#
0(
#48306
1"
1)
#48307
1#
1(
#48312
0"
0)
#48314
0#
0(
#48318
1"
1)
#48321
1#
1(
#48324
0"
0)
#48328
0#
0(
#48330
1"
1)
#48335
1#
1(
#48336
0"
0)
#48342
1"
1)
0#
0(
#48348
0"
0)
#48349
1#
1(
#48354
1"
1)
#48356
0#
0(
#48360
0"
0)
#48363
1#
1(
#48366
1"
1)
#48370
0#
0(
#48372
0"
0)
#48377
1#
1(
#48378
1"
1)
#48384
0"
0)
0#
0(
#48390
1"
1)
#48391
1#
1(
#48396
0"
0)
#48398
0#
0(
#48402
1"
1)
#48405
1#
1(
#48408
0"
0)
#48412
0#
0(
#48414
1"
1)
#48419
1#
1(
#48420
0"
0)
#48426
1"
1)
0#
0(
#48432
0"
0)
#48433
1#
1(
#48438
1"
1)
#48440
0#
0(
#48444
0"
0)
#48447
1#
1(
#48450
1"
1)
#48454
0#
0(
#48456
0"
0)
#48461
1#
1(
#48462
1"
1)
#48468
0"
0)
0#
0(
#48474
1"
1)
#48475
1#
1(
#48480
0"
0)
#48482
0#
0(
#48486
1"
1)
#48489
1#
1(
#48492
0"
0)
#48496
0#
0(
#48498
1"
1)
#48503
1#
1(
#48504
0"
0)
#48510
1"
1)
0#
0(
#48516
0"
0)
#48517
1#
1(
#48522
1"
1)
#48524
0#
0(
#48528
0"
0)
#48531
1#
1(
#48534
1"
1)
#48538
0#
0(
#48540
0"
0)
#48545
1#
1(
#48546
1"
1)
#48552
0"
0)
0#
0(
#48558
1"
1)
#48559
1#
1(
#48564
0"
0)
#48566
0#
0(
#48570
1"
1)
#48573
1#
1(
#48576
0"
0)
#48580
0#
0(
#48582
1"
1)
#48587
1#
1(
#48588
0"
0)
#48594
1"
1)
0#
0(
#48600
0"
0)
#48601
1#
1(
#48606
1"
1)
#48608
0#
0(
#48612
0"
0)
#48615
1#
1(
#48618
1"
1)
#48622
0#
0(
#48624
0"
0)
#48629
1#
1(
#48630
1"
1)
#48636
0"
0)
0#
0(
#48642
1"
1)
#48643
1#
1(
#48648
0"
0)
#48650
0#
0(
#48654
1"
1)
#48657
1#
1(
#48660
0"
0)
#48664
0#
0(
#48666
1"
1)
#48671
1#
1(
#48672
0"
0)
#48678
1"
1)
0#
0(
#48684
0"
0)
#48685
1#
1(
#48690
1"
1)
#48692
0#
0(
#48696
0"
0)
#48699
1#
1(
#48702
1"
1)
#48706
0#
0(
#48708
0"
0)
#48713
1#
1(
#48714
1"
1)
#48720
0"
0)
0#
0(
#48726
1"
1)
#48727
1#
1(
#48732
0"
0)
#48734
0#
0(
#48738
1"
1)
#48741
1#
1(
#48744
0"
0)
#48748
0#
0(
#48750
1"
1)
#48755
1#
1(
#48756
0"
0)
#48762
1"
1)
0#
0(
#48768
0"
0)
#48769
1#
1(
#48774
1"
1)
#48776
0#
0(
#48780
0"
0)
#48783
1#
1(
#48786
1"
1)
#48790
0#
0(
#48792
0"
0)
#48797
1#
1(
#48798
1"
1)
#48804
0"
0)
0#
0(
#48810
1"
1)
#48811
1#
1(
#48816
0"
0)
#48818
0#
0(
#48822
1"
1)
#48825
1#
1(
#48828
0"
0)
#48832
0#
0(
#48834
1"
1)
#48839
1#
1(
#48840
0"
0)
#48846
1"
1)
0#
0(
#48852
0"
0)
#48853
1#
1(
#48858
1"
1)
#48860
0#
0(
#48864
0"
0)
#48867
1#
1(
#48870
1"
1)
#48874
0#
0(
#48876
0"
0)
#48881
1#
1(
#48882
1"
1)
#48888
0"
0)
0#
0(
#48894
1"
1)
#48895
1#
1(
#48900
0"
0)
#48902
0#
0(
#48906
1"
1)
#48909
1#
1(
#48912
0"
0)
#48916
0#
0(
#48918
1"
1)
#48923
1#
1(
#48924
0"
0)
#48930
1"
1)
0#
0(
#48936
0"
0)
#48937
1#
1(
#48942
1"
1)
#48944
0#
0(
#48948
0"
0)
#48951
1#
1(
#48954
1"
1)
#48958
0#
0(
#48960
0"
0)
#48965
1#
1(
#48966
1"
1)
#48972
0"
0)
0#
0(
#48978
1"
1)
#48979
1#
1(
#48984
0"
0)
#48986
0#
0(
#48990
1"
1)
#48993
1#
1(
#48996
0"
0)
#49000
0#
0(
#49002
1"
1)
#49007
1#
1(
#49008
0"
0)
#49014
1"
1)
0#
0(
#49020
0"
0)
#49021
1#
1(
#49026
1"
1)
#49028
0#
0(
#49032
0"
0)
#49035
1#
1(
#49038
1"
1)
#49042
0#
0(
#49044
0"
0)
#49049
1#
1(
#49050
1"
1)
#49056
0"
0)
0#
0(
#49062
1"
1)
#49063
1#
1(
#49068
0"
0)
#49070
0#
0(
#49074
1"
1)
#49077
1#
1(
#49080
0"
0)
#49084
0#
0(
#49086
1"
1)
#49091
1#
1(
#49092
0"
0)
#49098
1"
1)
0#
0(
#49104
0"
0)
#49105
1#
1(
#49110
1"
1)
#49112
0#
0(
#49116
0"
0)
#49119
1#
1(
#49122
1"
1)
#49126
0#
0(
#49128
0"
0)
#49133
1#
1(
#49134
1"
1)
#49140
0"
0)
0#
0(
#49146
1"
1)
#49147
1#
1(
#49152
0"
0)
#49154
0#
0(
#49158
1"
1)
#49161
1#
1(
#49164
0"
0)
#49168
0#
0(
#49170
1"
1)
#49175
1#
1(
#49176
0"
0)
#49182
1"
1)
0#
0(
#49188
0"
0)
#49189
1#
1(
#49194
1"
1)
#49196
0#
0(
#49200
0"
0)
#49203
1#
1(
#49206
1"
1)
#49210
0#
0(
#49212
0"
0)
#49217
1#
1(
#49218
1"
1)
#49224
0"
0)
0#
0(
#49230
1"
1)
#49231
1#
1(
#49236
0"
0)
#49238
0#
0(
#49242
1"
1)
#49245
1#
1(
#49248
0"
0)
#49252
0#
0(
#49254
1"
1)
#49259
1#
1(
#49260
0"
0)
#49266
1"
1)
0#
0(
#49272
0"
0)
#49273
1#
1(
#49278
1"
1)
#49280
0#
0(
#49284
0"
0)
#49287
1#
1(
#49290
1"
1)
#49294
0#
0(
#49296
0"
0)
#49301
1#
1(
#49302
1"
1)
#49308
0"
0)
0#
0(
#49314
1"
1)
#49315
1#
1(
#49320
0"
0)
#49322
0#
0(
#49326
1"
1)
#49329
1#
1(
#49332
0"
0)
#49336
0#
0(
#49338
1"
1)
#49343
1#
1(
#49344
0"
0)
#49350
1"
1)
0#
0(
#49356
0"
0)
#49357
1#
1(
#49362
1"
1)
#49364
0#
0(
#49368
0"
0)
#49371
1#
1(
#49374
1"
1)
#49378
0#
0(
#49380
0"
0)
#49385
1#
1(
#49386
1"
1)
#49392
0"
0)
0#
0(
#49398
1"
1)
#49399
1#
1(
#49404
0"
0)
#49406
0#
0(
#49410
1"
1)
#49413
1#
1(
#49416
0"
0)
#49420
0#
0(
#49422
1"
1)
#49427
1#
1(
#49428
0"
0)
#49434
1"
1)
0#
0(
#49440
0"
0)
#49441
1#
1(
#49446
1"
1)
#49448
0#
0(
#49452
0"
0)
#49455
1#
1(
#49458
1"
1)
#49462
0#
0(
#49464
0"
0)
#49469
1#
1(
#49470
1"
1)
#49476
0"
0)
0#
0(
#49482
1"
1)
#49483
1#
1(
#49488
0"
0)
#49490
0#
0(
#49494
1"
1)
#49497
1#
1(
#49500
0"
0)
#49504
0#
0(
#49506
1"
1)
#49511
1#
1(
#49512
0"
0)
#49518
1"
1)
0#
0(
#49524
0"
0)
#49525
1#
1(
#49530
1"
1)
#49532
0#
0(
#49536
0"
0)
#49539
1#
1(
#49542
1"
1)
#49546
0#
0(
#49548
0"
0)
#49553
1#
1(
#49554
1"
1)
#49560
0"
0)
0#
0(
#49566
1"
1)
#49567
1#
1(
#49572
0"
0)
#49574
0#
0(
#49578
1"
1)
#49581
1#
1(
#49584
0"
0)
#49588
0#
0(
#49590
1"
1)
#49595
1#
1(
#49596
0"
0)
#49602
1"
1)
0#
0(
#49608
0"
0)
#49609
1#
1(
#49614
1"
1)
#49616
0#
0(
#49620
0"
0)
#49623
1#
1(
#49626
1"
1)
#49630
0#
0(
#49632
0"
0)
#49637
1#
1(
#49638
1"
1)
#49644
0"
0)
0#
0(
#49650
1"
1)
#49651
1#
1(
#49656
0"
0)
#49658
0#
0(
#49662
1"
1)
#49665
1#
1(
#49668
0"
0)
#49672
0#
0(
#49674
1"
1)
#49679
1#
1(
#49680
0"
0)
#49686
1"
1)
0#
0(
#49692
0"
0)
#49693
1#
1(
#49698
1"
1)
#49700
0#
0(
#49704
0"
0)
#49707
1#
1(
#49710
1"
1)
#49714
0#
0(
#49716
0"
0)
#49721
1#
1(
#49722
1"
1)
#49728
0"
0)
0#
0(
#49734
1"
1)
#49735
1#
1(
#49740
0"
0)
#49742
0#
0(
#49746
1"
1)
#49749
1#
1(
#49752
0"
0)
#49756
0#
0(
#49758
1"
1)
#49763
1#
1(
#49764
0"
0)
#49770
1"
1)
0#
0(
#49776
0"
0)
#49777
1#
1(
#49782
1"
1)
#49784
0#
0(
#49788
0"
0)
#49791
1#
1(
#49794
1"
1)
#49798
0#
0(
#49800
0"
0)
#49805
1#
1(
#49806
1"
1)
#49812
0"
0)
0#
0(
#49818
1"
1)
#49819
1#
1(
#49824
0"
0)
#49826
0#
0(
#49830
1"
1)
#49833
1#
1(
#49836
0"
0)
#49840
0#
0(
#49842
1"
1)
#49847
1#
1(
#49848
0"
0)
#49854
1"
1)
0#
0(
#49860
0"
0)
#49861
1#
1(
#49866
1"
1)
#49868
0#
0(
#49872
0"
0)
#49875
1#
1(
#49878
1"
1)
#49882
0#
0(
#49884
0"
0)
#49889
1#
1(
#49890
1"
1)
#49896
0"
0)
0#
0(
#49902
1"
1)
#49903
1#
1(
#49908
0"
0)
#49910
0#
0(
#49914
1"
1)
#49917
1#
1(
#49920
0"
0)
#49924
0#
0(
#49926
1"
1)
#49931
1#
1(
#49932
0"
0)
#49938
1"
1)
0#
0(
#49944
0"
0)
#49945
1#
1(
#49950
1"
1)
#49952
0#
0(
#49956
0"
0)
#49959
1#
1(
#49962
1"
1)
#49966
0#
0(
#49968
0"
0)
#49973
1#
1(
#49974
1"
1)
#49980
0"
0)
0#
0(
#49982
0&
b0 ;
b111001000 9
b1011 :
#49986
1"
1)
#49987
b1 2
1#
1(
#49992
0"
0)
#49994
0#
0(
#49998
1"
1)
#50001
b1110 0
1#
1(
#50004
0"
0)
#50008
0#
0(
#50010
1"
1)
#50015
b1101 0
1#
1(
#50016
0"
0)
#50022
1"
1)
0#
0(
#50028
0"
0)
#50029
b1100 0
1#
1(
#50034
1"
1)
#50036
0#
0(
#50040
0"
0)
#50043
b1011 0
1#
1(
#50046
1"
1)
#50050
0#
0(
#50052
0"
0)
#50057
b1010 0
1#
1(
#50058
1"
1)
#50064
0"
0)
0#
0(
#50070
1"
1)
#50071
b1001 0
1#
1(
#50076
0"
0)
#50078
0#
0(
#50082
1"
1)
#50085
b1000 0
1#
1(
#50088
0"
0)
#50092
0#
0(
#50094
1"
1)
#50099
b111 0
1#
1(
#50100
0"
0)
#50106
1"
1)
0#
0(
#50112
0"
0)
#50113
b110 0
1#
1(
#50118
1"
1)
#50120
0#
0(
#50124
0"
0)
#50127
b101 0
1#
1(
#50130
1"
1)
#50134
0#
0(
#50136
0"
0)
#50141
b100 0
1#
1(
#50142
1"
1)
#50148
0"
0)
0#
0(
#50154
1"
1)
#50155
b11 0
1#
1(
#50160
0"
0)
#50162
0#
0(
#50166
1"
1)
#50169
b10 0
1#
1(
#50172
0"
0)
#50176
0#
0(
#50178
1"
1)
#50183
b1 0
1#
1(
#50184
0"
0)
#50190
1"
1)
0#
0(
#50196
0"
0)
#50197
b0 0
1#
1(
#50202
1"
1)
#50204
0#
0(
#50208
0"
0)
#50209
b11100100 9
b1 ;
#50211
b10 2
b1111 0
1#
1(
#50214
1"
1)
#50218
0#
0(
#50220
0"
0)
#50225
b1 2
b110 /
b10110100 ,
b10110100 -
b10110100 3
b10110100 .
1#
1(
#50226
b10110100 4
1"
1)
#50232
0"
0)
0#
0(
#50238
1"
1)
#50239
b1110 0
1#
1(
#50244
0"
0)
#50246
0#
0(
#50250
1"
1)
#50253
b1101 0
1#
1(
#50256
0"
0)
#50260
0#
0(
#50262
1"
1)
#50267
b1100 0
1#
1(
#50268
0"
0)
#50274
1"
1)
0#
0(
#50280
0"
0)
#50281
b1011 0
1#
1(
#50286
1"
1)
#50288
0#
0(
#50292
0"
0)
#50295
b1010 0
1#
1(
#50298
1"
1)
#50302
0#
0(
#50304
0"
0)
#50309
b1001 0
1#
1(
#50310
1"
1)
#50316
0"
0)
0#
0(
#50322
1"
1)
#50323
b1000 0
1#
1(
#50328
0"
0)
#50330
0#
0(
#50334
1"
1)
#50337
b111 0
1#
1(
#50340
0"
0)
#50344
0#
0(
#50346
1"
1)
#50351
b110 0
1#
1(
#50352
0"
0)
#50358
1"
1)
0#
0(
#50364
0"
0)
#50365
b101 0
1#
1(
#50370
1"
1)
#50372
0#
0(
#50376
0"
0)
#50379
b100 0
1#
1(
#50382
1"
1)
#50386
0#
0(
#50388
0"
0)
#50393
b11 0
1#
1(
#50394
1"
1)
#50400
0"
0)
0#
0(
#50406
1"
1)
#50407
b10 0
1#
1(
#50412
0"
0)
#50414
0#
0(
#50418
1"
1)
#50421
b1 0
1#
1(
#50424
0"
0)
#50428
0#
0(
#50430
1"
1)
#50435
b0 0
1#
1(
#50436
0"
0)
b1110010 9
b10 ;
#50442
1"
1)
0#
0(
#50448
0"
0)
#50449
b10 2
b1111 0
1#
1(
#50454
1"
1)
#50456
0#
0(
#50460
0"
0)
#50463
b1 2
b101 /
b1101000 ,
b1101000 -
b1101000 3
b1101000 .
1#
1(
#50466
b1101000 4
1"
1)
#50470
0#
0(
#50472
0"
0)
#50477
b1110 0
1#
1(
#50478
1"
1)
#50484
0"
0)
0#
0(
#50490
1"
1)
#50491
b1101 0
1#
1(
#50496
0"
0)
#50498
0#
0(
#50502
1"
1)
#50505
b1100 0
1#
1(
#50508
0"
0)
#50512
0#
0(
#50514
1"
1)
#50519
b1011 0
1#
1(
#50520
0"
0)
#50526
1"
1)
0#
0(
#50532
0"
0)
#50533
b1010 0
1#
1(
#50538
1"
1)
#50540
0#
0(
#50544
0"
0)
#50547
b1001 0
1#
1(
#50550
1"
1)
#50554
0#
0(
#50556
0"
0)
#50561
b1000 0
1#
1(
#50562
1"
1)
#50568
0"
0)
0#
0(
#50574
1"
1)
#50575
b111 0
1#
1(
#50580
0"
0)
#50582
0#
0(
#50586
1"
1)
#50589
b110 0
1#
1(
#50592
0"
0)
#50596
0#
0(
#50598
1"
1)
#50603
b101 0
1#
1(
#50604
0"
0)
#50610
1"
1)
0#
0(
#50616
0"
0)
#50617
b100 0
1#
1(
#50622
1"
1)
#50624
0#
0(
#50628
0"
0)
#50631
b11 0
1#
1(
#50634
1"
1)
#50638
0#
0(
#50640
0"
0)
#50645
b10 0
1#
1(
#50646
1"
1)
#50652
0"
0)
0#
0(
#50658
1"
1)
#50659
b1 0
1#
1(
#50663
b111001 9
b11 ;
#50664
0"
0)
#50666
0#
0(
#50670
1"
1)
#50673
b0 0
1#
1(
#50676
0"
0)
#50680
0#
0(
#50682
1"
1)
#50687
b10 2
b1111 0
1#
1(
#50688
0"
0)
#50694
1"
1)
0#
0(
#50700
0"
0)
#50701
b1 2
b100 /
b11010000 ,
b11010000 -
b11010000 3
b11010000 .
1#
1(
#50706
b11010000 4
1"
1)
#50708
0#
0(
#50712
0"
0)
#50715
b1110 0
1#
1(
#50718
1"
1)
#50722
0#
0(
#50724
0"
0)
#50729
b1101 0
1#
1(
#50730
1"
1)
#50736
0"
0)
0#
0(
#50742
1"
1)
#50743
b1100 0
1#
1(
#50748
0"
0)
#50750
0#
0(
#50754
1"
1)
#50757
b1011 0
1#
1(
#50760
0"
0)
#50764
0#
0(
#50766
1"
1)
#50771
b1010 0
1#
1(
#50772
0"
0)
#50778
1"
1)
0#
0(
#50784
0"
0)
#50785
b1001 0
1#
1(
#50790
1"
1)
#50792
0#
0(
#50796
0"
0)
#50799
b1000 0
1#
1(
#50802
1"
1)
#50806
0#
0(
#50808
0"
0)
#50813
b111 0
1#
1(
#50814
1"
1)
#50820
0"
0)
0#
0(
#50826
1"
1)
#50827
b110 0
1#
1(
#50832
0"
0)
#50834
0#
0(
#50838
1"
1)
#50841
b101 0
1#
1(
#50844
0"
0)
#50848
0#
0(
#50850
1"
1)
#50855
b100 0
1#
1(
#50856
0"
0)
#50862
1"
1)
0#
0(
#50868
0"
0)
#50869
b11 0
1#
1(
#50874
1"
1)
#50876
0#
0(
#50880
0"
0)
#50883
b10 0
1#
1(
#50886
1"
1)
#50890
0#
0(
b11100 9
1&
b100 ;
#50892
0"
0)
#50897
b11010001 ,
b11010001 -
b11010001 3
b11010001 .
b1 0
1#
1(
#50898
b11010001 4
1"
1)
#50904
0"
0)
0#
0(
#50910
1"
1)
#50911
b0 0
1#
1(
#50916
0"
0)
#50918
0#
0(
#50922
1"
1)
#50925
b10 2
b1111 0
1#
1(
#50928
0"
0)
#50932
0#
0(
#50934
1"
1)
#50939
b1 2
b11 /
b10100010 ,
b10100010 -
b10100010 3
b10100010 .
1#
1(
#50940
0"
0)
#50946
b10100010 4
1"
1)
0#
0(
#50952
0"
0)
#50953
b10100011 ,
b10100011 -
b10100011 3
b10100011 .
b1110 0
1#
1(
#50958
b10100011 4
1"
1)
#50960
0#
0(
#50964
0"
0)
#50967
b1101 0
1#
1(
#50970
1"
1)
#50974
0#
0(
#50976
0"
0)
#50981
b1100 0
1#
1(
#50982
1"
1)
#50988
0"
0)
0#
0(
#50994
1"
1)
#50995
b1011 0
1#
1(
#51000
0"
0)
#51002
0#
0(
#51006
1"
1)
#51009
b1010 0
1#
1(
#51012
0"
0)
#51016
0#
0(
#51018
1"
1)
#51023
b1001 0
1#
1(
#51024
0"
0)
#51030
1"
1)
0#
0(
#51036
0"
0)
#51037
b1000 0
1#
1(
#51042
1"
1)
#51044
0#
0(
#51048
0"
0)
#51051
b111 0
1#
1(
#51054
1"
1)
#51058
0#
0(
#51060
0"
0)
#51065
b110 0
1#
1(
#51066
1"
1)
#51072
0"
0)
0#
0(
#51078
1"
1)
#51079
b101 0
1#
1(
#51084
0"
0)
#51086
0#
0(
#51090
1"
1)
#51093
b100 0
1#
1(
#51096
0"
0)
#51100
0#
0(
#51102
1"
1)
#51107
b11 0
1#
1(
#51108
0"
0)
#51114
1"
1)
0#
0(
#51117
b1110 9
0&
b101 ;
#51120
0"
0)
#51121
b10100010 ,
b10100010 -
b10100010 3
b10100010 .
b10 0
1#
1(
#51126
b10100010 4
1"
1)
#51128
0#
0(
#51132
0"
0)
#51135
b1 0
1#
1(
#51138
1"
1)
#51142
0#
0(
#51144
0"
0)
#51149
b0 0
1#
1(
#51150
1"
1)
#51156
0"
0)
0#
0(
#51162
1"
1)
#51163
b10 2
b1111 0
1#
1(
#51168
0"
0)
#51170
0#
0(
#51174
1"
1)
#51177
b1 2
b10 /
b1000100 ,
b1000100 -
b1000100 3
b1000100 .
1#
1(
#51180
0"
0)
#51184
0#
0(
#51186
b1000100 4
1"
1)
#51191
b1110 0
1#
1(
#51192
0"
0)
#51198
1"
1)
0#
0(
#51204
0"
0)
#51205
b1101 0
1#
1(
#51210
1"
1)
#51212
0#
0(
#51216
0"
0)
#51219
b1100 0
1#
1(
#51222
1"
1)
#51226
0#
0(
#51228
0"
0)
#51233
b1011 0
1#
1(
#51234
1"
1)
#51240
0"
0)
0#
0(
#51246
1"
1)
#51247
b1010 0
1#
1(
#51252
0"
0)
#51254
0#
0(
#51258
1"
1)
#51261
b1001 0
1#
1(
#51264
0"
0)
#51268
0#
0(
#51270
1"
1)
#51275
b1000 0
1#
1(
#51276
0"
0)
#51282
1"
1)
0#
0(
#51288
0"
0)
#51289
b111 0
1#
1(
#51294
1"
1)
#51296
0#
0(
#51300
0"
0)
#51303
b110 0
1#
1(
#51306
1"
1)
#51310
0#
0(
#51312
0"
0)
#51317
b101 0
1#
1(
#51318
1"
1)
#51324
0"
0)
0#
0(
#51330
1"
1)
#51331
b100 0
1#
1(
#51336
0"
0)
#51338
0#
0(
#51342
1"
1)
#51344
b111 9
b110 ;
#51345
b11 0
1#
1(
#51348
0"
0)
#51352
0#
0(
#51354
1"
1)
#51359
b10 0
1#
1(
#51360
0"
0)
#51366
1"
1)
0#
0(
#51372
0"
0)
#51373
b1 0
1#
1(
#51378
1"
1)
#51380
0#
0(
#51384
0"
0)
#51387
b0 0
1#
1(
#51390
1"
1)
#51394
0#
0(
#51396
0"
0)
#51401
b10 2
b1111 0
1#
1(
#51402
1"
1)
#51408
0"
0)
0#
0(
#51414
1"
1)
#51415
b1 2
b1 /
b10001000 ,
b10001000 -
b10001000 3
b10001000 .
1#
1(
#51420
0"
0)
#51422
0#
0(
#51426
b10001000 4
1"
1)
#51429
b1110 0
1#
1(
#51432
0"
0)
#51436
0#
0(
#51438
1"
1)
#51443
b1101 0
1#
1(
#51444
0"
0)
#51450
1"
1)
0#
0(
#51456
0"
0)
#51457
b1100 0
1#
1(
#51462
1"
1)
#51464
0#
0(
#51468
0"
0)
#51471
b1011 0
1#
1(
#51474
1"
1)
#51478
0#
0(
#51480
0"
0)
#51485
b1010 0
1#
1(
#51486
1"
1)
#51492
0"
0)
0#
0(
#51498
1"
1)
#51499
b1001 0
1#
1(
#51504
0"
0)
#51506
0#
0(
#51510
1"
1)
#51513
b1000 0
1#
1(
#51516
0"
0)
#51520
0#
0(
#51522
1"
1)
#51527
b111 0
1#
1(
#51528
0"
0)
#51534
1"
1)
0#
0(
#51540
0"
0)
#51541
b110 0
1#
1(
#51546
1"
1)
#51548
0#
0(
#51552
0"
0)
#51555
b101 0
1#
1(
#51558
1"
1)
#51562
0#
0(
#51564
0"
0)
#51569
b100 0
1#
1(
#51570
1"
1)
#51571
b11 9
1&
b111 ;
#51576
0"
0)
0#
0(
#51582
1"
1)
#51583
b10001001 ,
b10001001 -
b10001001 3
b10001001 .
b11 0
1#
1(
#51588
0"
0)
#51590
0#
0(
#51594
b10001001 4
1"
1)
#51597
b10 0
1#
1(
#51600
0"
0)
#51604
0#
0(
#51606
1"
1)
#51611
b1 0
1#
1(
#51612
0"
0)
#51618
1"
1)
0#
0(
#51624
0"
0)
#51625
b0 0
1#
1(
#51630
1"
1)
#51632
0#
0(
#51636
0"
0)
#51639
b10 2
b1111 0
1#
1(
#51642
1"
1)
#51646
0#
0(
#51648
0"
0)
#51653
b1 2
b0 /
b10010 ,
b10010 -
b10010 3
b10010 .
1#
1(
#51654
b10010 4
1"
1)
#51660
0"
0)
0#
0(
#51666
1"
1)
#51667
b10011 ,
b10011 -
b10011 3
b10011 .
b1110 0
1#
1(
#51672
0"
0)
#51674
0#
0(
#51678
b10011 4
1"
1)
#51681
b1101 0
1#
1(
#51684
0"
0)
#51688
0#
0(
#51690
1"
1)
#51695
b1100 0
1#
1(
#51696
0"
0)
#51702
1"
1)
0#
0(
#51708
0"
0)
#51709
b1011 0
1#
1(
#51714
1"
1)
#51716
0#
0(
#51720
0"
0)
#51723
b1010 0
1#
1(
#51726
1"
1)
#51730
0#
0(
#51732
0"
0)
#51737
b1001 0
1#
1(
#51738
1"
1)
#51744
0"
0)
0#
0(
#51750
1"
1)
#51751
b1000 0
1#
1(
#51756
0"
0)
#51758
0#
0(
#51762
1"
1)
#51765
b111 0
1#
1(
#51768
0"
0)
#51772
0#
0(
#51774
1"
1)
#51779
b110 0
1#
1(
#51780
0"
0)
#51786
1"
1)
0#
0(
#51792
0"
0)
#51793
b101 0
1#
1(
#51798
1"
1)
b1 9
b1000 ;
#51800
0#
0(
#51804
0"
0)
#51807
b100 0
1#
1(
#51810
1"
1)
#51814
0#
0(
#51816
0"
0)
#51821
b11 0
1#
1(
#51822
1"
1)
#51828
0"
0)
0#
0(
#51834
1"
1)
#51835
b10 0
1#
1(
#51840
0"
0)
#51842
0#
0(
#51846
1"
1)
#51849
b1 0
1#
1(
#51852
0"
0)
#51856
0#
0(
#51858
1"
1)
#51863
b0 0
1#
1(
#51864
0"
0)
#51870
1"
1)
0#
0(
#51876
0"
0)
#51877
b10 2
b1111 0
1#
1(
#51882
1"
1)
#51884
0#
0(
#51888
0"
0)
#51891
b11 2
b111 /
b100110 ,
b100110 -
b100110 3
b100110 .
1#
1(
#51894
b100110 4
1"
1)
#51898
0#
0(
#51900
0"
0)
#51905
b100 2
1#
1(
#51906
1"
1)
#51912
0"
0)
0#
0(
#51918
1"
1)
#51919
0+
01
1#
1(
#51924
0"
0)
#51926
0#
0(
#51930
b1 7
1"
1)
#51933
1#
1(
#51936
0"
0)
#51940
0#
0(
#51942
b10 7
0!
08
0*
06
1"
1)
#51947
b0 2
1#
1(
#51948
0"
0)
b0 >
b0 ?
b111111 <
1'
#51949
0'
#51954
b110 5
b1001100 4
1"
1)
0#
0(
#51960
0"
0)
b1 >
1'
#51961
1+
11
1#
1(
0'
#51966
b101 5
b10011000 4
1"
1)
#51968
0#
0(
#51972
0"
0)
b10 >
1'
#51973
0'
#51975
1#
1(
#51978
b100 5
b110000 4
1!
18
1"
1)
#51982
0#
0(
#51984
0"
0)
b11 >
b100 ?
1'
#51985
0'
#51989
1#
1(
#51990
b11 5
b1100000 4
0!
08
1"
1)
#51996
0"
0)
0#
0(
b100 >
1'
#51997
0'
#52002
b10 5
b11000000 4
1"
1)
#52003
1#
1(
#52008
0"
0)
b101 >
1'
#52009
0'
#52010
0#
0(
#52014
b1 5
b10000000 4
1!
18
1"
1)
#52017
1#
1(
#52020
0"
0)
b110 >
b100100 ?
1'
#52021
0'
#52024
0#
0(
#52025
b0 9
b1001 ;
#52026
b0 5
b0 4
1"
1)
#52031
1#
1(
#52032
0"
0)
b111 >
b1100100 ?
1'
#52033
0'
#52038
b0 7
b111 5
0!
08
1"
1)
0#
0(
#52044
0"
0)
b1000 >
1'
#52045
1#
1(
0'
#52050
1!
18
b100110 4
1*
16
1"
1)
#52052
0#
0(
#52056
0"
0)
b10011 =
1$
1'
#52057
0$
0'
#52059
1#
1(
#52062
1"
1)
#52066
0#
0(
#52068
0"
0)
#52073
1#
1(
#52074
1"
1)
#52080
0"
0)
0#
0(
#52086
1"
1)
#52087
1#
1(
#52092
0"
0)
#52094
0#
0(
#52098
1"
1)
#52101
1#
1(
#52104
0"
0)
#52108
0#
0(
#52110
1"
1)
#52115
1#
1(
#52116
0"
0)
#52122
1"
1)
0#
0(
#52128
0"
0)
#52129
1#
1(
#52134
1"
1)
#52136
0#
0(
#52140
0"
0)
#52143
1#
1(
#52146
1"
1)
#52150
0#
0(
#52152
0"
0)
#52157
1#
1(
#52158
1"
1)
#52164
0"
0)
0#
0(
#52170
1"
1)
#52171
1#
1(
#52176
0"
0)
#52178
0#
0(
#52182
1"
1)
#52185
1#
1(
#52188
0"
0)
#52192
0#
0(
#52194
1"
1)
#52199
1#
1(
#52200
0"
0)
#52206
1"
1)
0#
0(
#52212
0"
0)
#52213
1#
1(
#52218
1"
1)
#52220
0#
0(
#52224
0"
0)
#52227
1#
1(
#52230
1"
1)
#52234
0#
0(
#52236
0"
0)
#52241
1#
1(
#52242
1"
1)
#52248
0"
0)
0#
0(
#52252
b1010 ;
#52254
1"
1)
#52255
1#
1(
#52260
0"
0)
#52262
0#
0(
#52266
1"
1)
#52269
1#
1(
#52272
0"
0)
#52276
0#
0(
#52278
1"
1)
#52283
1#
1(
#52284
0"
0)
#52290
1"
1)
0#
0(
#52296
0"
0)
#52297
1#
1(
#52302
1"
1)
#52304
0#
0(
#52308
0"
0)
#52311
1#
1(
#52314
1"
1)
#52318
0#
0(
#52320
0"
0)
#52325
1#
1(
#52326
1"
1)
#52332
0"
0)
0#
0(
#52338
1"
1)
#52339
1#
1(
#52344
0"
0)
#52346
0#
0(
#52350
1"
1)
#52353
1#
1(
#52356
0"
0)
#52360
0#
0(
#52362
1"
1)
#52367
1#
1(
#52368
0"
0)
#52374
1"
1)
0#
0(
#52380
0"
0)
#52381
1#
1(
#52386
1"
1)
#52388
0#
0(
#52392
0"
0)
#52395
1#
1(
#52398
1"
1)
#52402
0#
0(
#52404
0"
0)
#52409
1#
1(
#52410
1"
1)
#52416
0"
0)
0#
0(
#52422
1"
1)
#52423
1#
1(
#52428
0"
0)
#52430
0#
0(
#52434
1"
1)
#52437
1#
1(
#52440
0"
0)
#52444
0#
0(
#52446
1"
1)
#52451
1#
1(
#52452
0"
0)
#52458
1"
1)
0#
0(
#52464
0"
0)
#52465
1#
1(
#52470
1"
1)
#52472
0#
0(
#52476
0"
0)
#52479
1#
1(
#52482
1"
1)
#52486
0#
0(
#52488
0"
0)
#52493
1#
1(
#52494
1"
1)
#52500
0"
0)
0#
0(
#52506
1"
1)
#52507
1#
1(
#52512
0"
0)
#52514
0#
0(
#52518
1"
1)
#52521
1#
1(
#52524
0"
0)
#52528
0#
0(
#52530
1"
1)
#52535
1#
1(
#52536
0"
0)
#52542
1"
1)
0#
0(
#52548
0"
0)
#52549
1#
1(
#52554
1"
1)
#52556
0#
0(
#52560
0"
0)
#52563
1#
1(
#52566
1"
1)
#52570
0#
0(
#52572
0"
0)
#52577
1#
1(
#52578
1"
1)
#52584
0"
0)
0#
0(
#52590
1"
1)
#52591
1#
1(
#52596
0"
0)
#52598
0#
0(
#52602
1"
1)
#52605
1#
1(
#52608
0"
0)
#52612
0#
0(
#52614
1"
1)
#52619
1#
1(
#52620
0"
0)
#52626
1"
1)
0#
0(
#52632
0"
0)
#52633
1#
1(
#52638
1"
1)
#52640
0#
0(
#52644
0"
0)
#52647
1#
1(
#52650
1"
1)
#52654
0#
0(
#52656
0"
0)
#52661
1#
1(
#52662
1"
1)
#52668
0"
0)
0#
0(
#52674
1"
1)
#52675
1#
1(
#52680
0"
0)
#52682
0#
0(
#52686
1"
1)
#52689
1#
1(
#52692
0"
0)
#52696
0#
0(
#52698
1"
1)
#52703
1#
1(
#52704
0"
0)
#52710
1"
1)
0#
0(
#52716
0"
0)
#52717
1#
1(
#52722
1"
1)
#52724
0#
0(
#52728
0"
0)
#52731
1#
1(
#52734
1"
1)
#52738
0#
0(
#52740
0"
0)
#52745
1#
1(
#52746
1"
1)
#52752
0"
0)
0#
0(
#52758
1"
1)
#52759
1#
1(
#52764
0"
0)
#52766
0#
0(
#52770
1"
1)
#52773
1#
1(
#52776
0"
0)
#52780
0#
0(
#52782
1"
1)
#52787
1#
1(
#52788
0"
0)
#52794
1"
1)
0#
0(
#52800
0"
0)
#52801
1#
1(
#52806
1"
1)
#52808
0#
0(
#52812
0"
0)
#52815
1#
1(
#52818
1"
1)
#52822
0#
0(
#52824
0"
0)
#52829
1#
1(
#52830
1"
1)
#52836
0"
0)
0#
0(
#52842
1"
1)
#52843
1#
1(
#52848
0"
0)
#52850
0#
0(
#52854
1"
1)
#52857
1#
1(
#52860
0"
0)
#52864
0#
0(
#52866
1"
1)
#52871
1#
1(
#52872
0"
0)
#52878
1"
1)
0#
0(
#52884
0"
0)
#52885
1#
1(
#52890
1"
1)
#52892
0#
0(
#52896
0"
0)
#52899
1#
1(
#52902
1"
1)
#52906
0#
0(
#52908
0"
0)
#52913
1#
1(
#52914
1"
1)
#52920
0"
0)
0#
0(
#52926
1"
1)
#52927
1#
1(
#52932
0"
0)
#52934
0#
0(
#52938
1"
1)
#52941
1#
1(
#52944
0"
0)
#52948
0#
0(
#52950
1"
1)
#52955
1#
1(
#52956
0"
0)
#52962
1"
1)
0#
0(
#52968
0"
0)
#52969
1#
1(
#52974
1"
1)
#52976
0#
0(
#52980
0"
0)
#52983
1#
1(
#52986
1"
1)
#52990
0#
0(
#52992
0"
0)
#52997
1#
1(
#52998
1"
1)
#53004
0"
0)
0#
0(
#53010
1"
1)
#53011
1#
1(
#53016
0"
0)
#53018
0#
0(
#53022
1"
1)
#53025
1#
1(
#53028
0"
0)
#53032
0#
0(
#53034
1"
1)
#53039
1#
1(
#53040
0"
0)
#53046
1"
1)
0#
0(
#53052
0"
0)
#53053
1#
1(
#53058
1"
1)
#53060
0#
0(
#53064
0"
0)
#53067
1#
1(
#53070
1"
1)
#53074
0#
0(
#53076
0"
0)
#53081
1#
1(
#53082
1"
1)
#53088
0"
0)
0#
0(
#53094
1"
1)
#53095
1#
1(
#53100
0"
0)
#53102
0#
0(
#53106
1"
1)
#53109
1#
1(
#53112
0"
0)
#53116
0#
0(
#53118
1"
1)
#53123
1#
1(
#53124
0"
0)
#53130
1"
1)
0#
0(
#53136
0"
0)
#53137
1#
1(
#53142
1"
1)
#53144
0#
0(
#53148
0"
0)
#53151
1#
1(
#53154
1"
1)
#53158
0#
0(
#53160
0"
0)
#53165
1#
1(
#53166
1"
1)
#53172
0"
0)
0#
0(
#53178
1"
1)
#53179
1#
1(
#53184
0"
0)
#53186
0#
0(
#53190
1"
1)
#53193
1#
1(
#53196
0"
0)
#53200
0#
0(
#53202
1"
1)
#53207
1#
1(
#53208
0"
0)
#53214
1"
1)
0#
0(
#53220
0"
0)
#53221
1#
1(
#53226
1"
1)
#53228
0#
0(
#53232
0"
0)
#53235
1#
1(
#53238
1"
1)
#53242
0#
0(
#53244
0"
0)
#53249
1#
1(
#53250
1"
1)
#53256
0"
0)
0#
0(
#53262
1"
1)
#53263
1#
1(
#53268
0"
0)
#53270
0#
0(
#53274
1"
1)
#53277
1#
1(
#53280
0"
0)
#53284
0#
0(
#53286
1"
1)
#53291
1#
1(
#53292
0"
0)
#53298
1"
1)
0#
0(
#53304
0"
0)
#53305
1#
1(
#53310
1"
1)
#53312
0#
0(
#53316
0"
0)
#53319
1#
1(
#53322
1"
1)
#53326
0#
0(
#53328
0"
0)
#53333
1#
1(
#53334
1"
1)
#53340
0"
0)
0#
0(
#53346
1"
1)
#53347
1#
1(
#53352
0"
0)
#53354
0#
0(
#53358
1"
1)
#53361
1#
1(
#53364
0"
0)
#53368
0#
0(
#53370
1"
1)
#53375
1#
1(
#53376
0"
0)
#53382
1"
1)
0#
0(
#53388
0"
0)
#53389
1#
1(
#53394
1"
1)
#53396
0#
0(
#53400
0"
0)
#53403
1#
1(
#53406
1"
1)
#53410
0#
0(
#53412
0"
0)
#53417
1#
1(
#53418
1"
1)
#53424
0"
0)
0#
0(
#53430
1"
1)
#53431
1#
1(
#53436
0"
0)
#53438
0#
0(
#53442
1"
1)
#53445
1#
1(
#53448
0"
0)
#53452
0#
0(
#53454
1"
1)
#53459
1#
1(
#53460
0"
0)
#53466
1"
1)
0#
0(
#53472
0"
0)
#53473
1#
1(
#53478
1"
1)
#53480
0#
0(
#53484
0"
0)
#53487
1#
1(
#53490
1"
1)
#53494
0#
0(
#53496
0"
0)
#53501
1#
1(
#53502
1"
1)
#53508
0"
0)
0#
0(
#53514
1"
1)
#53515
1#
1(
#53520
0"
0)
#53522
0#
0(
#53526
1"
1)
#53529
1#
1(
#53532
0"
0)
#53536
0#
0(
#53538
1"
1)
#53543
1#
1(
#53544
0"
0)
#53550
1"
1)
0#
0(
#53556
0"
0)
#53557
1#
1(
#53562
1"
1)
#53564
0#
0(
#53568
0"
0)
#53571
1#
1(
#53574
1"
1)
#53578
0#
0(
#53580
0"
0)
#53585
1#
1(
#53586
1"
1)
#53592
0"
0)
0#
0(
#53598
1"
1)
#53599
1#
1(
#53604
0"
0)
#53606
0#
0(
#53610
1"
1)
#53613
1#
1(
#53616
0"
0)
#53620
0#
0(
#53622
1"
1)
#53627
1#
1(
#53628
0"
0)
#53634
1"
1)
0#
0(
#53640
0"
0)
#53641
1#
1(
#53646
1"
1)
#53648
0#
0(
#53652
0"
0)
#53655
1#
1(
#53658
1"
1)
#53662
0#
0(
#53664
0"
0)
#53669
1#
1(
#53670
1"
1)
#53676
0"
0)
0#
0(
#53682
1"
1)
#53683
1#
1(
#53688
0"
0)
#53690
0#
0(
#53694
1"
1)
#53697
1#
1(
#53700
0"
0)
#53704
0#
0(
#53706
1"
1)
#53711
1#
1(
#53712
0"
0)
#53718
1"
1)
0#
0(
#53724
0"
0)
#53725
1#
1(
#53730
1"
1)
#53732
0#
0(
#53736
0"
0)
#53739
1#
1(
#53742
1"
1)
#53746
0#
0(
#53748
0"
0)
#53753
1#
1(
#53754
1"
1)
#53760
0"
0)
0#
0(
#53766
1"
1)
#53767
1#
1(
#53772
0"
0)
#53774
0#
0(
#53778
1"
1)
#53781
1#
1(
#53784
0"
0)
#53788
0#
0(
#53790
1"
1)
#53795
1#
1(
#53796
0"
0)
#53802
1"
1)
0#
0(
#53808
0"
0)
#53809
1#
1(
#53814
1"
1)
#53816
0#
0(
#53820
0"
0)
#53823
1#
1(
#53826
1"
1)
#53830
0#
0(
#53832
0"
0)
#53837
1#
1(
#53838
1"
1)
#53844
0"
0)
0#
0(
#53850
1"
1)
#53851
1#
1(
#53856
0"
0)
#53858
0#
0(
#53862
1"
1)
#53865
1#
1(
#53868
0"
0)
#53872
0#
0(
#53874
1"
1)
#53879
1#
1(
#53880
0"
0)
#53886
1"
1)
0#
0(
#53892
0"
0)
#53893
1#
1(
#53898
1"
1)
#53900
0#
0(
#53904
0"
0)
#53907
1#
1(
#53910
1"
1)
#53914
0#
0(
#53916
0"
0)
#53921
1#
1(
#53922
1"
1)
#53928
0"
0)
0#
0(
#53934
1"
1)
#53935
1#
1(
#53940
0"
0)
#53942
0#
0(
#53946
1"
1)
#53949
1#
1(
#53952
0"
0)
#53956
0#
0(
#53958
1"
1)
#53963
1#
1(
#53964
0"
0)
#53970
1"
1)
0#
0(
#53976
0"
0)
#53977
1#
1(
#53982
1"
1)
#53984
0#
0(
#53988
0"
0)
#53991
1#
1(
#53994
1"
1)
#53998
0#
0(
#54000
0"
0)
#54005
1#
1(
#54006
1"
1)
#54012
0"
0)
0#
0(
#54018
1"
1)
#54019
1#
1(
#54024
0"
0)
#54026
0#
0(
#54030
1"
1)
#54033
1#
1(
#54036
0"
0)
#54040
0#
0(
#54042
1"
1)
#54047
1#
1(
#54048
0"
0)
#54054
1"
1)
0#
0(
#54060
0"
0)
#54061
1#
1(
#54066
1"
1)
#54068
0#
0(
#54072
0"
0)
#54075
1#
1(
#54078
1"
1)
#54082
0#
0(
#54084
0"
0)
#54089
1#
1(
#54090
1"
1)
#54096
0"
0)
0#
0(
#54102
1"
1)
#54103
1#
1(
#54108
0"
0)
#54110
0#
0(
#54114
1"
1)
#54117
1#
1(
#54120
0"
0)
#54124
0#
0(
#54126
1"
1)
#54131
1#
1(
#54132
0"
0)
#54138
1"
1)
0#
0(
#54144
0"
0)
#54145
1#
1(
#54150
1"
1)
#54152
0#
0(
#54156
0"
0)
#54159
1#
1(
#54162
1"
1)
#54166
0#
0(
#54168
0"
0)
#54173
1#
1(
#54174
1"
1)
#54180
0"
0)
0#
0(
#54186
1"
1)
#54187
1#
1(
#54192
0"
0)
#54194
0#
0(
#54198
1"
1)
#54201
1#
1(
#54204
0"
0)
#54208
0#
0(
#54210
1"
1)
#54215
1#
1(
#54216
0"
0)
#54222
1"
1)
0#
0(
#54228
0"
0)
#54229
1#
1(
#54234
1"
1)
#54236
0#
0(
#54240
0"
0)
#54243
1#
1(
#54246
1"
1)
#54250
0#
0(
#54252
0"
0)
#54257
1#
1(
#54258
1"
1)
#54264
0"
0)
0#
0(
#54270
1"
1)
#54271
1#
1(
#54276
0"
0)
#54278
0#
0(
#54282
1"
1)
#54285
1#
1(
#54288
0"
0)
#54292
0#
0(
#54294
1"
1)
#54299
1#
1(
#54300
0"
0)
#54306
1"
1)
0#
0(
#54312
0"
0)
#54313
1#
1(
#54318
1"
1)
#54320
0#
0(
#54324
0"
0)
#54327
1#
1(
#54330
1"
1)
#54334
0#
0(
#54336
0"
0)
#54341
1#
1(
#54342
1"
1)
#54348
0"
0)
0#
0(
#54354
1"
1)
#54355
1#
1(
#54360
0"
0)
#54362
0#
0(
#54366
1"
1)
#54369
1#
1(
#54372
0"
0)
#54376
0#
0(
#54378
1"
1)
#54383
1#
1(
#54384
0"
0)
#54390
1"
1)
0#
0(
#54396
0"
0)
#54397
1#
1(
#54402
1"
1)
#54404
0#
0(
#54408
0"
0)
#54411
1#
1(
#54414
1"
1)
#54418
0#
0(
#54420
0"
0)
#54425
1#
1(
#54426
1"
1)
#54432
0"
0)
0#
0(
#54438
1"
1)
#54439
1#
1(
#54444
0"
0)
#54446
0#
0(
#54450
1"
1)
#54453
1#
1(
#54456
0"
0)
#54460
0#
0(
#54462
1"
1)
#54467
1#
1(
#54468
0"
0)
#54474
1"
1)
0#
0(
#54480
0"
0)
#54481
1#
1(
#54486
1"
1)
#54488
0#
0(
#54492
0"
0)
#54495
1#
1(
#54498
1"
1)
#54502
0#
0(
#54504
0"
0)
#54509
1#
1(
#54510
1"
1)
#54516
0"
0)
0#
0(
#54522
1"
1)
#54523
1#
1(
#54524
0&
b0 ;
b111011001 9
b1100 :
#54528
0"
0)
#54530
0#
0(
#54534
1"
1)
#54537
b1 2
1#
1(
#54540
0"
0)
#54544
0#
0(
#54546
1"
1)
#54551
b1110 0
1#
1(
#54552
0"
0)
#54558
1"
1)
0#
0(
#54564
0"
0)
#54565
b1101 0
1#
1(
#54570
1"
1)
#54572
0#
0(
#54576
0"
0)
#54579
b1100 0
1#
1(
#54582
1"
1)
#54586
0#
0(
#54588
0"
0)
#54593
b1011 0
1#
1(
#54594
1"
1)
#54600
0"
0)
0#
0(
#54606
1"
1)
#54607
b1010 0
1#
1(
#54612
0"
0)
#54614
0#
0(
#54618
1"
1)
#54621
b1001 0
1#
1(
#54624
0"
0)
#54628
0#
0(
#54630
1"
1)
#54635
b1000 0
1#
1(
#54636
0"
0)
#54642
1"
1)
0#
0(
#54648
0"
0)
#54649
b111 0
1#
1(
#54654
1"
1)
#54656
0#
0(
#54660
0"
0)
#54663
b110 0
1#
1(
#54666
1"
1)
#54670
0#
0(
#54672
0"
0)
#54677
b101 0
1#
1(
#54678
1"
1)
#54684
0"
0)
0#
0(
#54690
1"
1)
#54691
b100 0
1#
1(
#54696
0"
0)
#54698
0#
0(
#54702
1"
1)
#54705
b11 0
1#
1(
#54708
0"
0)
#54712
0#
0(
#54714
1"
1)
#54719
b10 0
1#
1(
#54720
0"
0)
#54726
1"
1)
0#
0(
#54732
0"
0)
#54733
b1 0
1#
1(
#54738
1"
1)
#54740
0#
0(
#54744
0"
0)
#54747
b0 0
1#
1(
#54750
1"
1)
#54751
b11101100 9
1&
b1 ;
#54754
0#
0(
#54756
0"
0)
#54761
b10 2
b100111 ,
b100111 -
b100111 3
b100111 .
b1111 0
1#
1(
#54762
b100111 4
1"
1)
#54768
0"
0)
0#
0(
#54774
1"
1)
#54775
b1 2
b110 /
b1001110 ,
b1001110 -
b1001110 3
b1001110 .
1#
1(
#54780
0"
0)
#54782
0#
0(
#54786
b1001110 4
1"
1)
#54789
b1001111 ,
b1001111 -
b1001111 3
b1001111 .
b1110 0
1#
1(
#54792
0"
0)
#54796
0#
0(
#54798
b1001111 4
1"
1)
#54803
b1101 0
1#
1(
#54804
0"
0)
#54810
1"
1)
0#
0(
#54816
0"
0)
#54817
b1100 0
1#
1(
#54822
1"
1)
#54824
0#
0(
#54828
0"
0)
#54831
b1011 0
1#
1(
#54834
1"
1)
#54838
0#
0(
#54840
0"
0)
#54845
b1010 0
1#
1(
#54846
1"
1)
#54852
0"
0)
0#
0(
#54858
1"
1)
#54859
b1001 0
1#
1(
#54864
0"
0)
#54866
0#
0(
#54870
1"
1)
#54873
b1000 0
1#
1(
#54876
0"
0)
#54880
0#
0(
#54882
1"
1)
#54887
b111 0
1#
1(
#54888
0"
0)
#54894
1"
1)
0#
0(
#54900
0"
0)
#54901
b110 0
1#
1(
#54906
1"
1)
#54908
0#
0(
#54912
0"
0)
#54915
b101 0
1#
1(
#54918
1"
1)
#54922
0#
0(
#54924
0"
0)
#54929
b100 0
1#
1(
#54930
1"
1)
#54936
0"
0)
0#
0(
#54942
1"
1)
#54943
b11 0
1#
1(
#54948
0"
0)
#54950
0#
0(
#54954
1"
1)
#54957
b10 0
1#
1(
#54960
0"
0)
#54964
0#
0(
#54966
1"
1)
#54971
b1 0
1#
1(
#54972
0"
0)
#54978
1"
1)
0#
0(
b1110110 9
0&
b10 ;
#54984
0"
0)
#54985
b1001110 ,
b1001110 -
b1001110 3
b1001110 .
b0 0
1#
1(
#54990
b1001110 4
1"
1)
#54992
0#
0(
#54996
0"
0)
#54999
b10 2
b1111 0
1#
1(
#55002
1"
1)
#55006
0#
0(
#55008
0"
0)
#55013
b1 2
b101 /
b10011100 ,
b10011100 -
b10011100 3
b10011100 .
1#
1(
#55014
b10011100 4
1"
1)
#55020
0"
0)
0#
0(
#55026
1"
1)
#55027
b1110 0
1#
1(
#55032
0"
0)
#55034
0#
0(
#55038
1"
1)
#55041
b1101 0
1#
1(
#55044
0"
0)
#55048
0#
0(
#55050
1"
1)
#55055
b1100 0
1#
1(
#55056
0"
0)
#55062
1"
1)
0#
0(
#55068
0"
0)
#55069
b1011 0
1#
1(
#55074
1"
1)
#55076
0#
0(
#55080
0"
0)
#55083
b1010 0
1#
1(
#55086
1"
1)
#55090
0#
0(
#55092
0"
0)
#55097
b1001 0
1#
1(
#55098
1"
1)
#55104
0"
0)
0#
0(
#55110
1"
1)
#55111
b1000 0
1#
1(
#55116
0"
0)
#55118
0#
0(
#55122
1"
1)
#55125
b111 0
1#
1(
#55128
0"
0)
#55132
0#
0(
#55134
1"
1)
#55139
b110 0
1#
1(
#55140
0"
0)
#55146
1"
1)
0#
0(
#55152
0"
0)
#55153
b101 0
1#
1(
#55158
1"
1)
#55160
0#
0(
#55164
0"
0)
#55167
b100 0
1#
1(
#55170
1"
1)
#55174
0#
0(
#55176
0"
0)
#55181
b11 0
1#
1(
#55182
1"
1)
#55188
0"
0)
0#
0(
#55194
1"
1)
#55195
b10 0
1#
1(
#55200
0"
0)
#55202
0#
0(
#55205
b111011 9
b11 ;
#55206
1"
1)
#55209
b1 0
1#
1(
#55212
0"
0)
#55216
0#
0(
#55218
1"
1)
#55223
b0 0
1#
1(
#55224
0"
0)
#55230
1"
1)
0#
0(
#55236
0"
0)
#55237
b10 2
b1111 0
1#
1(
#55242
1"
1)
#55244
0#
0(
#55248
0"
0)
#55251
b1 2
b100 /
b111000 ,
b111000 -
b111000 3
b111000 .
1#
1(
#55254
b111000 4
1"
1)
#55258
0#
0(
#55260
0"
0)
#55265
b1110 0
1#
1(
#55266
1"
1)
#55272
0"
0)
0#
0(
#55278
1"
1)
#55279
b1101 0
1#
1(
#55284
0"
0)
#55286
0#
0(
#55290
1"
1)
#55293
b1100 0
1#
1(
#55296
0"
0)
#55300
0#
0(
#55302
1"
1)
#55307
b1011 0
1#
1(
#55308
0"
0)
#55314
1"
1)
0#
0(
#55320
0"
0)
#55321
b1010 0
1#
1(
#55326
1"
1)
#55328
0#
0(
#55332
0"
0)
#55335
b1001 0
1#
1(
#55338
1"
1)
#55342
0#
0(
#55344
0"
0)
#55349
b1000 0
1#
1(
#55350
1"
1)
#55356
0"
0)
0#
0(
#55362
1"
1)
#55363
b111 0
1#
1(
#55368
0"
0)
#55370
0#
0(
#55374
1"
1)
#55377
b110 0
1#
1(
#55380
0"
0)
#55384
0#
0(
#55386
1"
1)
#55391
b101 0
1#
1(
#55392
0"
0)
#55398
1"
1)
0#
0(
#55404
0"
0)
#55405
b100 0
1#
1(
#55410
1"
1)
#55412
0#
0(
#55416
0"
0)
#55419
b11 0
1#
1(
#55422
1"
1)
#55426
0#
0(
#55428
0"
0)
#55432
b11101 9
1&
b100 ;
#55433
b111001 ,
b111001 -
b111001 3
b111001 .
b10 0
1#
1(
#55434
b111001 4
1"
1)
#55440
0"
0)
0#
0(
#55446
1"
1)
#55447
b1 0
1#
1(
#55452
0"
0)
#55454
0#
0(
#55458
1"
1)
#55461
b0 0
1#
1(
#55464
0"
0)
#55468
0#
0(
#55470
1"
1)
#55475
b10 2
b1111 0
1#
1(
#55476
0"
0)
#55482
1"
1)
0#
0(
#55488
0"
0)
#55489
b1 2
b11 /
b1110010 ,
b1110010 -
b1110010 3
b1110010 .
1#
1(
#55494
b1110010 4
1"
1)
#55496
0#
0(
#55500
0"
0)
#55503
b1110011 ,
b1110011 -
b1110011 3
b1110011 .
b1110 0
1#
1(
#55506
b1110011 4
1"
1)
#55510
0#
0(
#55512
0"
0)
#55517
b1101 0
1#
1(
#55518
1"
1)
#55524
0"
0)
0#
0(
#55530
1"
1)
#55531
b1100 0
1#
1(
#55536
0"
0)
#55538
0#
0(
#55542
1"
1)
#55545
b1011 0
1#
1(
#55548
0"
0)
#55552
0#
0(
#55554
1"
1)
#55559
b1010 0
1#
1(
#55560
0"
0)
#55566
1"
1)
0#
0(
#55572
0"
0)
#55573
b1001 0
1#
1(
#55578
1"
1)
#55580
0#
0(
#55584
0"
0)
#55587
b1000 0
1#
1(
#55590
1"
1)
#55594
0#
0(
#55596
0"
0)
#55601
b111 0
1#
1(
#55602
1"
1)
#55608
0"
0)
0#
0(
#55614
1"
1)
#55615
b110 0
1#
1(
#55620
0"
0)
#55622
0#
0(
#55626
1"
1)
#55629
b101 0
1#
1(
#55632
0"
0)
#55636
0#
0(
#55638
1"
1)
#55643
b100 0
1#
1(
#55644
0"
0)
#55650
1"
1)
0#
0(
#55656
0"
0)
#55657
b11 0
1#
1(
#55659
b1110 9
b101 ;
#55662
1"
1)
#55664
0#
0(
#55668
0"
0)
#55671
b10 0
1#
1(
#55674
1"
1)
#55678
0#
0(
#55680
0"
0)
#55685
b1 0
1#
1(
#55686
1"
1)
#55692
0"
0)
0#
0(
#55698
1"
1)
#55699
b0 0
1#
1(
#55704
0"
0)
#55706
0#
0(
#55710
1"
1)
#55713
b10 2
b1111 0
1#
1(
#55716
0"
0)
#55720
0#
0(
#55722
1"
1)
#55727
b1 2
b10 /
b11100110 ,
b11100110 -
b11100110 3
b11100110 .
1#
1(
#55728
0"
0)
#55734
b11100110 4
1"
1)
0#
0(
#55740
0"
0)
#55741
b11100111 ,
b11100111 -
b11100111 3
b11100111 .
b1110 0
1#
1(
#55746
b11100111 4
1"
1)
#55748
0#
0(
#55752
0"
0)
#55755
b1101 0
1#
1(
#55758
1"
1)
#55762
0#
0(
#55764
0"
0)
#55769
b1100 0
1#
1(
#55770
1"
1)
#55776
0"
0)
0#
0(
#55782
1"
1)
#55783
b1011 0
1#
1(
#55788
0"
0)
#55790
0#
0(
#55794
1"
1)
#55797
b1010 0
1#
1(
#55800
0"
0)
#55804
0#
0(
#55806
1"
1)
#55811
b1001 0
1#
1(
#55812
0"
0)
#55818
1"
1)
0#
0(
#55824
0"
0)
#55825
b1000 0
1#
1(
#55830
1"
1)
#55832
0#
0(
#55836
0"
0)
#55839
b111 0
1#
1(
#55842
1"
1)
#55846
0#
0(
#55848
0"
0)
#55853
b110 0
1#
1(
#55854
1"
1)
#55860
0"
0)
0#
0(
#55866
1"
1)
#55867
b101 0
1#
1(
#55872
0"
0)
#55874
0#
0(
#55878
1"
1)
#55881
b100 0
1#
1(
#55884
0"
0)
#55886
b111 9
0&
b110 ;
#55888
0#
0(
#55890
1"
1)
#55895
b11100110 ,
b11100110 -
b11100110 3
b11100110 .
b11 0
1#
1(
#55896
0"
0)
#55902
b11100110 4
1"
1)
0#
0(
#55908
0"
0)
#55909
b10 0
1#
1(
#55914
1"
1)
#55916
0#
0(
#55920
0"
0)
#55923
b1 0
1#
1(
#55926
1"
1)
#55930
0#
0(
#55932
0"
0)
#55937
b0 0
1#
1(
#55938
1"
1)
#55944
0"
0)
0#
0(
#55950
1"
1)
#55951
b10 2
b1111 0
1#
1(
#55956
0"
0)
#55958
0#
0(
#55962
1"
1)
#55965
b1 2
b1 /
b11001100 ,
b11001100 -
b11001100 3
b11001100 .
1#
1(
#55968
0"
0)
#55972
0#
0(
#55974
b11001100 4
1"
1)
#55979
b1110 0
1#
1(
#55980
0"
0)
#55986
1"
1)
0#
0(
#55992
0"
0)
#55993
b1101 0
1#
1(
#55998
1"
1)
#56000
0#
0(
#56004
0"
0)
#56007
b1100 0
1#
1(
#56010
1"
1)
#56014
0#
0(
#56016
0"
0)
#56021
b1011 0
1#
1(
#56022
1"
1)
#56028
0"
0)
0#
0(
#56034
1"
1)
#56035
b1010 0
1#
1(
#56040
0"
0)
#56042
0#
0(
#56046
1"
1)
#56049
b1001 0
1#
1(
#56052
0"
0)
#56056
0#
0(
#56058
1"
1)
#56063
b1000 0
1#
1(
#56064
0"
0)
#56070
1"
1)
0#
0(
#56076
0"
0)
#56077
b111 0
1#
1(
#56082
1"
1)
#56084
0#
0(
#56088
0"
0)
#56091
b110 0
1#
1(
#56094
1"
1)
#56098
0#
0(
#56100
0"
0)
#56105
b101 0
1#
1(
#56106
1"
1)
#56112
0"
0)
0#
0(
#56113
b11 9
1&
b111 ;
#56118
1"
1)
#56119
b11001101 ,
b11001101 -
b11001101 3
b11001101 .
b100 0
1#
1(
#56124
0"
0)
#56126
0#
0(
#56130
b11001101 4
1"
1)
#56133
b11 0
1#
1(
#56136
0"
0)
#56140
0#
0(
#56142
1"
1)
#56147
b10 0
1#
1(
#56148
0"
0)
#56154
1"
1)
0#
0(
#56160
0"
0)
#56161
b1 0
1#
1(
#56166
1"
1)
#56168
0#
0(
#56172
0"
0)
#56175
b0 0
1#
1(
#56178
1"
1)
#56182
0#
0(
#56184
0"
0)
#56189
b10 2
b1111 0
1#
1(
#56190
1"
1)
#56196
0"
0)
0#
0(
#56202
1"
1)
#56203
b1 2
b0 /
b10011010 ,
b10011010 -
b10011010 3
b10011010 .
1#
1(
#56208
0"
0)
#56210
0#
0(
#56214
b10011010 4
1"
1)
#56217
b10011011 ,
b10011011 -
b10011011 3
b10011011 .
b1110 0
1#
1(
#56220
0"
0)
#56224
0#
0(
#56226
b10011011 4
1"
1)
#56231
b1101 0
1#
1(
#56232
0"
0)
#56238
1"
1)
0#
0(
#56244
0"
0)
#56245
b1100 0
1#
1(
#56250
1"
1)
#56252
0#
0(
#56256
0"
0)
#56259
b1011 0
1#
1(
#56262
1"
1)
#56266
0#
0(
#56268
0"
0)
#56273
b1010 0
1#
1(
#56274
1"
1)
#56280
0"
0)
0#
0(
#56286
1"
1)
#56287
b1001 0
1#
1(
#56292
0"
0)
#56294
0#
0(
#56298
1"
1)
#56301
b1000 0
1#
1(
#56304
0"
0)
#56308
0#
0(
#56310
1"
1)
#56315
b111 0
1#
1(
#56316
0"
0)
#56322
1"
1)
0#
0(
#56328
0"
0)
#56329
b110 0
1#
1(
#56334
1"
1)
#56336
0#
0(
#56340
0"
0)
b1 9
b1000 ;
#56343
b101 0
1#
1(
#56346
1"
1)
#56350
0#
0(
#56352
0"
0)
#56357
b100 0
1#
1(
#56358
1"
1)
#56364
0"
0)
0#
0(
#56370
1"
1)
#56371
b11 0
1#
1(
#56376
0"
0)
#56378
0#
0(
#56382
1"
1)
#56385
b10 0
1#
1(
#56388
0"
0)
#56392
0#
0(
#56394
1"
1)
#56399
b1 0
1#
1(
#56400
0"
0)
#56406
1"
1)
0#
0(
#56412
0"
0)
#56413
b0 0
1#
1(
#56418
1"
1)
#56420
0#
0(
#56424
0"
0)
#56427
b10 2
b1111 0
1#
1(
#56430
1"
1)
#56434
0#
0(
#56436
0"
0)
#56441
b11 2
b111 /
b110110 ,
b110110 -
b110110 3
b110110 .
1#
1(
#56442
b110110 4
1"
1)
#56448
0"
0)
0#
0(
#56454
1"
1)
#56455
b100 2
1#
1(
#56460
0"
0)
#56462
0#
0(
#56466
1"
1)
#56469
0+
01
1#
1(
#56472
0"
0)
#56476
0#
0(
#56478
b1 7
1"
1)
#56483
1#
1(
#56484
0"
0)
#56490
b10 7
0!
08
0*
06
1"
1)
0#
0(
#56496
0"
0)
b0 >
b0 ?
b1010000 <
1'
#56497
b0 2
1#
1(
0'
#56502
b110 5
b1101100 4
1"
1)
#56504
0#
0(
#56508
0"
0)
b1 >
1'
#56509
0'
#56511
1+
11
1#
1(
#56514
b101 5
b11011000 4
1"
1)
#56518
0#
0(
#56520
0"
0)
b10 >
1'
#56521
0'
#56525
1#
1(
#56526
b100 5
b10110000 4
1!
18
1"
1)
#56532
0"
0)
0#
0(
b11 >
b100 ?
1'
#56533
0'
#56538
b11 5
b1100000 4
1"
1)
#56539
1#
1(
#56544
0"
0)
b100 >
b1100 ?
1'
#56545
0'
#56546
0#
0(
#56550
b10 5
b11000000 4
0!
08
1"
1)
#56553
1#
1(
#56556
0"
0)
b101 >
1'
#56557
0'
#56560
0#
0(
#56562
b1 5
b10000000 4
1!
18
1"
1)
#56567
1#
1(
b0 9
b1001 ;
#56568
0"
0)
b110 >
b101100 ?
1'
#56569
0'
#56574
b0 5
b0 4
1"
1)
0#
0(
#56580
0"
0)
b111 >
b1101100 ?
1'
#56581
1#
1(
0'
#56586
b0 7
b111 5
0!
08
1"
1)
#56588
0#
0(
#56592
0"
0)
b1000 >
1'
#56593
0'
#56595
1#
1(
#56598
1!
18
b110110 4
1*
16
1"
1)
#56602
0#
0(
#56604
0"
0)
b10100 =
1$
1'
#56605
0$
0'
#56609
1#
1(
#56610
1"
1)
#56616
0"
0)
0#
0(
#56622
1"
1)
#56623
1#
1(
#56628
0"
0)
#56630
0#
0(
#56634
1"
1)
#56637
1#
1(
#56640
0"
0)
#56644
0#
0(
#56646
1"
1)
#56651
1#
1(
#56652
0"
0)
#56658
1"
1)
0#
0(
#56664
0"
0)
#56665
1#
1(
#56670
1"
1)
#56672
0#
0(
#56676
0"
0)
#56679
1#
1(
#56682
1"
1)
#56686
0#
0(
#56688
0"
0)
#56693
1#
1(
#56694
1"
1)
#56700
0"
0)
0#
0(
#56706
1"
1)
#56707
1#
1(
#56712
0"
0)
#56714
0#
0(
#56718
1"
1)
#56721
1#
1(
#56724
0"
0)
#56728
0#
0(
#56730
1"
1)
#56735
1#
1(
#56736
0"
0)
#56742
1"
1)
0#
0(
#56748
0"
0)
#56749
1#
1(
#56754
1"
1)
#56756
0#
0(
#56760
0"
0)
#56763
1#
1(
#56766
1"
1)
#56770
0#
0(
#56772
0"
0)
#56777
1#
1(
#56778
1"
1)
#56784
0"
0)
0#
0(
#56790
1"
1)
#56791
1#
1(
#56794
b1010 ;
#56796
0"
0)
#56798
0#
0(
#56802
1"
1)
#56805
1#
1(
#56808
0"
0)
#56812
0#
0(
#56814
1"
1)
#56819
1#
1(
#56820
0"
0)
#56826
1"
1)
0#
0(
#56832
0"
0)
#56833
1#
1(
#56838
1"
1)
#56840
0#
0(
#56844
0"
0)
#56847
1#
1(
#56850
1"
1)
#56854
0#
0(
#56856
0"
0)
#56861
1#
1(
#56862
1"
1)
#56868
0"
0)
0#
0(
#56874
1"
1)
#56875
1#
1(
#56880
0"
0)
#56882
0#
0(
#56886
1"
1)
#56889
1#
1(
#56892
0"
0)
#56896
0#
0(
#56898
1"
1)
#56903
1#
1(
#56904
0"
0)
#56910
1"
1)
0#
0(
#56916
0"
0)
#56917
1#
1(
#56922
1"
1)
#56924
0#
0(
#56928
0"
0)
#56931
1#
1(
#56934
1"
1)
#56938
0#
0(
#56940
0"
0)
#56945
1#
1(
#56946
1"
1)
#56952
0"
0)
0#
0(
#56958
1"
1)
#56959
1#
1(
#56964
0"
0)
#56966
0#
0(
#56970
1"
1)
#56973
1#
1(
#56976
0"
0)
#56980
0#
0(
#56982
1"
1)
#56987
1#
1(
#56988
0"
0)
#56994
1"
1)
0#
0(
#57000
0"
0)
#57001
1#
1(
#57006
1"
1)
#57008
0#
0(
#57012
0"
0)
#57015
1#
1(
#57018
1"
1)
#57022
0#
0(
#57024
0"
0)
#57029
1#
1(
#57030
1"
1)
#57036
0"
0)
0#
0(
#57042
1"
1)
#57043
1#
1(
#57048
0"
0)
#57050
0#
0(
#57054
1"
1)
#57057
1#
1(
#57060
0"
0)
#57064
0#
0(
#57066
1"
1)
#57071
1#
1(
#57072
0"
0)
#57078
1"
1)
0#
0(
#57084
0"
0)
#57085
1#
1(
#57090
1"
1)
#57092
0#
0(
#57096
0"
0)
#57099
1#
1(
#57102
1"
1)
#57106
0#
0(
#57108
0"
0)
#57113
1#
1(
#57114
1"
1)
#57120
0"
0)
0#
0(
#57126
1"
1)
#57127
1#
1(
#57132
0"
0)
#57134
0#
0(
#57138
1"
1)
#57141
1#
1(
#57144
0"
0)
#57148
0#
0(
#57150
1"
1)
#57155
1#
1(
#57156
0"
0)
#57162
1"
1)
0#
0(
#57168
0"
0)
#57169
1#
1(
#57174
1"
1)
#57176
0#
0(
#57180
0"
0)
#57183
1#
1(
#57186
1"
1)
#57190
0#
0(
#57192
0"
0)
#57197
1#
1(
#57198
1"
1)
#57204
0"
0)
0#
0(
#57210
1"
1)
#57211
1#
1(
#57216
0"
0)
#57218
0#
0(
#57222
1"
1)
#57225
1#
1(
#57228
0"
0)
#57232
0#
0(
#57234
1"
1)
#57239
1#
1(
#57240
0"
0)
#57246
1"
1)
0#
0(
#57252
0"
0)
#57253
1#
1(
#57258
1"
1)
#57260
0#
0(
#57264
0"
0)
#57267
1#
1(
#57270
1"
1)
#57274
0#
0(
#57276
0"
0)
#57281
1#
1(
#57282
1"
1)
#57288
0"
0)
0#
0(
#57294
1"
1)
#57295
1#
1(
#57300
0"
0)
#57302
0#
0(
#57306
1"
1)
#57309
1#
1(
#57312
0"
0)
#57316
0#
0(
#57318
1"
1)
#57323
1#
1(
#57324
0"
0)
#57330
1"
1)
0#
0(
#57336
0"
0)
#57337
1#
1(
#57342
1"
1)
#57344
0#
0(
#57348
0"
0)
#57351
1#
1(
#57354
1"
1)
#57358
0#
0(
#57360
0"
0)
#57365
1#
1(
#57366
1"
1)
#57372
0"
0)
0#
0(
#57378
1"
1)
#57379
1#
1(
#57384
0"
0)
#57386
0#
0(
#57390
1"
1)
#57393
1#
1(
#57396
0"
0)
#57400
0#
0(
#57402
1"
1)
#57407
1#
1(
#57408
0"
0)
#57414
1"
1)
0#
0(
#57420
0"
0)
#57421
1#
1(
#57426
1"
1)
#57428
0#
0(
#57432
0"
0)
#57435
1#
1(
#57438
1"
1)
#57442
0#
0(
#57444
0"
0)
#57449
1#
1(
#57450
1"
1)
#57456
0"
0)
0#
0(
#57462
1"
1)
#57463
1#
1(
#57468
0"
0)
#57470
0#
0(
#57474
1"
1)
#57477
1#
1(
#57480
0"
0)
#57484
0#
0(
#57486
1"
1)
#57491
1#
1(
#57492
0"
0)
#57498
1"
1)
0#
0(
#57504
0"
0)
#57505
1#
1(
#57510
1"
1)
#57512
0#
0(
#57516
0"
0)
#57519
1#
1(
#57522
1"
1)
#57526
0#
0(
#57528
0"
0)
#57533
1#
1(
#57534
1"
1)
#57540
0"
0)
0#
0(
#57546
1"
1)
#57547
1#
1(
#57552
0"
0)
#57554
0#
0(
#57558
1"
1)
#57561
1#
1(
#57564
0"
0)
#57568
0#
0(
#57570
1"
1)
#57575
1#
1(
#57576
0"
0)
#57582
1"
1)
0#
0(
#57588
0"
0)
#57589
1#
1(
#57594
1"
1)
#57596
0#
0(
#57600
0"
0)
#57603
1#
1(
#57606
1"
1)
#57610
0#
0(
#57612
0"
0)
#57617
1#
1(
#57618
1"
1)
#57624
0"
0)
0#
0(
#57630
1"
1)
#57631
1#
1(
#57636
0"
0)
#57638
0#
0(
#57642
1"
1)
#57645
1#
1(
#57648
0"
0)
#57652
0#
0(
#57654
1"
1)
#57659
1#
1(
#57660
0"
0)
#57666
1"
1)
0#
0(
#57672
0"
0)
#57673
1#
1(
#57678
1"
1)
#57680
0#
0(
#57684
0"
0)
#57687
1#
1(
#57690
1"
1)
#57694
0#
0(
#57696
0"
0)
#57701
1#
1(
#57702
1"
1)
#57708
0"
0)
0#
0(
#57714
1"
1)
#57715
1#
1(
#57720
0"
0)
#57722
0#
0(
#57726
1"
1)
#57729
1#
1(
#57732
0"
0)
#57736
0#
0(
#57738
1"
1)
#57743
1#
1(
#57744
0"
0)
#57750
1"
1)
0#
0(
#57756
0"
0)
#57757
1#
1(
#57762
1"
1)
#57764
0#
0(
#57768
0"
0)
#57771
1#
1(
#57774
1"
1)
#57778
0#
0(
#57780
0"
0)
#57785
1#
1(
#57786
1"
1)
#57792
0"
0)
0#
0(
#57798
1"
1)
#57799
1#
1(
#57804
0"
0)
#57806
0#
0(
#57810
1"
1)
#57813
1#
1(
#57816
0"
0)
#57820
0#
0(
#57822
1"
1)
#57827
1#
1(
#57828
0"
0)
#57834
1"
1)
0#
0(
#57840
0"
0)
#57841
1#
1(
#57846
1"
1)
#57848
0#
0(
#57852
0"
0)
#57855
1#
1(
#57858
1"
1)
#57862
0#
0(
#57864
0"
0)
#57869
1#
1(
#57870
1"
1)
#57876
0"
0)
0#
0(
#57882
1"
1)
#57883
1#
1(
#57888
0"
0)
#57890
0#
0(
#57894
1"
1)
#57897
1#
1(
#57900
0"
0)
#57904
0#
0(
#57906
1"
1)
#57911
1#
1(
#57912
0"
0)
#57918
1"
1)
0#
0(
#57924
0"
0)
#57925
1#
1(
#57930
1"
1)
#57932
0#
0(
#57936
0"
0)
#57939
1#
1(
#57942
1"
1)
#57946
0#
0(
#57948
0"
0)
#57953
1#
1(
#57954
1"
1)
#57960
0"
0)
0#
0(
#57966
1"
1)
#57967
1#
1(
#57972
0"
0)
#57974
0#
0(
#57978
1"
1)
#57981
1#
1(
#57984
0"
0)
#57988
0#
0(
#57990
1"
1)
#57995
1#
1(
#57996
0"
0)
#58002
1"
1)
0#
0(
#58008
0"
0)
#58009
1#
1(
#58014
1"
1)
#58016
0#
0(
#58020
0"
0)
#58023
1#
1(
#58026
1"
1)
#58030
0#
0(
#58032
0"
0)
#58037
1#
1(
#58038
1"
1)
#58044
0"
0)
0#
0(
#58050
1"
1)
#58051
1#
1(
#58056
0"
0)
#58058
0#
0(
#58062
1"
1)
#58065
1#
1(
#58068
0"
0)
#58072
0#
0(
#58074
1"
1)
#58079
1#
1(
#58080
0"
0)
#58086
1"
1)
0#
0(
#58092
0"
0)
#58093
1#
1(
#58098
1"
1)
#58100
0#
0(
#58104
0"
0)
#58107
1#
1(
#58110
1"
1)
#58114
0#
0(
#58116
0"
0)
#58121
1#
1(
#58122
1"
1)
#58128
0"
0)
0#
0(
#58134
1"
1)
#58135
1#
1(
#58140
0"
0)
#58142
0#
0(
#58146
1"
1)
#58149
1#
1(
#58152
0"
0)
#58156
0#
0(
#58158
1"
1)
#58163
1#
1(
#58164
0"
0)
#58170
1"
1)
0#
0(
#58176
0"
0)
#58177
1#
1(
#58182
1"
1)
#58184
0#
0(
#58188
0"
0)
#58191
1#
1(
#58194
1"
1)
#58198
0#
0(
#58200
0"
0)
#58205
1#
1(
#58206
1"
1)
#58212
0"
0)
0#
0(
#58218
1"
1)
#58219
1#
1(
#58224
0"
0)
#58226
0#
0(
#58230
1"
1)
#58233
1#
1(
#58236
0"
0)
#58240
0#
0(
#58242
1"
1)
#58247
1#
1(
#58248
0"
0)
#58254
1"
1)
0#
0(
#58260
0"
0)
#58261
1#
1(
#58266
1"
1)
#58268
0#
0(
#58272
0"
0)
#58275
1#
1(
#58278
1"
1)
#58282
0#
0(
#58284
0"
0)
#58289
1#
1(
#58290
1"
1)
#58296
0"
0)
0#
0(
#58302
1"
1)
#58303
1#
1(
#58308
0"
0)
#58310
0#
0(
#58314
1"
1)
#58317
1#
1(
#58320
0"
0)
#58324
0#
0(
#58326
1"
1)
#58331
1#
1(
#58332
0"
0)
#58338
1"
1)
0#
0(
#58344
0"
0)
#58345
1#
1(
#58350
1"
1)
#58352
0#
0(
#58356
0"
0)
#58359
1#
1(
#58362
1"
1)
#58366
0#
0(
#58368
0"
0)
#58373
1#
1(
#58374
1"
1)
#58380
0"
0)
0#
0(
#58386
1"
1)
#58387
1#
1(
#58392
0"
0)
#58394
0#
0(
#58398
1"
1)
#58401
1#
1(
#58404
0"
0)
#58408
0#
0(
#58410
1"
1)
#58415
1#
1(
#58416
0"
0)
#58422
1"
1)
0#
0(
#58428
0"
0)
#58429
1#
1(
#58434
1"
1)
#58436
0#
0(
#58440
0"
0)
#58443
1#
1(
#58446
1"
1)
#58450
0#
0(
#58452
0"
0)
#58457
1#
1(
#58458
1"
1)
#58464
0"
0)
0#
0(
#58470
1"
1)
#58471
1#
1(
#58476
0"
0)
#58478
0#
0(
#58482
1"
1)
#58485
1#
1(
#58488
0"
0)
#58492
0#
0(
#58494
1"
1)
#58499
1#
1(
#58500
0"
0)
#58506
1"
1)
0#
0(
#58512
0"
0)
#58513
1#
1(
#58518
1"
1)
#58520
0#
0(
#58524
0"
0)
#58527
1#
1(
#58530
1"
1)
#58534
0#
0(
#58536
0"
0)
#58541
1#
1(
#58542
1"
1)
#58548
0"
0)
0#
0(
#58554
1"
1)
#58555
1#
1(
#58560
0"
0)
#58562
0#
0(
#58566
1"
1)
#58569
1#
1(
#58572
0"
0)
#58576
0#
0(
#58578
1"
1)
#58583
1#
1(
#58584
0"
0)
#58590
1"
1)
0#
0(
#58596
0"
0)
#58597
1#
1(
#58602
1"
1)
#58604
0#
0(
#58608
0"
0)
#58611
1#
1(
#58614
1"
1)
#58618
0#
0(
#58620
0"
0)
#58625
1#
1(
#58626
1"
1)
#58632
0"
0)
0#
0(
#58638
1"
1)
#58639
1#
1(
#58644
0"
0)
#58646
0#
0(
#58650
1"
1)
#58653
1#
1(
#58656
0"
0)
#58660
0#
0(
#58662
1"
1)
#58667
1#
1(
#58668
0"
0)
#58674
1"
1)
0#
0(
#58680
0"
0)
#58681
1#
1(
#58686
1"
1)
#58688
0#
0(
#58692
0"
0)
#58695
1#
1(
#58698
1"
1)
#58702
0#
0(
#58704
0"
0)
#58709
1#
1(
#58710
1"
1)
#58716
0"
0)
0#
0(
#58722
1"
1)
#58723
1#
1(
#58728
0"
0)
#58730
0#
0(
#58734
1"
1)
#58737
1#
1(
#58740
0"
0)
#58744
0#
0(
#58746
1"
1)
#58751
1#
1(
#58752
0"
0)
#58758
1"
1)
0#
0(
#58764
0"
0)
#58765
1#
1(
#58770
1"
1)
#58772
0#
0(
#58776
0"
0)
#58779
1#
1(
#58782
1"
1)
#58786
0#
0(
#58788
0"
0)
#58793
1#
1(
#58794
1"
1)
#58800
0"
0)
0#
0(
#58806
1"
1)
#58807
1#
1(
#58812
0"
0)
#58814
0#
0(
#58818
1"
1)
#58821
1#
1(
#58824
0"
0)
#58828
0#
0(
#58830
1"
1)
#58835
1#
1(
#58836
0"
0)
#58842
1"
1)
0#
0(
#58848
0"
0)
#58849
1#
1(
#58854
1"
1)
#58856
0#
0(
#58860
0"
0)
#58863
1#
1(
#58866
1"
1)
#58870
0#
0(
#58872
0"
0)
#58877
1#
1(
#58878
1"
1)
#58884
0"
0)
0#
0(
#58890
1"
1)
#58891
1#
1(
#58896
0"
0)
#58898
0#
0(
#58902
1"
1)
#58905
1#
1(
#58908
0"
0)
#58912
0#
0(
#58914
1"
1)
#58919
1#
1(
#58920
0"
0)
#58926
1"
1)
0#
0(
#58932
0"
0)
#58933
1#
1(
#58938
1"
1)
#58940
0#
0(
#58944
0"
0)
#58947
1#
1(
#58950
1"
1)
#58954
0#
0(
#58956
0"
0)
#58961
1#
1(
#58962
1"
1)
#58968
0"
0)
0#
0(
#58974
1"
1)
#58975
1#
1(
#58980
0"
0)
#58982
0#
0(
#58986
1"
1)
#58989
1#
1(
#58992
0"
0)
#58996
0#
0(
#58998
1"
1)
#59003
1#
1(
#59004
0"
0)
#59010
1"
1)
0#
0(
#59016
0"
0)
#59017
1#
1(
#59022
1"
1)
#59024
0#
0(
#59028
0"
0)
#59031
1#
1(
#59034
1"
1)
#59038
0#
0(
#59040
0"
0)
#59045
1#
1(
#59046
1"
1)
#59052
0"
0)
0#
0(
#59058
1"
1)
#59059
1#
1(
#59064
0"
0)
#59066
0#
0(
0&
b0 ;
b111101010 9
b1101 :
#59070
1"
1)
#59073
b1 2
1#
1(
#59076
0"
0)
#59080
0#
0(
#59082
1"
1)
#59087
b1110 0
1#
1(
#59088
0"
0)
#59094
1"
1)
0#
0(
#59100
0"
0)
#59101
b1101 0
1#
1(
#59106
1"
1)
#59108
0#
0(
#59112
0"
0)
#59115
b1100 0
1#
1(
#59118
1"
1)
#59122
0#
0(
#59124
0"
0)
#59129
b1011 0
1#
1(
#59130
1"
1)
#59136
0"
0)
0#
0(
#59142
1"
1)
#59143
b1010 0
1#
1(
#59148
0"
0)
#59150
0#
0(
#59154
1"
1)
#59157
b1001 0
1#
1(
#59160
0"
0)
#59164
0#
0(
#59166
1"
1)
#59171
b1000 0
1#
1(
#59172
0"
0)
#59178
1"
1)
0#
0(
#59184
0"
0)
#59185
b111 0
1#
1(
#59190
1"
1)
#59192
0#
0(
#59196
0"
0)
#59199
b110 0
1#
1(
#59202
1"
1)
#59206
0#
0(
#59208
0"
0)
#59213
b101 0
1#
1(
#59214
1"
1)
#59220
0"
0)
0#
0(
#59226
1"
1)
#59227
b100 0
1#
1(
#59232
0"
0)
#59234
0#
0(
#59238
1"
1)
#59241
b11 0
1#
1(
#59244
0"
0)
#59248
0#
0(
#59250
1"
1)
#59255
b10 0
1#
1(
#59256
0"
0)
#59262
1"
1)
0#
0(
#59268
0"
0)
#59269
b1 0
1#
1(
#59274
1"
1)
#59276
0#
0(
#59280
0"
0)
#59283
b0 0
1#
1(
#59286
1"
1)
#59290
0#
0(
#59292
0"
0)
#59293
b11110101 9
b1 ;
#59297
b10 2
b1111 0
1#
1(
#59298
1"
1)
#59304
0"
0)
0#
0(
#59310
1"
1)
#59311
b1 2
b110 /
b1101100 ,
b1101100 -
b1101100 3
b1101100 .
1#
1(
#59316
0"
0)
#59318
0#
0(
#59322
b1101100 4
1"
1)
#59325
b1110 0
1#
1(
#59328
0"
0)
#59332
0#
0(
#59334
1"
1)
#59339
b1101 0
1#
1(
#59340
0"
0)
#59346
1"
1)
0#
0(
#59352
0"
0)
#59353
b1100 0
1#
1(
#59358
1"
1)
#59360
0#
0(
#59364
0"
0)
#59367
b1011 0
1#
1(
#59370
1"
1)
#59374
0#
0(
#59376
0"
0)
#59381
b1010 0
1#
1(
#59382
1"
1)
#59388
0"
0)
0#
0(
#59394
1"
1)
#59395
b1001 0
1#
1(
#59400
0"
0)
#59402
0#
0(
#59406
1"
1)
#59409
b1000 0
1#
1(
#59412
0"
0)
#59416
0#
0(
#59418
1"
1)
#59423
b111 0
1#
1(
#59424
0"
0)
#59430
1"
1)
0#
0(
#59436
0"
0)
#59437
b110 0
1#
1(
#59442
1"
1)
#59444
0#
0(
#59448
0"
0)
#59451
b101 0
1#
1(
#59454
1"
1)
#59458
0#
0(
#59460
0"
0)
#59465
b100 0
1#
1(
#59466
1"
1)
#59472
0"
0)
0#
0(
#59478
1"
1)
#59479
b11 0
1#
1(
#59484
0"
0)
#59486
0#
0(
#59490
1"
1)
#59493
b10 0
1#
1(
#59496
0"
0)
#59500
0#
0(
#59502
1"
1)
#59507
b1 0
1#
1(
#59508
0"
0)
#59514
1"
1)
0#
0(
#59520
0"
0)
b1111010 9
1&
b10 ;
#59521
b1101101 ,
b1101101 -
b1101101 3
b1101101 .
b0 0
1#
1(
#59526
b1101101 4
1"
1)
#59528
0#
0(
#59532
0"
0)
#59535
b10 2
b1111 0
1#
1(
#59538
1"
1)
#59542
0#
0(
#59544
0"
0)
#59549
b1 2
b101 /
b11011010 ,
b11011010 -
b11011010 3
b11011010 .
1#
1(
#59550
b11011010 4
1"
1)
#59556
0"
0)
0#
0(
#59562
1"
1)
#59563
b11011011 ,
b11011011 -
b11011011 3
b11011011 .
b1110 0
1#
1(
#59568
0"
0)
#59570
0#
0(
#59574
b11011011 4
1"
1)
#59577
b1101 0
1#
1(
#59580
0"
0)
#59584
0#
0(
#59586
1"
1)
#59591
b1100 0
1#
1(
#59592
0"
0)
#59598
1"
1)
0#
0(
#59604
0"
0)
#59605
b1011 0
1#
1(
#59610
1"
1)
#59612
0#
0(
#59616
0"
0)
#59619
b1010 0
1#
1(
#59622
1"
1)
#59626
0#
0(
#59628
0"
0)
#59633
b1001 0
1#
1(
#59634
1"
1)
#59640
0"
0)
0#
0(
#59646
1"
1)
#59647
b1000 0
1#
1(
#59652
0"
0)
#59654
0#
0(
#59658
1"
1)
#59661
b111 0
1#
1(
#59664
0"
0)
#59668
0#
0(
#59670
1"
1)
#59675
b110 0
1#
1(
#59676
0"
0)
#59682
1"
1)
0#
0(
#59688
0"
0)
#59689
b101 0
1#
1(
#59694
1"
1)
#59696
0#
0(
#59700
0"
0)
#59703
b100 0
1#
1(
#59706
1"
1)
#59710
0#
0(
#59712
0"
0)
#59717
b11 0
1#
1(
#59718
1"
1)
#59724
0"
0)
0#
0(
#59730
1"
1)
#59731
b10 0
1#
1(
#59736
0"
0)
#59738
0#
0(
#59742
1"
1)
#59745
b1 0
1#
1(
#59747
b111101 9
0&
b11 ;
#59748
0"
0)
#59752
0#
0(
#59754
1"
1)
#59759
b11011010 ,
b11011010 -
b11011010 3
b11011010 .
b0 0
1#
1(
#59760
0"
0)
#59766
b11011010 4
1"
1)
0#
0(
#59772
0"
0)
#59773
b10 2
b1111 0
1#
1(
#59778
1"
1)
#59780
0#
0(
#59784
0"
0)
#59787
b1 2
b100 /
b10110100 ,
b10110100 -
b10110100 3
b10110100 .
1#
1(
#59790
b10110100 4
1"
1)
#59794
0#
0(
#59796
0"
0)
#59801
b1110 0
1#
1(
#59802
1"
1)
#59808
0"
0)
0#
0(
#59814
1"
1)
#59815
b1101 0
1#
1(
#59820
0"
0)
#59822
0#
0(
#59826
1"
1)
#59829
b1100 0
1#
1(
#59832
0"
0)
#59836
0#
0(
#59838
1"
1)
#59843
b1011 0
1#
1(
#59844
0"
0)
#59850
1"
1)
0#
0(
#59856
0"
0)
#59857
b1010 0
1#
1(
#59862
1"
1)
#59864
0#
0(
#59868
0"
0)
#59871
b1001 0
1#
1(
#59874
1"
1)
#59878
0#
0(
#59880
0"
0)
#59885
b1000 0
1#
1(
#59886
1"
1)
#59892
0"
0)
0#
0(
#59898
1"
1)
#59899
b111 0
1#
1(
#59904
0"
0)
#59906
0#
0(
#59910
1"
1)
#59913
b110 0
1#
1(
#59916
0"
0)
#59920
0#
0(
#59922
1"
1)
#59927
b101 0
1#
1(
#59928
0"
0)
#59934
1"
1)
0#
0(
#59940
0"
0)
#59941
b100 0
1#
1(
#59946
1"
1)
#59948
0#
0(
#59952
0"
0)
#59955
b11 0
1#
1(
#59958
1"
1)
#59962
0#
0(
#59964
0"
0)
#59969
b10 0
1#
1(
#59970
1"
1)
#59974
b11110 9
1&
b100 ;
#59976
0"
0)
0#
0(
#59982
1"
1)
#59983
b10110101 ,
b10110101 -
b10110101 3
b10110101 .
b1 0
1#
1(
#59988
0"
0)
#59990
0#
0(
#59994
b10110101 4
1"
1)
#59997
b0 0
1#
1(
#60000
0"
0)
#60004
0#
0(
#60006
1"
1)
#60011
b10 2
b1111 0
1#
1(
#60012
0"
0)
#60018
1"
1)
0#
0(
#60024
0"
0)
#60025
b1 2
b11 /
b1101010 ,
b1101010 -
b1101010 3
b1101010 .
1#
1(
#60030
b1101010 4
1"
1)
#60032
0#
0(
#60036
0"
0)
#60039
b1101011 ,
b1101011 -
b1101011 3
b1101011 .
b1110 0
1#
1(
#60042
b1101011 4
1"
1)
#60046
0#
0(
#60048
0"
0)
#60053
b1101 0
1#
1(
#60054
1"
1)
#60060
0"
0)
0#
0(
#60066
1"
1)
#60067
b1100 0
1#
1(
#60072
0"
0)
#60074
0#
0(
#60078
1"
1)
#60081
b1011 0
1#
1(
#60084
0"
0)
#60088
0#
0(
#60090
1"
1)
#60095
b1010 0
1#
1(
#60096
0"
0)
#60102
1"
1)
0#
0(
#60108
0"
0)
#60109
b1001 0
1#
1(
#60114
1"
1)
#60116
0#
0(
#60120
0"
0)
#60123
b1000 0
1#
1(
#60126
1"
1)
#60130
0#
0(
#60132
0"
0)
#60137
b111 0
1#
1(
#60138
1"
1)
#60144
0"
0)
0#
0(
#60150
1"
1)
#60151
b110 0
1#
1(
#60156
0"
0)
#60158
0#
0(
#60162
1"
1)
#60165
b101 0
1#
1(
#60168
0"
0)
#60172
0#
0(
#60174
1"
1)
#60179
b100 0
1#
1(
#60180
0"
0)
#60186
1"
1)
0#
0(
#60192
0"
0)
#60193
b11 0
1#
1(
#60198
1"
1)
#60200
0#
0(
#60201
b1111 9
0&
b101 ;
#60204
0"
0)
#60207
b1101010 ,
b1101010 -
b1101010 3
b1101010 .
b10 0
1#
1(
#60210
b1101010 4
1"
1)
#60214
0#
0(
#60216
0"
0)
#60221
b1 0
1#
1(
#60222
1"
1)
#60228
0"
0)
0#
0(
#60234
1"
1)
#60235
b0 0
1#
1(
#60240
0"
0)
#60242
0#
0(
#60246
1"
1)
#60249
b10 2
b1111 0
1#
1(
#60252
0"
0)
#60256
0#
0(
#60258
1"
1)
#60263
b1 2
b10 /
b11010100 ,
b11010100 -
b11010100 3
b11010100 .
1#
1(
#60264
0"
0)
#60270
b11010100 4
1"
1)
0#
0(
#60276
0"
0)
#60277
b1110 0
1#
1(
#60282
1"
1)
#60284
0#
0(
#60288
0"
0)
#60291
b1101 0
1#
1(
#60294
1"
1)
#60298
0#
0(
#60300
0"
0)
#60305
b1100 0
1#
1(
#60306
1"
1)
#60312
0"
0)
0#
0(
#60318
1"
1)
#60319
b1011 0
1#
1(
#60324
0"
0)
#60326
0#
0(
#60330
1"
1)
#60333
b1010 0
1#
1(
#60336
0"
0)
#60340
0#
0(
#60342
1"
1)
#60347
b1001 0
1#
1(
#60348
0"
0)
#60354
1"
1)
0#
0(
#60360
0"
0)
#60361
b1000 0
1#
1(
#60366
1"
1)
#60368
0#
0(
#60372
0"
0)
#60375
b111 0
1#
1(
#60378
1"
1)
#60382
0#
0(
#60384
0"
0)
#60389
b110 0
1#
1(
#60390
1"
1)
#60396
0"
0)
0#
0(
#60402
1"
1)
#60403
b101 0
1#
1(
#60408
0"
0)
#60410
0#
0(
#60414
1"
1)
#60417
b100 0
1#
1(
#60420
0"
0)
#60424
0#
0(
#60426
1"
1)
#60428
b111 9
1&
b110 ;
#60431
b11010101 ,
b11010101 -
b11010101 3
b11010101 .
b11 0
1#
1(
#60432
0"
0)
#60438
b11010101 4
1"
1)
0#
0(
#60444
0"
0)
#60445
b10 0
1#
1(
#60450
1"
1)
#60452
0#
0(
#60456
0"
0)
#60459
b1 0
1#
1(
#60462
1"
1)
#60466
0#
0(
#60468
0"
0)
#60473
b0 0
1#
1(
#60474
1"
1)
#60480
0"
0)
0#
0(
#60486
1"
1)
#60487
b10 2
b1111 0
1#
1(
#60492
0"
0)
#60494
0#
0(
#60498
1"
1)
#60501
b1 2
b1 /
b10101010 ,
b10101010 -
b10101010 3
b10101010 .
1#
1(
#60504
0"
0)
#60508
0#
0(
#60510
b10101010 4
1"
1)
#60515
b10101011 ,
b10101011 -
b10101011 3
b10101011 .
b1110 0
1#
1(
#60516
0"
0)
#60522
b10101011 4
1"
1)
0#
0(
#60528
0"
0)
#60529
b1101 0
1#
1(
#60534
1"
1)
#60536
0#
0(
#60540
0"
0)
#60543
b1100 0
1#
1(
#60546
1"
1)
#60550
0#
0(
#60552
0"
0)
#60557
b1011 0
1#
1(
#60558
1"
1)
#60564
0"
0)
0#
0(
#60570
1"
1)
#60571
b1010 0
1#
1(
#60576
0"
0)
#60578
0#
0(
#60582
1"
1)
#60585
b1001 0
1#
1(
#60588
0"
0)
#60592
0#
0(
#60594
1"
1)
#60599
b1000 0
1#
1(
#60600
0"
0)
#60606
1"
1)
0#
0(
#60612
0"
0)
#60613
b111 0
1#
1(
#60618
1"
1)
#60620
0#
0(
#60624
0"
0)
#60627
b110 0
1#
1(
#60630
1"
1)
#60634
0#
0(
#60636
0"
0)
#60641
b101 0
1#
1(
#60642
1"
1)
#60648
0"
0)
0#
0(
#60654
1"
1)
#60655
b100 0
1#
1(
b11 9
b111 ;
#60660
0"
0)
#60662
0#
0(
#60666
1"
1)
#60669
b11 0
1#
1(
#60672
0"
0)
#60676
0#
0(
#60678
1"
1)
#60683
b10 0
1#
1(
#60684
0"
0)
#60690
1"
1)
0#
0(
#60696
0"
0)
#60697
b1 0
1#
1(
#60702
1"
1)
#60704
0#
0(
#60708
0"
0)
#60711
b0 0
1#
1(
#60714
1"
1)
#60718
0#
0(
#60720
0"
0)
#60725
b10 2
b1111 0
1#
1(
#60726
1"
1)
#60732
0"
0)
0#
0(
#60738
1"
1)
#60739
b1 2
b0 /
b1010110 ,
b1010110 -
b1010110 3
b1010110 .
1#
1(
#60744
0"
0)
#60746
0#
0(
#60750
b1010110 4
1"
1)
#60753
b1010111 ,
b1010111 -
b1010111 3
b1010111 .
b1110 0
1#
1(
#60756
0"
0)
#60760
0#
0(
#60762
b1010111 4
1"
1)
#60767
b1101 0
1#
1(
#60768
0"
0)
#60774
1"
1)
0#
0(
#60780
0"
0)
#60781
b1100 0
1#
1(
#60786
1"
1)
#60788
0#
0(
#60792
0"
0)
#60795
b1011 0
1#
1(
#60798
1"
1)
#60802
0#
0(
#60804
0"
0)
#60809
b1010 0
1#
1(
#60810
1"
1)
#60816
0"
0)
0#
0(
#60822
1"
1)
#60823
b1001 0
1#
1(
#60828
0"
0)
#60830
0#
0(
#60834
1"
1)
#60837
b1000 0
1#
1(
#60840
0"
0)
#60844
0#
0(
#60846
1"
1)
#60851
b111 0
1#
1(
#60852
0"
0)
#60858
1"
1)
0#
0(
#60864
0"
0)
#60865
b110 0
1#
1(
#60870
1"
1)
#60872
0#
0(
#60876
0"
0)
#60879
b101 0
1#
1(
#60882
1"
1)
b1 9
b1000 ;
#60886
0#
0(
#60888
0"
0)
#60893
b100 0
1#
1(
#60894
1"
1)
#60900
0"
0)
0#
0(
#60906
1"
1)
#60907
b11 0
1#
1(
#60912
0"
0)
#60914
0#
0(
#60918
1"
1)
#60921
b10 0
1#
1(
#60924
0"
0)
#60928
0#
0(
#60930
1"
1)
#60935
b1 0
1#
1(
#60936
0"
0)
#60942
1"
1)
0#
0(
#60948
0"
0)
#60949
b0 0
1#
1(
#60954
1"
1)
#60956
0#
0(
#60960
0"
0)
#60963
b10 2
b1111 0
1#
1(
#60966
1"
1)
#60970
0#
0(
#60972
0"
0)
#60977
b11 2
b111 /
b10101110 ,
b10101110 -
b10101110 3
b10101110 .
1#
1(
#60978
b10101110 4
1"
1)
#60984
0"
0)
0#
0(
#60990
1"
1)
#60991
b100 2
1#
1(
#60996
0"
0)
#60998
0#
0(
#61002
1"
1)
#61005
0+
01
1#
1(
#61008
0"
0)
#61012
0#
0(
#61014
b1 7
1"
1)
#61019
1#
1(
#61020
0"
0)
#61026
b10 7
0!
08
0*
06
1"
1)
0#
0(
#61032
0"
0)
b0 >
b0 ?
b1100001 <
1'
#61033
b0 2
1#
1(
0'
#61038
b110 5
b1011100 4
1!
18
1"
1)
#61040
0#
0(
#61044
0"
0)
b1 >
b1 ?
1'
#61045
0'
#61047
1+
11
1#
1(
#61050
b101 5
b10111000 4
0!
08
1"
1)
#61054
0#
0(
#61056
0"
0)
b10 >
1'
#61057
0'
#61061
1#
1(
#61062
b100 5
b1110000 4
1!
18
1"
1)
#61068
0"
0)
0#
0(
b11 >
b101 ?
1'
#61069
0'
#61074
b11 5
b11100000 4
0!
08
1"
1)
#61075
1#
1(
#61080
0"
0)
b100 >
1'
#61081
0'
#61082
0#
0(
#61086
b10 5
b11000000 4
1!
18
1"
1)
#61089
1#
1(
#61092
0"
0)
b101 >
b10101 ?
1'
#61093
0'
#61096
0#
0(
#61098
b1 5
b10000000 4
1"
1)
#61103
1#
1(
#61104
0"
0)
b110 >
b110101 ?
1'
#61105
0'
#61109
b0 9
b1001 ;
#61110
b0 5
b0 4
1"
1)
0#
0(
#61116
0"
0)
b111 >
b1110101 ?
1'
#61117
1#
1(
0'
#61122
b0 7
b111 5
0!
08
1"
1)
#61124
0#
0(
#61128
0"
0)
b1000 >
1'
#61129
0'
#61131
1#
1(
#61134
1!
18
b10101110 4
1*
16
1"
1)
#61138
0#
0(
#61140
0"
0)
b10101 =
1$
1'
#61141
0$
0'
#61145
1#
1(
#61146
1"
1)
#61152
0"
0)
0#
0(
#61158
1"
1)
#61159
1#
1(
#61164
0"
0)
#61166
0#
0(
#61170
1"
1)
#61173
1#
1(
#61176
0"
0)
#61180
0#
0(
#61182
1"
1)
#61187
1#
1(
#61188
0"
0)
#61194
1"
1)
0#
0(
#61200
0"
0)
#61201
1#
1(
#61206
1"
1)
#61208
0#
0(
#61212
0"
0)
#61215
1#
1(
#61218
1"
1)
#61222
0#
0(
#61224
0"
0)
#61229
1#
1(
#61230
1"
1)
#61236
0"
0)
0#
0(
#61242
1"
1)
#61243
1#
1(
#61248
0"
0)
#61250
0#
0(
#61254
1"
1)
#61257
1#
1(
#61260
0"
0)
#61264
0#
0(
#61266
1"
1)
#61271
1#
1(
#61272
0"
0)
#61278
1"
1)
0#
0(
#61284
0"
0)
#61285
1#
1(
#61290
1"
1)
#61292
0#
0(
#61296
0"
0)
#61299
1#
1(
#61302
1"
1)
#61306
0#
0(
#61308
0"
0)
#61313
1#
1(
#61314
1"
1)
#61320
0"
0)
0#
0(
#61326
1"
1)
#61327
1#
1(
#61332
0"
0)
#61334
0#
0(
#61336
b1010 ;
#61338
1"
1)
#61341
1#
1(
#61344
0"
0)
#61348
0#
0(
#61350
1"
1)
#61355
1#
1(
#61356
0"
0)
#61362
1"
1)
0#
0(
#61368
0"
0)
#61369
1#
1(
#61374
1"
1)
#61376
0#
0(
#61380
0"
0)
#61383
1#
1(
#61386
1"
1)
#61390
0#
0(
#61392
0"
0)
#61397
1#
1(
#61398
1"
1)
#61404
0"
0)
0#
0(
#61410
1"
1)
#61411
1#
1(
#61416
0"
0)
#61418
0#
0(
#61422
1"
1)
#61425
1#
1(
#61428
0"
0)
#61432
0#
0(
#61434
1"
1)
#61439
1#
1(
#61440
0"
0)
#61446
1"
1)
0#
0(
#61452
0"
0)
#61453
1#
1(
#61458
1"
1)
#61460
0#
0(
#61464
0"
0)
#61467
1#
1(
#61470
1"
1)
#61474
0#
0(
#61476
0"
0)
#61481
1#
1(
#61482
1"
1)
#61488
0"
0)
0#
0(
#61494
1"
1)
#61495
1#
1(
#61500
0"
0)
#61502
0#
0(
#61506
1"
1)
#61509
1#
1(
#61512
0"
0)
#61516
0#
0(
#61518
1"
1)
#61523
1#
1(
#61524
0"
0)
#61530
1"
1)
0#
0(
#61536
0"
0)
#61537
1#
1(
#61542
1"
1)
#61544
0#
0(
#61548
0"
0)
#61551
1#
1(
#61554
1"
1)
#61558
0#
0(
#61560
0"
0)
#61565
1#
1(
#61566
1"
1)
#61572
0"
0)
0#
0(
#61578
1"
1)
#61579
1#
1(
#61584
0"
0)
#61586
0#
0(
#61590
1"
1)
#61593
1#
1(
#61596
0"
0)
#61600
0#
0(
#61602
1"
1)
#61607
1#
1(
#61608
0"
0)
#61614
1"
1)
0#
0(
#61620
0"
0)
#61621
1#
1(
#61626
1"
1)
#61628
0#
0(
#61632
0"
0)
#61635
1#
1(
#61638
1"
1)
#61642
0#
0(
#61644
0"
0)
#61649
1#
1(
#61650
1"
1)
#61656
0"
0)
0#
0(
#61662
1"
1)
#61663
1#
1(
#61668
0"
0)
#61670
0#
0(
#61674
1"
1)
#61677
1#
1(
#61680
0"
0)
#61684
0#
0(
#61686
1"
1)
#61691
1#
1(
#61692
0"
0)
#61698
1"
1)
0#
0(
#61704
0"
0)
#61705
1#
1(
#61710
1"
1)
#61712
0#
0(
#61716
0"
0)
#61719
1#
1(
#61722
1"
1)
#61726
0#
0(
#61728
0"
0)
#61733
1#
1(
#61734
1"
1)
#61740
0"
0)
0#
0(
#61746
1"
1)
#61747
1#
1(
#61752
0"
0)
#61754
0#
0(
#61758
1"
1)
#61761
1#
1(
#61764
0"
0)
#61768
0#
0(
#61770
1"
1)
#61775
1#
1(
#61776
0"
0)
#61782
1"
1)
0#
0(
#61788
0"
0)
#61789
1#
1(
#61794
1"
1)
#61796
0#
0(
#61800
0"
0)
#61803
1#
1(
#61806
1"
1)
#61810
0#
0(
#61812
0"
0)
#61817
1#
1(
#61818
1"
1)
#61824
0"
0)
0#
0(
#61830
1"
1)
#61831
1#
1(
#61836
0"
0)
#61838
0#
0(
#61842
1"
1)
#61845
1#
1(
#61848
0"
0)
#61852
0#
0(
#61854
1"
1)
#61859
1#
1(
#61860
0"
0)
#61866
1"
1)
0#
0(
#61872
0"
0)
#61873
1#
1(
#61878
1"
1)
#61880
0#
0(
#61884
0"
0)
#61887
1#
1(
#61890
1"
1)
#61894
0#
0(
#61896
0"
0)
#61901
1#
1(
#61902
1"
1)
#61908
0"
0)
0#
0(
#61914
1"
1)
#61915
1#
1(
#61920
0"
0)
#61922
0#
0(
#61926
1"
1)
#61929
1#
1(
#61932
0"
0)
#61936
0#
0(
#61938
1"
1)
#61943
1#
1(
#61944
0"
0)
#61950
1"
1)
0#
0(
#61956
0"
0)
#61957
1#
1(
#61962
1"
1)
#61964
0#
0(
#61968
0"
0)
#61971
1#
1(
#61974
1"
1)
#61978
0#
0(
#61980
0"
0)
#61985
1#
1(
#61986
1"
1)
#61992
0"
0)
0#
0(
#61998
1"
1)
#61999
1#
1(
#62004
0"
0)
#62006
0#
0(
#62010
1"
1)
#62013
1#
1(
#62016
0"
0)
#62020
0#
0(
#62022
1"
1)
#62027
1#
1(
#62028
0"
0)
#62034
1"
1)
0#
0(
#62040
0"
0)
#62041
1#
1(
#62046
1"
1)
#62048
0#
0(
#62052
0"
0)
#62055
1#
1(
#62058
1"
1)
#62062
0#
0(
#62064
0"
0)
#62069
1#
1(
#62070
1"
1)
#62076
0"
0)
0#
0(
#62082
1"
1)
#62083
1#
1(
#62088
0"
0)
#62090
0#
0(
#62094
1"
1)
#62097
1#
1(
#62100
0"
0)
#62104
0#
0(
#62106
1"
1)
#62111
1#
1(
#62112
0"
0)
#62118
1"
1)
0#
0(
#62124
0"
0)
#62125
1#
1(
#62130
1"
1)
#62132
0#
0(
#62136
0"
0)
#62139
1#
1(
#62142
1"
1)
#62146
0#
0(
#62148
0"
0)
#62153
1#
1(
#62154
1"
1)
#62160
0"
0)
0#
0(
#62166
1"
1)
#62167
1#
1(
#62172
0"
0)
#62174
0#
0(
#62178
1"
1)
#62181
1#
1(
#62184
0"
0)
#62188
0#
0(
#62190
1"
1)
#62195
1#
1(
#62196
0"
0)
#62202
1"
1)
0#
0(
#62208
0"
0)
#62209
1#
1(
#62214
1"
1)
#62216
0#
0(
#62220
0"
0)
#62223
1#
1(
#62226
1"
1)
#62230
0#
0(
#62232
0"
0)
#62237
1#
1(
#62238
1"
1)
#62244
0"
0)
0#
0(
#62250
1"
1)
#62251
1#
1(
#62256
0"
0)
#62258
0#
0(
#62262
1"
1)
#62265
1#
1(
#62268
0"
0)
#62272
0#
0(
#62274
1"
1)
#62279
1#
1(
#62280
0"
0)
#62286
1"
1)
0#
0(
#62292
0"
0)
#62293
1#
1(
#62298
1"
1)
#62300
0#
0(
#62304
0"
0)
#62307
1#
1(
#62310
1"
1)
#62314
0#
0(
#62316
0"
0)
#62321
1#
1(
#62322
1"
1)
#62328
0"
0)
0#
0(
#62334
1"
1)
#62335
1#
1(
#62340
0"
0)
#62342
0#
0(
#62346
1"
1)
#62349
1#
1(
#62352
0"
0)
#62356
0#
0(
#62358
1"
1)
#62363
1#
1(
#62364
0"
0)
#62370
1"
1)
0#
0(
#62376
0"
0)
#62377
1#
1(
#62382
1"
1)
#62384
0#
0(
#62388
0"
0)
#62391
1#
1(
#62394
1"
1)
#62398
0#
0(
#62400
0"
0)
#62405
1#
1(
#62406
1"
1)
#62412
0"
0)
0#
0(
#62418
1"
1)
#62419
1#
1(
#62424
0"
0)
#62426
0#
0(
#62430
1"
1)
#62433
1#
1(
#62436
0"
0)
#62440
0#
0(
#62442
1"
1)
#62447
1#
1(
#62448
0"
0)
#62454
1"
1)
0#
0(
#62460
0"
0)
#62461
1#
1(
#62466
1"
1)
#62468
0#
0(
#62472
0"
0)
#62475
1#
1(
#62478
1"
1)
#62482
0#
0(
#62484
0"
0)
#62489
1#
1(
#62490
1"
1)
#62496
0"
0)
0#
0(
#62502
1"
1)
#62503
1#
1(
#62508
0"
0)
#62510
0#
0(
#62514
1"
1)
#62517
1#
1(
#62520
0"
0)
#62524
0#
0(
#62526
1"
1)
#62531
1#
1(
#62532
0"
0)
#62538
1"
1)
0#
0(
#62544
0"
0)
#62545
1#
1(
#62550
1"
1)
#62552
0#
0(
#62556
0"
0)
#62559
1#
1(
#62562
1"
1)
#62566
0#
0(
#62568
0"
0)
#62573
1#
1(
#62574
1"
1)
#62580
0"
0)
0#
0(
#62586
1"
1)
#62587
1#
1(
#62592
0"
0)
#62594
0#
0(
#62598
1"
1)
#62601
1#
1(
#62604
0"
0)
#62608
0#
0(
#62610
1"
1)
#62615
1#
1(
#62616
0"
0)
#62622
1"
1)
0#
0(
#62628
0"
0)
#62629
1#
1(
#62634
1"
1)
#62636
0#
0(
#62640
0"
0)
#62643
1#
1(
#62646
1"
1)
#62650
0#
0(
#62652
0"
0)
#62657
1#
1(
#62658
1"
1)
#62664
0"
0)
0#
0(
#62670
1"
1)
#62671
1#
1(
#62676
0"
0)
#62678
0#
0(
#62682
1"
1)
#62685
1#
1(
#62688
0"
0)
#62692
0#
0(
#62694
1"
1)
#62699
1#
1(
#62700
0"
0)
#62706
1"
1)
0#
0(
#62712
0"
0)
#62713
1#
1(
#62718
1"
1)
#62720
0#
0(
#62724
0"
0)
#62727
1#
1(
#62730
1"
1)
#62734
0#
0(
#62736
0"
0)
#62741
1#
1(
#62742
1"
1)
#62748
0"
0)
0#
0(
#62754
1"
1)
#62755
1#
1(
#62760
0"
0)
#62762
0#
0(
#62766
1"
1)
#62769
1#
1(
#62772
0"
0)
#62776
0#
0(
#62778
1"
1)
#62783
1#
1(
#62784
0"
0)
#62790
1"
1)
0#
0(
#62796
0"
0)
#62797
1#
1(
#62802
1"
1)
#62804
0#
0(
#62808
0"
0)
#62811
1#
1(
#62814
1"
1)
#62818
0#
0(
#62820
0"
0)
#62825
1#
1(
#62826
1"
1)
#62832
0"
0)
0#
0(
#62838
1"
1)
#62839
1#
1(
#62844
0"
0)
#62846
0#
0(
#62850
1"
1)
#62853
1#
1(
#62856
0"
0)
#62860
0#
0(
#62862
1"
1)
#62867
1#
1(
#62868
0"
0)
#62874
1"
1)
0#
0(
#62880
0"
0)
#62881
1#
1(
#62886
1"
1)
#62888
0#
0(
#62892
0"
0)
#62895
1#
1(
#62898
1"
1)
#62902
0#
0(
#62904
0"
0)
#62909
1#
1(
#62910
1"
1)
#62916
0"
0)
0#
0(
#62922
1"
1)
#62923
1#
1(
#62928
0"
0)
#62930
0#
0(
#62934
1"
1)
#62937
1#
1(
#62940
0"
0)
#62944
0#
0(
#62946
1"
1)
#62951
1#
1(
#62952
0"
0)
#62958
1"
1)
0#
0(
#62964
0"
0)
#62965
1#
1(
#62970
1"
1)
#62972
0#
0(
#62976
0"
0)
#62979
1#
1(
#62982
1"
1)
#62986
0#
0(
#62988
0"
0)
#62993
1#
1(
#62994
1"
1)
#63000
0"
0)
0#
0(
#63006
1"
1)
#63007
1#
1(
#63012
0"
0)
#63014
0#
0(
#63018
1"
1)
#63021
1#
1(
#63024
0"
0)
#63028
0#
0(
#63030
1"
1)
#63035
1#
1(
#63036
0"
0)
#63042
1"
1)
0#
0(
#63048
0"
0)
#63049
1#
1(
#63054
1"
1)
#63056
0#
0(
#63060
0"
0)
#63063
1#
1(
#63066
1"
1)
#63070
0#
0(
#63072
0"
0)
#63077
1#
1(
#63078
1"
1)
#63084
0"
0)
0#
0(
#63090
1"
1)
#63091
1#
1(
#63096
0"
0)
#63098
0#
0(
#63102
1"
1)
#63105
1#
1(
#63108
0"
0)
#63112
0#
0(
#63114
1"
1)
#63119
1#
1(
#63120
0"
0)
#63126
1"
1)
0#
0(
#63132
0"
0)
#63133
1#
1(
#63138
1"
1)
#63140
0#
0(
#63144
0"
0)
#63147
1#
1(
#63150
1"
1)
#63154
0#
0(
#63156
0"
0)
#63161
1#
1(
#63162
1"
1)
#63168
0"
0)
0#
0(
#63174
1"
1)
#63175
1#
1(
#63180
0"
0)
#63182
0#
0(
#63186
1"
1)
#63189
1#
1(
#63192
0"
0)
#63196
0#
0(
#63198
1"
1)
#63203
1#
1(
#63204
0"
0)
#63210
1"
1)
0#
0(
#63216
0"
0)
#63217
1#
1(
#63222
1"
1)
#63224
0#
0(
#63228
0"
0)
#63231
1#
1(
#63234
1"
1)
#63238
0#
0(
#63240
0"
0)
#63245
1#
1(
#63246
1"
1)
#63252
0"
0)
0#
0(
#63258
1"
1)
#63259
1#
1(
#63264
0"
0)
#63266
0#
0(
#63270
1"
1)
#63273
1#
1(
#63276
0"
0)
#63280
0#
0(
#63282
1"
1)
#63287
1#
1(
#63288
0"
0)
#63294
1"
1)
0#
0(
#63300
0"
0)
#63301
1#
1(
#63306
1"
1)
#63308
0#
0(
#63312
0"
0)
#63315
1#
1(
#63318
1"
1)
#63322
0#
0(
#63324
0"
0)
#63329
1#
1(
#63330
1"
1)
#63336
0"
0)
0#
0(
#63342
1"
1)
#63343
1#
1(
#63348
0"
0)
#63350
0#
0(
#63354
1"
1)
#63357
1#
1(
#63360
0"
0)
#63364
0#
0(
#63366
1"
1)
#63371
1#
1(
#63372
0"
0)
#63378
1"
1)
0#
0(
#63384
0"
0)
#63385
1#
1(
#63390
1"
1)
#63392
0#
0(
#63396
0"
0)
#63399
1#
1(
#63402
1"
1)
#63406
0#
0(
#63408
0"
0)
#63413
1#
1(
#63414
1"
1)
#63420
0"
0)
0#
0(
#63426
1"
1)
#63427
1#
1(
#63432
0"
0)
#63434
0#
0(
#63438
1"
1)
#63441
1#
1(
#63444
0"
0)
#63448
0#
0(
#63450
1"
1)
#63455
1#
1(
#63456
0"
0)
#63462
1"
1)
0#
0(
#63468
0"
0)
#63469
1#
1(
#63474
1"
1)
#63476
0#
0(
#63480
0"
0)
#63483
1#
1(
#63486
1"
1)
#63490
0#
0(
#63492
0"
0)
#63497
1#
1(
#63498
1"
1)
#63504
0"
0)
0#
0(
#63510
1"
1)
#63511
1#
1(
#63516
0"
0)
#63518
0#
0(
#63522
1"
1)
#63525
1#
1(
#63528
0"
0)
#63532
0#
0(
#63534
1"
1)
#63539
1#
1(
#63540
0"
0)
#63546
1"
1)
0#
0(
#63552
0"
0)
#63553
1#
1(
#63558
1"
1)
#63560
0#
0(
#63564
0"
0)
#63567
1#
1(
#63570
1"
1)
#63574
0#
0(
#63576
0"
0)
#63581
1#
1(
#63582
1"
1)
#63588
0"
0)
0#
0(
#63594
1"
1)
#63595
1#
1(
#63600
0"
0)
#63602
0#
0(
#63606
1"
1)
#63608
0&
b0 ;
b111111011 9
b1110 :
#63609
b1 2
1#
1(
#63612
0"
0)
#63616
0#
0(
#63618
1"
1)
#63623
b1110 0
1#
1(
#63624
0"
0)
#63630
1"
1)
0#
0(
#63636
0"
0)
#63637
b1101 0
1#
1(
#63642
1"
1)
#63644
0#
0(
#63648
0"
0)
#63651
b1100 0
1#
1(
#63654
1"
1)
#63658
0#
0(
#63660
0"
0)
#63665
b1011 0
1#
1(
#63666
1"
1)
#63672
0"
0)
0#
0(
#63678
1"
1)
#63679
b1010 0
1#
1(
#63684
0"
0)
#63686
0#
0(
#63690
1"
1)
#63693
b1001 0
1#
1(
#63696
0"
0)
#63700
0#
0(
#63702
1"
1)
#63707
b1000 0
1#
1(
#63708
0"
0)
#63714
1"
1)
0#
0(
#63720
0"
0)
#63721
b111 0
1#
1(
#63726
1"
1)
#63728
0#
0(
#63732
0"
0)
#63735
b110 0
1#
1(
#63738
1"
1)
#63742
0#
0(
#63744
0"
0)
#63749
b101 0
1#
1(
#63750
1"
1)
#63756
0"
0)
0#
0(
#63762
1"
1)
#63763
b100 0
1#
1(
#63768
0"
0)
#63770
0#
0(
#63774
1"
1)
#63777
b11 0
1#
1(
#63780
0"
0)
#63784
0#
0(
#63786
1"
1)
#63791
b10 0
1#
1(
#63792
0"
0)
#63798
1"
1)
0#
0(
#63804
0"
0)
#63805
b1 0
1#
1(
#63810
1"
1)
#63812
0#
0(
#63816
0"
0)
#63819
b0 0
1#
1(
#63822
1"
1)
#63826
0#
0(
#63828
0"
0)
#63833
b10 2
b1111 0
1#
1(
#63834
1"
1)
#63835
b11111101 9
1&
b1 ;
#63840
0"
0)
0#
0(
#63846
1"
1)
#63847
b1 2
b110 /
b1011100 ,
b1011100 -
b1011100 3
b1011100 .
1#
1(
#63852
0"
0)
#63854
0#
0(
#63858
b1011100 4
1"
1)
#63861
b1011101 ,
b1011101 -
b1011101 3
b1011101 .
b1110 0
1#
1(
#63864
0"
0)
#63868
0#
0(
#63870
b1011101 4
1"
1)
#63875
b1101 0
1#
1(
#63876
0"
0)
#63882
1"
1)
0#
0(
#63888
0"
0)
#63889
b1100 0
1#
1(
#63894
1"
1)
#63896
0#
0(
#63900
0"
0)
#63903
b1011 0
1#
1(
#63906
1"
1)
#63910
0#
0(
#63912
0"
0)
#63917
b1010 0
1#
1(
#63918
1"
1)
#63924
0"
0)
0#
0(
#63930
1"
1)
#63931
b1001 0
1#
1(
#63936
0"
0)
#63938
0#
0(
#63942
1"
1)
#63945
b1000 0
1#
1(
#63948
0"
0)
#63952
0#
0(
#63954
1"
1)
#63959
b111 0
1#
1(
#63960
0"
0)
#63966
1"
1)
0#
0(
#63972
0"
0)
#63973
b110 0
1#
1(
#63978
1"
1)
#63980
0#
0(
#63984
0"
0)
#63987
b101 0
1#
1(
#63990
1"
1)
#63994
0#
0(
#63996
0"
0)
#64001
b100 0
1#
1(
#64002
1"
1)
#64008
0"
0)
0#
0(
#64014
1"
1)
#64015
b11 0
1#
1(
#64020
0"
0)
#64022
0#
0(
#64026
1"
1)
#64029
b10 0
1#
1(
#64032
0"
0)
#64036
0#
0(
#64038
1"
1)
#64043
b1 0
1#
1(
#64044
0"
0)
#64050
1"
1)
0#
0(
#64056
0"
0)
#64057
b0 0
1#
1(
#64062
1"
1)
b1111110 9
b10 ;
#64064
0#
0(
#64068
0"
0)
#64071
b10 2
b1111 0
1#
1(
#64074
1"
1)
#64078
0#
0(
#64080
0"
0)
#64085
b1 2
b101 /
b10111010 ,
b10111010 -
b10111010 3
b10111010 .
1#
1(
#64086
b10111010 4
1"
1)
#64092
0"
0)
0#
0(
#64098
1"
1)
#64099
b10111011 ,
b10111011 -
b10111011 3
b10111011 .
b1110 0
1#
1(
#64104
0"
0)
#64106
0#
0(
#64110
b10111011 4
1"
1)
#64113
b1101 0
1#
1(
#64116
0"
0)
#64120
0#
0(
#64122
1"
1)
#64127
b1100 0
1#
1(
#64128
0"
0)
#64134
1"
1)
0#
0(
#64140
0"
0)
#64141
b1011 0
1#
1(
#64146
1"
1)
#64148
0#
0(
#64152
0"
0)
#64155
b1010 0
1#
1(
#64158
1"
1)
#64162
0#
0(
#64164
0"
0)
#64169
b1001 0
1#
1(
#64170
1"
1)
#64176
0"
0)
0#
0(
#64182
1"
1)
#64183
b1000 0
1#
1(
#64188
0"
0)
#64190
0#
0(
#64194
1"
1)
#64197
b111 0
1#
1(
#64200
0"
0)
#64204
0#
0(
#64206
1"
1)
#64211
b110 0
1#
1(
#64212
0"
0)
#64218
1"
1)
0#
0(
#64224
0"
0)
#64225
b101 0
1#
1(
#64230
1"
1)
#64232
0#
0(
#64236
0"
0)
#64239
b100 0
1#
1(
#64242
1"
1)
#64246
0#
0(
#64248
0"
0)
#64253
b11 0
1#
1(
#64254
1"
1)
#64260
0"
0)
0#
0(
#64266
1"
1)
#64267
b10 0
1#
1(
#64272
0"
0)
#64274
0#
0(
#64278
1"
1)
#64281
b1 0
1#
1(
#64284
0"
0)
#64288
0#
0(
#64289
b111111 9
0&
b11 ;
#64290
1"
1)
#64295
b10111010 ,
b10111010 -
b10111010 3
b10111010 .
b0 0
1#
1(
#64296
0"
0)
#64302
b10111010 4
1"
1)
0#
0(
#64308
0"
0)
#64309
b10 2
b1111 0
1#
1(
#64314
1"
1)
#64316
0#
0(
#64320
0"
0)
#64323
b1 2
b100 /
b1110100 ,
b1110100 -
b1110100 3
b1110100 .
1#
1(
#64326
b1110100 4
1"
1)
#64330
0#
0(
#64332
0"
0)
#64337
b1110 0
1#
1(
#64338
1"
1)
#64344
0"
0)
0#
0(
#64350
1"
1)
#64351
b1101 0
1#
1(
#64356
0"
0)
#64358
0#
0(
#64362
1"
1)
#64365
b1100 0
1#
1(
#64368
0"
0)
#64372
0#
0(
#64374
1"
1)
#64379
b1011 0
1#
1(
#64380
0"
0)
#64386
1"
1)
0#
0(
#64392
0"
0)
#64393
b1010 0
1#
1(
#64398
1"
1)
#64400
0#
0(
#64404
0"
0)
#64407
b1001 0
1#
1(
#64410
1"
1)
#64414
0#
0(
#64416
0"
0)
#64421
b1000 0
1#
1(
#64422
1"
1)
#64428
0"
0)
0#
0(
#64434
1"
1)
#64435
b111 0
1#
1(
#64440
0"
0)
#64442
0#
0(
#64446
1"
1)
#64449
b110 0
1#
1(
#64452
0"
0)
#64456
0#
0(
#64458
1"
1)
#64463
b101 0
1#
1(
#64464
0"
0)
#64470
1"
1)
0#
0(
#64476
0"
0)
#64477
b100 0
1#
1(
#64482
1"
1)
#64484
0#
0(
#64488
0"
0)
#64491
b11 0
1#
1(
#64494
1"
1)
#64498
0#
0(
#64500
0"
0)
#64505
b10 0
1#
1(
#64506
1"
1)
#64512
0"
0)
0#
0(
#64516
b11111 9
1&
b100 ;
#64518
1"
1)
#64519
b1110101 ,
b1110101 -
b1110101 3
b1110101 .
b1 0
1#
1(
#64524
0"
0)
#64526
0#
0(
#64530
b1110101 4
1"
1)
#64533
b0 0
1#
1(
#64536
0"
0)
#64540
0#
0(
#64542
1"
1)
#64547
b10 2
b1111 0
1#
1(
#64548
0"
0)
#64554
1"
1)
0#
0(
#64560
0"
0)
#64561
b1 2
b11 /
b11101010 ,
b11101010 -
b11101010 3
b11101010 .
1#
1(
#64566
b11101010 4
1"
1)
#64568
0#
0(
#64572
0"
0)
#64575
b11101011 ,
b11101011 -
b11101011 3
b11101011 .
b1110 0
1#
1(
#64578
b11101011 4
1"
1)
#64582
0#
0(
#64584
0"
0)
#64589
b1101 0
1#
1(
#64590
1"
1)
#64596
0"
0)
0#
0(
#64602
1"
1)
#64603
b1100 0
1#
1(
#64608
0"
0)
#64610
0#
0(
#64614
1"
1)
#64617
b1011 0
1#
1(
#64620
0"
0)
#64624
0#
0(
#64626
1"
1)
#64631
b1010 0
1#
1(
#64632
0"
0)
#64638
1"
1)
0#
0(
#64644
0"
0)
#64645
b1001 0
1#
1(
#64650
1"
1)
#64652
0#
0(
#64656
0"
0)
#64659
b1000 0
1#
1(
#64662
1"
1)
#64666
0#
0(
#64668
0"
0)
#64673
b111 0
1#
1(
#64674
1"
1)
#64680
0"
0)
0#
0(
#64686
1"
1)
#64687
b110 0
1#
1(
#64692
0"
0)
#64694
0#
0(
#64698
1"
1)
#64701
b101 0
1#
1(
#64704
0"
0)
#64708
0#
0(
#64710
1"
1)
#64715
b100 0
1#
1(
#64716
0"
0)
#64722
1"
1)
0#
0(
#64728
0"
0)
#64729
b11 0
1#
1(
#64734
1"
1)
#64736
0#
0(
#64740
0"
0)
#64743
b10 0
1#
1(
b1111 9
b101 ;
#64746
1"
1)
#64750
0#
0(
#64752
0"
0)
#64757
b1 0
1#
1(
#64758
1"
1)
#64764
0"
0)
0#
0(
#64770
1"
1)
#64771
b0 0
1#
1(
#64776
0"
0)
#64778
0#
0(
#64782
1"
1)
#64785
b10 2
b1111 0
1#
1(
#64788
0"
0)
#64792
0#
0(
#64794
1"
1)
#64799
b1 2
b10 /
b11010110 ,
b11010110 -
b11010110 3
b11010110 .
1#
1(
#64800
0"
0)
#64806
b11010110 4
1"
1)
0#
0(
#64812
0"
0)
#64813
b11010111 ,
b11010111 -
b11010111 3
b11010111 .
b1110 0
1#
1(
#64818
b11010111 4
1"
1)
#64820
0#
0(
#64824
0"
0)
#64827
b1101 0
1#
1(
#64830
1"
1)
#64834
0#
0(
#64836
0"
0)
#64841
b1100 0
1#
1(
#64842
1"
1)
#64848
0"
0)
0#
0(
#64854
1"
1)
#64855
b1011 0
1#
1(
#64860
0"
0)
#64862
0#
0(
#64866
1"
1)
#64869
b1010 0
1#
1(
#64872
0"
0)
#64876
0#
0(
#64878
1"
1)
#64883
b1001 0
1#
1(
#64884
0"
0)
#64890
1"
1)
0#
0(
#64896
0"
0)
#64897
b1000 0
1#
1(
#64902
1"
1)
#64904
0#
0(
#64908
0"
0)
#64911
b111 0
1#
1(
#64914
1"
1)
#64918
0#
0(
#64920
0"
0)
#64925
b110 0
1#
1(
#64926
1"
1)
#64932
0"
0)
0#
0(
#64938
1"
1)
#64939
b101 0
1#
1(
#64944
0"
0)
#64946
0#
0(
#64950
1"
1)
#64953
b100 0
1#
1(
#64956
0"
0)
#64960
0#
0(
#64962
1"
1)
#64967
b11 0
1#
1(
#64968
0"
0)
#64970
b111 9
b110 ;
#64974
1"
1)
0#
0(
#64980
0"
0)
#64981
b10 0
1#
1(
#64986
1"
1)
#64988
0#
0(
#64992
0"
0)
#64995
b1 0
1#
1(
#64998
1"
1)
#65002
0#
0(
#65004
0"
0)
#65009
b0 0
1#
1(
#65010
1"
1)
#65016
0"
0)
0#
0(
#65022
1"
1)
#65023
b10 2
b1111 0
1#
1(
#65028
0"
0)
#65030
0#
0(
#65034
1"
1)
#65037
b1 2
b1 /
b10101110 ,
b10101110 -
b10101110 3
b10101110 .
1#
1(
#65040
0"
0)
#65044
0#
0(
#65046
b10101110 4
1"
1)
#65051
b10101111 ,
b10101111 -
b10101111 3
b10101111 .
b1110 0
1#
1(
#65052
0"
0)
#65058
b10101111 4
1"
1)
0#
0(
#65064
0"
0)
#65065
b1101 0
1#
1(
#65070
1"
1)
#65072
0#
0(
#65076
0"
0)
#65079
b1100 0
1#
1(
#65082
1"
1)
#65086
0#
0(
#65088
0"
0)
#65093
b1011 0
1#
1(
#65094
1"
1)
#65100
0"
0)
0#
0(
#65106
1"
1)
#65107
b1010 0
1#
1(
#65112
0"
0)
#65114
0#
0(
#65118
1"
1)
#65121
b1001 0
1#
1(
#65124
0"
0)
#65128
0#
0(
#65130
1"
1)
#65135
b1000 0
1#
1(
#65136
0"
0)
#65142
1"
1)
0#
0(
#65148
0"
0)
#65149
b111 0
1#
1(
#65154
1"
1)
#65156
0#
0(
#65160
0"
0)
#65163
b110 0
1#
1(
#65166
1"
1)
#65170
0#
0(
#65172
0"
0)
#65177
b101 0
1#
1(
#65178
1"
1)
#65184
0"
0)
0#
0(
#65190
1"
1)
#65191
b100 0
1#
1(
#65196
0"
0)
#65197
b11 9
b111 ;
#65198
0#
0(
#65202
1"
1)
#65205
b11 0
1#
1(
#65208
0"
0)
#65212
0#
0(
#65214
1"
1)
#65219
b10 0
1#
1(
#65220
0"
0)
#65226
1"
1)
0#
0(
#65232
0"
0)
#65233
b1 0
1#
1(
#65238
1"
1)
#65240
0#
0(
#65244
0"
0)
#65247
b0 0
1#
1(
#65250
1"
1)
#65254
0#
0(
#65256
0"
0)
#65261
b10 2
b1111 0
1#
1(
#65262
1"
1)
#65268
0"
0)
0#
0(
#65274
1"
1)
#65275
b1 2
b0 /
b1011110 ,
b1011110 -
b1011110 3
b1011110 .
1#
1(
#65280
0"
0)
#65282
0#
0(
#65286
b1011110 4
1"
1)
#65289
b1011111 ,
b1011111 -
b1011111 3
b1011111 .
b1110 0
1#
1(
#65292
0"
0)
#65296
0#
0(
#65298
b1011111 4
1"
1)
#65303
b1101 0
1#
1(
#65304
0"
0)
#65310
1"
1)
0#
0(
#65316
0"
0)
#65317
b1100 0
1#
1(
#65322
1"
1)
#65324
0#
0(
#65328
0"
0)
#65331
b1011 0
1#
1(
#65334
1"
1)
#65338
0#
0(
#65340
0"
0)
#65345
b1010 0
1#
1(
#65346
1"
1)
#65352
0"
0)
0#
0(
#65358
1"
1)
#65359
b1001 0
1#
1(
#65364
0"
0)
#65366
0#
0(
#65370
1"
1)
#65373
b1000 0
1#
1(
#65376
0"
0)
#65380
0#
0(
#65382
1"
1)
#65387
b111 0
1#
1(
#65388
0"
0)
#65394
1"
1)
0#
0(
#65400
0"
0)
#65401
b110 0
1#
1(
#65406
1"
1)
#65408
0#
0(
#65412
0"
0)
#65415
b101 0
1#
1(
#65418
1"
1)
#65422
0#
0(
#65424
0"
0)
b1 9
b1000 ;
#65429
b100 0
1#
1(
#65430
1"
1)
#65436
0"
0)
0#
0(
#65442
1"
1)
#65443
b11 0
1#
1(
#65448
0"
0)
#65450
0#
0(
#65454
1"
1)
#65457
b10 0
1#
1(
#65460
0"
0)
#65464
0#
0(
#65466
1"
1)
#65471
b1 0
1#
1(
#65472
0"
0)
#65478
1"
1)
0#
0(
#65484
0"
0)
#65485
b0 0
1#
1(
#65490
1"
1)
#65492
0#
0(
#65496
0"
0)
#65499
b10 2
b1111 0
1#
1(
#65502
1"
1)
#65506
0#
0(
#65508
0"
0)
#65513
b11 2
b111 /
b10111110 ,
b10111110 -
b10111110 3
b10111110 .
1#
1(
#65514
b10111110 4
1"
1)
#65520
0"
0)
0#
0(
#65526
1"
1)
#65527
b100 2
1#
1(
#65532
0"
0)
#65534
0#
0(
#65538
1"
1)
#65541
0+
01
1#
1(
#65544
0"
0)
#65548
0#
0(
#65550
b1 7
1"
1)
#65555
1#
1(
#65556
0"
0)
#65562
b10 7
0!
08
0*
06
1"
1)
0#
0(
#65568
0"
0)
b0 >
b0 ?
b1110010 <
1'
#65569
b0 2
1#
1(
0'
#65574
b110 5
b1111100 4
1!
18
1"
1)
#65576
0#
0(
#65580
0"
0)
b1 >
b1 ?
1'
#65581
0'
#65583
1+
11
1#
1(
#65586
b101 5
b11111000 4
0!
08
1"
1)
#65590
0#
0(
#65592
0"
0)
b10 >
1'
#65593
0'
#65597
1#
1(
#65598
b100 5
b11110000 4
1!
18
1"
1)
#65604
0"
0)
0#
0(
b11 >
b101 ?
1'
#65605
0'
#65610
b11 5
b11100000 4
1"
1)
#65611
1#
1(
#65616
0"
0)
b100 >
b1101 ?
1'
#65617
0'
#65618
0#
0(
#65622
b10 5
b11000000 4
1"
1)
#65625
1#
1(
#65628
0"
0)
b101 >
b11101 ?
1'
#65629
0'
#65632
0#
0(
#65634
b1 5
b10000000 4
1"
1)
#65639
1#
1(
#65640
0"
0)
b110 >
b111101 ?
1'
#65641
0'
#65646
b0 5
b0 4
1"
1)
0#
0(
#65651
b0 9
b1001 ;
#65652
0"
0)
b111 >
b1111101 ?
1'
#65653
1#
1(
0'
#65658
b0 7
b111 5
0!
08
1"
1)
#65660
0#
0(
#65664
0"
0)
b1000 >
1'
#65665
0'
#65667
1#
1(
#65670
1!
18
b10111110 4
1*
16
1"
1)
#65674
0#
0(
#65676
0"
0)
b10110 =
1$
1'
#65677
0$
0'
#65681
1#
1(
#65682
1"
1)
#65688
0"
0)
0#
0(
#65694
1"
1)
#65695
1#
1(
#65700
0"
0)
#65702
0#
0(
#65706
1"
1)
#65709
1#
1(
#65712
0"
0)
#65716
0#
0(
#65718
1"
1)
#65723
1#
1(
#65724
0"
0)
#65730
1"
1)
0#
0(
#65736
0"
0)
#65737
1#
1(
#65742
1"
1)
#65744
0#
0(
#65748
0"
0)
#65751
1#
1(
#65754
1"
1)
#65758
0#
0(
#65760
0"
0)
#65765
1#
1(
#65766
1"
1)
#65772
0"
0)
0#
0(
#65778
1"
1)
#65779
1#
1(
#65784
0"
0)
#65786
0#
0(
#65790
1"
1)
#65793
1#
1(
#65796
0"
0)
#65800
0#
0(
#65802
1"
1)
#65807
1#
1(
#65808
0"
0)
#65814
1"
1)
0#
0(
#65820
0"
0)
#65821
1#
1(
#65826
1"
1)
#65828
0#
0(
#65832
0"
0)
#65835
1#
1(
#65838
1"
1)
#65842
0#
0(
#65844
0"
0)
#65849
1#
1(
#65850
1"
1)
#65856
0"
0)
0#
0(
#65862
1"
1)
#65863
1#
1(
#65868
0"
0)
#65870
0#
0(
#65874
1"
1)
#65877
1#
1(
#65878
b1010 ;
#65880
0"
0)
#65884
0#
0(
#65886
1"
1)
#65891
1#
1(
#65892
0"
0)
#65898
1"
1)
0#
0(
#65904
0"
0)
#65905
1#
1(
#65910
1"
1)
#65912
0#
0(
#65916
0"
0)
#65919
1#
1(
#65922
1"
1)
#65926
0#
0(
#65928
0"
0)
#65933
1#
1(
#65934
1"
1)
#65940
0"
0)
0#
0(
#65946
1"
1)
#65947
1#
1(
#65952
0"
0)
#65954
0#
0(
#65958
1"
1)
#65961
1#
1(
#65964
0"
0)
#65968
0#
0(
#65970
1"
1)
#65975
1#
1(
#65976
0"
0)
#65982
1"
1)
0#
0(
#65988
0"
0)
#65989
1#
1(
#65994
1"
1)
#65996
0#
0(
#66000
0"
0)
#66003
1#
1(
#66006
1"
1)
#66010
0#
0(
#66012
0"
0)
#66017
1#
1(
#66018
1"
1)
#66024
0"
0)
0#
0(
#66030
1"
1)
#66031
1#
1(
#66036
0"
0)
#66038
0#
0(
#66042
1"
1)
#66045
1#
1(
#66048
0"
0)
#66052
0#
0(
#66054
1"
1)
#66059
1#
1(
#66060
0"
0)
#66066
1"
1)
0#
0(
#66072
0"
0)
#66073
1#
1(
#66078
1"
1)
#66080
0#
0(
#66084
0"
0)
#66087
1#
1(
#66090
1"
1)
#66094
0#
0(
#66096
0"
0)
#66101
1#
1(
#66102
1"
1)
#66108
0"
0)
0#
0(
#66114
1"
1)
#66115
1#
1(
#66120
0"
0)
#66122
0#
0(
#66126
1"
1)
#66129
1#
1(
#66132
0"
0)
#66136
0#
0(
#66138
1"
1)
#66143
1#
1(
#66144
0"
0)
#66150
1"
1)
0#
0(
#66156
0"
0)
#66157
1#
1(
#66162
1"
1)
#66164
0#
0(
#66168
0"
0)
#66171
1#
1(
#66174
1"
1)
#66178
0#
0(
#66180
0"
0)
#66185
1#
1(
#66186
1"
1)
#66192
0"
0)
0#
0(
#66198
1"
1)
#66199
1#
1(
#66204
0"
0)
#66206
0#
0(
#66210
1"
1)
#66213
1#
1(
#66216
0"
0)
#66220
0#
0(
#66222
1"
1)
#66227
1#
1(
#66228
0"
0)
#66234
1"
1)
0#
0(
#66240
0"
0)
#66241
1#
1(
#66246
1"
1)
#66248
0#
0(
#66252
0"
0)
#66255
1#
1(
#66258
1"
1)
#66262
0#
0(
#66264
0"
0)
#66269
1#
1(
#66270
1"
1)
#66276
0"
0)
0#
0(
#66282
1"
1)
#66283
1#
1(
#66288
0"
0)
#66290
0#
0(
#66294
1"
1)
#66297
1#
1(
#66300
0"
0)
#66304
0#
0(
#66306
1"
1)
#66311
1#
1(
#66312
0"
0)
#66318
1"
1)
0#
0(
#66324
0"
0)
#66325
1#
1(
#66330
1"
1)
#66332
0#
0(
#66336
0"
0)
#66339
1#
1(
#66342
1"
1)
#66346
0#
0(
#66348
0"
0)
#66353
1#
1(
#66354
1"
1)
#66360
0"
0)
0#
0(
#66366
1"
1)
#66367
1#
1(
#66372
0"
0)
#66374
0#
0(
#66378
1"
1)
#66381
1#
1(
#66384
0"
0)
#66388
0#
0(
#66390
1"
1)
#66395
1#
1(
#66396
0"
0)
#66402
1"
1)
0#
0(
#66408
0"
0)
#66409
1#
1(
#66414
1"
1)
#66416
0#
0(
#66420
0"
0)
#66423
1#
1(
#66426
1"
1)
#66430
0#
0(
#66432
0"
0)
#66437
1#
1(
#66438
1"
1)
#66444
0"
0)
0#
0(
#66450
1"
1)
#66451
1#
1(
#66456
0"
0)
#66458
0#
0(
#66462
1"
1)
#66465
1#
1(
#66468
0"
0)
#66472
0#
0(
#66474
1"
1)
#66479
1#
1(
#66480
0"
0)
#66486
1"
1)
0#
0(
#66492
0"
0)
#66493
1#
1(
#66498
1"
1)
#66500
0#
0(
#66504
0"
0)
#66507
1#
1(
#66510
1"
1)
#66514
0#
0(
#66516
0"
0)
#66521
1#
1(
#66522
1"
1)
#66528
0"
0)
0#
0(
#66534
1"
1)
#66535
1#
1(
#66540
0"
0)
#66542
0#
0(
#66546
1"
1)
#66549
1#
1(
#66552
0"
0)
#66556
0#
0(
#66558
1"
1)
#66563
1#
1(
#66564
0"
0)
#66570
1"
1)
0#
0(
#66576
0"
0)
#66577
1#
1(
#66582
1"
1)
#66584
0#
0(
#66588
0"
0)
#66591
1#
1(
#66594
1"
1)
#66598
0#
0(
#66600
0"
0)
#66605
1#
1(
#66606
1"
1)
#66612
0"
0)
0#
0(
#66618
1"
1)
#66619
1#
1(
#66624
0"
0)
#66626
0#
0(
#66630
1"
1)
#66633
1#
1(
#66636
0"
0)
#66640
0#
0(
#66642
1"
1)
#66647
1#
1(
#66648
0"
0)
#66654
1"
1)
0#
0(
#66660
0"
0)
#66661
1#
1(
#66666
1"
1)
#66668
0#
0(
#66672
0"
0)
#66675
1#
1(
#66678
1"
1)
#66682
0#
0(
#66684
0"
0)
#66689
1#
1(
#66690
1"
1)
#66696
0"
0)
0#
0(
#66702
1"
1)
#66703
1#
1(
#66708
0"
0)
#66710
0#
0(
#66714
1"
1)
#66717
1#
1(
#66720
0"
0)
#66724
0#
0(
#66726
1"
1)
#66731
1#
1(
#66732
0"
0)
#66738
1"
1)
0#
0(
#66744
0"
0)
#66745
1#
1(
#66750
1"
1)
#66752
0#
0(
#66756
0"
0)
#66759
1#
1(
#66762
1"
1)
#66766
0#
0(
#66768
0"
0)
#66773
1#
1(
#66774
1"
1)
#66780
0"
0)
0#
0(
#66786
1"
1)
#66787
1#
1(
#66792
0"
0)
#66794
0#
0(
#66798
1"
1)
#66801
1#
1(
#66804
0"
0)
#66808
0#
0(
#66810
1"
1)
#66815
1#
1(
#66816
0"
0)
#66822
1"
1)
0#
0(
#66828
0"
0)
#66829
1#
1(
#66834
1"
1)
#66836
0#
0(
#66840
0"
0)
#66843
1#
1(
#66846
1"
1)
#66850
0#
0(
#66852
0"
0)
#66857
1#
1(
#66858
1"
1)
#66864
0"
0)
0#
0(
#66870
1"
1)
#66871
1#
1(
#66876
0"
0)
#66878
0#
0(
#66882
1"
1)
#66885
1#
1(
#66888
0"
0)
#66892
0#
0(
#66894
1"
1)
#66899
1#
1(
#66900
0"
0)
#66906
1"
1)
0#
0(
#66912
0"
0)
#66913
1#
1(
#66918
1"
1)
#66920
0#
0(
#66924
0"
0)
#66927
1#
1(
#66930
1"
1)
#66934
0#
0(
#66936
0"
0)
#66941
1#
1(
#66942
1"
1)
#66948
0"
0)
0#
0(
#66954
1"
1)
#66955
1#
1(
#66960
0"
0)
#66962
0#
0(
#66966
1"
1)
#66969
1#
1(
#66972
0"
0)
#66976
0#
0(
#66978
1"
1)
#66983
1#
1(
#66984
0"
0)
#66990
1"
1)
0#
0(
#66996
0"
0)
#66997
1#
1(
#67002
1"
1)
#67004
0#
0(
#67008
0"
0)
#67011
1#
1(
#67014
1"
1)
#67018
0#
0(
#67020
0"
0)
#67025
1#
1(
#67026
1"
1)
#67032
0"
0)
0#
0(
#67038
1"
1)
#67039
1#
1(
#67044
0"
0)
#67046
0#
0(
#67050
1"
1)
#67053
1#
1(
#67056
0"
0)
#67060
0#
0(
#67062
1"
1)
#67067
1#
1(
#67068
0"
0)
#67074
1"
1)
0#
0(
#67080
0"
0)
#67081
1#
1(
#67086
1"
1)
#67088
0#
0(
#67092
0"
0)
#67095
1#
1(
#67098
1"
1)
#67102
0#
0(
#67104
0"
0)
#67109
1#
1(
#67110
1"
1)
#67116
0"
0)
0#
0(
#67122
1"
1)
#67123
1#
1(
#67128
0"
0)
#67130
0#
0(
#67134
1"
1)
#67137
1#
1(
#67140
0"
0)
#67144
0#
0(
#67146
1"
1)
#67151
1#
1(
#67152
0"
0)
#67158
1"
1)
0#
0(
#67164
0"
0)
#67165
1#
1(
#67170
1"
1)
#67172
0#
0(
#67176
0"
0)
#67179
1#
1(
#67182
1"
1)
#67186
0#
0(
#67188
0"
0)
#67193
1#
1(
#67194
1"
1)
#67200
0"
0)
0#
0(
#67206
1"
1)
#67207
1#
1(
#67212
0"
0)
#67214
0#
0(
#67218
1"
1)
#67221
1#
1(
#67224
0"
0)
#67228
0#
0(
#67230
1"
1)
#67235
1#
1(
#67236
0"
0)
#67242
1"
1)
0#
0(
#67248
0"
0)
#67249
1#
1(
#67254
1"
1)
#67256
0#
0(
#67260
0"
0)
#67263
1#
1(
#67266
1"
1)
#67270
0#
0(
#67272
0"
0)
#67277
1#
1(
#67278
1"
1)
#67284
0"
0)
0#
0(
#67290
1"
1)
#67291
1#
1(
#67296
0"
0)
#67298
0#
0(
#67302
1"
1)
#67305
1#
1(
#67308
0"
0)
#67312
0#
0(
#67314
1"
1)
#67319
1#
1(
#67320
0"
0)
#67326
1"
1)
0#
0(
#67332
0"
0)
#67333
1#
1(
#67338
1"
1)
#67340
0#
0(
#67344
0"
0)
#67347
1#
1(
#67350
1"
1)
#67354
0#
0(
#67356
0"
0)
#67361
1#
1(
#67362
1"
1)
#67368
0"
0)
0#
0(
#67374
1"
1)
#67375
1#
1(
#67380
0"
0)
#67382
0#
0(
#67386
1"
1)
#67389
1#
1(
#67392
0"
0)
#67396
0#
0(
#67398
1"
1)
#67403
1#
1(
#67404
0"
0)
#67410
1"
1)
0#
0(
#67416
0"
0)
#67417
1#
1(
#67422
1"
1)
#67424
0#
0(
#67428
0"
0)
#67431
1#
1(
#67434
1"
1)
#67438
0#
0(
#67440
0"
0)
#67445
1#
1(
#67446
1"
1)
#67452
0"
0)
0#
0(
#67458
1"
1)
#67459
1#
1(
#67464
0"
0)
#67466
0#
0(
#67470
1"
1)
#67473
1#
1(
#67476
0"
0)
#67480
0#
0(
#67482
1"
1)
#67487
1#
1(
#67488
0"
0)
#67494
1"
1)
0#
0(
#67500
0"
0)
#67501
1#
1(
#67506
1"
1)
#67508
0#
0(
#67512
0"
0)
#67515
1#
1(
#67518
1"
1)
#67522
0#
0(
#67524
0"
0)
#67529
1#
1(
#67530
1"
1)
#67536
0"
0)
0#
0(
#67542
1"
1)
#67543
1#
1(
#67548
0"
0)
#67550
0#
0(
#67554
1"
1)
#67557
1#
1(
#67560
0"
0)
#67564
0#
0(
#67566
1"
1)
#67571
1#
1(
#67572
0"
0)
#67578
1"
1)
0#
0(
#67584
0"
0)
#67585
1#
1(
#67590
1"
1)
#67592
0#
0(
#67596
0"
0)
#67599
1#
1(
#67602
1"
1)
#67606
0#
0(
#67608
0"
0)
#67613
1#
1(
#67614
1"
1)
#67620
0"
0)
0#
0(
#67626
1"
1)
#67627
1#
1(
#67632
0"
0)
#67634
0#
0(
#67638
1"
1)
#67641
1#
1(
#67644
0"
0)
#67648
0#
0(
#67650
1"
1)
#67655
1#
1(
#67656
0"
0)
#67662
1"
1)
0#
0(
#67668
0"
0)
#67669
1#
1(
#67674
1"
1)
#67676
0#
0(
#67680
0"
0)
#67683
1#
1(
#67686
1"
1)
#67690
0#
0(
#67692
0"
0)
#67697
1#
1(
#67698
1"
1)
#67704
0"
0)
0#
0(
#67710
1"
1)
#67711
1#
1(
#67716
0"
0)
#67718
0#
0(
#67722
1"
1)
#67725
1#
1(
#67728
0"
0)
#67732
0#
0(
#67734
1"
1)
#67739
1#
1(
#67740
0"
0)
#67746
1"
1)
0#
0(
#67752
0"
0)
#67753
1#
1(
#67758
1"
1)
#67760
0#
0(
#67764
0"
0)
#67767
1#
1(
#67770
1"
1)
#67774
0#
0(
#67776
0"
0)
#67781
1#
1(
#67782
1"
1)
#67788
0"
0)
0#
0(
#67794
1"
1)
#67795
1#
1(
#67800
0"
0)
#67802
0#
0(
#67806
1"
1)
#67809
1#
1(
#67812
0"
0)
#67816
0#
0(
#67818
1"
1)
#67823
1#
1(
#67824
0"
0)
#67830
1"
1)
0#
0(
#67836
0"
0)
#67837
1#
1(
#67842
1"
1)
#67844
0#
0(
#67848
0"
0)
#67851
1#
1(
#67854
1"
1)
#67858
0#
0(
#67860
0"
0)
#67865
1#
1(
#67866
1"
1)
#67872
0"
0)
0#
0(
#67878
1"
1)
#67879
1#
1(
#67884
0"
0)
#67886
0#
0(
#67890
1"
1)
#67893
1#
1(
#67896
0"
0)
#67900
0#
0(
#67902
1"
1)
#67907
1#
1(
#67908
0"
0)
#67914
1"
1)
0#
0(
#67920
0"
0)
#67921
1#
1(
#67926
1"
1)
#67928
0#
0(
#67932
0"
0)
#67935
1#
1(
#67938
1"
1)
#67942
0#
0(
#67944
0"
0)
#67949
1#
1(
#67950
1"
1)
#67956
0"
0)
0#
0(
#67962
1"
1)
#67963
1#
1(
#67968
0"
0)
#67970
0#
0(
#67974
1"
1)
#67977
1#
1(
#67980
0"
0)
#67984
0#
0(
#67986
1"
1)
#67991
1#
1(
#67992
0"
0)
#67998
1"
1)
0#
0(
#68004
0"
0)
#68005
1#
1(
#68010
1"
1)
#68012
0#
0(
#68016
0"
0)
#68019
1#
1(
#68022
1"
1)
#68026
0#
0(
#68028
0"
0)
#68033
1#
1(
#68034
1"
1)
#68040
0"
0)
0#
0(
#68046
1"
1)
#68047
1#
1(
#68052
0"
0)
#68054
0#
0(
#68058
1"
1)
#68061
1#
1(
#68064
0"
0)
#68068
0#
0(
#68070
1"
1)
#68075
1#
1(
#68076
0"
0)
#68082
1"
1)
0#
0(
#68088
0"
0)
#68089
1#
1(
#68094
1"
1)
#68096
0#
0(
#68100
0"
0)
#68103
1#
1(
#68106
1"
1)
#68110
0#
0(
#68112
0"
0)
#68117
1#
1(
#68118
1"
1)
#68124
0"
0)
0#
0(
#68130
1"
1)
#68131
1#
1(
#68136
0"
0)
#68138
0#
0(
#68142
1"
1)
#68145
1#
1(
#68148
0"
0)
#68150
0&
b0 ;
b100001100 9
b1111 :
#68152
0#
0(
#68154
1"
1)
#68159
b1 2
1#
1(
#68160
0"
0)
#68166
1"
1)
0#
0(
#68172
0"
0)
#68173
b1110 0
1#
1(
#68178
1"
1)
#68180
0#
0(
#68184
0"
0)
#68187
b1101 0
1#
1(
#68190
1"
1)
#68194
0#
0(
#68196
0"
0)
#68201
b1100 0
1#
1(
#68202
1"
1)
#68208
0"
0)
0#
0(
#68214
1"
1)
#68215
b1011 0
1#
1(
#68220
0"
0)
#68222
0#
0(
#68226
1"
1)
#68229
b1010 0
1#
1(
#68232
0"
0)
#68236
0#
0(
#68238
1"
1)
#68243
b1001 0
1#
1(
#68244
0"
0)
#68250
1"
1)
0#
0(
#68256
0"
0)
#68257
b1000 0
1#
1(
#68262
1"
1)
#68264
0#
0(
#68268
0"
0)
#68271
b111 0
1#
1(
#68274
1"
1)
#68278
0#
0(
#68280
0"
0)
#68285
b110 0
1#
1(
#68286
1"
1)
#68292
0"
0)
0#
0(
#68298
1"
1)
#68299
b101 0
1#
1(
#68304
0"
0)
#68306
0#
0(
#68310
1"
1)
#68313
b100 0
1#
1(
#68316
0"
0)
#68320
0#
0(
#68322
1"
1)
#68327
b11 0
1#
1(
#68328
0"
0)
#68334
1"
1)
0#
0(
#68340
0"
0)
#68341
b10 0
1#
1(
#68346
1"
1)
#68348
0#
0(
#68352
0"
0)
#68355
b1 0
1#
1(
#68358
1"
1)
#68362
0#
0(
#68364
0"
0)
#68369
b0 0
1#
1(
#68370
1"
1)
#68376
0"
0)
0#
0(
#68377
b10000110 9
b1 ;
#68382
1"
1)
#68383
b10 2
b1111 0
1#
1(
#68388
0"
0)
#68390
0#
0(
#68394
1"
1)
#68397
b1 2
b110 /
b1111100 ,
b1111100 -
b1111100 3
b1111100 .
1#
1(
#68400
0"
0)
#68404
0#
0(
#68406
b1111100 4
1"
1)
#68411
b1110 0
1#
1(
#68412
0"
0)
#68418
1"
1)
0#
0(
#68424
0"
0)
#68425
b1101 0
1#
1(
#68430
1"
1)
#68432
0#
0(
#68436
0"
0)
#68439
b1100 0
1#
1(
#68442
1"
1)
#68446
0#
0(
#68448
0"
0)
#68453
b1011 0
1#
1(
#68454
1"
1)
#68460
0"
0)
0#
0(
#68466
1"
1)
#68467
b1010 0
1#
1(
#68472
0"
0)
#68474
0#
0(
#68478
1"
1)
#68481
b1001 0
1#
1(
#68484
0"
0)
#68488
0#
0(
#68490
1"
1)
#68495
b1000 0
1#
1(
#68496
0"
0)
#68502
1"
1)
0#
0(
#68508
0"
0)
#68509
b111 0
1#
1(
#68514
1"
1)
#68516
0#
0(
#68520
0"
0)
#68523
b110 0
1#
1(
#68526
1"
1)
#68530
0#
0(
#68532
0"
0)
#68537
b101 0
1#
1(
#68538
1"
1)
#68544
0"
0)
0#
0(
#68550
1"
1)
#68551
b100 0
1#
1(
#68556
0"
0)
#68558
0#
0(
#68562
1"
1)
#68565
b11 0
1#
1(
#68568
0"
0)
#68572
0#
0(
#68574
1"
1)
#68579
b10 0
1#
1(
#68580
0"
0)
#68586
1"
1)
0#
0(
#68592
0"
0)
#68593
b1 0
1#
1(
#68598
1"
1)
#68600
0#
0(
#68604
0"
0)
b1000011 9
b10 ;
#68607
b0 0
1#
1(
#68610
1"
1)
#68614
0#
0(
#68616
0"
0)
#68621
b10 2
b1111 0
1#
1(
#68622
1"
1)
#68628
0"
0)
0#
0(
#68634
1"
1)
#68635
b1 2
b101 /
b11111000 ,
b11111000 -
b11111000 3
b11111000 .
1#
1(
#68640
0"
0)
#68642
0#
0(
#68646
b11111000 4
1"
1)
#68649
b1110 0
1#
1(
#68652
0"
0)
#68656
0#
0(
#68658
1"
1)
#68663
b1101 0
1#
1(
#68664
0"
0)
#68670
1"
1)
0#
0(
#68676
0"
0)
#68677
b1100 0
1#
1(
#68682
1"
1)
#68684
0#
0(
#68688
0"
0)
#68691
b1011 0
1#
1(
#68694
1"
1)
#68698
0#
0(
#68700
0"
0)
#68705
b1010 0
1#
1(
#68706
1"
1)
#68712
0"
0)
0#
0(
#68718
1"
1)
#68719
b1001 0
1#
1(
#68724
0"
0)
#68726
0#
0(
#68730
1"
1)
#68733
b1000 0
1#
1(
#68736
0"
0)
#68740
0#
0(
#68742
1"
1)
#68747
b111 0
1#
1(
#68748
0"
0)
#68754
1"
1)
0#
0(
#68760
0"
0)
#68761
b110 0
1#
1(
#68766
1"
1)
#68768
0#
0(
#68772
0"
0)
#68775
b101 0
1#
1(
#68778
1"
1)
#68782
0#
0(
#68784
0"
0)
#68789
b100 0
1#
1(
#68790
1"
1)
#68796
0"
0)
0#
0(
#68802
1"
1)
#68803
b11 0
1#
1(
#68808
0"
0)
#68810
0#
0(
#68814
1"
1)
#68817
b10 0
1#
1(
#68820
0"
0)
#68824
0#
0(
#68826
1"
1)
#68831
b11111001 ,
b11111001 -
b11111001 3
b11111001 .
b1 0
1#
1(
b100001 9
1&
b11 ;
#68832
0"
0)
#68838
b11111001 4
1"
1)
0#
0(
#68844
0"
0)
#68845
b0 0
1#
1(
#68850
1"
1)
#68852
0#
0(
#68856
0"
0)
#68859
b10 2
b1111 0
1#
1(
#68862
1"
1)
#68866
0#
0(
#68868
0"
0)
#68873
b1 2
b100 /
b11110010 ,
b11110010 -
b11110010 3
b11110010 .
1#
1(
#68874
b11110010 4
1"
1)
#68880
0"
0)
0#
0(
#68886
1"
1)
#68887
b11110011 ,
b11110011 -
b11110011 3
b11110011 .
b1110 0
1#
1(
#68892
0"
0)
#68894
0#
0(
#68898
b11110011 4
1"
1)
#68901
b1101 0
1#
1(
#68904
0"
0)
#68908
0#
0(
#68910
1"
1)
#68915
b1100 0
1#
1(
#68916
0"
0)
#68922
1"
1)
0#
0(
#68928
0"
0)
#68929
b1011 0
1#
1(
#68934
1"
1)
#68936
0#
0(
#68940
0"
0)
#68943
b1010 0
1#
1(
#68946
1"
1)
#68950
0#
0(
#68952
0"
0)
#68957
b1001 0
1#
1(
#68958
1"
1)
#68964
0"
0)
0#
0(
#68970
1"
1)
#68971
b1000 0
1#
1(
#68976
0"
0)
#68978
0#
0(
#68982
1"
1)
#68985
b111 0
1#
1(
#68988
0"
0)
#68992
0#
0(
#68994
1"
1)
#68999
b110 0
1#
1(
#69000
0"
0)
#69006
1"
1)
0#
0(
#69012
0"
0)
#69013
b101 0
1#
1(
#69018
1"
1)
#69020
0#
0(
#69024
0"
0)
#69027
b100 0
1#
1(
#69030
1"
1)
#69034
0#
0(
#69036
0"
0)
#69041
b11 0
1#
1(
#69042
1"
1)
#69048
0"
0)
0#
0(
#69054
1"
1)
#69055
b10 0
1#
1(
#69058
b10000 9
b100 ;
#69060
0"
0)
#69062
0#
0(
#69066
1"
1)
#69069
b1 0
1#
1(
#69072
0"
0)
#69076
0#
0(
#69078
1"
1)
#69083
b0 0
1#
1(
#69084
0"
0)
#69090
1"
1)
0#
0(
#69096
0"
0)
#69097
b10 2
b1111 0
1#
1(
#69102
1"
1)
#69104
0#
0(
#69108
0"
0)
#69111
b1 2
b11 /
b11100110 ,
b11100110 -
b11100110 3
b11100110 .
1#
1(
#69114
b11100110 4
1"
1)
#69118
0#
0(
#69120
0"
0)
#69125
b11100111 ,
b11100111 -
b11100111 3
b11100111 .
b1110 0
1#
1(
#69126
b11100111 4
1"
1)
#69132
0"
0)
0#
0(
#69138
1"
1)
#69139
b1101 0
1#
1(
#69144
0"
0)
#69146
0#
0(
#69150
1"
1)
#69153
b1100 0
1#
1(
#69156
0"
0)
#69160
0#
0(
#69162
1"
1)
#69167
b1011 0
1#
1(
#69168
0"
0)
#69174
1"
1)
0#
0(
#69180
0"
0)
#69181
b1010 0
1#
1(
#69186
1"
1)
#69188
0#
0(
#69192
0"
0)
#69195
b1001 0
1#
1(
#69198
1"
1)
#69202
0#
0(
#69204
0"
0)
#69209
b1000 0
1#
1(
#69210
1"
1)
#69216
0"
0)
0#
0(
#69222
1"
1)
#69223
b111 0
1#
1(
#69228
0"
0)
#69230
0#
0(
#69234
1"
1)
#69237
b110 0
1#
1(
#69240
0"
0)
#69244
0#
0(
#69246
1"
1)
#69251
b101 0
1#
1(
#69252
0"
0)
#69258
1"
1)
0#
0(
#69264
0"
0)
#69265
b100 0
1#
1(
#69270
1"
1)
#69272
0#
0(
#69276
0"
0)
#69279
b11 0
1#
1(
#69282
1"
1)
#69285
b1000 9
0&
b101 ;
#69286
0#
0(
#69288
0"
0)
#69293
b11100110 ,
b11100110 -
b11100110 3
b11100110 .
b10 0
1#
1(
#69294
b11100110 4
1"
1)
#69300
0"
0)
0#
0(
#69306
1"
1)
#69307
b1 0
1#
1(
#69312
0"
0)
#69314
0#
0(
#69318
1"
1)
#69321
b0 0
1#
1(
#69324
0"
0)
#69328
0#
0(
#69330
1"
1)
#69335
b10 2
b1111 0
1#
1(
#69336
0"
0)
#69342
1"
1)
0#
0(
#69348
0"
0)
#69349
b1 2
b10 /
b11001100 ,
b11001100 -
b11001100 3
b11001100 .
1#
1(
#69354
b11001100 4
1"
1)
#69356
0#
0(
#69360
0"
0)
#69363
b1110 0
1#
1(
#69366
1"
1)
#69370
0#
0(
#69372
0"
0)
#69377
b1101 0
1#
1(
#69378
1"
1)
#69384
0"
0)
0#
0(
#69390
1"
1)
#69391
b1100 0
1#
1(
#69396
0"
0)
#69398
0#
0(
#69402
1"
1)
#69405
b1011 0
1#
1(
#69408
0"
0)
#69412
0#
0(
#69414
1"
1)
#69419
b1010 0
1#
1(
#69420
0"
0)
#69426
1"
1)
0#
0(
#69432
0"
0)
#69433
b1001 0
1#
1(
#69438
1"
1)
#69440
0#
0(
#69444
0"
0)
#69447
b1000 0
1#
1(
#69450
1"
1)
#69454
0#
0(
#69456
0"
0)
#69461
b111 0
1#
1(
#69462
1"
1)
#69468
0"
0)
0#
0(
#69474
1"
1)
#69475
b110 0
1#
1(
#69480
0"
0)
#69482
0#
0(
#69486
1"
1)
#69489
b101 0
1#
1(
#69492
0"
0)
#69496
0#
0(
#69498
1"
1)
#69503
b100 0
1#
1(
#69504
0"
0)
#69510
1"
1)
0#
0(
#69512
b100 9
b110 ;
#69516
0"
0)
#69517
b11 0
1#
1(
#69522
1"
1)
#69524
0#
0(
#69528
0"
0)
#69531
b10 0
1#
1(
#69534
1"
1)
#69538
0#
0(
#69540
0"
0)
#69545
b1 0
1#
1(
#69546
1"
1)
#69552
0"
0)
0#
0(
#69558
1"
1)
#69559
b0 0
1#
1(
#69564
0"
0)
#69566
0#
0(
#69570
1"
1)
#69573
b10 2
b1111 0
1#
1(
#69576
0"
0)
#69580
0#
0(
#69582
1"
1)
#69587
b1 2
b1 /
b10011000 ,
b10011000 -
b10011000 3
b10011000 .
1#
1(
#69588
0"
0)
#69594
b10011000 4
1"
1)
0#
0(
#69600
0"
0)
#69601
b1110 0
1#
1(
#69606
1"
1)
#69608
0#
0(
#69612
0"
0)
#69615
b1101 0
1#
1(
#69618
1"
1)
#69622
0#
0(
#69624
0"
0)
#69629
b1100 0
1#
1(
#69630
1"
1)
#69636
0"
0)
0#
0(
#69642
1"
1)
#69643
b1011 0
1#
1(
#69648
0"
0)
#69650
0#
0(
#69654
1"
1)
#69657
b1010 0
1#
1(
#69660
0"
0)
#69664
0#
0(
#69666
1"
1)
#69671
b1001 0
1#
1(
#69672
0"
0)
#69678
1"
1)
0#
0(
#69684
0"
0)
#69685
b1000 0
1#
1(
#69690
1"
1)
#69692
0#
0(
#69696
0"
0)
#69699
b111 0
1#
1(
#69702
1"
1)
#69706
0#
0(
#69708
0"
0)
#69713
b110 0
1#
1(
#69714
1"
1)
#69720
0"
0)
0#
0(
#69726
1"
1)
#69727
b101 0
1#
1(
#69732
0"
0)
#69734
0#
0(
#69738
1"
1)
#69739
b10 9
b111 ;
#69741
b100 0
1#
1(
#69744
0"
0)
#69748
0#
0(
#69750
1"
1)
#69755
b11 0
1#
1(
#69756
0"
0)
#69762
1"
1)
0#
0(
#69768
0"
0)
#69769
b10 0
1#
1(
#69774
1"
1)
#69776
0#
0(
#69780
0"
0)
#69783
b1 0
1#
1(
#69786
1"
1)
#69790
0#
0(
#69792
0"
0)
#69797
b0 0
1#
1(
#69798
1"
1)
#69804
0"
0)
0#
0(
#69810
1"
1)
#69811
b10 2
b1111 0
1#
1(
#69816
0"
0)
#69818
0#
0(
#69822
1"
1)
#69825
b1 2
b0 /
b110000 ,
b110000 -
b110000 3
b110000 .
1#
1(
#69828
0"
0)
#69832
0#
0(
#69834
b110000 4
1"
1)
#69839
b1110 0
1#
1(
#69840
0"
0)
#69846
1"
1)
0#
0(
#69852
0"
0)
#69853
b1101 0
1#
1(
#69858
1"
1)
#69860
0#
0(
#69864
0"
0)
#69867
b1100 0
1#
1(
#69870
1"
1)
#69874
0#
0(
#69876
0"
0)
#69881
b1011 0
1#
1(
#69882
1"
1)
#69888
0"
0)
0#
0(
#69894
1"
1)
#69895
b1010 0
1#
1(
#69900
0"
0)
#69902
0#
0(
#69906
1"
1)
#69909
b1001 0
1#
1(
#69912
0"
0)
#69916
0#
0(
#69918
1"
1)
#69923
b1000 0
1#
1(
#69924
0"
0)
#69930
1"
1)
0#
0(
#69936
0"
0)
#69937
b111 0
1#
1(
#69942
1"
1)
#69944
0#
0(
#69948
0"
0)
#69951
b110 0
1#
1(
#69954
1"
1)
#69958
0#
0(
#69960
0"
0)
#69965
b101 0
1#
1(
#69966
1"
1)
b1 9
b1000 ;
#69972
0"
0)
0#
0(
#69978
1"
1)
#69979
b100 0
1#
1(
#69984
0"
0)
#69986
0#
0(
#69990
1"
1)
#69993
b11 0
1#
1(
#69996
0"
0)
#70000
0#
0(
#70002
1"
1)
#70007
b10 0
1#
1(
#70008
0"
0)
#70014
1"
1)
0#
0(
#70020
0"
0)
#70021
b1 0
1#
1(
#70026
1"
1)
#70028
0#
0(
#70032
0"
0)
#70035
b0 0
1#
1(
#70038
1"
1)
#70042
0#
0(
#70044
0"
0)
#70049
b10 2
b1111 0
1#
1(
#70050
1"
1)
#70056
0"
0)
0#
0(
#70062
1"
1)
#70063
b11 2
b111 /
b1100000 ,
b1100000 -
b1100000 3
b1100000 .
1#
1(
#70068
0"
0)
#70070
0#
0(
#70074
b1100000 4
1"
1)
#70077
b100 2
1#
1(
#70080
0"
0)
#70084
0#
0(
#70086
1"
1)
#70091
0+
01
1#
1(
#70092
0"
0)
#70098
b1 7
1"
1)
0#
0(
#70104
0"
0)
#70105
1#
1(
#70110
b10 7
0!
08
0*
06
1"
1)
#70112
0#
0(
#70116
0"
0)
b0 >
b0 ?
b10000011 <
1'
#70117
0'
#70119
b0 2
1#
1(
#70122
b110 5
b11000000 4
1"
1)
#70126
0#
0(
#70128
0"
0)
b1 >
1'
#70129
0'
#70133
b1 2
1+
11
1#
1(
#70134
b101 5
b10000000 4
1!
18
1"
1)
#70140
0"
0)
0#
0(
b10 >
b10 ?
1'
#70141
0'
#70146
b100 5
b0 4
1"
1)
#70147
b1110 0
1#
1(
#70152
0"
0)
b11 >
b110 ?
1'
#70153
0'
#70154
0#
0(
#70158
b11 5
0!
08
1"
1)
#70161
b1101 0
1#
1(
#70164
0"
0)
b100 >
1'
#70165
0'
#70168
0#
0(
#70170
b10 5
1"
1)
#70175
b1100 0
1#
1(
#70176
0"
0)
b101 >
1'
#70177
0'
#70182
b1 5
1"
1)
0#
0(
#70188
0"
0)
b110 >
1'
#70189
b1011 0
1#
1(
0'
#70193
b0 9
1&
b1001 ;
#70194
b0 5
1"
1)
#70196
0#
0(
#70200
0"
0)
b111 >
1'
#70201
0'
#70203
b1100001 ,
b1100001 -
b1100001 3
b1100001 .
b1010 0
1#
1(
#70206
b0 7
b111 5
1"
1)
#70210
0#
0(
#70212
0"
0)
b1000 >
1'
#70213
0'
#70217
b1001 0
1#
1(
#70218
1!
18
b1100001 4
1*
16
1"
1)
#70224
0"
0)
0#
0(
b10111 =
1$
1'
#70225
0$
0'
#70230
1"
1)
#70231
b1000 0
1#
1(
#70236
0"
0)
#70238
0#
0(
#70242
1"
1)
#70245
b111 0
1#
1(
#70248
0"
0)
#70252
0#
0(
#70254
1"
1)
#70259
b110 0
1#
1(
#70260
0"
0)
#70266
1"
1)
0#
0(
#70272
0"
0)
#70273
b101 0
1#
1(
#70278
1"
1)
#70280
0#
0(
#70284
0"
0)
#70287
b100 0
1#
1(
#70290
1"
1)
#70294
0#
0(
#70296
0"
0)
#70301
b11 0
1#
1(
#70302
1"
1)
#70308
0"
0)
0#
0(
#70314
1"
1)
#70315
b10 0
1#
1(
#70320
0"
0)
#70322
0#
0(
#70326
1"
1)
#70329
b1 0
1#
1(
#70332
0"
0)
#70336
0#
0(
#70338
1"
1)
#70343
b0 0
1#
1(
#70344
0"
0)
#70350
1"
1)
0#
0(
#70356
0"
0)
#70357
b10 2
b1111 0
1#
1(
#70362
1"
1)
#70364
0#
0(
#70368
0"
0)
#70371
b1 2
b110 /
b11000010 ,
b11000010 -
b11000010 3
b11000010 .
1#
1(
#70374
b11000010 4
1"
1)
#70378
0#
0(
#70380
0"
0)
#70385
b11000011 ,
b11000011 -
b11000011 3
b11000011 .
b1110 0
1#
1(
#70386
b11000011 4
1"
1)
#70392
0"
0)
0#
0(
#70398
1"
1)
#70399
b1101 0
1#
1(
#70404
0"
0)
#70406
0#
0(
#70410
1"
1)
#70413
b1100 0
1#
1(
#70416
0"
0)
#70420
0#
0(
b1010 ;
#70422
1"
1)
#70427
b1011 0
1#
1(
#70428
0"
0)
#70434
1"
1)
0#
0(
#70440
0"
0)
#70441
b1010 0
1#
1(
#70446
1"
1)
#70448
0#
0(
#70452
0"
0)
#70455
b1001 0
1#
1(
#70458
1"
1)
#70462
0#
0(
#70464
0"
0)
#70469
b1000 0
1#
1(
#70470
1"
1)
#70476
0"
0)
0#
0(
#70482
1"
1)
#70483
b111 0
1#
1(
#70488
0"
0)
#70490
0#
0(
#70494
1"
1)
#70497
b110 0
1#
1(
#70500
0"
0)
#70504
0#
0(
#70506
1"
1)
#70511
b101 0
1#
1(
#70512
0"
0)
#70518
1"
1)
0#
0(
#70524
0"
0)
#70525
b100 0
1#
1(
#70530
1"
1)
#70532
0#
0(
#70536
0"
0)
#70539
b11 0
1#
1(
#70542
1"
1)
#70546
0#
0(
#70548
0"
0)
#70553
b10 0
1#
1(
#70554
1"
1)
#70560
0"
0)
0#
0(
#70566
1"
1)
#70567
b1 0
1#
1(
#70572
0"
0)
#70574
0#
0(
#70578
1"
1)
#70581
b0 0
1#
1(
#70584
0"
0)
#70588
0#
0(
#70590
1"
1)
#70595
b10 2
b1111 0
1#
1(
#70596
0"
0)
#70602
1"
1)
0#
0(
#70608
0"
0)
#70609
b1 2
b101 /
b10000110 ,
b10000110 -
b10000110 3
b10000110 .
1#
1(
#70614
b10000110 4
1"
1)
#70616
0#
0(
#70620
0"
0)
#70623
b10000111 ,
b10000111 -
b10000111 3
b10000111 .
b1110 0
1#
1(
#70626
b10000111 4
1"
1)
#70630
0#
0(
#70632
0"
0)
#70637
b1101 0
1#
1(
#70638
1"
1)
#70644
0"
0)
0#
0(
#70650
1"
1)
#70651
b1100 0
1#
1(
#70656
0"
0)
#70658
0#
0(
#70662
1"
1)
#70665
b1011 0
1#
1(
#70668
0"
0)
#70672
0#
0(
#70674
1"
1)
#70679
b1010 0
1#
1(
#70680
0"
0)
#70686
1"
1)
0#
0(
#70692
0"
0)
#70693
b1001 0
1#
1(
#70698
1"
1)
#70700
0#
0(
#70704
0"
0)
#70707
b1000 0
1#
1(
#70710
1"
1)
#70714
0#
0(
#70716
0"
0)
#70721
b111 0
1#
1(
#70722
1"
1)
#70728
0"
0)
0#
0(
#70734
1"
1)
#70735
b110 0
1#
1(
#70740
0"
0)
#70742
0#
0(
#70746
1"
1)
#70749
b101 0
1#
1(
#70752
0"
0)
#70756
0#
0(
#70758
1"
1)
#70763
b100 0
1#
1(
#70764
0"
0)
#70770
1"
1)
0#
0(
#70776
0"
0)
#70777
b11 0
1#
1(
#70782
1"
1)
#70784
0#
0(
#70788
0"
0)
#70791
b10 0
1#
1(
#70794
1"
1)
#70798
0#
0(
#70800
0"
0)
#70805
b1 0
1#
1(
#70806
1"
1)
#70812
0"
0)
0#
0(
#70818
1"
1)
#70819
b0 0
1#
1(
#70824
0"
0)
#70826
0#
0(
#70830
1"
1)
#70833
b10 2
b1111 0
1#
1(
#70836
0"
0)
#70840
0#
0(
#70842
1"
1)
#70847
b1 2
b100 /
b1110 ,
b1110 -
b1110 3
b1110 .
1#
1(
#70848
0"
0)
#70854
b1110 4
1"
1)
0#
0(
#70860
0"
0)
#70861
b1111 ,
b1111 -
b1111 3
b1111 .
b1110 0
1#
1(
#70866
b1111 4
1"
1)
#70868
0#
0(
#70872
0"
0)
#70875
b1101 0
1#
1(
#70878
1"
1)
#70882
0#
0(
#70884
0"
0)
#70889
b1100 0
1#
1(
#70890
1"
1)
#70896
0"
0)
0#
0(
#70902
1"
1)
#70903
b1011 0
1#
1(
#70908
0"
0)
#70910
0#
0(
#70914
1"
1)
#70917
b1010 0
1#
1(
#70920
0"
0)
#70924
0#
0(
#70926
1"
1)
#70931
b1001 0
1#
1(
#70932
0"
0)
#70938
1"
1)
0#
0(
#70944
0"
0)
#70945
b1000 0
1#
1(
#70950
1"
1)
#70952
0#
0(
#70956
0"
0)
#70959
b111 0
1#
1(
#70962
1"
1)
#70966
0#
0(
#70968
0"
0)
#70973
b110 0
1#
1(
#70974
1"
1)
#70980
0"
0)
0#
0(
#70986
1"
1)
#70987
b101 0
1#
1(
#70992
0"
0)
#70994
0#
0(
#70998
1"
1)
#71001
b100 0
1#
1(
#71004
0"
0)
#71008
0#
0(
#71010
1"
1)
#71015
b11 0
1#
1(
#71016
0"
0)
#71022
1"
1)
0#
0(
#71028
0"
0)
#71029
b10 0
1#
1(
#71034
1"
1)
#71036
0#
0(
#71040
0"
0)
#71043
b1 0
1#
1(
#71046
1"
1)
#71050
0#
0(
#71052
0"
0)
#71057
b0 0
1#
1(
#71058
1"
1)
#71064
0"
0)
0#
0(
#71070
1"
1)
#71071
b10 2
b1111 0
1#
1(
#71076
0"
0)
#71078
0#
0(
#71082
1"
1)
#71085
b1 2
b11 /
b11110 ,
b11110 -
b11110 3
b11110 .
1#
1(
#71088
0"
0)
#71092
0#
0(
#71094
b11110 4
1"
1)
#71099
b11111 ,
b11111 -
b11111 3
b11111 .
b1110 0
1#
1(
#71100
0"
0)
#71106
b11111 4
1"
1)
0#
0(
#71112
0"
0)
#71113
b1101 0
1#
1(
#71118
1"
1)
#71120
0#
0(
#71124
0"
0)
#71127
b1100 0
1#
1(
#71130
1"
1)
#71134
0#
0(
#71136
0"
0)
#71141
b1011 0
1#
1(
#71142
1"
1)
#71148
0"
0)
0#
0(
#71154
1"
1)
#71155
b1010 0
1#
1(
#71160
0"
0)
#71162
0#
0(
#71166
1"
1)
#71169
b1001 0
1#
1(
#71172
0"
0)
#71176
0#
0(
#71178
1"
1)
#71183
b1000 0
1#
1(
#71184
0"
0)
#71190
1"
1)
0#
0(
#71196
0"
0)
#71197
b111 0
1#
1(
#71202
1"
1)
#71204
0#
0(
#71208
0"
0)
#71211
b110 0
1#
1(
#71214
1"
1)
#71218
0#
0(
#71220
0"
0)
#71225
b101 0
1#
1(
#71226
1"
1)
#71232
0"
0)
0#
0(
#71238
1"
1)
#71239
b100 0
1#
1(
#71244
0"
0)
#71246
0#
0(
#71250
1"
1)
#71253
b11 0
1#
1(
#71256
0"
0)
#71260
0#
0(
#71262
1"
1)
#71267
b10 0
1#
1(
#71268
0"
0)
#71274
1"
1)
0#
0(
#71280
0"
0)
#71281
b1 0
1#
1(
#71286
1"
1)
#71288
0#
0(
#71292
0"
0)
#71295
b0 0
1#
1(
#71298
1"
1)
#71302
0#
0(
#71304
0"
0)
#71309
b10 2
b1111 0
1#
1(
#71310
1"
1)
#71316
0"
0)
0#
0(
#71322
1"
1)
#71323
b1 2
b10 /
b111110 ,
b111110 -
b111110 3
b111110 .
1#
1(
#71328
0"
0)
#71330
0#
0(
#71334
b111110 4
1"
1)
#71337
b111111 ,
b111111 -
b111111 3
b111111 .
b1110 0
1#
1(
#71340
0"
0)
#71344
0#
0(
#71346
b111111 4
1"
1)
#71351
b1101 0
1#
1(
#71352
0"
0)
#71358
1"
1)
0#
0(
#71364
0"
0)
#71365
b1100 0
1#
1(
#71370
1"
1)
#71372
0#
0(
#71376
0"
0)
#71379
b1011 0
1#
1(
#71382
1"
1)
#71386
0#
0(
#71388
0"
0)
#71393
b1010 0
1#
1(
#71394
1"
1)
#71400
0"
0)
0#
0(
#71406
1"
1)
#71407
b1001 0
1#
1(
#71412
0"
0)
#71414
0#
0(
#71418
1"
1)
#71421
b1000 0
1#
1(
#71424
0"
0)
#71428
0#
0(
#71430
1"
1)
#71435
b111 0
1#
1(
#71436
0"
0)
#71442
1"
1)
0#
0(
#71448
0"
0)
#71449
b110 0
1#
1(
#71454
1"
1)
#71456
0#
0(
#71460
0"
0)
#71463
b101 0
1#
1(
#71466
1"
1)
#71470
0#
0(
#71472
0"
0)
#71477
b100 0
1#
1(
#71478
1"
1)
#71484
0"
0)
0#
0(
#71490
1"
1)
#71491
b11 0
1#
1(
#71496
0"
0)
#71498
0#
0(
#71502
1"
1)
#71505
b10 0
1#
1(
#71508
0"
0)
#71512
0#
0(
#71514
1"
1)
#71519
b1 0
1#
1(
#71520
0"
0)
#71526
1"
1)
0#
0(
#71532
0"
0)
#71533
b0 0
1#
1(
#71538
1"
1)
#71540
0#
0(
#71544
0"
0)
#71547
b10 2
b1111 0
1#
1(
#71550
1"
1)
#71554
0#
0(
#71556
0"
0)
#71561
b1 2
b1 /
b1111110 ,
b1111110 -
b1111110 3
b1111110 .
1#
1(
#71562
b1111110 4
1"
1)
#71568
0"
0)
0#
0(
#71574
1"
1)
#71575
b1111111 ,
b1111111 -
b1111111 3
b1111111 .
b1110 0
1#
1(
#71580
0"
0)
#71582
0#
0(
#71586
b1111111 4
1"
1)
#71589
b1101 0
1#
1(
#71592
0"
0)
#71596
0#
0(
#71598
1"
1)
#71603
b1100 0
1#
1(
#71604
0"
0)
#71610
1"
1)
0#
0(
#71616
0"
0)
#71617
b1011 0
1#
1(
#71622
1"
1)
#71624
0#
0(
#71628
0"
0)
#71631
b1010 0
1#
1(
#71634
1"
1)
#71638
0#
0(
#71640
0"
0)
#71645
b1001 0
1#
1(
#71646
1"
1)
#71652
0"
0)
0#
0(
#71658
1"
1)
#71659
b1000 0
1#
1(
#71664
0"
0)
#71666
0#
0(
#71670
1"
1)
#71673
b111 0
1#
1(
#71676
0"
0)
#71680
0#
0(
#71682
1"
1)
#71687
b110 0
1#
1(
#71688
0"
0)
#71694
1"
1)
0#
0(
#71700
0"
0)
#71701
b101 0
1#
1(
#71706
1"
1)
#71708
0#
0(
#71712
0"
0)
#71715
b100 0
1#
1(
#71718
1"
1)
#71722
0#
0(
#71724
0"
0)
#71729
b11 0
1#
1(
#71730
1"
1)
#71736
0"
0)
0#
0(
#71742
1"
1)
#71743
b10 0
1#
1(
#71748
0"
0)
#71750
0#
0(
#71754
1"
1)
#71757
b1 0
1#
1(
#71760
0"
0)
#71764
0#
0(
#71766
1"
1)
#71771
b0 0
1#
1(
#71772
0"
0)
#71778
1"
1)
0#
0(
#71784
0"
0)
#71785
b10 2
b1111 0
1#
1(
#71790
1"
1)
#71792
0#
0(
#71796
0"
0)
#71799
b1 2
b0 /
b11111110 ,
b11111110 -
b11111110 3
b11111110 .
1#
1(
#71802
b11111110 4
1"
1)
#71806
0#
0(
#71808
0"
0)
#71813
b11111111 ,
b11111111 -
b11111111 3
b11111111 .
b1110 0
1#
1(
#71814
b11111111 4
1"
1)
#71820
0"
0)
0#
0(
#71826
1"
1)
#71827
b1101 0
1#
1(
#71832
0"
0)
#71834
0#
0(
#71838
1"
1)
#71841
b1100 0
1#
1(
#71844
0"
0)
#71848
0#
0(
#71850
1"
1)
#71855
b1011 0
1#
1(
#71856
0"
0)
#71862
1"
1)
0#
0(
#71868
0"
0)
#71869
b1010 0
1#
1(
#71874
1"
1)
#71876
0#
0(
#71880
0"
0)
#71883
b1001 0
1#
1(
#71886
1"
1)
#71890
0#
0(
#71892
0"
0)
#71897
b1000 0
1#
1(
#71898
1"
1)
#71904
0"
0)
0#
0(
#71910
1"
1)
#71911
b111 0
1#
1(
#71916
0"
0)
#71918
0#
0(
#71922
1"
1)
#71925
b110 0
1#
1(
#71928
0"
0)
#71932
0#
0(
#71934
1"
1)
#71939
b101 0
1#
1(
#71940
0"
0)
#71946
1"
1)
0#
0(
#71952
0"
0)
#71953
b100 0
1#
1(
#71958
1"
1)
#71960
0#
0(
#71964
0"
0)
#71967
b11 0
1#
1(
#71970
1"
1)
#71974
0#
0(
#71976
0"
0)
#71981
b10 0
1#
1(
#71982
1"
1)
#71988
0"
0)
0#
0(
#71994
1"
1)
#71995
b1 0
1#
1(
#72000
0"
0)
#72002
0#
0(
#72006
1"
1)
#72009
b0 0
1#
1(
#72012
0"
0)
#72016
0#
0(
#72018
1"
1)
#72023
b10 2
b1111 0
1#
1(
#72024
0"
0)
#72030
1"
1)
0#
0(
#72036
0"
0)
#72037
b11 2
b111 /
b11111110 ,
b11111110 -
b11111110 3
b11111110 .
1#
1(
#72042
b11111110 4
1"
1)
#72044
0#
0(
#72048
0"
0)
#72051
b100 2
1#
1(
#72054
1"
1)
#72058
0#
0(
#72060
0"
0)
#72065
0+
01
1#
1(
#72066
b1 7
1"
1)
#72072
0"
0)
0#
0(
#72078
b10 7
0!
08
0*
06
1"
1)
#72079
b0 2
1#
1(
#72084
0"
0)
b0 >
b0 ?
b10010100 <
1'
#72085
0'
#72086
0#
0(
#72090
b110 5
b11111100 4
1!
18
1"
1)
#72093
1+
11
1#
1(
#72096
0"
0)
b1 >
b1 ?
1'
#72097
0'
#72100
0#
0(
#72102
b101 5
b11111000 4
1"
1)
#72107
1#
1(
#72108
0"
0)
b10 >
b11 ?
1'
#72109
0'
#72114
b100 5
b11110000 4
1"
1)
0#
0(
#72120
0"
0)
b11 >
b111 ?
1'
#72121
1#
1(
0'
#72126
b11 5
b11100000 4
1"
1)
#72128
0#
0(
#72132
0"
0)
b100 >
b1111 ?
1'
#72133
0'
#72135
1#
1(
#72138
b10 5
b11000000 4
1"
1)
#72142
0#
0(
#72144
0"
0)
b101 >
b11111 ?
1'
#72145
0'
#72149
1#
1(
#72150
b1 5
b10000000 4
1"
1)
#72156
0"
0)
0#
0(
b110 >
b111111 ?
1'
#72157
0'
#72162
b0 5
b0 4
1"
1)
#72163
1#
1(
#72168
0"
0)
b111 >
b1111111 ?
1'
#72169
0'
#72170
0#
0(
#72174
b0 7
b111 5
0!
08
1"
1)
#72177
1#
1(
#72180
0"
0)
b1000 >
1'
#72181
0'
#72184
0#
0(
#72186
1!
18
b11111110 4
1*
16
1"
1)
#72191
1#
1(
#72192
0"
0)
b11000 =
1$
1'
#72193
0$
0'
#72198
1"
1)
0#
0(
#72204
0"
0)
#72205
1#
1(
#72210
1"
1)
#72212
0#
0(
#72216
0"
0)
#72219
1#
1(
#72222
1"
1)
#72226
0#
0(
#72228
0"
0)
#72233
1#
1(
#72234
1"
1)
#72240
0"
0)
0#
0(
#72246
1"
1)
#72247
1#
1(
#72252
0"
0)
#72254
0#
0(
#72258
1"
1)
#72261
1#
1(
#72264
0"
0)
#72268
0#
0(
#72270
1"
1)
#72275
1#
1(
#72276
0"
0)
#72282
1"
1)
0#
0(
#72288
0"
0)
#72289
1#
1(
#72294
1"
1)
#72296
0#
0(
#72300
0"
0)
#72303
1#
1(
#72306
1"
1)
#72310
0#
0(
#72312
0"
0)
#72317
1#
1(
#72318
1"
1)
#72324
0"
0)
0#
0(
#72330
1"
1)
#72331
1#
1(
#72336
0"
0)
#72338
0#
0(
#72342
1"
1)
#72345
1#
1(
#72348
0"
0)
#72352
0#
0(
#72354
1"
1)
#72359
1#
1(
#72360
0"
0)
#72366
1"
1)
0#
0(
#72372
0"
0)
#72373
1#
1(
#72378
1"
1)
#72380
0#
0(
#72384
0"
0)
#72387
1#
1(
#72390
1"
1)
#72394
0#
0(
#72396
0"
0)
#72401
1#
1(
#72402
1"
1)
#72408
0"
0)
0#
0(
#72414
1"
1)
#72415
1#
1(
#72420
0"
0)
#72422
0#
0(
#72426
1"
1)
#72429
1#
1(
#72432
0"
0)
#72436
0#
0(
#72438
1"
1)
#72443
1#
1(
#72444
0"
0)
#72450
1"
1)
0#
0(
#72456
0"
0)
#72457
1#
1(
#72462
1"
1)
#72464
0#
0(
#72468
0"
0)
#72471
1#
1(
#72474
1"
1)
#72478
0#
0(
#72480
0"
0)
#72485
1#
1(
#72486
1"
1)
#72492
0"
0)
0#
0(
#72498
1"
1)
#72499
1#
1(
#72504
0"
0)
#72506
0#
0(
#72510
1"
1)
#72513
1#
1(
#72516
0"
0)
#72520
0#
0(
#72522
1"
1)
#72527
1#
1(
#72528
0"
0)
#72534
1"
1)
0#
0(
#72540
0"
0)
#72541
1#
1(
#72546
1"
1)
#72548
0#
0(
#72552
0"
0)
#72555
1#
1(
#72558
1"
1)
#72562
0#
0(
#72564
0"
0)
#72569
1#
1(
#72570
1"
1)
#72576
0"
0)
0#
0(
#72582
1"
1)
#72583
1#
1(
#72588
0"
0)
#72590
0#
0(
#72594
1"
1)
#72597
1#
1(
#72600
0"
0)
#72604
0#
0(
#72606
1"
1)
#72611
1#
1(
#72612
0"
0)
#72618
1"
1)
0#
0(
#72624
0"
0)
#72625
1#
1(
#72630
1"
1)
#72632
0#
0(
#72636
0"
0)
#72639
1#
1(
#72642
1"
1)
#72646
0#
0(
#72648
0"
0)
#72653
1#
1(
#72654
1"
1)
#72660
0"
0)
0#
0(
#72666
1"
1)
#72667
1#
1(
#72672
0"
0)
#72674
0#
0(
#72678
1"
1)
#72681
1#
1(
#72684
0"
0)
#72688
0#
0(
#72690
1"
1)
#72692
0&
b0 ;
b100011101 9
b10000 :
#72695
b1 2
1#
1(
#72696
0"
0)
#72702
1"
1)
0#
0(
#72708
0"
0)
#72709
b1110 0
1#
1(
#72714
1"
1)
#72716
0#
0(
#72720
0"
0)
#72723
b1101 0
1#
1(
#72726
1"
1)
#72730
0#
0(
#72732
0"
0)
#72737
b1100 0
1#
1(
#72738
1"
1)
#72744
0"
0)
0#
0(
#72750
1"
1)
#72751
b1011 0
1#
1(
#72756
0"
0)
#72758
0#
0(
#72762
1"
1)
#72765
b1010 0
1#
1(
#72768
0"
0)
#72772
0#
0(
#72774
1"
1)
#72779
b1001 0
1#
1(
#72780
0"
0)
#72786
1"
1)
0#
0(
#72792
0"
0)
#72793
b1000 0
1#
1(
#72798
1"
1)
#72800
0#
0(
#72804
0"
0)
#72807
b111 0
1#
1(
#72810
1"
1)
#72814
0#
0(
#72816
0"
0)
#72821
b110 0
1#
1(
#72822
1"
1)
#72828
0"
0)
0#
0(
#72834
1"
1)
#72835
b101 0
1#
1(
#72840
0"
0)
#72842
0#
0(
#72846
1"
1)
#72849
b100 0
1#
1(
#72852
0"
0)
#72856
0#
0(
#72858
1"
1)
#72863
b11 0
1#
1(
#72864
0"
0)
#72870
1"
1)
0#
0(
#72876
0"
0)
#72877
b10 0
1#
1(
#72882
1"
1)
#72884
0#
0(
#72888
0"
0)
#72891
b1 0
1#
1(
#72894
1"
1)
#72898
0#
0(
#72900
0"
0)
#72905
b0 0
1#
1(
#72906
1"
1)
#72912
0"
0)
0#
0(
#72918
1"
1)
#72919
b10 2
b11111111 ,
b11111111 -
b11111111 3
b11111111 .
b1111 0
1#
1(
b10001110 9
1&
b1 ;
#72924
0"
0)
#72926
0#
0(
#72930
b11111111 4
1"
1)
#72933
b1 2
b110 /
b11111110 ,
b11111110 -
b11111110 3
b11111110 .
1#
1(
#72936
0"
0)
#72940
0#
0(
#72942
b11111110 4
1"
1)
#72947
b11111111 ,
b11111111 -
b11111111 3
b11111111 .
b1110 0
1#
1(
#72948
0"
0)
#72954
b11111111 4
1"
1)
0#
0(
#72960
0"
0)
#72961
b1101 0
1#
1(
#72966
1"
1)
#72968
0#
0(
#72972
0"
0)
#72975
b1100 0
1#
1(
#72978
1"
1)
#72982
0#
0(
#72984
0"
0)
#72989
b1011 0
1#
1(
#72990
1"
1)
#72996
0"
0)
0#
0(
#73002
1"
1)
#73003
b1010 0
1#
1(
#73008
0"
0)
#73010
0#
0(
#73014
1"
1)
#73017
b1001 0
1#
1(
#73020
0"
0)
#73024
0#
0(
#73026
1"
1)
#73031
b1000 0
1#
1(
#73032
0"
0)
#73038
1"
1)
0#
0(
#73044
0"
0)
#73045
b111 0
1#
1(
#73050
1"
1)
#73052
0#
0(
#73056
0"
0)
#73059
b110 0
1#
1(
#73062
1"
1)
#73066
0#
0(
#73068
0"
0)
#73073
b101 0
1#
1(
#73074
1"
1)
#73080
0"
0)
0#
0(
#73086
1"
1)
#73087
b100 0
1#
1(
#73092
0"
0)
#73094
0#
0(
#73098
1"
1)
#73101
b11 0
1#
1(
#73104
0"
0)
#73108
0#
0(
#73110
1"
1)
#73115
b10 0
1#
1(
#73116
0"
0)
#73122
1"
1)
0#
0(
#73128
0"
0)
#73129
b1 0
1#
1(
#73134
1"
1)
#73136
0#
0(
#73140
0"
0)
#73143
b0 0
1#
1(
#73146
1"
1)
b1000111 9
0&
b10 ;
#73150
0#
0(
#73152
0"
0)
#73157
b10 2
b11111110 ,
b11111110 -
b11111110 3
b11111110 .
b1111 0
1#
1(
#73158
b11111110 4
1"
1)
#73164
0"
0)
0#
0(
#73170
1"
1)
#73171
b1 2
b101 /
b11111100 ,
b11111100 -
b11111100 3
b11111100 .
1#
1(
#73176
0"
0)
#73178
0#
0(
#73182
b11111100 4
1"
1)
#73185
b1110 0
1#
1(
#73188
0"
0)
#73192
0#
0(
#73194
1"
1)
#73199
b1101 0
1#
1(
#73200
0"
0)
#73206
1"
1)
0#
0(
#73212
0"
0)
#73213
b1100 0
1#
1(
#73218
1"
1)
#73220
0#
0(
#73224
0"
0)
#73227
b1011 0
1#
1(
#73230
1"
1)
#73234
0#
0(
#73236
0"
0)
#73241
b1010 0
1#
1(
#73242
1"
1)
#73248
0"
0)
0#
0(
#73254
1"
1)
#73255
b1001 0
1#
1(
#73260
0"
0)
#73262
0#
0(
#73266
1"
1)
#73269
b1000 0
1#
1(
#73272
0"
0)
#73276
0#
0(
#73278
1"
1)
#73283
b111 0
1#
1(
#73284
0"
0)
#73290
1"
1)
0#
0(
#73296
0"
0)
#73297
b110 0
1#
1(
#73302
1"
1)
#73304
0#
0(
#73308
0"
0)
#73311
b101 0
1#
1(
#73314
1"
1)
#73318
0#
0(
#73320
0"
0)
#73325
b100 0
1#
1(
#73326
1"
1)
#73332
0"
0)
0#
0(
#73338
1"
1)
#73339
b11 0
1#
1(
#73344
0"
0)
#73346
0#
0(
#73350
1"
1)
#73353
b10 0
1#
1(
#73356
0"
0)
#73360
0#
0(
#73362
1"
1)
#73367
b1 0
1#
1(
#73368
0"
0)
#73373
b100011 9
1&
b11 ;
#73374
1"
1)
0#
0(
#73380
0"
0)
#73381
b11111101 ,
b11111101 -
b11111101 3
b11111101 .
b0 0
1#
1(
#73386
b11111101 4
1"
1)
#73388
0#
0(
#73392
0"
0)
#73395
b10 2
b1111 0
1#
1(
#73398
1"
1)
#73402
0#
0(
#73404
0"
0)
#73409
b1 2
b100 /
b11111010 ,
b11111010 -
b11111010 3
b11111010 .
1#
1(
#73410
b11111010 4
1"
1)
#73416
0"
0)
0#
0(
#73422
1"
1)
#73423
b11111011 ,
b11111011 -
b11111011 3
b11111011 .
b1110 0
1#
1(
#73428
0"
0)
#73430
0#
0(
#73434
b11111011 4
1"
1)
#73437
b1101 0
1#
1(
#73440
0"
0)
#73444
0#
0(
#73446
1"
1)
#73451
b1100 0
1#
1(
#73452
0"
0)
#73458
1"
1)
0#
0(
#73464
0"
0)
#73465
b1011 0
1#
1(
#73470
1"
1)
#73472
0#
0(
#73476
0"
0)
#73479
b1010 0
1#
1(
#73482
1"
1)
#73486
0#
0(
#73488
0"
0)
#73493
b1001 0
1#
1(
#73494
1"
1)
#73500
0"
0)
0#
0(
#73506
1"
1)
#73507
b1000 0
1#
1(
#73512
0"
0)
#73514
0#
0(
#73518
1"
1)
#73521
b111 0
1#
1(
#73524
0"
0)
#73528
0#
0(
#73530
1"
1)
#73535
b110 0
1#
1(
#73536
0"
0)
#73542
1"
1)
0#
0(
#73548
0"
0)
#73549
b101 0
1#
1(
#73554
1"
1)
#73556
0#
0(
#73560
0"
0)
#73563
b100 0
1#
1(
#73566
1"
1)
#73570
0#
0(
#73572
0"
0)
#73577
b11 0
1#
1(
#73578
1"
1)
#73584
0"
0)
0#
0(
#73590
1"
1)
#73591
b10 0
1#
1(
#73596
0"
0)
#73598
0#
0(
#73600
b10001 9
b100 ;
#73602
1"
1)
#73605
b1 0
1#
1(
#73608
0"
0)
#73612
0#
0(
#73614
1"
1)
#73619
b0 0
1#
1(
#73620
0"
0)
#73626
1"
1)
0#
0(
#73632
0"
0)
#73633
b10 2
b1111 0
1#
1(
#73638
1"
1)
#73640
0#
0(
#73644
0"
0)
#73647
b1 2
b11 /
b11110110 ,
b11110110 -
b11110110 3
b11110110 .
1#
1(
#73650
b11110110 4
1"
1)
#73654
0#
0(
#73656
0"
0)
#73661
b11110111 ,
b11110111 -
b11110111 3
b11110111 .
b1110 0
1#
1(
#73662
b11110111 4
1"
1)
#73668
0"
0)
0#
0(
#73674
1"
1)
#73675
b1101 0
1#
1(
#73680
0"
0)
#73682
0#
0(
#73686
1"
1)
#73689
b1100 0
1#
1(
#73692
0"
0)
#73696
0#
0(
#73698
1"
1)
#73703
b1011 0
1#
1(
#73704
0"
0)
#73710
1"
1)
0#
0(
#73716
0"
0)
#73717
b1010 0
1#
1(
#73722
1"
1)
#73724
0#
0(
#73728
0"
0)
#73731
b1001 0
1#
1(
#73734
1"
1)
#73738
0#
0(
#73740
0"
0)
#73745
b1000 0
1#
1(
#73746
1"
1)
#73752
0"
0)
0#
0(
#73758
1"
1)
#73759
b111 0
1#
1(
#73764
0"
0)
#73766
0#
0(
#73770
1"
1)
#73773
b110 0
1#
1(
#73776
0"
0)
#73780
0#
0(
#73782
1"
1)
#73787
b101 0
1#
1(
#73788
0"
0)
#73794
1"
1)
0#
0(
#73800
0"
0)
#73801
b100 0
1#
1(
#73806
1"
1)
#73808
0#
0(
#73812
0"
0)
#73815
b11 0
1#
1(
#73818
1"
1)
#73822
0#
0(
#73824
0"
0)
#73827
b1000 9
b101 ;
#73829
b10 0
1#
1(
#73830
1"
1)
#73836
0"
0)
0#
0(
#73842
1"
1)
#73843
b1 0
1#
1(
#73848
0"
0)
#73850
0#
0(
#73854
1"
1)
#73857
b0 0
1#
1(
#73860
0"
0)
#73864
0#
0(
#73866
1"
1)
#73871
b10 2
b1111 0
1#
1(
#73872
0"
0)
#73878
1"
1)
0#
0(
#73884
0"
0)
#73885
b1 2
b10 /
b11101110 ,
b11101110 -
b11101110 3
b11101110 .
1#
1(
#73890
b11101110 4
1"
1)
#73892
0#
0(
#73896
0"
0)
#73899
b11101111 ,
b11101111 -
b11101111 3
b11101111 .
b1110 0
1#
1(
#73902
b11101111 4
1"
1)
#73906
0#
0(
#73908
0"
0)
#73913
b1101 0
1#
1(
#73914
1"
1)
#73920
0"
0)
0#
0(
#73926
1"
1)
#73927
b1100 0
1#
1(
#73932
0"
0)
#73934
0#
0(
#73938
1"
1)
#73941
b1011 0
1#
1(
#73944
0"
0)
#73948
0#
0(
#73950
1"
1)
#73955
b1010 0
1#
1(
#73956
0"
0)
#73962
1"
1)
0#
0(
#73968
0"
0)
#73969
b1001 0
1#
1(
#73974
1"
1)
#73976
0#
0(
#73980
0"
0)
#73983
b1000 0
1#
1(
#73986
1"
1)
#73990
0#
0(
#73992
0"
0)
#73997
b111 0
1#
1(
#73998
1"
1)
#74004
0"
0)
0#
0(
#74010
1"
1)
#74011
b110 0
1#
1(
#74016
0"
0)
#74018
0#
0(
#74022
1"
1)
#74025
b101 0
1#
1(
#74028
0"
0)
#74032
0#
0(
#74034
1"
1)
#74039
b100 0
1#
1(
#74040
0"
0)
#74046
1"
1)
0#
0(
#74052
0"
0)
#74053
b11 0
1#
1(
#74054
b100 9
0&
b110 ;
#74058
1"
1)
#74060
0#
0(
#74064
0"
0)
#74067
b11101110 ,
b11101110 -
b11101110 3
b11101110 .
b10 0
1#
1(
#74070
b11101110 4
1"
1)
#74074
0#
0(
#74076
0"
0)
#74081
b1 0
1#
1(
#74082
1"
1)
#74088
0"
0)
0#
0(
#74094
1"
1)
#74095
b0 0
1#
1(
#74100
0"
0)
#74102
0#
0(
#74106
1"
1)
#74109
b10 2
b1111 0
1#
1(
#74112
0"
0)
#74116
0#
0(
#74118
1"
1)
#74123
b1 2
b1 /
b11011100 ,
b11011100 -
b11011100 3
b11011100 .
1#
1(
#74124
0"
0)
#74130
b11011100 4
1"
1)
0#
0(
#74136
0"
0)
#74137
b1110 0
1#
1(
#74142
1"
1)
#74144
0#
0(
#74148
0"
0)
#74151
b1101 0
1#
1(
#74154
1"
1)
#74158
0#
0(
#74160
0"
0)
#74165
b1100 0
1#
1(
#74166
1"
1)
#74172
0"
0)
0#
0(
#74178
1"
1)
#74179
b1011 0
1#
1(
#74184
0"
0)
#74186
0#
0(
#74190
1"
1)
#74193
b1010 0
1#
1(
#74196
0"
0)
#74200
0#
0(
#74202
1"
1)
#74207
b1001 0
1#
1(
#74208
0"
0)
#74214
1"
1)
0#
0(
#74220
0"
0)
#74221
b1000 0
1#
1(
#74226
1"
1)
#74228
0#
0(
#74232
0"
0)
#74235
b111 0
1#
1(
#74238
1"
1)
#74242
0#
0(
#74244
0"
0)
#74249
b110 0
1#
1(
#74250
1"
1)
#74256
0"
0)
0#
0(
#74262
1"
1)
#74263
b101 0
1#
1(
#74268
0"
0)
#74270
0#
0(
#74274
1"
1)
#74277
b100 0
1#
1(
#74280
0"
0)
#74281
b10 9
b111 ;
#74284
0#
0(
#74286
1"
1)
#74291
b11 0
1#
1(
#74292
0"
0)
#74298
1"
1)
0#
0(
#74304
0"
0)
#74305
b10 0
1#
1(
#74310
1"
1)
#74312
0#
0(
#74316
0"
0)
#74319
b1 0
1#
1(
#74322
1"
1)
#74326
0#
0(
#74328
0"
0)
#74333
b0 0
1#
1(
#74334
1"
1)
#74340
0"
0)
0#
0(
#74346
1"
1)
#74347
b10 2
b1111 0
1#
1(
#74352
0"
0)
#74354
0#
0(
#74358
1"
1)
#74361
b1 2
b0 /
b10111000 ,
b10111000 -
b10111000 3
b10111000 .
1#
1(
#74364
0"
0)
#74368
0#
0(
#74370
b10111000 4
1"
1)
#74375
b1110 0
1#
1(
#74376
0"
0)
#74382
1"
1)
0#
0(
#74388
0"
0)
#74389
b1101 0
1#
1(
#74394
1"
1)
#74396
0#
0(
#74400
0"
0)
#74403
b1100 0
1#
1(
#74406
1"
1)
#74410
0#
0(
#74412
0"
0)
#74417
b1011 0
1#
1(
#74418
1"
1)
#74424
0"
0)
0#
0(
#74430
1"
1)
#74431
b1010 0
1#
1(
#74436
0"
0)
#74438
0#
0(
#74442
1"
1)
#74445
b1001 0
1#
1(
#74448
0"
0)
#74452
0#
0(
#74454
1"
1)
#74459
b1000 0
1#
1(
#74460
0"
0)
#74466
1"
1)
0#
0(
#74472
0"
0)
#74473
b111 0
1#
1(
#74478
1"
1)
#74480
0#
0(
#74484
0"
0)
#74487
b110 0
1#
1(
#74490
1"
1)
#74494
0#
0(
#74496
0"
0)
#74501
b101 0
1#
1(
#74502
1"
1)
#74508
0"
0)
0#
0(
b1 9
b1000 ;
#74514
1"
1)
#74515
b100 0
1#
1(
#74520
0"
0)
#74522
0#
0(
#74526
1"
1)
#74529
b11 0
1#
1(
#74532
0"
0)
#74536
0#
0(
#74538
1"
1)
#74543
b10 0
1#
1(
#74544
0"
0)
#74550
1"
1)
0#
0(
#74556
0"
0)
#74557
b1 0
1#
1(
#74562
1"
1)
#74564
0#
0(
#74568
0"
0)
#74571
b0 0
1#
1(
#74574
1"
1)
#74578
0#
0(
#74580
0"
0)
#74585
b10 2
b1111 0
1#
1(
#74586
1"
1)
#74592
0"
0)
0#
0(
#74598
1"
1)
#74599
b11 2
b111 /
b1110000 ,
b1110000 -
b1110000 3
b1110000 .
1#
1(
#74604
0"
0)
#74606
0#
0(
#74610
b1110000 4
1"
1)
#74613
b100 2
1#
1(
#74616
0"
0)
#74620
0#
0(
#74622
1"
1)
#74627
0+
01
1#
1(
#74628
0"
0)
#74634
b1 7
1"
1)
0#
0(
#74640
0"
0)
#74641
1#
1(
#74646
b10 7
0!
08
0*
06
1"
1)
#74648
0#
0(
#74652
0"
0)
b0 >
b0 ?
b10100101 <
1'
#74653
0'
#74655
b0 2
1#
1(
#74658
b110 5
b11100000 4
1"
1)
#74662
0#
0(
#74664
0"
0)
b1 >
1'
#74665
0'
#74669
b1 2
1+
11
1#
1(
#74670
b101 5
b11000000 4
1!
18
1"
1)
#74676
0"
0)
0#
0(
b10 >
b10 ?
1'
#74677
0'
#74682
b100 5
b10000000 4
1"
1)
#74683
b1110 0
1#
1(
#74688
0"
0)
b11 >
b110 ?
1'
#74689
0'
#74690
0#
0(
#74694
b11 5
b0 4
1"
1)
#74697
b1101 0
1#
1(
#74700
0"
0)
b100 >
b1110 ?
1'
#74701
0'
#74704
0#
0(
#74706
b10 5
0!
08
1"
1)
#74711
b1100 0
1#
1(
#74712
0"
0)
b101 >
1'
#74713
0'
#74718
b1 5
1"
1)
0#
0(
#74724
0"
0)
b110 >
1'
#74725
b1011 0
1#
1(
0'
#74730
b0 5
1"
1)
#74732
0#
0(
#74735
b0 9
1&
b1001 ;
#74736
0"
0)
b111 >
1'
#74737
0'
#74739
b1110001 ,
b1110001 -
b1110001 3
b1110001 .
b1010 0
1#
1(
#74742
b0 7
b111 5
1"
1)
#74746
0#
0(
#74748
0"
0)
b1000 >
1'
#74749
0'
#74753
b1001 0
1#
1(
#74754
1!
18
b1110001 4
1*
16
1"
1)
#74760
0"
0)
0#
0(
b11001 =
1$
1'
#74761
0$
0'
#74766
1"
1)
#74767
b1000 0
1#
1(
#74772
0"
0)
#74774
0#
0(
#74778
1"
1)
#74781
b111 0
1#
1(
#74784
0"
0)
#74788
0#
0(
#74790
1"
1)
#74795
b110 0
1#
1(
#74796
0"
0)
#74802
1"
1)
0#
0(
#74808
0"
0)
#74809
b101 0
1#
1(
#74814
1"
1)
#74816
0#
0(
#74820
0"
0)
#74823
b100 0
1#
1(
#74826
1"
1)
#74830
0#
0(
#74832
0"
0)
#74837
b11 0
1#
1(
#74838
1"
1)
#74844
0"
0)
0#
0(
#74850
1"
1)
#74851
b10 0
1#
1(
#74856
0"
0)
#74858
0#
0(
#74862
1"
1)
#74865
b1 0
1#
1(
#74868
0"
0)
#74872
0#
0(
#74874
1"
1)
#74879
b0 0
1#
1(
#74880
0"
0)
#74886
1"
1)
0#
0(
#74892
0"
0)
#74893
b10 2
b1111 0
1#
1(
#74898
1"
1)
#74900
0#
0(
#74904
0"
0)
#74907
b1 2
b110 /
b11100010 ,
b11100010 -
b11100010 3
b11100010 .
1#
1(
#74910
b11100010 4
1"
1)
#74914
0#
0(
#74916
0"
0)
#74921
b11100011 ,
b11100011 -
b11100011 3
b11100011 .
b1110 0
1#
1(
#74922
b11100011 4
1"
1)
#74928
0"
0)
0#
0(
#74934
1"
1)
#74935
b1101 0
1#
1(
#74940
0"
0)
#74942
0#
0(
#74946
1"
1)
#74949
b1100 0
1#
1(
#74952
0"
0)
#74956
0#
0(
#74958
1"
1)
#74962
b1010 ;
#74963
b1011 0
1#
1(
#74964
0"
0)
#74970
1"
1)
0#
0(
#74976
0"
0)
#74977
b1010 0
1#
1(
#74982
1"
1)
#74984
0#
0(
#74988
0"
0)
#74991
b1001 0
1#
1(
#74994
1"
1)
#74998
0#
0(
#75000
0"
0)
#75005
b1000 0
1#
1(
#75006
1"
1)
#75012
0"
0)
0#
0(
#75018
1"
1)
#75019
b111 0
1#
1(
#75024
0"
0)
#75026
0#
0(
#75030
1"
1)
#75033
b110 0
1#
1(
#75036
0"
0)
#75040
0#
0(
#75042
1"
1)
#75047
b101 0
1#
1(
#75048
0"
0)
#75054
1"
1)
0#
0(
#75060
0"
0)
#75061
b100 0
1#
1(
#75066
1"
1)
#75068
0#
0(
#75072
0"
0)
#75075
b11 0
1#
1(
#75078
1"
1)
#75082
0#
0(
#75084
0"
0)
#75089
b10 0
1#
1(
#75090
1"
1)
#75096
0"
0)
0#
0(
#75102
1"
1)
#75103
b1 0
1#
1(
#75108
0"
0)
#75110
0#
0(
#75114
1"
1)
#75117
b0 0
1#
1(
#75120
0"
0)
#75124
0#
0(
#75126
1"
1)
#75131
b10 2
b1111 0
1#
1(
#75132
0"
0)
#75138
1"
1)
0#
0(
#75144
0"
0)
#75145
b1 2
b101 /
b11000110 ,
b11000110 -
b11000110 3
b11000110 .
1#
1(
#75150
b11000110 4
1"
1)
#75152
0#
0(
#75156
0"
0)
#75159
b11000111 ,
b11000111 -
b11000111 3
b11000111 .
b1110 0
1#
1(
#75162
b11000111 4
1"
1)
#75166
0#
0(
#75168
0"
0)
#75173
b1101 0
1#
1(
#75174
1"
1)
#75180
0"
0)
0#
0(
#75186
1"
1)
#75187
b1100 0
1#
1(
#75192
0"
0)
#75194
0#
0(
#75198
1"
1)
#75201
b1011 0
1#
1(
#75204
0"
0)
#75208
0#
0(
#75210
1"
1)
#75215
b1010 0
1#
1(
#75216
0"
0)
#75222
1"
1)
0#
0(
#75228
0"
0)
#75229
b1001 0
1#
1(
#75234
1"
1)
#75236
0#
0(
#75240
0"
0)
#75243
b1000 0
1#
1(
#75246
1"
1)
#75250
0#
0(
#75252
0"
0)
#75257
b111 0
1#
1(
#75258
1"
1)
#75264
0"
0)
0#
0(
#75270
1"
1)
#75271
b110 0
1#
1(
#75276
0"
0)
#75278
0#
0(
#75282
1"
1)
#75285
b101 0
1#
1(
#75288
0"
0)
#75292
0#
0(
#75294
1"
1)
#75299
b100 0
1#
1(
#75300
0"
0)
#75306
1"
1)
0#
0(
#75312
0"
0)
#75313
b11 0
1#
1(
#75318
1"
1)
#75320
0#
0(
#75324
0"
0)
#75327
b10 0
1#
1(
#75330
1"
1)
#75334
0#
0(
#75336
0"
0)
#75341
b1 0
1#
1(
#75342
1"
1)
#75348
0"
0)
0#
0(
#75354
1"
1)
#75355
b0 0
1#
1(
#75360
0"
0)
#75362
0#
0(
#75366
1"
1)
#75369
b10 2
b1111 0
1#
1(
#75372
0"
0)
#75376
0#
0(
#75378
1"
1)
#75383
b1 2
b100 /
b10001110 ,
b10001110 -
b10001110 3
b10001110 .
1#
1(
#75384
0"
0)
#75390
b10001110 4
1"
1)
0#
0(
#75396
0"
0)
#75397
b10001111 ,
b10001111 -
b10001111 3
b10001111 .
b1110 0
1#
1(
#75402
b10001111 4
1"
1)
#75404
0#
0(
#75408
0"
0)
#75411
b1101 0
1#
1(
#75414
1"
1)
#75418
0#
0(
#75420
0"
0)
#75425
b1100 0
1#
1(
#75426
1"
1)
#75432
0"
0)
0#
0(
#75438
1"
1)
#75439
b1011 0
1#
1(
#75444
0"
0)
#75446
0#
0(
#75450
1"
1)
#75453
b1010 0
1#
1(
#75456
0"
0)
#75460
0#
0(
#75462
1"
1)
#75467
b1001 0
1#
1(
#75468
0"
0)
#75474
1"
1)
0#
0(
#75480
0"
0)
#75481
b1000 0
1#
1(
#75486
1"
1)
#75488
0#
0(
#75492
0"
0)
#75495
b111 0
1#
1(
#75498
1"
1)
#75502
0#
0(
#75504
0"
0)
#75509
b110 0
1#
1(
#75510
1"
1)
#75516
0"
0)
0#
0(
#75522
1"
1)
#75523
b101 0
1#
1(
#75528
0"
0)
#75530
0#
0(
#75534
1"
1)
#75537
b100 0
1#
1(
#75540
0"
0)
#75544
0#
0(
#75546
1"
1)
#75551
b11 0
1#
1(
#75552
0"
0)
#75558
1"
1)
0#
0(
#75564
0"
0)
#75565
b10 0
1#
1(
#75570
1"
1)
#75572
0#
0(
#75576
0"
0)
#75579
b1 0
1#
1(
#75582
1"
1)
#75586
0#
0(
#75588
0"
0)
#75593
b0 0
1#
1(
#75594
1"
1)
#75600
0"
0)
0#
0(
#75606
1"
1)
#75607
b10 2
b1111 0
1#
1(
#75612
0"
0)
#75614
0#
0(
#75618
1"
1)
#75621
b1 2
b11 /
b11110 ,
b11110 -
b11110 3
b11110 .
1#
1(
#75624
0"
0)
#75628
0#
0(
#75630
b11110 4
1"
1)
#75635
b11111 ,
b11111 -
b11111 3
b11111 .
b1110 0
1#
1(
#75636
0"
0)
#75642
b11111 4
1"
1)
0#
0(
#75648
0"
0)
#75649
b1101 0
1#
1(
#75654
1"
1)
#75656
0#
0(
#75660
0"
0)
#75663
b1100 0
1#
1(
#75666
1"
1)
#75670
0#
0(
#75672
0"
0)
#75677
b1011 0
1#
1(
#75678
1"
1)
#75684
0"
0)
0#
0(
#75690
1"
1)
#75691
b1010 0
1#
1(
#75696
0"
0)
#75698
0#
0(
#75702
1"
1)
#75705
b1001 0
1#
1(
#75708
0"
0)
#75712
0#
0(
#75714
1"
1)
#75719
b1000 0
1#
1(
#75720
0"
0)
#75726
1"
1)
0#
0(
#75732
0"
0)
#75733
b111 0
1#
1(
#75738
1"
1)
#75740
0#
0(
#75744
0"
0)
#75747
b110 0
1#
1(
#75750
1"
1)
#75754
0#
0(
#75756
0"
0)
#75761
b101 0
1#
1(
#75762
1"
1)
#75768
0"
0)
0#
0(
#75774
1"
1)
#75775
b100 0
1#
1(
#75780
0"
0)
#75782
0#
0(
#75786
1"
1)
#75789
b11 0
1#
1(
#75792
0"
0)
#75796
0#
0(
#75798
1"
1)
#75803
b10 0
1#
1(
#75804
0"
0)
#75810
1"
1)
0#
0(
#75816
0"
0)
#75817
b1 0
1#
1(
#75822
1"
1)
#75824
0#
0(
#75828
0"
0)
#75831
b0 0
1#
1(
#75834
1"
1)
#75838
0#
0(
#75840
0"
0)
#75845
b10 2
b1111 0
1#
1(
#75846
1"
1)
#75852
0"
0)
0#
0(
#75858
1"
1)
#75859
b1 2
b10 /
b111110 ,
b111110 -
b111110 3
b111110 .
1#
1(
#75864
0"
0)
#75866
0#
0(
#75870
b111110 4
1"
1)
#75873
b111111 ,
b111111 -
b111111 3
b111111 .
b1110 0
1#
1(
#75876
0"
0)
#75880
0#
0(
#75882
b111111 4
1"
1)
#75887
b1101 0
1#
1(
#75888
0"
0)
#75894
1"
1)
0#
0(
#75900
0"
0)
#75901
b1100 0
1#
1(
#75906
1"
1)
#75908
0#
0(
#75912
0"
0)
#75915
b1011 0
1#
1(
#75918
1"
1)
#75922
0#
0(
#75924
0"
0)
#75929
b1010 0
1#
1(
#75930
1"
1)
#75936
0"
0)
0#
0(
#75942
1"
1)
#75943
b1001 0
1#
1(
#75948
0"
0)
#75950
0#
0(
#75954
1"
1)
#75957
b1000 0
1#
1(
#75960
0"
0)
#75964
0#
0(
#75966
1"
1)
#75971
b111 0
1#
1(
#75972
0"
0)
#75978
1"
1)
0#
0(
#75984
0"
0)
#75985
b110 0
1#
1(
#75990
1"
1)
#75992
0#
0(
#75996
0"
0)
#75999
b101 0
1#
1(
#76002
1"
1)
#76006
0#
0(
#76008
0"
0)
#76013
b100 0
1#
1(
#76014
1"
1)
#76020
0"
0)
0#
0(
#76026
1"
1)
#76027
b11 0
1#
1(
#76032
0"
0)
#76034
0#
0(
#76038
1"
1)
#76041
b10 0
1#
1(
#76044
0"
0)
#76048
0#
0(
#76050
1"
1)
#76055
b1 0
1#
1(
#76056
0"
0)
#76062
1"
1)
0#
0(
#76068
0"
0)
#76069
b0 0
1#
1(
#76074
1"
1)
#76076
0#
0(
#76080
0"
0)
#76083
b10 2
b1111 0
1#
1(
#76086
1"
1)
#76090
0#
0(
#76092
0"
0)
#76097
b1 2
b1 /
b1111110 ,
b1111110 -
b1111110 3
b1111110 .
1#
1(
#76098
b1111110 4
1"
1)
#76104
0"
0)
0#
0(
#76110
1"
1)
#76111
b1111111 ,
b1111111 -
b1111111 3
b1111111 .
b1110 0
1#
1(
#76116
0"
0)
#76118
0#
0(
#76122
b1111111 4
1"
1)
#76125
b1101 0
1#
1(
#76128
0"
0)
#76132
0#
0(
#76134
1"
1)
#76139
b1100 0
1#
1(
#76140
0"
0)
#76146
1"
1)
0#
0(
#76152
0"
0)
#76153
b1011 0
1#
1(
#76158
1"
1)
#76160
0#
0(
#76164
0"
0)
#76167
b1010 0
1#
1(
#76170
1"
1)
#76174
0#
0(
#76176
0"
0)
#76181
b1001 0
1#
1(
#76182
1"
1)
#76188
0"
0)
0#
0(
#76194
1"
1)
#76195
b1000 0
1#
1(
#76200
0"
0)
#76202
0#
0(
#76206
1"
1)
#76209
b111 0
1#
1(
#76212
0"
0)
#76216
0#
0(
#76218
1"
1)
#76223
b110 0
1#
1(
#76224
0"
0)
#76230
1"
1)
0#
0(
#76236
0"
0)
#76237
b101 0
1#
1(
#76242
1"
1)
#76244
0#
0(
#76248
0"
0)
#76251
b100 0
1#
1(
#76254
1"
1)
#76258
0#
0(
#76260
0"
0)
#76265
b11 0
1#
1(
#76266
1"
1)
#76272
0"
0)
0#
0(
#76278
1"
1)
#76279
b10 0
1#
1(
#76284
0"
0)
#76286
0#
0(
#76290
1"
1)
#76293
b1 0
1#
1(
#76296
0"
0)
#76300
0#
0(
#76302
1"
1)
#76307
b0 0
1#
1(
#76308
0"
0)
#76314
1"
1)
0#
0(
#76320
0"
0)
#76321
b10 2
b1111 0
1#
1(
#76326
1"
1)
#76328
0#
0(
#76332
0"
0)
#76335
b1 2
b0 /
b11111110 ,
b11111110 -
b11111110 3
b11111110 .
1#
1(
#76338
b11111110 4
1"
1)
#76342
0#
0(
#76344
0"
0)
#76349
b11111111 ,
b11111111 -
b11111111 3
b11111111 .
b1110 0
1#
1(
#76350
b11111111 4
1"
1)
#76356
0"
0)
0#
0(
#76362
1"
1)
#76363
b1101 0
1#
1(
#76368
0"
0)
#76370
0#
0(
#76374
1"
1)
#76377
b1100 0
1#
1(
#76380
0"
0)
#76384
0#
0(
#76386
1"
1)
#76391
b1011 0
1#
1(
#76392
0"
0)
#76398
1"
1)
0#
0(
#76404
0"
0)
#76405
b1010 0
1#
1(
#76410
1"
1)
#76412
0#
0(
#76416
0"
0)
#76419
b1001 0
1#
1(
#76422
1"
1)
#76426
0#
0(
#76428
0"
0)
#76433
b1000 0
1#
1(
#76434
1"
1)
#76440
0"
0)
0#
0(
#76446
1"
1)
#76447
b111 0
1#
1(
#76452
0"
0)
#76454
0#
0(
#76458
1"
1)
#76461
b110 0
1#
1(
#76464
0"
0)
#76468
0#
0(
#76470
1"
1)
#76475
b101 0
1#
1(
#76476
0"
0)
#76482
1"
1)
0#
0(
#76488
0"
0)
#76489
b100 0
1#
1(
#76494
1"
1)
#76496
0#
0(
#76500
0"
0)
#76503
b11 0
1#
1(
#76506
1"
1)
#76510
0#
0(
#76512
0"
0)
#76517
b10 0
1#
1(
#76518
1"
1)
#76524
0"
0)
0#
0(
#76530
1"
1)
#76531
b1 0
1#
1(
#76536
0"
0)
#76538
0#
0(
#76542
1"
1)
#76545
b0 0
1#
1(
#76548
0"
0)
#76552
0#
0(
#76554
1"
1)
#76559
b10 2
b1111 0
1#
1(
#76560
0"
0)
#76566
1"
1)
0#
0(
#76572
0"
0)
#76573
b11 2
b111 /
b11111110 ,
b11111110 -
b11111110 3
b11111110 .
1#
1(
#76578
b11111110 4
1"
1)
#76580
0#
0(
#76584
0"
0)
#76587
b100 2
1#
1(
#76590
1"
1)
#76594
0#
0(
#76596
0"
0)
#76601
0+
01
1#
1(
#76602
b1 7
1"
1)
#76608
0"
0)
0#
0(
#76614
b10 7
0!
08
0*
06
1"
1)
#76615
b0 2
1#
1(
#76620
0"
0)
b0 >
b0 ?
b10110110 <
1'
#76621
0'
#76622
0#
0(
#76626
b110 5
b11111100 4
1!
18
1"
1)
#76629
1+
11
1#
1(
#76632
0"
0)
b1 >
b1 ?
1'
#76633
0'
#76636
0#
0(
#76638
b101 5
b11111000 4
1"
1)
#76643
1#
1(
#76644
0"
0)
b10 >
b11 ?
1'
#76645
0'
#76650
b100 5
b11110000 4
1"
1)
0#
0(
#76656
0"
0)
b11 >
b111 ?
1'
#76657
1#
1(
0'
#76662
b11 5
b11100000 4
1"
1)
#76664
0#
0(
#76668
0"
0)
b100 >
b1111 ?
1'
#76669
0'
#76671
1#
1(
#76674
b10 5
b11000000 4
1"
1)
#76678
0#
0(
#76680
0"
0)
b101 >
b11111 ?
1'
#76681
0'
#76685
1#
1(
#76686
b1 5
b10000000 4
1"
1)
#76692
0"
0)
0#
0(
b110 >
b111111 ?
1'
#76693
0'
#76698
b0 5
b0 4
1"
1)
#76699
1#
1(
#76704
0"
0)
b111 >
b1111111 ?
1'
#76705
0'
#76706
0#
0(
#76710
b0 7
b111 5
0!
08
1"
1)
#76713
1#
1(
#76716
0"
0)
b1000 >
1'
#76717
0'
#76720
0#
0(
#76722
1!
18
b11111110 4
1*
16
1"
1)
#76727
1#
1(
#76728
0"
0)
b11010 =
1$
1'
#76729
0$
0'
#76734
1"
1)
0#
0(
#76740
0"
0)
#76741
1#
1(
#76746
1"
1)
#76748
0#
0(
#76752
0"
0)
#76755
1#
1(
#76758
1"
1)
#76762
0#
0(
#76764
0"
0)
#76769
1#
1(
#76770
1"
1)
#76776
0"
0)
0#
0(
#76782
1"
1)
#76783
1#
1(
#76788
0"
0)
#76790
0#
0(
#76794
1"
1)
#76797
1#
1(
#76800
0"
0)
#76804
0#
0(
#76806
1"
1)
#76811
1#
1(
#76812
0"
0)
#76818
1"
1)
0#
0(
#76824
0"
0)
#76825
1#
1(
#76830
1"
1)
#76832
0#
0(
#76836
0"
0)
#76839
1#
1(
#76842
1"
1)
#76846
0#
0(
#76848
0"
0)
#76853
1#
1(
#76854
1"
1)
#76860
0"
0)
0#
0(
#76866
1"
1)
#76867
1#
1(
#76872
0"
0)
#76874
0#
0(
#76878
1"
1)
#76881
1#
1(
#76884
0"
0)
#76888
0#
0(
#76890
1"
1)
#76895
1#
1(
#76896
0"
0)
#76902
1"
1)
0#
0(
#76908
0"
0)
#76909
1#
1(
#76914
1"
1)
#76916
0#
0(
#76920
0"
0)
#76923
1#
1(
#76926
1"
1)
#76930
0#
0(
#76932
0"
0)
#76937
1#
1(
#76938
1"
1)
#76944
0"
0)
0#
0(
#76950
1"
1)
#76951
1#
1(
#76956
0"
0)
#76958
0#
0(
#76962
1"
1)
#76965
1#
1(
#76968
0"
0)
#76972
0#
0(
#76974
1"
1)
#76979
1#
1(
#76980
0"
0)
#76986
1"
1)
0#
0(
#76992
0"
0)
#76993
1#
1(
#76998
1"
1)
#77000
0#
0(
#77004
0"
0)
#77007
1#
1(
#77010
1"
1)
#77014
0#
0(
#77016
0"
0)
#77021
1#
1(
#77022
1"
1)
#77028
0"
0)
0#
0(
#77034
1"
1)
#77035
1#
1(
#77040
0"
0)
#77042
0#
0(
#77046
1"
1)
#77049
1#
1(
#77052
0"
0)
#77056
0#
0(
#77058
1"
1)
#77063
1#
1(
#77064
0"
0)
#77070
1"
1)
0#
0(
#77076
0"
0)
#77077
1#
1(
#77082
1"
1)
#77084
0#
0(
#77088
0"
0)
#77091
1#
1(
#77094
1"
1)
#77098
0#
0(
#77100
0"
0)
#77105
1#
1(
#77106
1"
1)
#77112
0"
0)
0#
0(
#77118
1"
1)
#77119
1#
1(
#77124
0"
0)
#77126
0#
0(
#77130
1"
1)
#77133
1#
1(
#77136
0"
0)
#77140
0#
0(
#77142
1"
1)
#77147
1#
1(
#77148
0"
0)
#77154
1"
1)
0#
0(
#77160
0"
0)
#77161
1#
1(
#77166
1"
1)
#77168
0#
0(
#77172
0"
0)
#77175
1#
1(
#77178
1"
1)
#77182
0#
0(
#77184
0"
0)
#77189
1#
1(
#77190
1"
1)
#77196
0"
0)
0#
0(
#77202
1"
1)
#77203
1#
1(
#77208
0"
0)
#77210
0#
0(
#77214
1"
1)
#77217
1#
1(
#77220
0"
0)
#77224
0#
0(
#77226
1"
1)
#77231
1#
1(
#77232
0"
0)
#77234
0&
b0 ;
b100101110 9
b10001 :
#77238
1"
1)
0#
0(
#77244
0"
0)
#77245
b1 2
1#
1(
#77250
1"
1)
#77252
0#
0(
#77256
0"
0)
#77259
b1110 0
1#
1(
#77262
1"
1)
#77266
0#
0(
#77268
0"
0)
#77273
b1101 0
1#
1(
#77274
1"
1)
#77280
0"
0)
0#
0(
#77286
1"
1)
#77287
b1100 0
1#
1(
#77292
0"
0)
#77294
0#
0(
#77298
1"
1)
#77301
b1011 0
1#
1(
#77304
0"
0)
#77308
0#
0(
#77310
1"
1)
#77315
b1010 0
1#
1(
#77316
0"
0)
#77322
1"
1)
0#
0(
#77328
0"
0)
#77329
b1001 0
1#
1(
#77334
1"
1)
#77336
0#
0(
#77340
0"
0)
#77343
b1000 0
1#
1(
#77346
1"
1)
#77350
0#
0(
#77352
0"
0)
#77357
b111 0
1#
1(
#77358
1"
1)
#77364
0"
0)
0#
0(
#77370
1"
1)
#77371
b110 0
1#
1(
#77376
0"
0)
#77378
0#
0(
#77382
1"
1)
#77385
b101 0
1#
1(
#77388
0"
0)
#77392
0#
0(
#77394
1"
1)
#77399
b100 0
1#
1(
#77400
0"
0)
#77406
1"
1)
0#
0(
#77412
0"
0)
#77413
b11 0
1#
1(
#77418
1"
1)
#77420
0#
0(
#77424
0"
0)
#77427
b10 0
1#
1(
#77430
1"
1)
#77434
0#
0(
#77436
0"
0)
#77441
b1 0
1#
1(
#77442
1"
1)
#77448
0"
0)
0#
0(
#77454
1"
1)
#77455
b0 0
1#
1(
#77460
0"
0)
#77461
b10010111 9
b1 ;
#77462
0#
0(
#77466
1"
1)
#77469
b10 2
b1111 0
1#
1(
#77472
0"
0)
#77476
0#
0(
#77478
1"
1)
#77483
b1 2
b110 /
b11111100 ,
b11111100 -
b11111100 3
b11111100 .
1#
1(
#77484
0"
0)
#77490
b11111100 4
1"
1)
0#
0(
#77496
0"
0)
#77497
b1110 0
1#
1(
#77502
1"
1)
#77504
0#
0(
#77508
0"
0)
#77511
b1101 0
1#
1(
#77514
1"
1)
#77518
0#
0(
#77520
0"
0)
#77525
b1100 0
1#
1(
#77526
1"
1)
#77532
0"
0)
0#
0(
#77538
1"
1)
#77539
b1011 0
1#
1(
#77544
0"
0)
#77546
0#
0(
#77550
1"
1)
#77553
b1010 0
1#
1(
#77556
0"
0)
#77560
0#
0(
#77562
1"
1)
#77567
b1001 0
1#
1(
#77568
0"
0)
#77574
1"
1)
0#
0(
#77580
0"
0)
#77581
b1000 0
1#
1(
#77586
1"
1)
#77588
0#
0(
#77592
0"
0)
#77595
b111 0
1#
1(
#77598
1"
1)
#77602
0#
0(
#77604
0"
0)
#77609
b110 0
1#
1(
#77610
1"
1)
#77616
0"
0)
0#
0(
#77622
1"
1)
#77623
b101 0
1#
1(
#77628
0"
0)
#77630
0#
0(
#77634
1"
1)
#77637
b100 0
1#
1(
#77640
0"
0)
#77644
0#
0(
#77646
1"
1)
#77651
b11 0
1#
1(
#77652
0"
0)
#77658
1"
1)
0#
0(
#77664
0"
0)
#77665
b10 0
1#
1(
#77670
1"
1)
#77672
0#
0(
#77676
0"
0)
#77679
b1 0
1#
1(
#77682
1"
1)
#77686
0#
0(
#77688
0"
0)
b1001011 9
1&
b10 ;
#77693
b11111101 ,
b11111101 -
b11111101 3
b11111101 .
b0 0
1#
1(
#77694
b11111101 4
1"
1)
#77700
0"
0)
0#
0(
#77706
1"
1)
#77707
b10 2
b1111 0
1#
1(
#77712
0"
0)
#77714
0#
0(
#77718
1"
1)
#77721
b1 2
b101 /
b11111010 ,
b11111010 -
b11111010 3
b11111010 .
1#
1(
#77724
0"
0)
#77728
0#
0(
#77730
b11111010 4
1"
1)
#77735
b11111011 ,
b11111011 -
b11111011 3
b11111011 .
b1110 0
1#
1(
#77736
0"
0)
#77742
b11111011 4
1"
1)
0#
0(
#77748
0"
0)
#77749
b1101 0
1#
1(
#77754
1"
1)
#77756
0#
0(
#77760
0"
0)
#77763
b1100 0
1#
1(
#77766
1"
1)
#77770
0#
0(
#77772
0"
0)
#77777
b1011 0
1#
1(
#77778
1"
1)
#77784
0"
0)
0#
0(
#77790
1"
1)
#77791
b1010 0
1#
1(
#77796
0"
0)
#77798
0#
0(
#77802
1"
1)
#77805
b1001 0
1#
1(
#77808
0"
0)
#77812
0#
0(
#77814
1"
1)
#77819
b1000 0
1#
1(
#77820
0"
0)
#77826
1"
1)
0#
0(
#77832
0"
0)
#77833
b111 0
1#
1(
#77838
1"
1)
#77840
0#
0(
#77844
0"
0)
#77847
b110 0
1#
1(
#77850
1"
1)
#77854
0#
0(
#77856
0"
0)
#77861
b101 0
1#
1(
#77862
1"
1)
#77868
0"
0)
0#
0(
#77874
1"
1)
#77875
b100 0
1#
1(
#77880
0"
0)
#77882
0#
0(
#77886
1"
1)
#77889
b11 0
1#
1(
#77892
0"
0)
#77896
0#
0(
#77898
1"
1)
#77903
b10 0
1#
1(
#77904
0"
0)
#77910
1"
1)
0#
0(
#77915
b100101 9
b11 ;
#77916
0"
0)
#77917
b1 0
1#
1(
#77922
1"
1)
#77924
0#
0(
#77928
0"
0)
#77931
b0 0
1#
1(
#77934
1"
1)
#77938
0#
0(
#77940
0"
0)
#77945
b10 2
b1111 0
1#
1(
#77946
1"
1)
#77952
0"
0)
0#
0(
#77958
1"
1)
#77959
b1 2
b100 /
b11110110 ,
b11110110 -
b11110110 3
b11110110 .
1#
1(
#77964
0"
0)
#77966
0#
0(
#77970
b11110110 4
1"
1)
#77973
b11110111 ,
b11110111 -
b11110111 3
b11110111 .
b1110 0
1#
1(
#77976
0"
0)
#77980
0#
0(
#77982
b11110111 4
1"
1)
#77987
b1101 0
1#
1(
#77988
0"
0)
#77994
1"
1)
0#
0(
#78000
0"
0)
#78001
b1100 0
1#
1(
#78006
1"
1)
#78008
0#
0(
#78012
0"
0)
#78015
b1011 0
1#
1(
#78018
1"
1)
#78022
0#
0(
#78024
0"
0)
#78029
b1010 0
1#
1(
#78030
1"
1)
#78036
0"
0)
0#
0(
#78042
1"
1)
#78043
b1001 0
1#
1(
#78048
0"
0)
#78050
0#
0(
#78054
1"
1)
#78057
b1000 0
1#
1(
#78060
0"
0)
#78064
0#
0(
#78066
1"
1)
#78071
b111 0
1#
1(
#78072
0"
0)
#78078
1"
1)
0#
0(
#78084
0"
0)
#78085
b110 0
1#
1(
#78090
1"
1)
#78092
0#
0(
#78096
0"
0)
#78099
b101 0
1#
1(
#78102
1"
1)
#78106
0#
0(
#78108
0"
0)
#78113
b100 0
1#
1(
#78114
1"
1)
#78120
0"
0)
0#
0(
#78126
1"
1)
#78127
b11 0
1#
1(
#78132
0"
0)
#78134
0#
0(
#78138
1"
1)
#78141
b10 0
1#
1(
#78142
b10010 9
b100 ;
#78144
0"
0)
#78148
0#
0(
#78150
1"
1)
#78155
b1 0
1#
1(
#78156
0"
0)
#78162
1"
1)
0#
0(
#78168
0"
0)
#78169
b0 0
1#
1(
#78174
1"
1)
#78176
0#
0(
#78180
0"
0)
#78183
b10 2
b1111 0
1#
1(
#78186
1"
1)
#78190
0#
0(
#78192
0"
0)
#78197
b1 2
b11 /
b11101110 ,
b11101110 -
b11101110 3
b11101110 .
1#
1(
#78198
b11101110 4
1"
1)
#78204
0"
0)
0#
0(
#78210
1"
1)
#78211
b11101111 ,
b11101111 -
b11101111 3
b11101111 .
b1110 0
1#
1(
#78216
0"
0)
#78218
0#
0(
#78222
b11101111 4
1"
1)
#78225
b1101 0
1#
1(
#78228
0"
0)
#78232
0#
0(
#78234
1"
1)
#78239
b1100 0
1#
1(
#78240
0"
0)
#78246
1"
1)
0#
0(
#78252
0"
0)
#78253
b1011 0
1#
1(
#78258
1"
1)
#78260
0#
0(
#78264
0"
0)
#78267
b1010 0
1#
1(
#78270
1"
1)
#78274
0#
0(
#78276
0"
0)
#78281
b1001 0
1#
1(
#78282
1"
1)
#78288
0"
0)
0#
0(
#78294
1"
1)
#78295
b1000 0
1#
1(
#78300
0"
0)
#78302
0#
0(
#78306
1"
1)
#78309
b111 0
1#
1(
#78312
0"
0)
#78316
0#
0(
#78318
1"
1)
#78323
b110 0
1#
1(
#78324
0"
0)
#78330
1"
1)
0#
0(
#78336
0"
0)
#78337
b101 0
1#
1(
#78342
1"
1)
#78344
0#
0(
#78348
0"
0)
#78351
b100 0
1#
1(
#78354
1"
1)
#78358
0#
0(
#78360
0"
0)
#78365
b11 0
1#
1(
#78366
1"
1)
#78369
b1001 9
0&
b101 ;
#78372
0"
0)
0#
0(
#78378
1"
1)
#78379
b11101110 ,
b11101110 -
b11101110 3
b11101110 .
b10 0
1#
1(
#78384
0"
0)
#78386
0#
0(
#78390
b11101110 4
1"
1)
#78393
b1 0
1#
1(
#78396
0"
0)
#78400
0#
0(
#78402
1"
1)
#78407
b0 0
1#
1(
#78408
0"
0)
#78414
1"
1)
0#
0(
#78420
0"
0)
#78421
b10 2
b1111 0
1#
1(
#78426
1"
1)
#78428
0#
0(
#78432
0"
0)
#78435
b1 2
b10 /
b11011100 ,
b11011100 -
b11011100 3
b11011100 .
1#
1(
#78438
b11011100 4
1"
1)
#78442
0#
0(
#78444
0"
0)
#78449
b1110 0
1#
1(
#78450
1"
1)
#78456
0"
0)
0#
0(
#78462
1"
1)
#78463
b1101 0
1#
1(
#78468
0"
0)
#78470
0#
0(
#78474
1"
1)
#78477
b1100 0
1#
1(
#78480
0"
0)
#78484
0#
0(
#78486
1"
1)
#78491
b1011 0
1#
1(
#78492
0"
0)
#78498
1"
1)
0#
0(
#78504
0"
0)
#78505
b1010 0
1#
1(
#78510
1"
1)
#78512
0#
0(
#78516
0"
0)
#78519
b1001 0
1#
1(
#78522
1"
1)
#78526
0#
0(
#78528
0"
0)
#78533
b1000 0
1#
1(
#78534
1"
1)
#78540
0"
0)
0#
0(
#78546
1"
1)
#78547
b111 0
1#
1(
#78552
0"
0)
#78554
0#
0(
#78558
1"
1)
#78561
b110 0
1#
1(
#78564
0"
0)
#78568
0#
0(
#78570
1"
1)
#78575
b101 0
1#
1(
#78576
0"
0)
#78582
1"
1)
0#
0(
#78588
0"
0)
#78589
b100 0
1#
1(
#78594
1"
1)
#78596
0#
0(
b100 9
1&
b110 ;
#78600
0"
0)
#78603
b11011101 ,
b11011101 -
b11011101 3
b11011101 .
b11 0
1#
1(
#78606
b11011101 4
1"
1)
#78610
0#
0(
#78612
0"
0)
#78617
b10 0
1#
1(
#78618
1"
1)
#78624
0"
0)
0#
0(
#78630
1"
1)
#78631
b1 0
1#
1(
#78636
0"
0)
#78638
0#
0(
#78642
1"
1)
#78645
b0 0
1#
1(
#78648
0"
0)
#78652
0#
0(
#78654
1"
1)
#78659
b10 2
b1111 0
1#
1(
#78660
0"
0)
#78666
1"
1)
0#
0(
#78672
0"
0)
#78673
b1 2
b1 /
b10111010 ,
b10111010 -
b10111010 3
b10111010 .
1#
1(
#78678
b10111010 4
1"
1)
#78680
0#
0(
#78684
0"
0)
#78687
b10111011 ,
b10111011 -
b10111011 3
b10111011 .
b1110 0
1#
1(
#78690
b10111011 4
1"
1)
#78694
0#
0(
#78696
0"
0)
#78701
b1101 0
1#
1(
#78702
1"
1)
#78708
0"
0)
0#
0(
#78714
1"
1)
#78715
b1100 0
1#
1(
#78720
0"
0)
#78722
0#
0(
#78726
1"
1)
#78729
b1011 0
1#
1(
#78732
0"
0)
#78736
0#
0(
#78738
1"
1)
#78743
b1010 0
1#
1(
#78744
0"
0)
#78750
1"
1)
0#
0(
#78756
0"
0)
#78757
b1001 0
1#
1(
#78762
1"
1)
#78764
0#
0(
#78768
0"
0)
#78771
b1000 0
1#
1(
#78774
1"
1)
#78778
0#
0(
#78780
0"
0)
#78785
b111 0
1#
1(
#78786
1"
1)
#78792
0"
0)
0#
0(
#78798
1"
1)
#78799
b110 0
1#
1(
#78804
0"
0)
#78806
0#
0(
#78810
1"
1)
#78813
b101 0
1#
1(
#78816
0"
0)
#78820
0#
0(
#78822
1"
1)
#78823
b10 9
0&
b111 ;
#78827
b10111010 ,
b10111010 -
b10111010 3
b10111010 .
b100 0
1#
1(
#78828
0"
0)
#78834
b10111010 4
1"
1)
0#
0(
#78840
0"
0)
#78841
b11 0
1#
1(
#78846
1"
1)
#78848
0#
0(
#78852
0"
0)
#78855
b10 0
1#
1(
#78858
1"
1)
#78862
0#
0(
#78864
0"
0)
#78869
b1 0
1#
1(
#78870
1"
1)
#78876
0"
0)
0#
0(
#78882
1"
1)
#78883
b0 0
1#
1(
#78888
0"
0)
#78890
0#
0(
#78894
1"
1)
#78897
b10 2
b1111 0
1#
1(
#78900
0"
0)
#78904
0#
0(
#78906
1"
1)
#78911
b1 2
b0 /
b1110100 ,
b1110100 -
b1110100 3
b1110100 .
1#
1(
#78912
0"
0)
#78918
b1110100 4
1"
1)
0#
0(
#78924
0"
0)
#78925
b1110 0
1#
1(
#78930
1"
1)
#78932
0#
0(
#78936
0"
0)
#78939
b1101 0
1#
1(
#78942
1"
1)
#78946
0#
0(
#78948
0"
0)
#78953
b1100 0
1#
1(
#78954
1"
1)
#78960
0"
0)
0#
0(
#78966
1"
1)
#78967
b1011 0
1#
1(
#78972
0"
0)
#78974
0#
0(
#78978
1"
1)
#78981
b1010 0
1#
1(
#78984
0"
0)
#78988
0#
0(
#78990
1"
1)
#78995
b1001 0
1#
1(
#78996
0"
0)
#79002
1"
1)
0#
0(
#79008
0"
0)
#79009
b1000 0
1#
1(
#79014
1"
1)
#79016
0#
0(
#79020
0"
0)
#79023
b111 0
1#
1(
#79026
1"
1)
#79030
0#
0(
#79032
0"
0)
#79037
b110 0
1#
1(
#79038
1"
1)
#79044
0"
0)
0#
0(
#79050
1"
1)
b1 9
b1000 ;
#79051
b101 0
1#
1(
#79056
0"
0)
#79058
0#
0(
#79062
1"
1)
#79065
b100 0
1#
1(
#79068
0"
0)
#79072
0#
0(
#79074
1"
1)
#79079
b11 0
1#
1(
#79080
0"
0)
#79086
1"
1)
0#
0(
#79092
0"
0)
#79093
b10 0
1#
1(
#79098
1"
1)
#79100
0#
0(
#79104
0"
0)
#79107
b1 0
1#
1(
#79110
1"
1)
#79114
0#
0(
#79116
0"
0)
#79121
b0 0
1#
1(
#79122
1"
1)
#79128
0"
0)
0#
0(
#79134
1"
1)
#79135
b10 2
b1111 0
1#
1(
#79140
0"
0)
#79142
0#
0(
#79146
1"
1)
#79149
b11 2
b111 /
b11101000 ,
b11101000 -
b11101000 3
b11101000 .
1#
1(
#79152
0"
0)
#79156
0#
0(
#79158
b11101000 4
1"
1)
#79163
b100 2
1#
1(
#79164
0"
0)
#79170
1"
1)
0#
0(
#79176
0"
0)
#79177
0+
01
1#
1(
#79182
b1 7
1"
1)
#79184
0#
0(
#79188
0"
0)
#79191
1#
1(
#79194
b10 7
0!
08
0*
06
1"
1)
#79198
0#
0(
#79200
0"
0)
b0 >
b0 ?
b11000111 <
1'
#79201
0'
#79205
b0 2
1#
1(
#79206
b110 5
b11010000 4
1!
18
1"
1)
#79212
0"
0)
0#
0(
b1 >
b1 ?
1'
#79213
0'
#79218
b101 5
b10100000 4
1"
1)
#79219
b1 2
1+
11
1#
1(
#79224
0"
0)
b10 >
b11 ?
1'
#79225
0'
#79226
0#
0(
#79230
b100 5
b1000000 4
1"
1)
#79233
b1110 0
1#
1(
#79236
0"
0)
b11 >
b111 ?
1'
#79237
0'
#79240
0#
0(
#79242
b11 5
b10000000 4
0!
08
1"
1)
#79247
b1101 0
1#
1(
#79248
0"
0)
b100 >
1'
#79249
0'
#79254
b10 5
b0 4
1!
18
1"
1)
0#
0(
#79260
0"
0)
b101 >
b10111 ?
1'
#79261
b1100 0
1#
1(
0'
#79266
b1 5
0!
08
1"
1)
#79268
0#
0(
#79272
0"
0)
b110 >
1'
#79273
0'
#79275
b1011 0
1#
1(
#79277
b0 9
1&
b1001 ;
#79278
b0 5
1"
1)
#79282
0#
0(
#79284
0"
0)
b111 >
1'
#79285
0'
#79289
b11101001 ,
b11101001 -
b11101001 3
b11101001 .
b1010 0
1#
1(
#79290
b0 7
b111 5
1"
1)
#79296
0"
0)
0#
0(
b1000 >
1'
#79297
0'
#79302
1!
18
b11101001 4
1*
16
1"
1)
#79303
b1001 0
1#
1(
#79308
0"
0)
b11011 =
1$
1'
#79309
0$
0'
#79310
0#
0(
#79314
1"
1)
#79317
b1000 0
1#
1(
#79320
0"
0)
#79324
0#
0(
#79326
1"
1)
#79331
b111 0
1#
1(
#79332
0"
0)
#79338
1"
1)
0#
0(
#79344
0"
0)
#79345
b110 0
1#
1(
#79350
1"
1)
#79352
0#
0(
#79356
0"
0)
#79359
b101 0
1#
1(
#79362
1"
1)
#79366
0#
0(
#79368
0"
0)
#79373
b100 0
1#
1(
#79374
1"
1)
#79380
0"
0)
0#
0(
#79386
1"
1)
#79387
b11 0
1#
1(
#79392
0"
0)
#79394
0#
0(
#79398
1"
1)
#79401
b10 0
1#
1(
#79404
0"
0)
#79408
0#
0(
#79410
1"
1)
#79415
b1 0
1#
1(
#79416
0"
0)
#79422
1"
1)
0#
0(
#79428
0"
0)
#79429
b0 0
1#
1(
#79434
1"
1)
#79436
0#
0(
#79440
0"
0)
#79443
b10 2
b1111 0
1#
1(
#79446
1"
1)
#79450
0#
0(
#79452
0"
0)
#79457
b1 2
b110 /
b11010010 ,
b11010010 -
b11010010 3
b11010010 .
1#
1(
#79458
b11010010 4
1"
1)
#79464
0"
0)
0#
0(
#79470
1"
1)
#79471
b11010011 ,
b11010011 -
b11010011 3
b11010011 .
b1110 0
1#
1(
#79476
0"
0)
#79478
0#
0(
#79482
b11010011 4
1"
1)
#79485
b1101 0
1#
1(
#79488
0"
0)
#79492
0#
0(
#79494
1"
1)
#79499
b1100 0
1#
1(
#79500
0"
0)
#79504
b1010 ;
#79506
1"
1)
0#
0(
#79512
0"
0)
#79513
b1011 0
1#
1(
#79518
1"
1)
#79520
0#
0(
#79524
0"
0)
#79527
b1010 0
1#
1(
#79530
1"
1)
#79534
0#
0(
#79536
0"
0)
#79541
b1001 0
1#
1(
#79542
1"
1)
#79548
0"
0)
0#
0(
#79554
1"
1)
#79555
b1000 0
1#
1(
#79560
0"
0)
#79562
0#
0(
#79566
1"
1)
#79569
b111 0
1#
1(
#79572
0"
0)
#79576
0#
0(
#79578
1"
1)
#79583
b110 0
1#
1(
#79584
0"
0)
#79590
1"
1)
0#
0(
#79596
0"
0)
#79597
b101 0
1#
1(
#79602
1"
1)
#79604
0#
0(
#79608
0"
0)
#79611
b100 0
1#
1(
#79614
1"
1)
#79618
0#
0(
#79620
0"
0)
#79625
b11 0
1#
1(
#79626
1"
1)
#79632
0"
0)
0#
0(
#79638
1"
1)
#79639
b10 0
1#
1(
#79644
0"
0)
#79646
0#
0(
#79650
1"
1)
#79653
b1 0
1#
1(
#79656
0"
0)
#79660
0#
0(
#79662
1"
1)
#79667
b0 0
1#
1(
#79668
0"
0)
#79674
1"
1)
0#
0(
#79680
0"
0)
#79681
b10 2
b1111 0
1#
1(
#79686
1"
1)
#79688
0#
0(
#79692
0"
0)
#79695
b1 2
b101 /
b10100110 ,
b10100110 -
b10100110 3
b10100110 .
1#
1(
#79698
b10100110 4
1"
1)
#79702
0#
0(
#79704
0"
0)
#79709
b10100111 ,
b10100111 -
b10100111 3
b10100111 .
b1110 0
1#
1(
#79710
b10100111 4
1"
1)
#79716
0"
0)
0#
0(
#79722
1"
1)
#79723
b1101 0
1#
1(
#79728
0"
0)
#79730
0#
0(
#79734
1"
1)
#79737
b1100 0
1#
1(
#79740
0"
0)
#79744
0#
0(
#79746
1"
1)
#79751
b1011 0
1#
1(
#79752
0"
0)
#79758
1"
1)
0#
0(
#79764
0"
0)
#79765
b1010 0
1#
1(
#79770
1"
1)
#79772
0#
0(
#79776
0"
0)
#79779
b1001 0
1#
1(
#79782
1"
1)
#79786
0#
0(
#79788
0"
0)
#79793
b1000 0
1#
1(
#79794
1"
1)
#79800
0"
0)
0#
0(
#79806
1"
1)
#79807
b111 0
1#
1(
#79812
0"
0)
#79814
0#
0(
#79818
1"
1)
#79821
b110 0
1#
1(
#79824
0"
0)
#79828
0#
0(
#79830
1"
1)
#79835
b101 0
1#
1(
#79836
0"
0)
#79842
1"
1)
0#
0(
#79848
0"
0)
#79849
b100 0
1#
1(
#79854
1"
1)
#79856
0#
0(
#79860
0"
0)
#79863
b11 0
1#
1(
#79866
1"
1)
#79870
0#
0(
#79872
0"
0)
#79877
b10 0
1#
1(
#79878
1"
1)
#79884
0"
0)
0#
0(
#79890
1"
1)
#79891
b1 0
1#
1(
#79896
0"
0)
#79898
0#
0(
#79902
1"
1)
#79905
b0 0
1#
1(
#79908
0"
0)
#79912
0#
0(
#79914
1"
1)
#79919
b10 2
b1111 0
1#
1(
#79920
0"
0)
#79926
1"
1)
0#
0(
#79932
0"
0)
#79933
b1 2
b100 /
b1001110 ,
b1001110 -
b1001110 3
b1001110 .
1#
1(
#79938
b1001110 4
1"
1)
#79940
0#
0(
#79944
0"
0)
#79947
b1001111 ,
b1001111 -
b1001111 3
b1001111 .
b1110 0
1#
1(
#79950
b1001111 4
1"
1)
#79954
0#
0(
#79956
0"
0)
#79961
b1101 0
1#
1(
#79962
1"
1)
#79968
0"
0)
0#
0(
#79974
1"
1)
#79975
b1100 0
1#
1(
#79980
0"
0)
#79982
0#
0(
#79986
1"
1)
#79989
b1011 0
1#
1(
#79992
0"
0)
#79996
0#
0(
#79998
1"
1)
#80003
b1010 0
1#
1(
#80004
0"
0)
#80010
1"
1)
0#
0(
#80016
0"
0)
#80017
b1001 0
1#
1(
#80022
1"
1)
#80024
0#
0(
#80028
0"
0)
#80031
b1000 0
1#
1(
#80034
1"
1)
#80038
0#
0(
#80040
0"
0)
#80045
b111 0
1#
1(
#80046
1"
1)
#80052
0"
0)
0#
0(
#80058
1"
1)
#80059
b110 0
1#
1(
#80064
0"
0)
#80066
0#
0(
#80070
1"
1)
#80073
b101 0
1#
1(
#80076
0"
0)
#80080
0#
0(
#80082
1"
1)
#80087
b100 0
1#
1(
#80088
0"
0)
#80094
1"
1)
0#
0(
#80100
0"
0)
#80101
b11 0
1#
1(
#80106
1"
1)
#80108
0#
0(
#80112
0"
0)
#80115
b10 0
1#
1(
#80118
1"
1)
#80122
0#
0(
#80124
0"
0)
#80129
b1 0
1#
1(
#80130
1"
1)
#80136
0"
0)
0#
0(
#80142
1"
1)
#80143
b0 0
1#
1(
#80148
0"
0)
#80150
0#
0(
#80154
1"
1)
#80157
b10 2
b1111 0
1#
1(
#80160
0"
0)
#80164
0#
0(
#80166
1"
1)
#80171
b1 2
b11 /
b10011110 ,
b10011110 -
b10011110 3
b10011110 .
1#
1(
#80172
0"
0)
#80178
b10011110 4
1"
1)
0#
0(
#80184
0"
0)
#80185
b10011111 ,
b10011111 -
b10011111 3
b10011111 .
b1110 0
1#
1(
#80190
b10011111 4
1"
1)
#80192
0#
0(
#80196
0"
0)
#80199
b1101 0
1#
1(
#80202
1"
1)
#80206
0#
0(
#80208
0"
0)
#80213
b1100 0
1#
1(
#80214
1"
1)
#80220
0"
0)
0#
0(
#80226
1"
1)
#80227
b1011 0
1#
1(
#80232
0"
0)
#80234
0#
0(
#80238
1"
1)
#80241
b1010 0
1#
1(
#80244
0"
0)
#80248
0#
0(
#80250
1"
1)
#80255
b1001 0
1#
1(
#80256
0"
0)
#80262
1"
1)
0#
0(
#80268
0"
0)
#80269
b1000 0
1#
1(
#80274
1"
1)
#80276
0#
0(
#80280
0"
0)
#80283
b111 0
1#
1(
#80286
1"
1)
#80290
0#
0(
#80292
0"
0)
#80297
b110 0
1#
1(
#80298
1"
1)
#80304
0"
0)
0#
0(
#80310
1"
1)
#80311
b101 0
1#
1(
#80316
0"
0)
#80318
0#
0(
#80322
1"
1)
#80325
b100 0
1#
1(
#80328
0"
0)
#80332
0#
0(
#80334
1"
1)
#80339
b11 0
1#
1(
#80340
0"
0)
#80346
1"
1)
0#
0(
#80352
0"
0)
#80353
b10 0
1#
1(
#80358
1"
1)
#80360
0#
0(
#80364
0"
0)
#80367
b1 0
1#
1(
#80370
1"
1)
#80374
0#
0(
#80376
0"
0)
#80381
b0 0
1#
1(
#80382
1"
1)
#80388
0"
0)
0#
0(
#80394
1"
1)
#80395
b10 2
b1111 0
1#
1(
#80400
0"
0)
#80402
0#
0(
#80406
1"
1)
#80409
b1 2
b10 /
b111110 ,
b111110 -
b111110 3
b111110 .
1#
1(
#80412
0"
0)
#80416
0#
0(
#80418
b111110 4
1"
1)
#80423
b111111 ,
b111111 -
b111111 3
b111111 .
b1110 0
1#
1(
#80424
0"
0)
#80430
b111111 4
1"
1)
0#
0(
#80436
0"
0)
#80437
b1101 0
1#
1(
#80442
1"
1)
#80444
0#
0(
#80448
0"
0)
#80451
b1100 0
1#
1(
#80454
1"
1)
#80458
0#
0(
#80460
0"
0)
#80465
b1011 0
1#
1(
#80466
1"
1)
#80472
0"
0)
0#
0(
#80478
1"
1)
#80479
b1010 0
1#
1(
#80484
0"
0)
#80486
0#
0(
#80490
1"
1)
#80493
b1001 0
1#
1(
#80496
0"
0)
#80500
0#
0(
#80502
1"
1)
#80507
b1000 0
1#
1(
#80508
0"
0)
#80514
1"
1)
0#
0(
#80520
0"
0)
#80521
b111 0
1#
1(
#80526
1"
1)
#80528
0#
0(
#80532
0"
0)
#80535
b110 0
1#
1(
#80538
1"
1)
#80542
0#
0(
#80544
0"
0)
#80549
b101 0
1#
1(
#80550
1"
1)
#80556
0"
0)
0#
0(
#80562
1"
1)
#80563
b100 0
1#
1(
#80568
0"
0)
#80570
0#
0(
#80574
1"
1)
#80577
b11 0
1#
1(
#80580
0"
0)
#80584
0#
0(
#80586
1"
1)
#80591
b10 0
1#
1(
#80592
0"
0)
#80598
1"
1)
0#
0(
#80604
0"
0)
#80605
b1 0
1#
1(
#80610
1"
1)
#80612
0#
0(
#80616
0"
0)
#80619
b0 0
1#
1(
#80622
1"
1)
#80626
0#
0(
#80628
0"
0)
#80633
b10 2
b1111 0
1#
1(
#80634
1"
1)
#80640
0"
0)
0#
0(
#80646
1"
1)
#80647
b1 2
b1 /
b1111110 ,
b1111110 -
b1111110 3
b1111110 .
1#
1(
#80652
0"
0)
#80654
0#
0(
#80658
b1111110 4
1"
1)
#80661
b1111111 ,
b1111111 -
b1111111 3
b1111111 .
b1110 0
1#
1(
#80664
0"
0)
#80668
0#
0(
#80670
b1111111 4
1"
1)
#80675
b1101 0
1#
1(
#80676
0"
0)
#80682
1"
1)
0#
0(
#80688
0"
0)
#80689
b1100 0
1#
1(
#80694
1"
1)
#80696
0#
0(
#80700
0"
0)
#80703
b1011 0
1#
1(
#80706
1"
1)
#80710
0#
0(
#80712
0"
0)
#80717
b1010 0
1#
1(
#80718
1"
1)
#80724
0"
0)
0#
0(
#80730
1"
1)
#80731
b1001 0
1#
1(
#80736
0"
0)
#80738
0#
0(
#80742
1"
1)
#80745
b1000 0
1#
1(
#80748
0"
0)
#80752
0#
0(
#80754
1"
1)
#80759
b111 0
1#
1(
#80760
0"
0)
#80766
1"
1)
0#
0(
#80772
0"
0)
#80773
b110 0
1#
1(
#80778
1"
1)
#80780
0#
0(
#80784
0"
0)
#80787
b101 0
1#
1(
#80790
1"
1)
#80794
0#
0(
#80796
0"
0)
#80801
b100 0
1#
1(
#80802
1"
1)
#80808
0"
0)
0#
0(
#80814
1"
1)
#80815
b11 0
1#
1(
#80820
0"
0)
#80822
0#
0(
#80826
1"
1)
#80829
b10 0
1#
1(
#80832
0"
0)
#80836
0#
0(
#80838
1"
1)
#80843
b1 0
1#
1(
#80844
0"
0)
#80850
1"
1)
0#
0(
#80856
0"
0)
#80857
b0 0
1#
1(
#80862
1"
1)
#80864
0#
0(
#80868
0"
0)
#80871
b10 2
b1111 0
1#
1(
#80874
1"
1)
#80878
0#
0(
#80880
0"
0)
#80885
b1 2
b0 /
b11111110 ,
b11111110 -
b11111110 3
b11111110 .
1#
1(
#80886
b11111110 4
1"
1)
#80892
0"
0)
0#
0(
#80898
1"
1)
#80899
b11111111 ,
b11111111 -
b11111111 3
b11111111 .
b1110 0
1#
1(
#80904
0"
0)
#80906
0#
0(
#80910
b11111111 4
1"
1)
#80913
b1101 0
1#
1(
#80916
0"
0)
#80920
0#
0(
#80922
1"
1)
#80927
b1100 0
1#
1(
#80928
0"
0)
#80934
1"
1)
0#
0(
#80940
0"
0)
#80941
b1011 0
1#
1(
#80946
1"
1)
#80948
0#
0(
#80952
0"
0)
#80955
b1010 0
1#
1(
#80958
1"
1)
#80962
0#
0(
#80964
0"
0)
#80969
b1001 0
1#
1(
#80970
1"
1)
#80976
0"
0)
0#
0(
#80982
1"
1)
#80983
b1000 0
1#
1(
#80988
0"
0)
#80990
0#
0(
#80994
1"
1)
#80997
b111 0
1#
1(
#81000
0"
0)
#81004
0#
0(
#81006
1"
1)
#81011
b110 0
1#
1(
#81012
0"
0)
#81018
1"
1)
0#
0(
#81024
0"
0)
#81025
b101 0
1#
1(
#81030
1"
1)
#81032
0#
0(
#81036
0"
0)
#81039
b100 0
1#
1(
#81042
1"
1)
#81046
0#
0(
#81048
0"
0)
#81053
b11 0
1#
1(
#81054
1"
1)
#81060
0"
0)
0#
0(
#81066
1"
1)
#81067
b10 0
1#
1(
#81072
0"
0)
#81074
0#
0(
#81078
1"
1)
#81081
b1 0
1#
1(
#81084
0"
0)
#81088
0#
0(
#81090
1"
1)
#81095
b0 0
1#
1(
#81096
0"
0)
#81102
1"
1)
0#
0(
#81108
0"
0)
#81109
b10 2
b1111 0
1#
1(
#81114
1"
1)
#81116
0#
0(
#81120
0"
0)
#81123
b11 2
b111 /
b11111110 ,
b11111110 -
b11111110 3
b11111110 .
1#
1(
#81126
b11111110 4
1"
1)
#81130
0#
0(
#81132
0"
0)
#81137
b100 2
1#
1(
#81138
1"
1)
#81144
0"
0)
0#
0(
#81150
1"
1)
#81151
0+
01
1#
1(
#81156
0"
0)
#81158
0#
0(
#81162
b1 7
1"
1)
#81165
1#
1(
#81168
0"
0)
#81172
0#
0(
#81174
b10 7
0!
08
0*
06
1"
1)
#81179
b0 2
1#
1(
#81180
0"
0)
b0 >
b0 ?
b11011000 <
1'
#81181
0'
#81186
b110 5
b11111100 4
1!
18
1"
1)
0#
0(
#81192
0"
0)
b1 >
b1 ?
1'
#81193
1+
11
1#
1(
0'
#81198
b101 5
b11111000 4
1"
1)
#81200
0#
0(
#81204
0"
0)
b10 >
b11 ?
1'
#81205
0'
#81207
1#
1(
#81210
b100 5
b11110000 4
1"
1)
#81214
0#
0(
#81216
0"
0)
b11 >
b111 ?
1'
#81217
0'
#81221
1#
1(
#81222
b11 5
b11100000 4
1"
1)
#81228
0"
0)
0#
0(
b100 >
b1111 ?
1'
#81229
0'
#81234
b10 5
b11000000 4
1"
1)
#81235
1#
1(
#81240
0"
0)
b101 >
b11111 ?
1'
#81241
0'
#81242
0#
0(
#81246
b1 5
b10000000 4
1"
1)
#81249
1#
1(
#81252
0"
0)
b110 >
b111111 ?
1'
#81253
0'
#81256
0#
0(
#81258
b0 5
b0 4
1"
1)
#81263
1#
1(
#81264
0"
0)
b111 >
b1111111 ?
1'
#81265
0'
#81270
b0 7
b111 5
0!
08
1"
1)
0#
0(
#81276
0"
0)
b1000 >
1'
#81277
1#
1(
0'
#81282
1!
18
b11111110 4
1*
16
1"
1)
#81284
0#
0(
#81288
0"
0)
b11100 =
1$
1'
#81289
0$
0'
#81291
1#
1(
#81294
1"
1)
#81298
0#
0(
#81300
0"
0)
#81305
1#
1(
#81306
1"
1)
#81312
0"
0)
0#
0(
#81318
1"
1)
#81319
1#
1(
#81324
0"
0)
#81326
0#
0(
#81330
1"
1)
#81333
1#
1(
#81336
0"
0)
#81340
0#
0(
#81342
1"
1)
#81347
1#
1(
#81348
0"
0)
#81354
1"
1)
0#
0(
#81360
0"
0)
#81361
1#
1(
#81366
1"
1)
#81368
0#
0(
#81372
0"
0)
#81375
1#
1(
#81378
1"
1)
#81382
0#
0(
#81384
0"
0)
#81389
1#
1(
#81390
1"
1)
#81396
0"
0)
0#
0(
#81402
1"
1)
#81403
1#
1(
#81408
0"
0)
#81410
0#
0(
#81414
1"
1)
#81417
1#
1(
#81420
0"
0)
#81424
0#
0(
#81426
1"
1)
#81431
1#
1(
#81432
0"
0)
#81438
1"
1)
0#
0(
#81444
0"
0)
#81445
1#
1(
#81450
1"
1)
#81452
0#
0(
#81456
0"
0)
#81459
1#
1(
#81462
1"
1)
#81466
0#
0(
#81468
0"
0)
#81473
1#
1(
#81474
1"
1)
#81480
0"
0)
0#
0(
#81486
1"
1)
#81487
1#
1(
#81492
0"
0)
#81494
0#
0(
#81498
1"
1)
#81501
1#
1(
#81504
0"
0)
#81508
0#
0(
#81510
1"
1)
#81515
1#
1(
#81516
0"
0)
#81522
1"
1)
0#
0(
#81528
0"
0)
#81529
1#
1(
#81534
1"
1)
#81536
0#
0(
#81540
0"
0)
#81543
1#
1(
#81546
1"
1)
#81550
0#
0(
#81552
0"
0)
#81557
1#
1(
#81558
1"
1)
#81564
0"
0)
0#
0(
#81570
1"
1)
#81571
1#
1(
#81576
0"
0)
#81578
0#
0(
#81582
1"
1)
#81585
1#
1(
#81588
0"
0)
#81592
0#
0(
#81594
1"
1)
#81599
1#
1(
#81600
0"
0)
#81606
1"
1)
0#
0(
#81612
0"
0)
#81613
1#
1(
#81618
1"
1)
#81620
0#
0(
#81624
0"
0)
#81627
1#
1(
#81630
1"
1)
#81634
0#
0(
#81636
0"
0)
#81641
1#
1(
#81642
1"
1)
#81648
0"
0)
0#
0(
#81654
1"
1)
#81655
1#
1(
#81660
0"
0)
#81662
0#
0(
#81666
1"
1)
#81669
1#
1(
#81672
0"
0)
#81676
0#
0(
#81678
1"
1)
#81683
1#
1(
#81684
0"
0)
#81690
1"
1)
0#
0(
#81696
0"
0)
#81697
1#
1(
#81702
1"
1)
#81704
0#
0(
#81708
0"
0)
#81711
1#
1(
#81714
1"
1)
#81718
0#
0(
#81720
0"
0)
#81725
1#
1(
#81726
1"
1)
#81732
0"
0)
0#
0(
#81738
1"
1)
#81739
1#
1(
#81744
0"
0)
#81746
0#
0(
#81750
1"
1)
#81753
1#
1(
#81756
0"
0)
#81760
0#
0(
#81762
1"
1)
#81767
1#
1(
#81768
0"
0)
#81774
1"
1)
0#
0(
#81776
0&
b0 ;
b100111111 9
b10010 :
#81780
0"
0)
#81781
b1 2
1#
1(
#81786
1"
1)
#81788
0#
0(
#81792
0"
0)
#81795
b1110 0
1#
1(
#81798
1"
1)
#81802
0#
0(
#81804
0"
0)
#81809
b1101 0
1#
1(
#81810
1"
1)
#81816
0"
0)
0#
0(
#81822
1"
1)
#81823
b1100 0
1#
1(
#81828
0"
0)
#81830
0#
0(
#81834
1"
1)
#81837
b1011 0
1#
1(
#81840
0"
0)
#81844
0#
0(
#81846
1"
1)
#81851
b1010 0
1#
1(
#81852
0"
0)
#81858
1"
1)
0#
0(
#81864
0"
0)
#81865
b1001 0
1#
1(
#81870
1"
1)
#81872
0#
0(
#81876
0"
0)
#81879
b1000 0
1#
1(
#81882
1"
1)
#81886
0#
0(
#81888
0"
0)
#81893
b111 0
1#
1(
#81894
1"
1)
#81900
0"
0)
0#
0(
#81906
1"
1)
#81907
b110 0
1#
1(
#81912
0"
0)
#81914
0#
0(
#81918
1"
1)
#81921
b101 0
1#
1(
#81924
0"
0)
#81928
0#
0(
#81930
1"
1)
#81935
b100 0
1#
1(
#81936
0"
0)
#81942
1"
1)
0#
0(
#81948
0"
0)
#81949
b11 0
1#
1(
#81954
1"
1)
#81956
0#
0(
#81960
0"
0)
#81963
b10 0
1#
1(
#81966
1"
1)
#81970
0#
0(
#81972
0"
0)
#81977
b1 0
1#
1(
#81978
1"
1)
#81984
0"
0)
0#
0(
#81990
1"
1)
#81991
b0 0
1#
1(
#81996
0"
0)
#81998
0#
0(
#82002
1"
1)
#82003
b10011111 9
1&
b1 ;
#82005
b10 2
b11111111 ,
b11111111 -
b11111111 3
b11111111 .
b1111 0
1#
1(
#82008
0"
0)
#82012
0#
0(
#82014
b11111111 4
1"
1)
#82019
b1 2
b110 /
b11111110 ,
b11111110 -
b11111110 3
b11111110 .
1#
1(
#82020
0"
0)
#82026
b11111110 4
1"
1)
0#
0(
#82032
0"
0)
#82033
b11111111 ,
b11111111 -
b11111111 3
b11111111 .
b1110 0
1#
1(
#82038
b11111111 4
1"
1)
#82040
0#
0(
#82044
0"
0)
#82047
b1101 0
1#
1(
#82050
1"
1)
#82054
0#
0(
#82056
0"
0)
#82061
b1100 0
1#
1(
#82062
1"
1)
#82068
0"
0)
0#
0(
#82074
1"
1)
#82075
b1011 0
1#
1(
#82080
0"
0)
#82082
0#
0(
#82086
1"
1)
#82089
b1010 0
1#
1(
#82092
0"
0)
#82096
0#
0(
#82098
1"
1)
#82103
b1001 0
1#
1(
#82104
0"
0)
#82110
1"
1)
0#
0(
#82116
0"
0)
#82117
b1000 0
1#
1(
#82122
1"
1)
#82124
0#
0(
#82128
0"
0)
#82131
b111 0
1#
1(
#82134
1"
1)
#82138
0#
0(
#82140
0"
0)
#82145
b110 0
1#
1(
#82146
1"
1)
#82152
0"
0)
0#
0(
#82158
1"
1)
#82159
b101 0
1#
1(
#82164
0"
0)
#82166
0#
0(
#82170
1"
1)
#82173
b100 0
1#
1(
#82176
0"
0)
#82180
0#
0(
#82182
1"
1)
#82187
b11 0
1#
1(
#82188
0"
0)
#82194
1"
1)
0#
0(
#82200
0"
0)
#82201
b10 0
1#
1(
#82206
1"
1)
#82208
0#
0(
#82212
0"
0)
#82215
b1 0
1#
1(
#82218
1"
1)
#82222
0#
0(
#82224
0"
0)
#82229
b0 0
1#
1(
#82230
1"
1)
b1001111 9
b10 ;
#82236
0"
0)
0#
0(
#82242
1"
1)
#82243
b10 2
b1111 0
1#
1(
#82248
0"
0)
#82250
0#
0(
#82254
1"
1)
#82257
b1 2
b101 /
b11111110 ,
b11111110 -
b11111110 3
b11111110 .
1#
1(
#82260
0"
0)
#82264
0#
0(
#82266
b11111110 4
1"
1)
#82271
b11111111 ,
b11111111 -
b11111111 3
b11111111 .
b1110 0
1#
1(
#82272
0"
0)
#82278
b11111111 4
1"
1)
0#
0(
#82284
0"
0)
#82285
b1101 0
1#
1(
#82290
1"
1)
#82292
0#
0(
#82296
0"
0)
#82299
b1100 0
1#
1(
#82302
1"
1)
#82306
0#
0(
#82308
0"
0)
#82313
b1011 0
1#
1(
#82314
1"
1)
#82320
0"
0)
0#
0(
#82326
1"
1)
#82327
b1010 0
1#
1(
#82332
0"
0)
#82334
0#
0(
#82338
1"
1)
#82341
b1001 0
1#
1(
#82344
0"
0)
#82348
0#
0(
#82350
1"
1)
#82355
b1000 0
1#
1(
#82356
0"
0)
#82362
1"
1)
0#
0(
#82368
0"
0)
#82369
b111 0
1#
1(
#82374
1"
1)
#82376
0#
0(
#82380
0"
0)
#82383
b110 0
1#
1(
#82386
1"
1)
#82390
0#
0(
#82392
0"
0)
#82397
b101 0
1#
1(
#82398
1"
1)
#82404
0"
0)
0#
0(
#82410
1"
1)
#82411
b100 0
1#
1(
#82416
0"
0)
#82418
0#
0(
#82422
1"
1)
#82425
b11 0
1#
1(
#82428
0"
0)
#82432
0#
0(
#82434
1"
1)
#82439
b10 0
1#
1(
#82440
0"
0)
#82446
1"
1)
0#
0(
#82452
0"
0)
#82453
b1 0
1#
1(
#82457
b100111 9
b11 ;
#82458
1"
1)
#82460
0#
0(
#82464
0"
0)
#82467
b0 0
1#
1(
#82470
1"
1)
#82474
0#
0(
#82476
0"
0)
#82481
b10 2
b1111 0
1#
1(
#82482
1"
1)
#82488
0"
0)
0#
0(
#82494
1"
1)
#82495
b1 2
b100 /
b11111110 ,
b11111110 -
b11111110 3
b11111110 .
1#
1(
#82500
0"
0)
#82502
0#
0(
#82506
b11111110 4
1"
1)
#82509
b11111111 ,
b11111111 -
b11111111 3
b11111111 .
b1110 0
1#
1(
#82512
0"
0)
#82516
0#
0(
#82518
b11111111 4
1"
1)
#82523
b1101 0
1#
1(
#82524
0"
0)
#82530
1"
1)
0#
0(
#82536
0"
0)
#82537
b1100 0
1#
1(
#82542
1"
1)
#82544
0#
0(
#82548
0"
0)
#82551
b1011 0
1#
1(
#82554
1"
1)
#82558
0#
0(
#82560
0"
0)
#82565
b1010 0
1#
1(
#82566
1"
1)
#82572
0"
0)
0#
0(
#82578
1"
1)
#82579
b1001 0
1#
1(
#82584
0"
0)
#82586
0#
0(
#82590
1"
1)
#82593
b1000 0
1#
1(
#82596
0"
0)
#82600
0#
0(
#82602
1"
1)
#82607
b111 0
1#
1(
#82608
0"
0)
#82614
1"
1)
0#
0(
#82620
0"
0)
#82621
b110 0
1#
1(
#82626
1"
1)
#82628
0#
0(
#82632
0"
0)
#82635
b101 0
1#
1(
#82638
1"
1)
#82642
0#
0(
#82644
0"
0)
#82649
b100 0
1#
1(
#82650
1"
1)
#82656
0"
0)
0#
0(
#82662
1"
1)
#82663
b11 0
1#
1(
#82668
0"
0)
#82670
0#
0(
#82674
1"
1)
#82677
b10 0
1#
1(
#82680
0"
0)
#82684
0#
0(
b10011 9
b100 ;
#82686
1"
1)
#82691
b1 0
1#
1(
#82692
0"
0)
#82698
1"
1)
0#
0(
#82704
0"
0)
#82705
b0 0
1#
1(
#82710
1"
1)
#82712
0#
0(
#82716
0"
0)
#82719
b10 2
b1111 0
1#
1(
#82722
1"
1)
#82726
0#
0(
#82728
0"
0)
#82733
b1 2
b11 /
b11111110 ,
b11111110 -
b11111110 3
b11111110 .
1#
1(
#82734
b11111110 4
1"
1)
#82740
0"
0)
0#
0(
#82746
1"
1)
#82747
b11111111 ,
b11111111 -
b11111111 3
b11111111 .
b1110 0
1#
1(
#82752
0"
0)
#82754
0#
0(
#82758
b11111111 4
1"
1)
#82761
b1101 0
1#
1(
#82764
0"
0)
#82768
0#
0(
#82770
1"
1)
#82775
b1100 0
1#
1(
#82776
0"
0)
#82782
1"
1)
0#
0(
#82788
0"
0)
#82789
b1011 0
1#
1(
#82794
1"
1)
#82796
0#
0(
#82800
0"
0)
#82803
b1010 0
1#
1(
#82806
1"
1)
#82810
0#
0(
#82812
0"
0)
#82817
b1001 0
1#
1(
#82818
1"
1)
#82824
0"
0)
0#
0(
#82830
1"
1)
#82831
b1000 0
1#
1(
#82836
0"
0)
#82838
0#
0(
#82842
1"
1)
#82845
b111 0
1#
1(
#82848
0"
0)
#82852
0#
0(
#82854
1"
1)
#82859
b110 0
1#
1(
#82860
0"
0)
#82866
1"
1)
0#
0(
#82872
0"
0)
#82873
b101 0
1#
1(
#82878
1"
1)
#82880
0#
0(
#82884
0"
0)
#82887
b100 0
1#
1(
#82890
1"
1)
#82894
0#
0(
#82896
0"
0)
#82901
b11 0
1#
1(
#82902
1"
1)
#82908
0"
0)
0#
0(
#82911
b1001 9
b101 ;
#82914
1"
1)
#82915
b10 0
1#
1(
#82920
0"
0)
#82922
0#
0(
#82926
1"
1)
#82929
b1 0
1#
1(
#82932
0"
0)
#82936
0#
0(
#82938
1"
1)
#82943
b0 0
1#
1(
#82944
0"
0)
#82950
1"
1)
0#
0(
#82956
0"
0)
#82957
b10 2
b1111 0
1#
1(
#82962
1"
1)
#82964
0#
0(
#82968
0"
0)
#82971
b1 2
b10 /
b11111110 ,
b11111110 -
b11111110 3
b11111110 .
1#
1(
#82974
b11111110 4
1"
1)
#82978
0#
0(
#82980
0"
0)
#82985
b11111111 ,
b11111111 -
b11111111 3
b11111111 .
b1110 0
1#
1(
#82986
b11111111 4
1"
1)
#82992
0"
0)
0#
0(
#82998
1"
1)
#82999
b1101 0
1#
1(
#83004
0"
0)
#83006
0#
0(
#83010
1"
1)
#83013
b1100 0
1#
1(
#83016
0"
0)
#83020
0#
0(
#83022
1"
1)
#83027
b1011 0
1#
1(
#83028
0"
0)
#83034
1"
1)
0#
0(
#83040
0"
0)
#83041
b1010 0
1#
1(
#83046
1"
1)
#83048
0#
0(
#83052
0"
0)
#83055
b1001 0
1#
1(
#83058
1"
1)
#83062
0#
0(
#83064
0"
0)
#83069
b1000 0
1#
1(
#83070
1"
1)
#83076
0"
0)
0#
0(
#83082
1"
1)
#83083
b111 0
1#
1(
#83088
0"
0)
#83090
0#
0(
#83094
1"
1)
#83097
b110 0
1#
1(
#83100
0"
0)
#83104
0#
0(
#83106
1"
1)
#83111
b101 0
1#
1(
#83112
0"
0)
#83118
1"
1)
0#
0(
#83124
0"
0)
#83125
b100 0
1#
1(
#83130
1"
1)
#83132
0#
0(
#83136
0"
0)
#83138
b100 9
b110 ;
#83139
b11 0
1#
1(
#83142
1"
1)
#83146
0#
0(
#83148
0"
0)
#83153
b10 0
1#
1(
#83154
1"
1)
#83160
0"
0)
0#
0(
#83166
1"
1)
#83167
b1 0
1#
1(
#83172
0"
0)
#83174
0#
0(
#83178
1"
1)
#83181
b0 0
1#
1(
#83184
0"
0)
#83188
0#
0(
#83190
1"
1)
#83195
b10 2
b1111 0
1#
1(
#83196
0"
0)
#83202
1"
1)
0#
0(
#83208
0"
0)
#83209
b1 2
b1 /
b11111110 ,
b11111110 -
b11111110 3
b11111110 .
1#
1(
#83214
b11111110 4
1"
1)
#83216
0#
0(
#83220
0"
0)
#83223
b11111111 ,
b11111111 -
b11111111 3
b11111111 .
b1110 0
1#
1(
#83226
b11111111 4
1"
1)
#83230
0#
0(
#83232
0"
0)
#83237
b1101 0
1#
1(
#83238
1"
1)
#83244
0"
0)
0#
0(
#83250
1"
1)
#83251
b1100 0
1#
1(
#83256
0"
0)
#83258
0#
0(
#83262
1"
1)
#83265
b1011 0
1#
1(
#83268
0"
0)
#83272
0#
0(
#83274
1"
1)
#83279
b1010 0
1#
1(
#83280
0"
0)
#83286
1"
1)
0#
0(
#83292
0"
0)
#83293
b1001 0
1#
1(
#83298
1"
1)
#83300
0#
0(
#83304
0"
0)
#83307
b1000 0
1#
1(
#83310
1"
1)
#83314
0#
0(
#83316
0"
0)
#83321
b111 0
1#
1(
#83322
1"
1)
#83328
0"
0)
0#
0(
#83334
1"
1)
#83335
b110 0
1#
1(
#83340
0"
0)
#83342
0#
0(
#83346
1"
1)
#83349
b101 0
1#
1(
#83352
0"
0)
#83356
0#
0(
#83358
1"
1)
#83363
b100 0
1#
1(
#83364
0"
0)
#83365
b10 9
0&
b111 ;
#83370
1"
1)
0#
0(
#83376
0"
0)
#83377
b11111110 ,
b11111110 -
b11111110 3
b11111110 .
b11 0
1#
1(
#83382
b11111110 4
1"
1)
#83384
0#
0(
#83388
0"
0)
#83391
b10 0
1#
1(
#83394
1"
1)
#83398
0#
0(
#83400
0"
0)
#83405
b1 0
1#
1(
#83406
1"
1)
#83412
0"
0)
0#
0(
#83418
1"
1)
#83419
b0 0
1#
1(
#83424
0"
0)
#83426
0#
0(
#83430
1"
1)
#83433
b10 2
b1111 0
1#
1(
#83436
0"
0)
#83440
0#
0(
#83442
1"
1)
#83447
b1 2
b0 /
b11111100 ,
b11111100 -
b11111100 3
b11111100 .
1#
1(
#83448
0"
0)
#83454
b11111100 4
1"
1)
0#
0(
#83460
0"
0)
#83461
b1110 0
1#
1(
#83466
1"
1)
#83468
0#
0(
#83472
0"
0)
#83475
b1101 0
1#
1(
#83478
1"
1)
#83482
0#
0(
#83484
0"
0)
#83489
b1100 0
1#
1(
#83490
1"
1)
#83496
0"
0)
0#
0(
#83502
1"
1)
#83503
b1011 0
1#
1(
#83508
0"
0)
#83510
0#
0(
#83514
1"
1)
#83517
b1010 0
1#
1(
#83520
0"
0)
#83524
0#
0(
#83526
1"
1)
#83531
b1001 0
1#
1(
#83532
0"
0)
#83538
1"
1)
0#
0(
#83544
0"
0)
#83545
b1000 0
1#
1(
#83550
1"
1)
#83552
0#
0(
#83556
0"
0)
#83559
b111 0
1#
1(
#83562
1"
1)
#83566
0#
0(
#83568
0"
0)
#83573
b110 0
1#
1(
#83574
1"
1)
#83580
0"
0)
0#
0(
#83586
1"
1)
#83587
b101 0
1#
1(
#83592
0"
0)
b1 9
b1000 ;
#83594
0#
0(
#83598
1"
1)
#83601
b100 0
1#
1(
#83604
0"
0)
#83608
0#
0(
#83610
1"
1)
#83615
b11 0
1#
1(
#83616
0"
0)
#83622
1"
1)
0#
0(
#83628
0"
0)
#83629
b10 0
1#
1(
#83634
1"
1)
#83636
0#
0(
#83640
0"
0)
#83643
b1 0
1#
1(
#83646
1"
1)
#83650
0#
0(
#83652
0"
0)
#83657
b0 0
1#
1(
#83658
1"
1)
#83664
0"
0)
0#
0(
#83670
1"
1)
#83671
b10 2
b1111 0
1#
1(
#83676
0"
0)
#83678
0#
0(
#83682
1"
1)
#83685
b11 2
b111 /
b11111000 ,
b11111000 -
b11111000 3
b11111000 .
1#
1(
#83688
0"
0)
#83692
0#
0(
#83694
b11111000 4
1"
1)
#83699
b100 2
1#
1(
#83700
0"
0)
#83706
1"
1)
0#
0(
#83712
0"
0)
#83713
0+
01
1#
1(
#83718
b1 7
1"
1)
#83720
0#
0(
#83724
0"
0)
#83727
1#
1(
#83730
b10 7
0!
08
0*
06
1"
1)
#83734
0#
0(
#83736
0"
0)
b0 >
b0 ?
b11101001 <
1'
#83737
0'
#83741
b0 2
1#
1(
#83742
b110 5
b11110000 4
1!
18
1"
1)
#83748
0"
0)
0#
0(
b1 >
b1 ?
1'
#83749
0'
#83754
b101 5
b11100000 4
1"
1)
#83755
b1 2
1+
11
1#
1(
#83760
0"
0)
b10 >
b11 ?
1'
#83761
0'
#83762
0#
0(
#83766
b100 5
b11000000 4
1"
1)
#83769
b1110 0
1#
1(
#83772
0"
0)
b11 >
b111 ?
1'
#83773
0'
#83776
0#
0(
#83778
b11 5
b10000000 4
1"
1)
#83783
b1101 0
1#
1(
#83784
0"
0)
b100 >
b1111 ?
1'
#83785
0'
#83790
b10 5
b0 4
1"
1)
0#
0(
#83796
0"
0)
b101 >
b11111 ?
1'
#83797
b1100 0
1#
1(
0'
#83802
b1 5
0!
08
1"
1)
#83804
0#
0(
#83808
0"
0)
b110 >
1'
#83809
0'
#83811
b1011 0
1#
1(
#83814
b0 5
1"
1)
#83818
0#
0(
#83819
b0 9
1&
b1001 ;
#83820
0"
0)
b111 >
1'
#83821
0'
#83825
b11111001 ,
b11111001 -
b11111001 3
b11111001 .
b1010 0
1#
1(
#83826
b0 7
b111 5
1"
1)
#83832
0"
0)
0#
0(
b1000 >
1'
#83833
0'
#83838
1!
18
b11111001 4
1*
16
1"
1)
#83839
b1001 0
1#
1(
#83844
0"
0)
b11101 =
1$
1'
#83845
0$
0'
#83846
0#
0(
#83850
1"
1)
#83853
b1000 0
1#
1(
#83856
0"
0)
#83860
0#
0(
#83862
1"
1)
#83867
b111 0
1#
1(
#83868
0"
0)
#83874
1"
1)
0#
0(
#83880
0"
0)
#83881
b110 0
1#
1(
#83886
1"
1)
#83888
0#
0(
#83892
0"
0)
#83895
b101 0
1#
1(
#83898
1"
1)
#83902
0#
0(
#83904
0"
0)
#83909
b100 0
1#
1(
#83910
1"
1)
#83916
0"
0)
0#
0(
#83922
1"
1)
#83923
b11 0
1#
1(
#83928
0"
0)
#83930
0#
0(
#83934
1"
1)
#83937
b10 0
1#
1(
#83940
0"
0)
#83944
0#
0(
#83946
1"
1)
#83951
b1 0
1#
1(
#83952
0"
0)
#83958
1"
1)
0#
0(
#83964
0"
0)
#83965
b0 0
1#
1(
#83970
1"
1)
#83972
0#
0(
#83976
0"
0)
#83979
b10 2
b1111 0
1#
1(
#83982
1"
1)
#83986
0#
0(
#83988
0"
0)
#83993
b1 2
b110 /
b11110010 ,
b11110010 -
b11110010 3
b11110010 .
1#
1(
#83994
b11110010 4
1"
1)
#84000
0"
0)
0#
0(
#84006
1"
1)
#84007
b11110011 ,
b11110011 -
b11110011 3
b11110011 .
b1110 0
1#
1(
#84012
0"
0)
#84014
0#
0(
#84018
b11110011 4
1"
1)
#84021
b1101 0
1#
1(
#84024
0"
0)
#84028
0#
0(
#84030
1"
1)
#84035
b1100 0
1#
1(
#84036
0"
0)
#84042
1"
1)
0#
0(
#84046
b1010 ;
#84048
0"
0)
#84049
b1011 0
1#
1(
#84054
1"
1)
#84056
0#
0(
#84060
0"
0)
#84063
b1010 0
1#
1(
#84066
1"
1)
#84070
0#
0(
#84072
0"
0)
#84077
b1001 0
1#
1(
#84078
1"
1)
#84084
0"
0)
0#
0(
#84090
1"
1)
#84091
b1000 0
1#
1(
#84096
0"
0)
#84098
0#
0(
#84102
1"
1)
#84105
b111 0
1#
1(
#84108
0"
0)
#84112
0#
0(
#84114
1"
1)
#84119
b110 0
1#
1(
#84120
0"
0)
#84126
1"
1)
0#
0(
#84132
0"
0)
#84133
b101 0
1#
1(
#84138
1"
1)
#84140
0#
0(
#84144
0"
0)
#84147
b100 0
1#
1(
#84150
1"
1)
#84154
0#
0(
#84156
0"
0)
#84161
b11 0
1#
1(
#84162
1"
1)
#84168
0"
0)
0#
0(
#84174
1"
1)
#84175
b10 0
1#
1(
#84180
0"
0)
#84182
0#
0(
#84186
1"
1)
#84189
b1 0
1#
1(
#84192
0"
0)
#84196
0#
0(
#84198
1"
1)
#84203
b0 0
1#
1(
#84204
0"
0)
#84210
1"
1)
0#
0(
#84216
0"
0)
#84217
b10 2
b1111 0
1#
1(
#84222
1"
1)
#84224
0#
0(
#84228
0"
0)
#84231
b1 2
b101 /
b11100110 ,
b11100110 -
b11100110 3
b11100110 .
1#
1(
#84234
b11100110 4
1"
1)
#84238
0#
0(
#84240
0"
0)
#84245
b11100111 ,
b11100111 -
b11100111 3
b11100111 .
b1110 0
1#
1(
#84246
b11100111 4
1"
1)
#84252
0"
0)
0#
0(
#84258
1"
1)
#84259
b1101 0
1#
1(
#84264
0"
0)
#84266
0#
0(
#84270
1"
1)
#84273
b1100 0
1#
1(
#84276
0"
0)
#84280
0#
0(
#84282
1"
1)
#84287
b1011 0
1#
1(
#84288
0"
0)
#84294
1"
1)
0#
0(
#84300
0"
0)
#84301
b1010 0
1#
1(
#84306
1"
1)
#84308
0#
0(
#84312
0"
0)
#84315
b1001 0
1#
1(
#84318
1"
1)
#84322
0#
0(
#84324
0"
0)
#84329
b1000 0
1#
1(
#84330
1"
1)
#84336
0"
0)
0#
0(
#84342
1"
1)
#84343
b111 0
1#
1(
#84348
0"
0)
#84350
0#
0(
#84354
1"
1)
#84357
b110 0
1#
1(
#84360
0"
0)
#84364
0#
0(
#84366
1"
1)
#84371
b101 0
1#
1(
#84372
0"
0)
#84378
1"
1)
0#
0(
#84384
0"
0)
#84385
b100 0
1#
1(
#84390
1"
1)
#84392
0#
0(
#84396
0"
0)
#84399
b11 0
1#
1(
#84402
1"
1)
#84406
0#
0(
#84408
0"
0)
#84413
b10 0
1#
1(
#84414
1"
1)
#84420
0"
0)
0#
0(
#84426
1"
1)
#84427
b1 0
1#
1(
#84432
0"
0)
#84434
0#
0(
#84438
1"
1)
#84441
b0 0
1#
1(
#84444
0"
0)
#84448
0#
0(
#84450
1"
1)
#84455
b10 2
b1111 0
1#
1(
#84456
0"
0)
#84462
1"
1)
0#
0(
#84468
0"
0)
#84469
b1 2
b100 /
b11001110 ,
b11001110 -
b11001110 3
b11001110 .
1#
1(
#84474
b11001110 4
1"
1)
#84476
0#
0(
#84480
0"
0)
#84483
b11001111 ,
b11001111 -
b11001111 3
b11001111 .
b1110 0
1#
1(
#84486
b11001111 4
1"
1)
#84490
0#
0(
#84492
0"
0)
#84497
b1101 0
1#
1(
#84498
1"
1)
#84504
0"
0)
0#
0(
#84510
1"
1)
#84511
b1100 0
1#
1(
#84516
0"
0)
#84518
0#
0(
#84522
1"
1)
#84525
b1011 0
1#
1(
#84528
0"
0)
#84532
0#
0(
#84534
1"
1)
#84539
b1010 0
1#
1(
#84540
0"
0)
#84546
1"
1)
0#
0(
#84552
0"
0)
#84553
b1001 0
1#
1(
#84558
1"
1)
#84560
0#
0(
#84564
0"
0)
#84567
b1000 0
1#
1(
#84570
1"
1)
#84574
0#
0(
#84576
0"
0)
#84581
b111 0
1#
1(
#84582
1"
1)
#84588
0"
0)
0#
0(
#84594
1"
1)
#84595
b110 0
1#
1(
#84600
0"
0)
#84602
0#
0(
#84606
1"
1)
#84609
b101 0
1#
1(
#84612
0"
0)
#84616
0#
0(
#84618
1"
1)
#84623
b100 0
1#
1(
#84624
0"
0)
#84630
1"
1)
0#
0(
#84636
0"
0)
#84637
b11 0
1#
1(
#84642
1"
1)
#84644
0#
0(
#84648
0"
0)
#84651
b10 0
1#
1(
#84654
1"
1)
#84658
0#
0(
#84660
0"
0)
#84665
b1 0
1#
1(
#84666
1"
1)
#84672
0"
0)
0#
0(
#84678
1"
1)
#84679
b0 0
1#
1(
#84684
0"
0)
#84686
0#
0(
#84690
1"
1)
#84693
b10 2
b1111 0
1#
1(
#84696
0"
0)
#84700
0#
0(
#84702
1"
1)
#84707
b1 2
b11 /
b10011110 ,
b10011110 -
b10011110 3
b10011110 .
1#
1(
#84708
0"
0)
#84714
b10011110 4
1"
1)
0#
0(
#84720
0"
0)
#84721
b10011111 ,
b10011111 -
b10011111 3
b10011111 .
b1110 0
1#
1(
#84726
b10011111 4
1"
1)
#84728
0#
0(
#84732
0"
0)
#84735
b1101 0
1#
1(
#84738
1"
1)
#84742
0#
0(
#84744
0"
0)
#84749
b1100 0
1#
1(
#84750
1"
1)
#84756
0"
0)
0#
0(
#84762
1"
1)
#84763
b1011 0
1#
1(
#84768
0"
0)
#84770
0#
0(
#84774
1"
1)
#84777
b1010 0
1#
1(
#84780
0"
0)
#84784
0#
0(
#84786
1"
1)
#84791
b1001 0
1#
1(
#84792
0"
0)
#84798
1"
1)
0#
0(
#84804
0"
0)
#84805
b1000 0
1#
1(
#84810
1"
1)
#84812
0#
0(
#84816
0"
0)
#84819
b111 0
1#
1(
#84822
1"
1)
#84826
0#
0(
#84828
0"
0)
#84833
b110 0
1#
1(
#84834
1"
1)
#84840
0"
0)
0#
0(
#84846
1"
1)
#84847
b101 0
1#
1(
#84852
0"
0)
#84854
0#
0(
#84858
1"
1)
#84861
b100 0
1#
1(
#84864
0"
0)
#84868
0#
0(
#84870
1"
1)
#84875
b11 0
1#
1(
#84876
0"
0)
#84882
1"
1)
0#
0(
#84888
0"
0)
#84889
b10 0
1#
1(
#84894
1"
1)
#84896
0#
0(
#84900
0"
0)
#84903
b1 0
1#
1(
#84906
1"
1)
#84910
0#
0(
#84912
0"
0)
#84917
b0 0
1#
1(
#84918
1"
1)
#84924
0"
0)
0#
0(
#84930
1"
1)
#84931
b10 2
b1111 0
1#
1(
#84936
0"
0)
#84938
0#
0(
#84942
1"
1)
#84945
b1 2
b10 /
b111110 ,
b111110 -
b111110 3
b111110 .
1#
1(
#84948
0"
0)
#84952
0#
0(
#84954
b111110 4
1"
1)
#84959
b111111 ,
b111111 -
b111111 3
b111111 .
b1110 0
1#
1(
#84960
0"
0)
#84966
b111111 4
1"
1)
0#
0(
#84972
0"
0)
#84973
b1101 0
1#
1(
#84978
1"
1)
#84980
0#
0(
#84984
0"
0)
#84987
b1100 0
1#
1(
#84990
1"
1)
#84994
0#
0(
#84996
0"
0)
#85001
b1011 0
1#
1(
#85002
1"
1)
#85008
0"
0)
0#
0(
#85014
1"
1)
#85015
b1010 0
1#
1(
#85020
0"
0)
#85022
0#
0(
#85026
1"
1)
#85029
b1001 0
1#
1(
#85032
0"
0)
#85036
0#
0(
#85038
1"
1)
#85043
b1000 0
1#
1(
#85044
0"
0)
#85050
1"
1)
0#
0(
#85056
0"
0)
#85057
b111 0
1#
1(
#85062
1"
1)
#85064
0#
0(
#85068
0"
0)
#85071
b110 0
1#
1(
#85074
1"
1)
#85078
0#
0(
#85080
0"
0)
#85085
b101 0
1#
1(
#85086
1"
1)
#85092
0"
0)
0#
0(
#85098
1"
1)
#85099
b100 0
1#
1(
#85104
0"
0)
#85106
0#
0(
#85110
1"
1)
#85113
b11 0
1#
1(
#85116
0"
0)
#85120
0#
0(
#85122
1"
1)
#85127
b10 0
1#
1(
#85128
0"
0)
#85134
1"
1)
0#
0(
#85140
0"
0)
#85141
b1 0
1#
1(
#85146
1"
1)
#85148
0#
0(
#85152
0"
0)
#85155
b0 0
1#
1(
#85158
1"
1)
#85162
0#
0(
#85164
0"
0)
#85169
b10 2
b1111 0
1#
1(
#85170
1"
1)
#85176
0"
0)
0#
0(
#85182
1"
1)
#85183
b1 2
b1 /
b1111110 ,
b1111110 -
b1111110 3
b1111110 .
1#
1(
#85188
0"
0)
#85190
0#
0(
#85194
b1111110 4
1"
1)
#85197
b1111111 ,
b1111111 -
b1111111 3
b1111111 .
b1110 0
1#
1(
#85200
0"
0)
#85204
0#
0(
#85206
b1111111 4
1"
1)
#85211
b1101 0
1#
1(
#85212
0"
0)
#85218
1"
1)
0#
0(
#85224
0"
0)
#85225
b1100 0
1#
1(
#85230
1"
1)
#85232
0#
0(
#85236
0"
0)
#85239
b1011 0
1#
1(
#85242
1"
1)
#85246
0#
0(
#85248
0"
0)
#85253
b1010 0
1#
1(
#85254
1"
1)
#85260
0"
0)
0#
0(
#85266
1"
1)
#85267
b1001 0
1#
1(
#85272
0"
0)
#85274
0#
0(
#85278
1"
1)
#85281
b1000 0
1#
1(
#85284
0"
0)
#85288
0#
0(
#85290
1"
1)
#85295
b111 0
1#
1(
#85296
0"
0)
#85302
1"
1)
0#
0(
#85308
0"
0)
#85309
b110 0
1#
1(
#85314
1"
1)
#85316
0#
0(
#85320
0"
0)
#85323
b101 0
1#
1(
#85326
1"
1)
#85330
0#
0(
#85332
0"
0)
#85337
b100 0
1#
1(
#85338
1"
1)
#85344
0"
0)
0#
0(
#85350
1"
1)
#85351
b11 0
1#
1(
#85356
0"
0)
#85358
0#
0(
#85362
1"
1)
#85365
b10 0
1#
1(
#85368
0"
0)
#85372
0#
0(
#85374
1"
1)
#85379
b1 0
1#
1(
#85380
0"
0)
#85386
1"
1)
0#
0(
#85392
0"
0)
#85393
b0 0
1#
1(
#85398
1"
1)
#85400
0#
0(
#85404
0"
0)
#85407
b10 2
b1111 0
1#
1(
#85410
1"
1)
#85414
0#
0(
#85416
0"
0)
#85421
b1 2
b0 /
b11111110 ,
b11111110 -
b11111110 3
b11111110 .
1#
1(
#85422
b11111110 4
1"
1)
#85428
0"
0)
0#
0(
#85434
1"
1)
#85435
b11111111 ,
b11111111 -
b11111111 3
b11111111 .
b1110 0
1#
1(
#85440
0"
0)
#85442
0#
0(
#85446
b11111111 4
1"
1)
#85449
b1101 0
1#
1(
#85452
0"
0)
#85456
0#
0(
#85458
1"
1)
#85463
b1100 0
1#
1(
#85464
0"
0)
#85470
1"
1)
0#
0(
#85476
0"
0)
#85477
b1011 0
1#
1(
#85482
1"
1)
#85484
0#
0(
#85488
0"
0)
#85491
b1010 0
1#
1(
#85494
1"
1)
#85498
0#
0(
#85500
0"
0)
#85505
b1001 0
1#
1(
#85506
1"
1)
#85512
0"
0)
0#
0(
#85518
1"
1)
#85519
b1000 0
1#
1(
#85524
0"
0)
#85526
0#
0(
#85530
1"
1)
#85533
b111 0
1#
1(
#85536
0"
0)
#85540
0#
0(
#85542
1"
1)
#85547
b110 0
1#
1(
#85548
0"
0)
#85554
1"
1)
0#
0(
#85560
0"
0)
#85561
b101 0
1#
1(
#85566
1"
1)
#85568
0#
0(
#85572
0"
0)
#85575
b100 0
1#
1(
#85578
1"
1)
#85582
0#
0(
#85584
0"
0)
#85589
b11 0
1#
1(
#85590
1"
1)
#85596
0"
0)
0#
0(
#85602
1"
1)
#85603
b10 0
1#
1(
#85608
0"
0)
#85610
0#
0(
#85614
1"
1)
#85617
b1 0
1#
1(
#85620
0"
0)
#85624
0#
0(
#85626
1"
1)
#85631
b0 0
1#
1(
#85632
0"
0)
#85638
1"
1)
0#
0(
#85644
0"
0)
#85645
b10 2
b1111 0
1#
1(
#85650
1"
1)
#85652
0#
0(
#85656
0"
0)
#85659
b11 2
b111 /
b11111110 ,
b11111110 -
b11111110 3
b11111110 .
1#
1(
#85662
b11111110 4
1"
1)
#85666
0#
0(
#85668
0"
0)
#85673
b100 2
1#
1(
#85674
1"
1)
#85680
0"
0)
0#
0(
#85686
1"
1)
#85687
0+
01
1#
1(
#85692
0"
0)
#85694
0#
0(
#85698
b1 7
1"
1)
#85701
1#
1(
#85704
0"
0)
#85708
0#
0(
#85710
b10 7
0!
08
0*
06
1"
1)
#85715
b0 2
1#
1(
#85716
0"
0)
b0 >
b0 ?
b11111010 <
1'
#85717
0'
#85722
b110 5
b11111100 4
1!
18
1"
1)
0#
0(
#85728
0"
0)
b1 >
b1 ?
1'
#85729
1+
11
1#
1(
0'
#85734
b101 5
b11111000 4
1"
1)
#85736
0#
0(
#85740
0"
0)
b10 >
b11 ?
1'
#85741
0'
#85743
1#
1(
#85746
b100 5
b11110000 4
1"
1)
#85750
0#
0(
#85752
0"
0)
b11 >
b111 ?
1'
#85753
0'
#85757
1#
1(
#85758
b11 5
b11100000 4
1"
1)
#85764
0"
0)
0#
0(
b100 >
b1111 ?
1'
#85765
0'
#85770
b10 5
b11000000 4
1"
1)
#85771
1#
1(
#85776
0"
0)
b101 >
b11111 ?
1'
#85777
0'
#85778
0#
0(
#85782
b1 5
b10000000 4
1"
1)
#85785
1#
1(
#85788
0"
0)
b110 >
b111111 ?
1'
#85789
0'
#85792
0#
0(
#85794
b0 5
b0 4
1"
1)
#85799
1#
1(
#85800
0"
0)
b111 >
b1111111 ?
1'
#85801
0'
#85806
b0 7
b111 5
0!
08
1"
1)
0#
0(
#85812
0"
0)
b1000 >
1'
#85813
1#
1(
0'
#85818
1!
18
b11111110 4
1*
16
1"
1)
#85820
0#
0(
#85824
0"
0)
b11110 =
1$
1'
#85825
0$
0'
#85827
1#
1(
#85830
1"
1)
#85834
0#
0(
#85836
0"
0)
#85841
1#
1(
#85842
1"
1)
#85848
0"
0)
0#
0(
#85854
1"
1)
#85855
1#
1(
#85860
0"
0)
#85862
0#
0(
#85866
1"
1)
#85869
1#
1(
#85872
0"
0)
#85876
0#
0(
#85878
1"
1)
#85883
1#
1(
#85884
0"
0)
#85890
1"
1)
0#
0(
#85896
0"
0)
#85897
1#
1(
#85902
1"
1)
#85904
0#
0(
#85908
0"
0)
#85911
1#
1(
#85914
1"
1)
#85918
0#
0(
#85920
0"
0)
#85925
1#
1(
#85926
1"
1)
#85932
0"
0)
0#
0(
#85938
1"
1)
#85939
1#
1(
#85944
0"
0)
#85946
0#
0(
#85950
1"
1)
#85953
1#
1(
#85956
0"
0)
#85960
0#
0(
#85962
1"
1)
#85967
1#
1(
#85968
0"
0)
#85974
1"
1)
0#
0(
#85980
0"
0)
#85981
1#
1(
#85986
1"
1)
#85988
0#
0(
#85992
0"
0)
#85995
1#
1(
#85998
1"
1)
#86002
0#
0(
#86004
0"
0)
#86009
1#
1(
#86010
1"
1)
#86016
0"
0)
0#
0(
#86022
1"
1)
#86023
1#
1(
#86028
0"
0)
#86030
0#
0(
#86034
1"
1)
#86037
1#
1(
#86040
0"
0)
#86044
0#
0(
#86046
1"
1)
#86051
1#
1(
#86052
0"
0)
#86058
1"
1)
0#
0(
#86064
0"
0)
#86065
1#
1(
#86070
1"
1)
#86072
0#
0(
#86076
0"
0)
#86079
1#
1(
#86082
1"
1)
#86086
0#
0(
#86088
0"
0)
#86093
1#
1(
#86094
1"
1)
#86100
0"
0)
0#
0(
#86106
1"
1)
#86107
1#
1(
#86112
0"
0)
#86114
0#
0(
#86118
1"
1)
#86121
1#
1(
#86124
0"
0)
#86128
0#
0(
#86130
1"
1)
#86135
1#
1(
#86136
0"
0)
#86142
1"
1)
0#
0(
#86148
0"
0)
#86149
1#
1(
#86154
1"
1)
#86156
0#
0(
#86160
0"
0)
#86163
1#
1(
#86166
1"
1)
#86170
0#
0(
#86172
0"
0)
#86177
1#
1(
#86178
1"
1)
#86184
0"
0)
0#
0(
#86190
1"
1)
#86191
1#
1(
#86196
0"
0)
#86198
0#
0(
#86202
1"
1)
#86205
1#
1(
#86208
0"
0)
#86212
0#
0(
#86214
1"
1)
#86219
1#
1(
#86220
0"
0)
#86226
1"
1)
0#
0(
#86232
0"
0)
#86233
1#
1(
#86238
1"
1)
#86240
0#
0(
#86244
0"
0)
#86247
1#
1(
#86250
1"
1)
#86254
0#
0(
#86256
0"
0)
#86261
1#
1(
#86262
1"
1)
#86268
0"
0)
0#
0(
#86274
1"
1)
#86275
1#
1(
#86280
0"
0)
#86282
0#
0(
#86286
1"
1)
#86289
1#
1(
#86292
0"
0)
#86296
0#
0(
#86298
1"
1)
#86303
1#
1(
#86304
0"
0)
#86310
1"
1)
0#
0(
#86316
0"
0)
#86317
1#
1(
#86318
0&
b0 ;
b101010000 9
b10011 :
#86322
1"
1)
#86324
0#
0(
#86328
0"
0)
#86331
b1 2
1#
1(
#86334
1"
1)
#86338
0#
0(
#86340
0"
0)
#86345
b1110 0
1#
1(
#86346
1"
1)
#86352
0"
0)
0#
0(
#86358
1"
1)
#86359
b1101 0
1#
1(
#86364
0"
0)
#86366
0#
0(
#86370
1"
1)
#86373
b1100 0
1#
1(
#86376
0"
0)
#86380
0#
0(
#86382
1"
1)
#86387
b1011 0
1#
1(
#86388
0"
0)
#86394
1"
1)
0#
0(
#86400
0"
0)
#86401
b1010 0
1#
1(
#86406
1"
1)
#86408
0#
0(
#86412
0"
0)
#86415
b1001 0
1#
1(
#86418
1"
1)
#86422
0#
0(
#86424
0"
0)
#86429
b1000 0
1#
1(
#86430
1"
1)
#86436
0"
0)
0#
0(
#86442
1"
1)
#86443
b111 0
1#
1(
#86448
0"
0)
#86450
0#
0(
#86454
1"
1)
#86457
b110 0
1#
1(
#86460
0"
0)
#86464
0#
0(
#86466
1"
1)
#86471
b101 0
1#
1(
#86472
0"
0)
#86478
1"
1)
0#
0(
#86484
0"
0)
#86485
b100 0
1#
1(
#86490
1"
1)
#86492
0#
0(
#86496
0"
0)
#86499
b11 0
1#
1(
#86502
1"
1)
#86506
0#
0(
#86508
0"
0)
#86513
b10 0
1#
1(
#86514
1"
1)
#86520
0"
0)
0#
0(
#86526
1"
1)
#86527
b1 0
1#
1(
#86532
0"
0)
#86534
0#
0(
#86538
1"
1)
#86541
b0 0
1#
1(
#86544
0"
0)
#86545
b10101000 9
b1 ;
#86548
0#
0(
#86550
1"
1)
#86555
b10 2
b1111 0
1#
1(
#86556
0"
0)
#86562
1"
1)
0#
0(
#86568
0"
0)
#86569
b1 2
b110 /
b11111100 ,
b11111100 -
b11111100 3
b11111100 .
1#
1(
#86574
b11111100 4
1"
1)
#86576
0#
0(
#86580
0"
0)
#86583
b1110 0
1#
1(
#86586
1"
1)
#86590
0#
0(
#86592
0"
0)
#86597
b1101 0
1#
1(
#86598
1"
1)
#86604
0"
0)
0#
0(
#86610
1"
1)
#86611
b1100 0
1#
1(
#86616
0"
0)
#86618
0#
0(
#86622
1"
1)
#86625
b1011 0
1#
1(
#86628
0"
0)
#86632
0#
0(
#86634
1"
1)
#86639
b1010 0
1#
1(
#86640
0"
0)
#86646
1"
1)
0#
0(
#86652
0"
0)
#86653
b1001 0
1#
1(
#86658
1"
1)
#86660
0#
0(
#86664
0"
0)
#86667
b1000 0
1#
1(
#86670
1"
1)
#86674
0#
0(
#86676
0"
0)
#86681
b111 0
1#
1(
#86682
1"
1)
#86688
0"
0)
0#
0(
#86694
1"
1)
#86695
b110 0
1#
1(
#86700
0"
0)
#86702
0#
0(
#86706
1"
1)
#86709
b101 0
1#
1(
#86712
0"
0)
#86716
0#
0(
#86718
1"
1)
#86723
b100 0
1#
1(
#86724
0"
0)
#86730
1"
1)
0#
0(
#86736
0"
0)
#86737
b11 0
1#
1(
#86742
1"
1)
#86744
0#
0(
#86748
0"
0)
#86751
b10 0
1#
1(
#86754
1"
1)
#86758
0#
0(
#86760
0"
0)
#86765
b1 0
1#
1(
#86766
1"
1)
#86772
0"
0)
0#
0(
b1010100 9
b10 ;
#86778
1"
1)
#86779
b0 0
1#
1(
#86784
0"
0)
#86786
0#
0(
#86790
1"
1)
#86793
b10 2
b1111 0
1#
1(
#86796
0"
0)
#86800
0#
0(
#86802
1"
1)
#86807
b1 2
b101 /
b11111000 ,
b11111000 -
b11111000 3
b11111000 .
1#
1(
#86808
0"
0)
#86814
b11111000 4
1"
1)
0#
0(
#86820
0"
0)
#86821
b1110 0
1#
1(
#86826
1"
1)
#86828
0#
0(
#86832
0"
0)
#86835
b1101 0
1#
1(
#86838
1"
1)
#86842
0#
0(
#86844
0"
0)
#86849
b1100 0
1#
1(
#86850
1"
1)
#86856
0"
0)
0#
0(
#86862
1"
1)
#86863
b1011 0
1#
1(
#86868
0"
0)
#86870
0#
0(
#86874
1"
1)
#86877
b1010 0
1#
1(
#86880
0"
0)
#86884
0#
0(
#86886
1"
1)
#86891
b1001 0
1#
1(
#86892
0"
0)
#86898
1"
1)
0#
0(
#86904
0"
0)
#86905
b1000 0
1#
1(
#86910
1"
1)
#86912
0#
0(
#86916
0"
0)
#86919
b111 0
1#
1(
#86922
1"
1)
#86926
0#
0(
#86928
0"
0)
#86933
b110 0
1#
1(
#86934
1"
1)
#86940
0"
0)
0#
0(
#86946
1"
1)
#86947
b101 0
1#
1(
#86952
0"
0)
#86954
0#
0(
#86958
1"
1)
#86961
b100 0
1#
1(
#86964
0"
0)
#86968
0#
0(
#86970
1"
1)
#86975
b11 0
1#
1(
#86976
0"
0)
#86982
1"
1)
0#
0(
#86988
0"
0)
#86989
b10 0
1#
1(
#86994
1"
1)
#86996
0#
0(
#86999
b101010 9
b11 ;
#87000
0"
0)
#87003
b1 0
1#
1(
#87006
1"
1)
#87010
0#
0(
#87012
0"
0)
#87017
b0 0
1#
1(
#87018
1"
1)
#87024
0"
0)
0#
0(
#87030
1"
1)
#87031
b10 2
b1111 0
1#
1(
#87036
0"
0)
#87038
0#
0(
#87042
1"
1)
#87045
b1 2
b100 /
b11110000 ,
b11110000 -
b11110000 3
b11110000 .
1#
1(
#87048
0"
0)
#87052
0#
0(
#87054
b11110000 4
1"
1)
#87059
b1110 0
1#
1(
#87060
0"
0)
#87066
1"
1)
0#
0(
#87072
0"
0)
#87073
b1101 0
1#
1(
#87078
1"
1)
#87080
0#
0(
#87084
0"
0)
#87087
b1100 0
1#
1(
#87090
1"
1)
#87094
0#
0(
#87096
0"
0)
#87101
b1011 0
1#
1(
#87102
1"
1)
#87108
0"
0)
0#
0(
#87114
1"
1)
#87115
b1010 0
1#
1(
#87120
0"
0)
#87122
0#
0(
#87126
1"
1)
#87129
b1001 0
1#
1(
#87132
0"
0)
#87136
0#
0(
#87138
1"
1)
#87143
b1000 0
1#
1(
#87144
0"
0)
#87150
1"
1)
0#
0(
#87156
0"
0)
#87157
b111 0
1#
1(
#87162
1"
1)
#87164
0#
0(
#87168
0"
0)
#87171
b110 0
1#
1(
#87174
1"
1)
#87178
0#
0(
#87180
0"
0)
#87185
b101 0
1#
1(
#87186
1"
1)
#87192
0"
0)
0#
0(
#87198
1"
1)
#87199
b100 0
1#
1(
#87204
0"
0)
#87206
0#
0(
#87210
1"
1)
#87213
b11 0
1#
1(
#87216
0"
0)
#87220
0#
0(
#87222
1"
1)
#87226
b10101 9
b100 ;
#87227
b10 0
1#
1(
#87228
0"
0)
#87234
1"
1)
0#
0(
#87240
0"
0)
#87241
b1 0
1#
1(
#87246
1"
1)
#87248
0#
0(
#87252
0"
0)
#87255
b0 0
1#
1(
#87258
1"
1)
#87262
0#
0(
#87264
0"
0)
#87269
b10 2
b1111 0
1#
1(
#87270
1"
1)
#87276
0"
0)
0#
0(
#87282
1"
1)
#87283
b1 2
b11 /
b11100000 ,
b11100000 -
b11100000 3
b11100000 .
1#
1(
#87288
0"
0)
#87290
0#
0(
#87294
b11100000 4
1"
1)
#87297
b1110 0
1#
1(
#87300
0"
0)
#87304
0#
0(
#87306
1"
1)
#87311
b1101 0
1#
1(
#87312
0"
0)
#87318
1"
1)
0#
0(
#87324
0"
0)
#87325
b1100 0
1#
1(
#87330
1"
1)
#87332
0#
0(
#87336
0"
0)
#87339
b1011 0
1#
1(
#87342
1"
1)
#87346
0#
0(
#87348
0"
0)
#87353
b1010 0
1#
1(
#87354
1"
1)
#87360
0"
0)
0#
0(
#87366
1"
1)
#87367
b1001 0
1#
1(
#87372
0"
0)
#87374
0#
0(
#87378
1"
1)
#87381
b1000 0
1#
1(
#87384
0"
0)
#87388
0#
0(
#87390
1"
1)
#87395
b111 0
1#
1(
#87396
0"
0)
#87402
1"
1)
0#
0(
#87408
0"
0)
#87409
b110 0
1#
1(
#87414
1"
1)
#87416
0#
0(
#87420
0"
0)
#87423
b101 0
1#
1(
#87426
1"
1)
#87430
0#
0(
#87432
0"
0)
#87437
b100 0
1#
1(
#87438
1"
1)
#87444
0"
0)
0#
0(
#87450
1"
1)
#87451
b11 0
1#
1(
#87453
b1010 9
1&
b101 ;
#87456
0"
0)
#87458
0#
0(
#87462
1"
1)
#87465
b11100001 ,
b11100001 -
b11100001 3
b11100001 .
b10 0
1#
1(
#87468
0"
0)
#87472
0#
0(
#87474
b11100001 4
1"
1)
#87479
b1 0
1#
1(
#87480
0"
0)
#87486
1"
1)
0#
0(
#87492
0"
0)
#87493
b0 0
1#
1(
#87498
1"
1)
#87500
0#
0(
#87504
0"
0)
#87507
b10 2
b1111 0
1#
1(
#87510
1"
1)
#87514
0#
0(
#87516
0"
0)
#87521
b1 2
b10 /
b11000010 ,
b11000010 -
b11000010 3
b11000010 .
1#
1(
#87522
b11000010 4
1"
1)
#87528
0"
0)
0#
0(
#87534
1"
1)
#87535
b11000011 ,
b11000011 -
b11000011 3
b11000011 .
b1110 0
1#
1(
#87540
0"
0)
#87542
0#
0(
#87546
b11000011 4
1"
1)
#87549
b1101 0
1#
1(
#87552
0"
0)
#87556
0#
0(
#87558
1"
1)
#87563
b1100 0
1#
1(
#87564
0"
0)
#87570
1"
1)
0#
0(
#87576
0"
0)
#87577
b1011 0
1#
1(
#87582
1"
1)
#87584
0#
0(
#87588
0"
0)
#87591
b1010 0
1#
1(
#87594
1"
1)
#87598
0#
0(
#87600
0"
0)
#87605
b1001 0
1#
1(
#87606
1"
1)
#87612
0"
0)
0#
0(
#87618
1"
1)
#87619
b1000 0
1#
1(
#87624
0"
0)
#87626
0#
0(
#87630
1"
1)
#87633
b111 0
1#
1(
#87636
0"
0)
#87640
0#
0(
#87642
1"
1)
#87647
b110 0
1#
1(
#87648
0"
0)
#87654
1"
1)
0#
0(
#87660
0"
0)
#87661
b101 0
1#
1(
#87666
1"
1)
#87668
0#
0(
#87672
0"
0)
#87675
b100 0
1#
1(
#87678
1"
1)
#87680
b101 9
0&
b110 ;
#87682
0#
0(
#87684
0"
0)
#87689
b11000010 ,
b11000010 -
b11000010 3
b11000010 .
b11 0
1#
1(
#87690
b11000010 4
1"
1)
#87696
0"
0)
0#
0(
#87702
1"
1)
#87703
b10 0
1#
1(
#87708
0"
0)
#87710
0#
0(
#87714
1"
1)
#87717
b1 0
1#
1(
#87720
0"
0)
#87724
0#
0(
#87726
1"
1)
#87731
b0 0
1#
1(
#87732
0"
0)
#87738
1"
1)
0#
0(
#87744
0"
0)
#87745
b10 2
b1111 0
1#
1(
#87750
1"
1)
#87752
0#
0(
#87756
0"
0)
#87759
b1 2
b1 /
b10000100 ,
b10000100 -
b10000100 3
b10000100 .
1#
1(
#87762
b10000100 4
1"
1)
#87766
0#
0(
#87768
0"
0)
#87773
b1110 0
1#
1(
#87774
1"
1)
#87780
0"
0)
0#
0(
#87786
1"
1)
#87787
b1101 0
1#
1(
#87792
0"
0)
#87794
0#
0(
#87798
1"
1)
#87801
b1100 0
1#
1(
#87804
0"
0)
#87808
0#
0(
#87810
1"
1)
#87815
b1011 0
1#
1(
#87816
0"
0)
#87822
1"
1)
0#
0(
#87828
0"
0)
#87829
b1010 0
1#
1(
#87834
1"
1)
#87836
0#
0(
#87840
0"
0)
#87843
b1001 0
1#
1(
#87846
1"
1)
#87850
0#
0(
#87852
0"
0)
#87857
b1000 0
1#
1(
#87858
1"
1)
#87864
0"
0)
0#
0(
#87870
1"
1)
#87871
b111 0
1#
1(
#87876
0"
0)
#87878
0#
0(
#87882
1"
1)
#87885
b110 0
1#
1(
#87888
0"
0)
#87892
0#
0(
#87894
1"
1)
#87899
b101 0
1#
1(
#87900
0"
0)
#87906
1"
1)
0#
0(
#87907
b10 9
1&
b111 ;
#87912
0"
0)
#87913
b10000101 ,
b10000101 -
b10000101 3
b10000101 .
b100 0
1#
1(
#87918
b10000101 4
1"
1)
#87920
0#
0(
#87924
0"
0)
#87927
b11 0
1#
1(
#87930
1"
1)
#87934
0#
0(
#87936
0"
0)
#87941
b10 0
1#
1(
#87942
1"
1)
#87948
0"
0)
0#
0(
#87954
1"
1)
#87955
b1 0
1#
1(
#87960
0"
0)
#87962
0#
0(
#87966
1"
1)
#87969
b0 0
1#
1(
#87972
0"
0)
#87976
0#
0(
#87978
1"
1)
#87983
b10 2
b1111 0
1#
1(
#87984
0"
0)
#87990
1"
1)
0#
0(
#87996
0"
0)
#87997
b1 2
b0 /
b1010 ,
b1010 -
b1010 3
b1010 .
1#
1(
#88002
b1010 4
1"
1)
#88004
0#
0(
#88008
0"
0)
#88011
b1011 ,
b1011 -
b1011 3
b1011 .
b1110 0
1#
1(
#88014
b1011 4
1"
1)
#88018
0#
0(
#88020
0"
0)
#88025
b1101 0
1#
1(
#88026
1"
1)
#88032
0"
0)
0#
0(
#88038
1"
1)
#88039
b1100 0
1#
1(
#88044
0"
0)
#88046
0#
0(
#88050
1"
1)
#88053
b1011 0
1#
1(
#88056
0"
0)
#88060
0#
0(
#88062
1"
1)
#88067
b1010 0
1#
1(
#88068
0"
0)
#88074
1"
1)
0#
0(
#88080
0"
0)
#88081
b1001 0
1#
1(
#88086
1"
1)
#88088
0#
0(
#88092
0"
0)
#88095
b1000 0
1#
1(
#88098
1"
1)
#88102
0#
0(
#88104
0"
0)
#88109
b111 0
1#
1(
#88110
1"
1)
#88116
0"
0)
0#
0(
#88122
1"
1)
#88123
b110 0
1#
1(
#88128
0"
0)
#88130
0#
0(
#88134
1"
1)
b1 9
0&
b1000 ;
#88137
b1010 ,
b1010 -
b1010 3
b1010 .
b101 0
1#
1(
#88140
0"
0)
#88144
0#
0(
#88146
b1010 4
1"
1)
#88151
b100 0
1#
1(
#88152
0"
0)
#88158
1"
1)
0#
0(
#88164
0"
0)
#88165
b11 0
1#
1(
#88170
1"
1)
#88172
0#
0(
#88176
0"
0)
#88179
b10 0
1#
1(
#88182
1"
1)
#88186
0#
0(
#88188
0"
0)
#88193
b1 0
1#
1(
#88194
1"
1)
#88200
0"
0)
0#
0(
#88206
1"
1)
#88207
b0 0
1#
1(
#88212
0"
0)
#88214
0#
0(
#88218
1"
1)
#88221
b10 2
b1111 0
1#
1(
#88224
0"
0)
#88228
0#
0(
#88230
1"
1)
#88235
b11 2
b111 /
b10100 ,
b10100 -
b10100 3
b10100 .
1#
1(
#88236
0"
0)
#88242
b10100 4
1"
1)
0#
0(
#88248
0"
0)
#88249
b100 2
1#
1(
#88254
1"
1)
#88256
0#
0(
#88260
0"
0)
#88263
0+
01
1#
1(
#88266
b1 7
1"
1)
#88270
0#
0(
#88272
0"
0)
#88277
1#
1(
#88278
b10 7
0!
08
0*
06
1"
1)
#88284
0"
0)
0#
0(
b0 >
b0 ?
b1011 <
1'
#88285
0'
#88290
b110 5
b101000 4
1"
1)
#88291
b0 2
1#
1(
#88296
0"
0)
b1 >
1'
#88297
0'
#88298
0#
0(
#88302
b101 5
b1010000 4
1"
1)
#88305
b1 2
1+
11
1#
1(
#88308
0"
0)
b10 >
1'
#88309
0'
#88312
0#
0(
#88314
b100 5
b10100000 4
1"
1)
#88319
b1110 0
1#
1(
#88320
0"
0)
b11 >
1'
#88321
0'
#88326
b11 5
b1000000 4
1!
18
1"
1)
0#
0(
#88332
0"
0)
b100 >
b1000 ?
1'
#88333
b1101 0
1#
1(
0'
#88338
b10 5
b10000000 4
0!
08
1"
1)
#88340
0#
0(
#88344
0"
0)
b101 >
1'
#88345
0'
#88347
b1100 0
1#
1(
#88350
b1 5
b0 4
1!
18
1"
1)
#88354
0#
0(
#88356
0"
0)
b110 >
b101000 ?
1'
#88357
0'
#88361
b10101 ,
b10101 -
b10101 3
b10101 .
b1011 0
1#
1(
b0 9
1&
b1001 ;
#88362
b0 5
0!
08
1"
1)
#88368
0"
0)
0#
0(
b111 >
1'
#88369
0'
#88374
b0 7
b111 5
1"
1)
#88375
b1010 0
1#
1(
#88380
0"
0)
b1000 >
1'
#88381
0'
#88382
0#
0(
#88386
1!
18
b10101 4
1*
16
1"
1)
#88389
b1001 0
1#
1(
#88392
0"
0)
b11111 =
1$
1'
#88393
0$
0'
#88396
0#
0(
#88398
1"
1)
#88403
b1000 0
1#
1(
#88404
0"
0)
#88410
1"
1)
0#
0(
#88416
0"
0)
#88417
b111 0
1#
1(
#88422
1"
1)
#88424
0#
0(
#88428
0"
0)
#88431
b110 0
1#
1(
#88434
1"
1)
#88438
0#
0(
#88440
0"
0)
#88445
b101 0
1#
1(
#88446
1"
1)
#88452
0"
0)
0#
0(
#88458
1"
1)
#88459
b100 0
1#
1(
#88464
0"
0)
#88466
0#
0(
#88470
1"
1)
#88473
b11 0
1#
1(
#88476
0"
0)
#88480
0#
0(
#88482
1"
1)
#88487
b10 0
1#
1(
#88488
0"
0)
#88494
1"
1)
0#
0(
#88500
0"
0)
#88501
b1 0
1#
1(
#88506
1"
1)
#88508
0#
0(
#88512
0"
0)
#88515
b0 0
1#
1(
#88518
1"
1)
#88522
0#
0(
#88524
0"
0)
#88529
b10 2
b1111 0
1#
1(
#88530
1"
1)
#88536
0"
0)
0#
0(
#88542
1"
1)
#88543
b1 2
b110 /
b101010 ,
b101010 -
b101010 3
b101010 .
1#
1(
#88548
0"
0)
#88550
0#
0(
#88554
b101010 4
1"
1)
#88557
b101011 ,
b101011 -
b101011 3
b101011 .
b1110 0
1#
1(
#88560
0"
0)
#88564
0#
0(
#88566
b101011 4
1"
1)
#88571
b1101 0
1#
1(
#88572
0"
0)
#88578
1"
1)
0#
0(
#88584
0"
0)
#88585
b1100 0
1#
1(
#88588
b1010 ;
#88590
1"
1)
#88592
0#
0(
#88596
0"
0)
#88599
b1011 0
1#
1(
#88602
1"
1)
#88606
0#
0(
#88608
0"
0)
#88613
b1010 0
1#
1(
#88614
1"
1)
#88620
0"
0)
0#
0(
#88626
1"
1)
#88627
b1001 0
1#
1(
#88632
0"
0)
#88634
0#
0(
#88638
1"
1)
#88641
b1000 0
1#
1(
#88644
0"
0)
#88648
0#
0(
#88650
1"
1)
#88655
b111 0
1#
1(
#88656
0"
0)
#88662
1"
1)
0#
0(
#88668
0"
0)
#88669
b110 0
1#
1(
#88674
1"
1)
#88676
0#
0(
#88680
0"
0)
#88683
b101 0
1#
1(
#88686
1"
1)
#88690
0#
0(
#88692
0"
0)
#88697
b100 0
1#
1(
#88698
1"
1)
#88704
0"
0)
0#
0(
#88710
1"
1)
#88711
b11 0
1#
1(
#88716
0"
0)
#88718
0#
0(
#88722
1"
1)
#88725
b10 0
1#
1(
#88728
0"
0)
#88732
0#
0(
#88734
1"
1)
#88739
b1 0
1#
1(
#88740
0"
0)
#88746
1"
1)
0#
0(
#88752
0"
0)
#88753
b0 0
1#
1(
#88758
1"
1)
#88760
0#
0(
#88764
0"
0)
#88767
b10 2
b1111 0
1#
1(
#88770
1"
1)
#88774
0#
0(
#88776
0"
0)
#88781
b1 2
b101 /
b1010110 ,
b1010110 -
b1010110 3
b1010110 .
1#
1(
#88782
b1010110 4
1"
1)
#88788
0"
0)
0#
0(
#88794
1"
1)
#88795
b1010111 ,
b1010111 -
b1010111 3
b1010111 .
b1110 0
1#
1(
#88800
0"
0)
#88802
0#
0(
#88806
b1010111 4
1"
1)
#88809
b1101 0
1#
1(
#88812
0"
0)
#88816
0#
0(
#88818
1"
1)
#88823
b1100 0
1#
1(
#88824
0"
0)
#88830
1"
1)
0#
0(
#88836
0"
0)
#88837
b1011 0
1#
1(
#88842
1"
1)
#88844
0#
0(
#88848
0"
0)
#88851
b1010 0
1#
1(
#88854
1"
1)
#88858
0#
0(
#88860
0"
0)
#88865
b1001 0
1#
1(
#88866
1"
1)
#88872
0"
0)
0#
0(
#88878
1"
1)
#88879
b1000 0
1#
1(
#88884
0"
0)
#88886
0#
0(
#88890
1"
1)
#88893
b111 0
1#
1(
#88896
0"
0)
#88900
0#
0(
#88902
1"
1)
#88907
b110 0
1#
1(
#88908
0"
0)
#88914
1"
1)
0#
0(
#88920
0"
0)
#88921
b101 0
1#
1(
#88926
1"
1)
#88928
0#
0(
#88932
0"
0)
#88935
b100 0
1#
1(
#88938
1"
1)
#88942
0#
0(
#88944
0"
0)
#88949
b11 0
1#
1(
#88950
1"
1)
#88956
0"
0)
0#
0(
#88962
1"
1)
#88963
b10 0
1#
1(
#88968
0"
0)
#88970
0#
0(
#88974
1"
1)
#88977
b1 0
1#
1(
#88980
0"
0)
#88984
0#
0(
#88986
1"
1)
#88991
b0 0
1#
1(
#88992
0"
0)
#88998
1"
1)
0#
0(
#89004
0"
0)
#89005
b10 2
b1111 0
1#
1(
#89010
1"
1)
#89012
0#
0(
#89016
0"
0)
#89019
b1 2
b100 /
b10101110 ,
b10101110 -
b10101110 3
b10101110 .
1#
1(
#89022
b10101110 4
1"
1)
#89026
0#
0(
#89028
0"
0)
#89033
b10101111 ,
b10101111 -
b10101111 3
b10101111 .
b1110 0
1#
1(
#89034
b10101111 4
1"
1)
#89040
0"
0)
0#
0(
#89046
1"
1)
#89047
b1101 0
1#
1(
#89052
0"
0)
#89054
0#
0(
#89058
1"
1)
#89061
b1100 0
1#
1(
#89064
0"
0)
#89068
0#
0(
#89070
1"
1)
#89075
b1011 0
1#
1(
#89076
0"
0)
#89082
1"
1)
0#
0(
#89088
0"
0)
#89089
b1010 0
1#
1(
#89094
1"
1)
#89096
0#
0(
#89100
0"
0)
#89103
b1001 0
1#
1(
#89106
1"
1)
#89110
0#
0(
#89112
0"
0)
#89117
b1000 0
1#
1(
#89118
1"
1)
#89124
0"
0)
0#
0(
#89130
1"
1)
#89131
b111 0
1#
1(
#89136
0"
0)
#89138
0#
0(
#89142
1"
1)
#89145
b110 0
1#
1(
#89148
0"
0)
#89152
0#
0(
#89154
1"
1)
#89159
b101 0
1#
1(
#89160
0"
0)
#89166
1"
1)
0#
0(
#89172
0"
0)
#89173
b100 0
1#
1(
#89178
1"
1)
#89180
0#
0(
#89184
0"
0)
#89187
b11 0
1#
1(
#89190
1"
1)
#89194
0#
0(
#89196
0"
0)
#89201
b10 0
1#
1(
#89202
1"
1)
#89208
0"
0)
0#
0(
#89214
1"
1)
#89215
b1 0
1#
1(
#89220
0"
0)
#89222
0#
0(
#89226
1"
1)
#89229
b0 0
1#
1(
#89232
0"
0)
#89236
0#
0(
#89238
1"
1)
#89243
b10 2
b1111 0
1#
1(
#89244
0"
0)
#89250
1"
1)
0#
0(
#89256
0"
0)
#89257
b1 2
b11 /
b1011110 ,
b1011110 -
b1011110 3
b1011110 .
1#
1(
#89262
b1011110 4
1"
1)
#89264
0#
0(
#89268
0"
0)
#89271
b1011111 ,
b1011111 -
b1011111 3
b1011111 .
b1110 0
1#
1(
#89274
b1011111 4
1"
1)
#89278
0#
0(
#89280
0"
0)
#89285
b1101 0
1#
1(
#89286
1"
1)
#89292
0"
0)
0#
0(
#89298
1"
1)
#89299
b1100 0
1#
1(
#89304
0"
0)
#89306
0#
0(
#89310
1"
1)
#89313
b1011 0
1#
1(
#89316
0"
0)
#89320
0#
0(
#89322
1"
1)
#89327
b1010 0
1#
1(
#89328
0"
0)
#89334
1"
1)
0#
0(
#89340
0"
0)
#89341
b1001 0
1#
1(
#89346
1"
1)
#89348
0#
0(
#89352
0"
0)
#89355
b1000 0
1#
1(
#89358
1"
1)
#89362
0#
0(
#89364
0"
0)
#89369
b111 0
1#
1(
#89370
1"
1)
#89376
0"
0)
0#
0(
#89382
1"
1)
#89383
b110 0
1#
1(
#89388
0"
0)
#89390
0#
0(
#89394
1"
1)
#89397
b101 0
1#
1(
#89400
0"
0)
#89404
0#
0(
#89406
1"
1)
#89411
b100 0
1#
1(
#89412
0"
0)
#89418
1"
1)
0#
0(
#89424
0"
0)
#89425
b11 0
1#
1(
#89430
1"
1)
#89432
0#
0(
#89436
0"
0)
#89439
b10 0
1#
1(
#89442
1"
1)
#89446
0#
0(
#89448
0"
0)
#89453
b1 0
1#
1(
#89454
1"
1)
#89460
0"
0)
0#
0(
#89466
1"
1)
#89467
b0 0
1#
1(
#89472
0"
0)
#89474
0#
0(
#89478
1"
1)
#89481
b10 2
b1111 0
1#
1(
#89484
0"
0)
#89488
0#
0(
#89490
1"
1)
#89495
b1 2
b10 /
b10111110 ,
b10111110 -
b10111110 3
b10111110 .
1#
1(
#89496
0"
0)
#89502
b10111110 4
1"
1)
0#
0(
#89508
0"
0)
#89509
b10111111 ,
b10111111 -
b10111111 3
b10111111 .
b1110 0
1#
1(
#89514
b10111111 4
1"
1)
#89516
0#
0(
#89520
0"
0)
#89523
b1101 0
1#
1(
#89526
1"
1)
#89530
0#
0(
#89532
0"
0)
#89537
b1100 0
1#
1(
#89538
1"
1)
#89544
0"
0)
0#
0(
#89550
1"
1)
#89551
b1011 0
1#
1(
#89556
0"
0)
#89558
0#
0(
#89562
1"
1)
#89565
b1010 0
1#
1(
#89568
0"
0)
#89572
0#
0(
#89574
1"
1)
#89579
b1001 0
1#
1(
#89580
0"
0)
#89586
1"
1)
0#
0(
#89592
0"
0)
#89593
b1000 0
1#
1(
#89598
1"
1)
#89600
0#
0(
#89604
0"
0)
#89607
b111 0
1#
1(
#89610
1"
1)
#89614
0#
0(
#89616
0"
0)
#89621
b110 0
1#
1(
#89622
1"
1)
#89628
0"
0)
0#
0(
#89634
1"
1)
#89635
b101 0
1#
1(
#89640
0"
0)
#89642
0#
0(
#89646
1"
1)
#89649
b100 0
1#
1(
#89652
0"
0)
#89656
0#
0(
#89658
1"
1)
#89663
b11 0
1#
1(
#89664
0"
0)
#89670
1"
1)
0#
0(
#89676
0"
0)
#89677
b10 0
1#
1(
#89682
1"
1)
#89684
0#
0(
#89688
0"
0)
#89691
b1 0
1#
1(
#89694
1"
1)
#89698
0#
0(
#89700
0"
0)
#89705
b0 0
1#
1(
#89706
1"
1)
#89712
0"
0)
0#
0(
#89718
1"
1)
#89719
b10 2
b1111 0
1#
1(
#89724
0"
0)
#89726
0#
0(
#89730
1"
1)
#89733
b1 2
b1 /
b1111110 ,
b1111110 -
b1111110 3
b1111110 .
1#
1(
#89736
0"
0)
#89740
0#
0(
#89742
b1111110 4
1"
1)
#89747
b1111111 ,
b1111111 -
b1111111 3
b1111111 .
b1110 0
1#
1(
#89748
0"
0)
#89754
b1111111 4
1"
1)
0#
0(
#89760
0"
0)
#89761
b1101 0
1#
1(
#89766
1"
1)
#89768
0#
0(
#89772
0"
0)
#89775
b1100 0
1#
1(
#89778
1"
1)
#89782
0#
0(
#89784
0"
0)
#89789
b1011 0
1#
1(
#89790
1"
1)
#89796
0"
0)
0#
0(
#89802
1"
1)
#89803
b1010 0
1#
1(
#89808
0"
0)
#89810
0#
0(
#89814
1"
1)
#89817
b1001 0
1#
1(
#89820
0"
0)
#89824
0#
0(
#89826
1"
1)
#89831
b1000 0
1#
1(
#89832
0"
0)
#89838
1"
1)
0#
0(
#89844
0"
0)
#89845
b111 0
1#
1(
#89850
1"
1)
#89852
0#
0(
#89856
0"
0)
#89859
b110 0
1#
1(
#89862
1"
1)
#89866
0#
0(
#89868
0"
0)
#89873
b101 0
1#
1(
#89874
1"
1)
#89880
0"
0)
0#
0(
#89886
1"
1)
#89887
b100 0
1#
1(
#89892
0"
0)
#89894
0#
0(
#89898
1"
1)
#89901
b11 0
1#
1(
#89904
0"
0)
#89908
0#
0(
#89910
1"
1)
#89915
b10 0
1#
1(
#89916
0"
0)
#89922
1"
1)
0#
0(
#89928
0"
0)
#89929
b1 0
1#
1(
#89934
1"
1)
#89936
0#
0(
#89940
0"
0)
#89943
b0 0
1#
1(
#89946
1"
1)
#89950
0#
0(
#89952
0"
0)
#89957
b10 2
b1111 0
1#
1(
#89958
1"
1)
#89964
0"
0)
0#
0(
#89970
1"
1)
#89971
b1 2
b0 /
b11111110 ,
b11111110 -
b11111110 3
b11111110 .
1#
1(
#89976
0"
0)
#89978
0#
0(
#89982
b11111110 4
1"
1)
#89985
b11111111 ,
b11111111 -
b11111111 3
b11111111 .
b1110 0
1#
1(
#89988
0"
0)
#89992
0#
0(
#89994
b11111111 4
1"
1)
#89999
b1101 0
1#
1(
#90000
0"
0)
#90006
1"
1)
0#
0(
#90012
0"
0)
#90013
b1100 0
1#
1(
#90018
1"
1)
#90020
0#
0(
#90024
0"
0)
#90027
b1011 0
1#
1(
#90030
1"
1)
#90034
0#
0(
#90036
0"
0)
#90041
b1010 0
1#
1(
#90042
1"
1)
#90048
0"
0)
0#
0(
#90054
1"
1)
#90055
b1001 0
1#
1(
#90060
0"
0)
#90062
0#
0(
#90066
1"
1)
#90069
b1000 0
1#
1(
#90072
0"
0)
#90076
0#
0(
#90078
1"
1)
#90083
b111 0
1#
1(
#90084
0"
0)
#90090
1"
1)
0#
0(
#90096
0"
0)
#90097
b110 0
1#
1(
#90102
1"
1)
#90104
0#
0(
#90108
0"
0)
#90111
b101 0
1#
1(
#90114
1"
1)
#90118
0#
0(
#90120
0"
0)
#90125
b100 0
1#
1(
#90126
1"
1)
#90132
0"
0)
0#
0(
#90138
1"
1)
#90139
b11 0
1#
1(
#90144
0"
0)
#90146
0#
0(
#90150
1"
1)
#90153
b10 0
1#
1(
#90156
0"
0)
#90160
0#
0(
#90162
1"
1)
#90167
b1 0
1#
1(
#90168
0"
0)
#90174
1"
1)
0#
0(
#90180
0"
0)
#90181
b0 0
1#
1(
#90186
1"
1)
#90188
0#
0(
#90192
0"
0)
#90195
b10 2
b1111 0
1#
1(
#90198
1"
1)
#90202
0#
0(
#90204
0"
0)
#90209
b11 2
b111 /
b11111110 ,
b11111110 -
b11111110 3
b11111110 .
1#
1(
#90210
b11111110 4
1"
1)
#90216
0"
0)
0#
0(
#90222
1"
1)
#90223
b100 2
1#
1(
#90228
0"
0)
#90230
0#
0(
#90234
1"
1)
#90237
0+
01
1#
1(
#90240
0"
0)
#90244
0#
0(
#90246
b1 7
1"
1)
#90251
1#
1(
#90252
0"
0)
#90258
b10 7
0!
08
0*
06
1"
1)
0#
0(
#90264
0"
0)
b0 >
b0 ?
b11100 <
1'
#90265
b0 2
1#
1(
0'
#90270
b110 5
b11111100 4
1!
18
1"
1)
#90272
0#
0(
#90276
0"
0)
b1 >
b1 ?
1'
#90277
0'
#90279
1+
11
1#
1(
#90282
b101 5
b11111000 4
1"
1)
#90286
0#
0(
#90288
0"
0)
b10 >
b11 ?
1'
#90289
0'
#90293
1#
1(
#90294
b100 5
b11110000 4
1"
1)
#90300
0"
0)
0#
0(
b11 >
b111 ?
1'
#90301
0'
#90306
b11 5
b11100000 4
1"
1)
#90307
1#
1(
#90312
0"
0)
b100 >
b1111 ?
1'
#90313
0'
#90314
0#
0(
#90318
b10 5
b11000000 4
1"
1)
#90321
1#
1(
#90324
0"
0)
b101 >
b11111 ?
1'
#90325
0'
#90328
0#
0(
#90330
b1 5
b10000000 4
1"
1)
#90335
1#
1(
#90336
0"
0)
b110 >
b111111 ?
1'
#90337
0'
#90342
b0 5
b0 4
1"
1)
0#
0(
#90348
0"
0)
b111 >
b1111111 ?
1'
#90349
1#
1(
0'
#90354
b0 7
b111 5
0!
08
1"
1)
#90356
0#
0(
#90360
0"
0)
b1000 >
1'
#90361
0'
#90363
1#
1(
#90366
1!
18
b11111110 4
1*
16
1"
1)
#90370
0#
0(
#90372
0"
0)
b100000 =
1$
1'
#90373
0$
0'
#90377
1#
1(
#90378
1"
1)
#90384
0"
0)
0#
0(
#90390
1"
1)
#90391
1#
1(
#90396
0"
0)
#90398
0#
0(
#90402
1"
1)
#90405
1#
1(
#90408
0"
0)
#90412
0#
0(
#90414
1"
1)
#90419
1#
1(
#90420
0"
0)
#90426
1"
1)
0#
0(
#90432
0"
0)
#90433
1#
1(
#90438
1"
1)
#90440
0#
0(
#90444
0"
0)
#90447
1#
1(
#90450
1"
1)
#90454
0#
0(
#90456
0"
0)
#90461
1#
1(
#90462
1"
1)
#90468
0"
0)
0#
0(
#90474
1"
1)
#90475
1#
1(
#90480
0"
0)
#90482
0#
0(
#90486
1"
1)
#90489
1#
1(
#90492
0"
0)
#90496
0#
0(
#90498
1"
1)
#90503
1#
1(
#90504
0"
0)
#90510
1"
1)
0#
0(
#90516
0"
0)
#90517
1#
1(
#90522
1"
1)
#90524
0#
0(
#90528
0"
0)
#90531
1#
1(
#90534
1"
1)
#90538
0#
0(
#90540
0"
0)
#90545
1#
1(
#90546
1"
1)
#90552
0"
0)
0#
0(
#90558
1"
1)
#90559
1#
1(
#90564
0"
0)
#90566
0#
0(
#90570
1"
1)
#90573
1#
1(
#90576
0"
0)
#90580
0#
0(
#90582
1"
1)
#90587
1#
1(
#90588
0"
0)
#90594
1"
1)
0#
0(
#90600
0"
0)
#90601
1#
1(
#90606
1"
1)
#90608
0#
0(
#90612
0"
0)
#90615
1#
1(
#90618
1"
1)
#90622
0#
0(
#90624
0"
0)
#90629
1#
1(
#90630
1"
1)
#90636
0"
0)
0#
0(
#90642
1"
1)
#90643
1#
1(
#90648
0"
0)
#90650
0#
0(
#90654
1"
1)
#90657
1#
1(
#90660
0"
0)
#90664
0#
0(
#90666
1"
1)
#90671
1#
1(
#90672
0"
0)
#90678
1"
1)
0#
0(
#90684
0"
0)
#90685
1#
1(
#90690
1"
1)
#90692
0#
0(
#90696
0"
0)
#90699
1#
1(
#90702
1"
1)
#90706
0#
0(
#90708
0"
0)
#90713
1#
1(
#90714
1"
1)
#90720
0"
0)
0#
0(
#90726
1"
1)
#90727
1#
1(
#90732
0"
0)
#90734
0#
0(
#90738
1"
1)
#90741
1#
1(
#90744
0"
0)
#90748
0#
0(
#90750
1"
1)
#90755
1#
1(
#90756
0"
0)
#90762
1"
1)
0#
0(
#90768
0"
0)
#90769
1#
1(
#90774
1"
1)
#90776
0#
0(
#90780
0"
0)
#90783
1#
1(
#90786
1"
1)
#90790
0#
0(
#90792
0"
0)
#90797
1#
1(
#90798
1"
1)
#90804
0"
0)
0#
0(
#90810
1"
1)
#90811
1#
1(
#90816
0"
0)
#90818
0#
0(
#90822
1"
1)
#90825
1#
1(
#90828
0"
0)
#90832
0#
0(
#90834
1"
1)
#90839
1#
1(
#90840
0"
0)
#90846
1"
1)
0#
0(
#90852
0"
0)
#90853
1#
1(
#90858
1"
1)
#90860
0#
0(
0&
b0 ;
b101100001 9
b10100 :
#90864
0"
0)
#90867
b1 2
1#
1(
#90870
1"
1)
#90874
0#
0(
#90876
0"
0)
#90881
b1110 0
1#
1(
#90882
1"
1)
#90888
0"
0)
0#
0(
#90894
1"
1)
#90895
b1101 0
1#
1(
#90900
0"
0)
#90902
0#
0(
#90906
1"
1)
#90909
b1100 0
1#
1(
#90912
0"
0)
#90916
0#
0(
#90918
1"
1)
#90923
b1011 0
1#
1(
#90924
0"
0)
#90930
1"
1)
0#
0(
#90936
0"
0)
#90937
b1010 0
1#
1(
#90942
1"
1)
#90944
0#
0(
#90948
0"
0)
#90951
b1001 0
1#
1(
#90954
1"
1)
#90958
0#
0(
#90960
0"
0)
#90965
b1000 0
1#
1(
#90966
1"
1)
#90972
0"
0)
0#
0(
#90978
1"
1)
#90979
b111 0
1#
1(
#90984
0"
0)
#90986
0#
0(
#90990
1"
1)
#90993
b110 0
1#
1(
#90996
0"
0)
#91000
0#
0(
#91002
1"
1)
#91007
b101 0
1#
1(
#91008
0"
0)
#91014
1"
1)
0#
0(
#91020
0"
0)
#91021
b100 0
1#
1(
#91026
1"
1)
#91028
0#
0(
#91032
0"
0)
#91035
b11 0
1#
1(
#91038
1"
1)
#91042
0#
0(
#91044
0"
0)
#91049
b10 0
1#
1(
#91050
1"
1)
#91056
0"
0)
0#
0(
#91062
1"
1)
#91063
b1 0
1#
1(
#91068
0"
0)
#91070
0#
0(
#91074
1"
1)
#91077
b0 0
1#
1(
#91080
0"
0)
#91084
0#
0(
#91086
1"
1)
#91087
b10110000 9
1&
b1 ;
#91091
b10 2
b11111111 ,
b11111111 -
b11111111 3
b11111111 .
b1111 0
1#
1(
#91092
0"
0)
#91098
b11111111 4
1"
1)
0#
0(
#91104
0"
0)
#91105
b1 2
b110 /
b11111110 ,
b11111110 -
b11111110 3
b11111110 .
1#
1(
#91110
b11111110 4
1"
1)
#91112
0#
0(
#91116
0"
0)
#91119
b11111111 ,
b11111111 -
b11111111 3
b11111111 .
b1110 0
1#
1(
#91122
b11111111 4
1"
1)
#91126
0#
0(
#91128
0"
0)
#91133
b1101 0
1#
1(
#91134
1"
1)
#91140
0"
0)
0#
0(
#91146
1"
1)
#91147
b1100 0
1#
1(
#91152
0"
0)
#91154
0#
0(
#91158
1"
1)
#91161
b1011 0
1#
1(
#91164
0"
0)
#91168
0#
0(
#91170
1"
1)
#91175
b1010 0
1#
1(
#91176
0"
0)
#91182
1"
1)
0#
0(
#91188
0"
0)
#91189
b1001 0
1#
1(
#91194
1"
1)
#91196
0#
0(
#91200
0"
0)
#91203
b1000 0
1#
1(
#91206
1"
1)
#91210
0#
0(
#91212
0"
0)
#91217
b111 0
1#
1(
#91218
1"
1)
#91224
0"
0)
0#
0(
#91230
1"
1)
#91231
b110 0
1#
1(
#91236
0"
0)
#91238
0#
0(
#91242
1"
1)
#91245
b101 0
1#
1(
#91248
0"
0)
#91252
0#
0(
#91254
1"
1)
#91259
b100 0
1#
1(
#91260
0"
0)
#91266
1"
1)
0#
0(
#91272
0"
0)
#91273
b11 0
1#
1(
#91278
1"
1)
#91280
0#
0(
#91284
0"
0)
#91287
b10 0
1#
1(
#91290
1"
1)
#91294
0#
0(
#91296
0"
0)
#91301
b1 0
1#
1(
#91302
1"
1)
#91308
0"
0)
0#
0(
#91314
1"
1)
b1011000 9
0&
b10 ;
#91315
b11111110 ,
b11111110 -
b11111110 3
b11111110 .
b0 0
1#
1(
#91320
0"
0)
#91322
0#
0(
#91326
b11111110 4
1"
1)
#91329
b10 2
b1111 0
1#
1(
#91332
0"
0)
#91336
0#
0(
#91338
1"
1)
#91343
b1 2
b101 /
b11111100 ,
b11111100 -
b11111100 3
b11111100 .
1#
1(
#91344
0"
0)
#91350
b11111100 4
1"
1)
0#
0(
#91356
0"
0)
#91357
b1110 0
1#
1(
#91362
1"
1)
#91364
0#
0(
#91368
0"
0)
#91371
b1101 0
1#
1(
#91374
1"
1)
#91378
0#
0(
#91380
0"
0)
#91385
b1100 0
1#
1(
#91386
1"
1)
#91392
0"
0)
0#
0(
#91398
1"
1)
#91399
b1011 0
1#
1(
#91404
0"
0)
#91406
0#
0(
#91410
1"
1)
#91413
b1010 0
1#
1(
#91416
0"
0)
#91420
0#
0(
#91422
1"
1)
#91427
b1001 0
1#
1(
#91428
0"
0)
#91434
1"
1)
0#
0(
#91440
0"
0)
#91441
b1000 0
1#
1(
#91446
1"
1)
#91448
0#
0(
#91452
0"
0)
#91455
b111 0
1#
1(
#91458
1"
1)
#91462
0#
0(
#91464
0"
0)
#91469
b110 0
1#
1(
#91470
1"
1)
#91476
0"
0)
0#
0(
#91482
1"
1)
#91483
b101 0
1#
1(
#91488
0"
0)
#91490
0#
0(
#91494
1"
1)
#91497
b100 0
1#
1(
#91500
0"
0)
#91504
0#
0(
#91506
1"
1)
#91511
b11 0
1#
1(
#91512
0"
0)
#91518
1"
1)
0#
0(
#91524
0"
0)
#91525
b10 0
1#
1(
#91530
1"
1)
#91532
0#
0(
#91536
0"
0)
#91539
b1 0
1#
1(
#91541
b101100 9
b11 ;
#91542
1"
1)
#91546
0#
0(
#91548
0"
0)
#91553
b0 0
1#
1(
#91554
1"
1)
#91560
0"
0)
0#
0(
#91566
1"
1)
#91567
b10 2
b1111 0
1#
1(
#91572
0"
0)
#91574
0#
0(
#91578
1"
1)
#91581
b1 2
b100 /
b11111000 ,
b11111000 -
b11111000 3
b11111000 .
1#
1(
#91584
0"
0)
#91588
0#
0(
#91590
b11111000 4
1"
1)
#91595
b1110 0
1#
1(
#91596
0"
0)
#91602
1"
1)
0#
0(
#91608
0"
0)
#91609
b1101 0
1#
1(
#91614
1"
1)
#91616
0#
0(
#91620
0"
0)
#91623
b1100 0
1#
1(
#91626
1"
1)
#91630
0#
0(
#91632
0"
0)
#91637
b1011 0
1#
1(
#91638
1"
1)
#91644
0"
0)
0#
0(
#91650
1"
1)
#91651
b1010 0
1#
1(
#91656
0"
0)
#91658
0#
0(
#91662
1"
1)
#91665
b1001 0
1#
1(
#91668
0"
0)
#91672
0#
0(
#91674
1"
1)
#91679
b1000 0
1#
1(
#91680
0"
0)
#91686
1"
1)
0#
0(
#91692
0"
0)
#91693
b111 0
1#
1(
#91698
1"
1)
#91700
0#
0(
#91704
0"
0)
#91707
b110 0
1#
1(
#91710
1"
1)
#91714
0#
0(
#91716
0"
0)
#91721
b101 0
1#
1(
#91722
1"
1)
#91728
0"
0)
0#
0(
#91734
1"
1)
#91735
b100 0
1#
1(
#91740
0"
0)
#91742
0#
0(
#91746
1"
1)
#91749
b11 0
1#
1(
#91752
0"
0)
#91756
0#
0(
#91758
1"
1)
#91763
b10 0
1#
1(
#91764
0"
0)
#91768
b10110 9
b100 ;
#91770
1"
1)
0#
0(
#91776
0"
0)
#91777
b1 0
1#
1(
#91782
1"
1)
#91784
0#
0(
#91788
0"
0)
#91791
b0 0
1#
1(
#91794
1"
1)
#91798
0#
0(
#91800
0"
0)
#91805
b10 2
b1111 0
1#
1(
#91806
1"
1)
#91812
0"
0)
0#
0(
#91818
1"
1)
#91819
b1 2
b11 /
b11110000 ,
b11110000 -
b11110000 3
b11110000 .
1#
1(
#91824
0"
0)
#91826
0#
0(
#91830
b11110000 4
1"
1)
#91833
b1110 0
1#
1(
#91836
0"
0)
#91840
0#
0(
#91842
1"
1)
#91847
b1101 0
1#
1(
#91848
0"
0)
#91854
1"
1)
0#
0(
#91860
0"
0)
#91861
b1100 0
1#
1(
#91866
1"
1)
#91868
0#
0(
#91872
0"
0)
#91875
b1011 0
1#
1(
#91878
1"
1)
#91882
0#
0(
#91884
0"
0)
#91889
b1010 0
1#
1(
#91890
1"
1)
#91896
0"
0)
0#
0(
#91902
1"
1)
#91903
b1001 0
1#
1(
#91908
0"
0)
#91910
0#
0(
#91914
1"
1)
#91917
b1000 0
1#
1(
#91920
0"
0)
#91924
0#
0(
#91926
1"
1)
#91931
b111 0
1#
1(
#91932
0"
0)
#91938
1"
1)
0#
0(
#91944
0"
0)
#91945
b110 0
1#
1(
#91950
1"
1)
#91952
0#
0(
#91956
0"
0)
#91959
b101 0
1#
1(
#91962
1"
1)
#91966
0#
0(
#91968
0"
0)
#91973
b100 0
1#
1(
#91974
1"
1)
#91980
0"
0)
0#
0(
#91986
1"
1)
#91987
b11 0
1#
1(
#91992
0"
0)
#91994
0#
0(
#91995
b1011 9
b101 ;
#91998
1"
1)
#92001
b10 0
1#
1(
#92004
0"
0)
#92008
0#
0(
#92010
1"
1)
#92015
b1 0
1#
1(
#92016
0"
0)
#92022
1"
1)
0#
0(
#92028
0"
0)
#92029
b0 0
1#
1(
#92034
1"
1)
#92036
0#
0(
#92040
0"
0)
#92043
b10 2
b1111 0
1#
1(
#92046
1"
1)
#92050
0#
0(
#92052
0"
0)
#92057
b1 2
b10 /
b11100000 ,
b11100000 -
b11100000 3
b11100000 .
1#
1(
#92058
b11100000 4
1"
1)
#92064
0"
0)
0#
0(
#92070
1"
1)
#92071
b1110 0
1#
1(
#92076
0"
0)
#92078
0#
0(
#92082
1"
1)
#92085
b1101 0
1#
1(
#92088
0"
0)
#92092
0#
0(
#92094
1"
1)
#92099
b1100 0
1#
1(
#92100
0"
0)
#92106
1"
1)
0#
0(
#92112
0"
0)
#92113
b1011 0
1#
1(
#92118
1"
1)
#92120
0#
0(
#92124
0"
0)
#92127
b1010 0
1#
1(
#92130
1"
1)
#92134
0#
0(
#92136
0"
0)
#92141
b1001 0
1#
1(
#92142
1"
1)
#92148
0"
0)
0#
0(
#92154
1"
1)
#92155
b1000 0
1#
1(
#92160
0"
0)
#92162
0#
0(
#92166
1"
1)
#92169
b111 0
1#
1(
#92172
0"
0)
#92176
0#
0(
#92178
1"
1)
#92183
b110 0
1#
1(
#92184
0"
0)
#92190
1"
1)
0#
0(
#92196
0"
0)
#92197
b101 0
1#
1(
#92202
1"
1)
#92204
0#
0(
#92208
0"
0)
#92211
b100 0
1#
1(
#92214
1"
1)
#92218
0#
0(
#92220
0"
0)
#92222
b101 9
1&
b110 ;
#92225
b11100001 ,
b11100001 -
b11100001 3
b11100001 .
b11 0
1#
1(
#92226
b11100001 4
1"
1)
#92232
0"
0)
0#
0(
#92238
1"
1)
#92239
b10 0
1#
1(
#92244
0"
0)
#92246
0#
0(
#92250
1"
1)
#92253
b1 0
1#
1(
#92256
0"
0)
#92260
0#
0(
#92262
1"
1)
#92267
b0 0
1#
1(
#92268
0"
0)
#92274
1"
1)
0#
0(
#92280
0"
0)
#92281
b10 2
b1111 0
1#
1(
#92286
1"
1)
#92288
0#
0(
#92292
0"
0)
#92295
b1 2
b1 /
b11000010 ,
b11000010 -
b11000010 3
b11000010 .
1#
1(
#92298
b11000010 4
1"
1)
#92302
0#
0(
#92304
0"
0)
#92309
b11000011 ,
b11000011 -
b11000011 3
b11000011 .
b1110 0
1#
1(
#92310
b11000011 4
1"
1)
#92316
0"
0)
0#
0(
#92322
1"
1)
#92323
b1101 0
1#
1(
#92328
0"
0)
#92330
0#
0(
#92334
1"
1)
#92337
b1100 0
1#
1(
#92340
0"
0)
#92344
0#
0(
#92346
1"
1)
#92351
b1011 0
1#
1(
#92352
0"
0)
#92358
1"
1)
0#
0(
#92364
0"
0)
#92365
b1010 0
1#
1(
#92370
1"
1)
#92372
0#
0(
#92376
0"
0)
#92379
b1001 0
1#
1(
#92382
1"
1)
#92386
0#
0(
#92388
0"
0)
#92393
b1000 0
1#
1(
#92394
1"
1)
#92400
0"
0)
0#
0(
#92406
1"
1)
#92407
b111 0
1#
1(
#92412
0"
0)
#92414
0#
0(
#92418
1"
1)
#92421
b110 0
1#
1(
#92424
0"
0)
#92428
0#
0(
#92430
1"
1)
#92435
b101 0
1#
1(
#92436
0"
0)
#92442
1"
1)
0#
0(
#92448
0"
0)
#92449
b100 0
1#
1(
b10 9
b111 ;
#92454
1"
1)
#92456
0#
0(
#92460
0"
0)
#92463
b11 0
1#
1(
#92466
1"
1)
#92470
0#
0(
#92472
0"
0)
#92477
b10 0
1#
1(
#92478
1"
1)
#92484
0"
0)
0#
0(
#92490
1"
1)
#92491
b1 0
1#
1(
#92496
0"
0)
#92498
0#
0(
#92502
1"
1)
#92505
b0 0
1#
1(
#92508
0"
0)
#92512
0#
0(
#92514
1"
1)
#92519
b10 2
b1111 0
1#
1(
#92520
0"
0)
#92526
1"
1)
0#
0(
#92532
0"
0)
#92533
b1 2
b0 /
b10000110 ,
b10000110 -
b10000110 3
b10000110 .
1#
1(
#92538
b10000110 4
1"
1)
#92540
0#
0(
#92544
0"
0)
#92547
b10000111 ,
b10000111 -
b10000111 3
b10000111 .
b1110 0
1#
1(
#92550
b10000111 4
1"
1)
#92554
0#
0(
#92556
0"
0)
#92561
b1101 0
1#
1(
#92562
1"
1)
#92568
0"
0)
0#
0(
#92574
1"
1)
#92575
b1100 0
1#
1(
#92580
0"
0)
#92582
0#
0(
#92586
1"
1)
#92589
b1011 0
1#
1(
#92592
0"
0)
#92596
0#
0(
#92598
1"
1)
#92603
b1010 0
1#
1(
#92604
0"
0)
#92610
1"
1)
0#
0(
#92616
0"
0)
#92617
b1001 0
1#
1(
#92622
1"
1)
#92624
0#
0(
#92628
0"
0)
#92631
b1000 0
1#
1(
#92634
1"
1)
#92638
0#
0(
#92640
0"
0)
#92645
b111 0
1#
1(
#92646
1"
1)
#92652
0"
0)
0#
0(
#92658
1"
1)
#92659
b110 0
1#
1(
#92664
0"
0)
#92666
0#
0(
#92670
1"
1)
#92673
b101 0
1#
1(
#92676
0"
0)
b1 9
0&
b1000 ;
#92680
0#
0(
#92682
1"
1)
#92687
b10000110 ,
b10000110 -
b10000110 3
b10000110 .
b100 0
1#
1(
#92688
0"
0)
#92694
b10000110 4
1"
1)
0#
0(
#92700
0"
0)
#92701
b11 0
1#
1(
#92706
1"
1)
#92708
0#
0(
#92712
0"
0)
#92715
b10 0
1#
1(
#92718
1"
1)
#92722
0#
0(
#92724
0"
0)
#92729
b1 0
1#
1(
#92730
1"
1)
#92736
0"
0)
0#
0(
#92742
1"
1)
#92743
b0 0
1#
1(
#92748
0"
0)
#92750
0#
0(
#92754
1"
1)
#92757
b10 2
b1111 0
1#
1(
#92760
0"
0)
#92764
0#
0(
#92766
1"
1)
#92771
b11 2
b111 /
b1100 ,
b1100 -
b1100 3
b1100 .
1#
1(
#92772
0"
0)
#92778
b1100 4
1"
1)
0#
0(
#92784
0"
0)
#92785
b100 2
1#
1(
#92790
1"
1)
#92792
0#
0(
#92796
0"
0)
#92799
0+
01
1#
1(
#92802
b1 7
1"
1)
#92806
0#
0(
#92808
0"
0)
#92813
1#
1(
#92814
b10 7
0!
08
0*
06
1"
1)
#92820
0"
0)
0#
0(
#92826
b110 5
b11000 4
1"
1)
#92827
b0 2
1#
1(
#92832
0"
0)
#92834
0#
0(
#92838
b101 5
b110000 4
1"
1)
#92841
b1 2
1+
11
1#
1(
#92844
0"
0)
#92848
0#
0(
#92850
b100 5
b1100000 4
1"
1)
#92855
b1110 0
1#
1(
#92856
0"
0)
#92862
b11 5
b11000000 4
1"
1)
0#
0(
#92868
0"
0)
#92869
b1101 0
1#
1(
#92874
b10 5
b10000000 4
1!
18
1"
1)
#92876
0#
0(
#92880
0"
0)
#92883
b1100 0
1#
1(
#92886
b1 5
b0 4
1"
1)
#92890
0#
0(
#92892
0"
0)
#92897
b1011 0
1#
1(
#92898
b0 5
0!
08
1"
1)
#92903
b0 9
1&
b1001 ;
#92904
0"
0)
0#
0(
#92910
b0 7
b111 5
1"
1)
#92911
b1101 ,
b1101 -
b1101 3
b1101 .
b1010 0
1#
1(
#92916
0"
0)
#92918
0#
0(
#92922
1!
18
b1101 4
1*
16
1"
1)
#92925
b1001 0
1#
1(
#92928
0"
0)
#92932
0#
0(
#92934
1"
1)
#92939
b1000 0
1#
1(
#92940
0"
0)
#92946
1"
1)
0#
0(
#92952
0"
0)
#92953
b111 0
1#
1(
#92958
1"
1)
#92960
0#
0(
#92964
0"
0)
#92967
b110 0
1#
1(
#92970
1"
1)
#92974
0#
0(
#92976
0"
0)
#92981
b101 0
1#
1(
#92982
1"
1)
#92988
0"
0)
0#
0(
#92994
1"
1)
#92995
b100 0
1#
1(
#93000
0"
0)
#93002
0#
0(
#93006
1"
1)
#93009
b11 0
1#
1(
#93012
0"
0)
#93016
0#
0(
#93018
1"
1)
#93023
b10 0
1#
1(
#93024
0"
0)
#93030
1"
1)
0#
0(
#93036
0"
0)
#93037
b1 0
1#
1(
#93042
1"
1)
#93044
0#
0(
#93048
0"
0)
#93051
b0 0
1#
1(
#93054
1"
1)
#93058
0#
0(
#93060
0"
0)
#93065
b10 2
b1111 0
1#
1(
#93066
1"
1)
#93072
0"
0)
0#
0(
#93078
1"
1)
#93079
b1 2
b110 /
b11010 ,
b11010 -
b11010 3
b11010 .
1#
1(
#93084
0"
0)
#93086
0#
0(
#93090
b11010 4
1"
1)
#93093
b11011 ,
b11011 -
b11011 3
b11011 .
b1110 0
1#
1(
#93096
0"
0)
#93100
0#
0(
#93102
b11011 4
1"
1)
#93107
b1101 0
1#
1(
#93108
0"
0)
#93114
1"
1)
0#
0(
#93120
0"
0)
#93121
b1100 0
1#
1(
#93126
1"
1)
#93128
0#
0(
#93130
b1010 ;
#93132
0"
0)
#93135
b1011 0
1#
1(
#93138
1"
1)
#93142
0#
0(
#93144
0"
0)
#93149
b1010 0
1#
1(
#93150
1"
1)
#93156
0"
0)
0#
0(
#93162
1"
1)
#93163
b1001 0
1#
1(
#93168
0"
0)
#93170
0#
0(
#93174
1"
1)
#93177
b1000 0
1#
1(
#93180
0"
0)
#93184
0#
0(
#93186
1"
1)
#93191
b111 0
1#
1(
#93192
0"
0)
#93198
1"
1)
0#
0(
#93204
0"
0)
#93205
b110 0
1#
1(
#93210
1"
1)
#93212
0#
0(
#93216
0"
0)
#93219
b101 0
1#
1(
#93222
1"
1)
#93226
0#
0(
#93228
0"
0)
#93233
b100 0
1#
1(
#93234
1"
1)
#93240
0"
0)
0#
0(
#93246
1"
1)
#93247
b11 0
1#
1(
#93252
0"
0)
#93254
0#
0(
#93258
1"
1)
#93261
b10 0
1#
1(
#93264
0"
0)
#93268
0#
0(
#93270
1"
1)
#93275
b1 0
1#
1(
#93276
0"
0)
#93282
1"
1)
0#
0(
#93288
0"
0)
#93289
b0 0
1#
1(
#93294
1"
1)
#93296
0#
0(
#93300
0"
0)
#93303
b10 2
b1111 0
1#
1(
#93306
1"
1)
#93310
0#
0(
#93312
0"
0)
#93317
b1 2
b101 /
b110110 ,
b110110 -
b110110 3
b110110 .
1#
1(
#93318
b110110 4
1"
1)
#93324
0"
0)
0#
0(
#93330
1"
1)
#93331
b110111 ,
b110111 -
b110111 3
b110111 .
b1110 0
1#
1(
#93336
0"
0)
#93338
0#
0(
#93342
b110111 4
1"
1)
#93345
b1101 0
1#
1(
#93348
0"
0)
#93352
0#
0(
#93354
1"
1)
#93359
b1100 0
1#
1(
#93360
0"
0)
#93366
1"
1)
0#
0(
#93372
0"
0)
#93373
b1011 0
1#
1(
#93378
1"
1)
#93380
0#
0(
#93384
0"
0)
#93387
b1010 0
1#
1(
#93390
1"
1)
#93394
0#
0(
#93396
0"
0)
#93401
b1001 0
1#
1(
#93402
1"
1)
#93408
0"
0)
0#
0(
#93414
1"
1)
#93415
b1000 0
1#
1(
#93420
0"
0)
#93422
0#
0(
#93426
1"
1)
#93429
b111 0
1#
1(
#93432
0"
0)
#93436
0#
0(
#93438
1"
1)
#93443
b110 0
1#
1(
#93444
0"
0)
#93450
1"
1)
0#
0(
#93456
0"
0)
#93457
b101 0
1#
1(
#93462
1"
1)
#93464
0#
0(
#93468
0"
0)
#93471
b100 0
1#
1(
#93474
1"
1)
#93478
0#
0(
#93480
0"
0)
#93485
b11 0
1#
1(
#93486
1"
1)
#93492
0"
0)
0#
0(
#93498
1"
1)
#93499
b10 0
1#
1(
#93504
0"
0)
#93506
0#
0(
#93510
1"
1)
#93513
b1 0
1#
1(
#93516
0"
0)
#93520
0#
0(
#93522
1"
1)
#93527
b0 0
1#
1(
#93528
0"
0)
#93534
1"
1)
0#
0(
#93540
0"
0)
#93541
b10 2
b1111 0
1#
1(
#93546
1"
1)
#93548
0#
0(
#93552
0"
0)
#93555
b1 2
b100 /
b1101110 ,
b1101110 -
b1101110 3
b1101110 .
1#
1(
#93558
b1101110 4
1"
1)
#93562
0#
0(
#93564
0"
0)
#93569
b1101111 ,
b1101111 -
b1101111 3
b1101111 .
b1110 0
1#
1(
#93570
b1101111 4
1"
1)
#93576
0"
0)
0#
0(
#93582
1"
1)
#93583
b1101 0
1#
1(
#93588
0"
0)
#93590
0#
0(
#93594
1"
1)
#93597
b1100 0
1#
1(
#93600
0"
0)
#93604
0#
0(
#93606
1"
1)
#93611
b1011 0
1#
1(
#93612
0"
0)
#93618
1"
1)
0#
0(
#93624
0"
0)
#93625
b1010 0
1#
1(
#93630
1"
1)
#93632
0#
0(
#93636
0"
0)
#93639
b1001 0
1#
1(
#93642
1"
1)
#93646
0#
0(
#93648
0"
0)
#93653
b1000 0
1#
1(
#93654
1"
1)
#93660
0"
0)
0#
0(
#93666
1"
1)
#93667
b111 0
1#
1(
#93672
0"
0)
#93674
0#
0(
#93678
1"
1)
#93681
b110 0
1#
1(
#93684
0"
0)
#93688
0#
0(
#93690
1"
1)
#93695
b101 0
1#
1(
#93696
0"
0)
#93702
1"
1)
0#
0(
#93708
0"
0)
#93709
b100 0
1#
1(
#93714
1"
1)
#93716
0#
0(
#93720
0"
0)
#93723
b11 0
1#
1(
#93726
1"
1)
#93730
0#
0(
#93732
0"
0)
#93737
b10 0
1#
1(
#93738
1"
1)
#93744
0"
0)
0#
0(
#93750
1"
1)
#93751
b1 0
1#
1(
#93756
0"
0)
#93758
0#
0(
#93762
1"
1)
#93765
b0 0
1#
1(
#93768
0"
0)
#93772
0#
0(
#93774
1"
1)
#93779
b10 2
b1111 0
1#
1(
#93780
0"
0)
#93786
1"
1)
0#
0(
#93792
0"
0)
#93793
b1 2
b11 /
b11011110 ,
b11011110 -
b11011110 3
b11011110 .
1#
1(
#93798
b11011110 4
1"
1)
#93800
0#
0(
#93804
0"
0)
#93807
b11011111 ,
b11011111 -
b11011111 3
b11011111 .
b1110 0
1#
1(
#93810
b11011111 4
1"
1)
#93814
0#
0(
#93816
0"
0)
#93821
b1101 0
1#
1(
#93822
1"
1)
#93828
0"
0)
0#
0(
#93834
1"
1)
#93835
b1100 0
1#
1(
#93840
0"
0)
#93842
0#
0(
#93846
1"
1)
#93849
b1011 0
1#
1(
#93852
0"
0)
#93856
0#
0(
#93858
1"
1)
#93863
b1010 0
1#
1(
#93864
0"
0)
#93870
1"
1)
0#
0(
#93876
0"
0)
#93877
b1001 0
1#
1(
#93882
1"
1)
#93884
0#
0(
#93888
0"
0)
#93891
b1000 0
1#
1(
#93894
1"
1)
#93898
0#
0(
#93900
0"
0)
#93905
b111 0
1#
1(
#93906
1"
1)
#93912
0"
0)
0#
0(
#93918
1"
1)
#93919
b110 0
1#
1(
#93924
0"
0)
#93926
0#
0(
#93930
1"
1)
#93933
b101 0
1#
1(
#93936
0"
0)
#93940
0#
0(
#93942
1"
1)
#93947
b100 0
1#
1(
#93948
0"
0)
#93954
1"
1)
0#
0(
#93960
0"
0)
#93961
b11 0
1#
1(
#93966
1"
1)
#93968
0#
0(
#93972
0"
0)
#93975
b10 0
1#
1(
#93978
1"
1)
#93982
0#
0(
#93984
0"
0)
#93989
b1 0
1#
1(
#93990
1"
1)
#93996
0"
0)
0#
0(
#94002
1"
1)
#94003
b0 0
1#
1(
#94008
0"
0)
#94010
0#
0(
#94014
1"
1)
#94017
b10 2
b1111 0
1#
1(
#94020
0"
0)
#94024
0#
0(
#94026
1"
1)
#94031
b1 2
b10 /
b10111110 ,
b10111110 -
b10111110 3
b10111110 .
1#
1(
#94032
0"
0)
#94038
b10111110 4
1"
1)
0#
0(
#94044
0"
0)
#94045
b10111111 ,
b10111111 -
b10111111 3
b10111111 .
b1110 0
1#
1(
#94050
b10111111 4
1"
1)
#94052
0#
0(
#94056
0"
0)
#94059
b1101 0
1#
1(
#94062
1"
1)
#94066
0#
0(
#94068
0"
0)
#94073
b1100 0
1#
1(
#94074
1"
1)
#94080
0"
0)
0#
0(
#94086
1"
1)
#94087
b1011 0
1#
1(
#94092
0"
0)
#94094
0#
0(
#94098
1"
1)
#94101
b1010 0
1#
1(
#94104
0"
0)
#94108
0#
0(
#94110
1"
1)
#94115
b1001 0
1#
1(
#94116
0"
0)
#94122
1"
1)
0#
0(
#94128
0"
0)
#94129
b1000 0
1#
1(
#94134
1"
1)
#94136
0#
0(
#94140
0"
0)
#94143
b111 0
1#
1(
#94146
1"
1)
#94150
0#
0(
#94152
0"
0)
#94157
b110 0
1#
1(
#94158
1"
1)
#94164
0"
0)
0#
0(
#94170
1"
1)
#94171
b101 0
1#
1(
#94176
0"
0)
#94178
0#
0(
#94182
1"
1)
#94185
b100 0
1#
1(
#94188
0"
0)
#94192
0#
0(
#94194
1"
1)
#94199
b11 0
1#
1(
#94200
0"
0)
#94206
1"
1)
0#
0(
#94212
0"
0)
#94213
b10 0
1#
1(
#94218
1"
1)
#94220
0#
0(
#94224
0"
0)
#94227
b1 0
1#
1(
#94230
1"
1)
#94234
0#
0(
#94236
0"
0)
#94241
b0 0
1#
1(
#94242
1"
1)
#94248
0"
0)
0#
0(
#94254
1"
1)
#94255
b10 2
b1111 0
1#
1(
#94260
0"
0)
#94262
0#
0(
#94266
1"
1)
#94269
b1 2
b1 /
b1111110 ,
b1111110 -
b1111110 3
b1111110 .
1#
1(
#94272
0"
0)
#94276
0#
0(
#94278
b1111110 4
1"
1)
#94283
b1111111 ,
b1111111 -
b1111111 3
b1111111 .
b1110 0
1#
1(
#94284
0"
0)
#94290
b1111111 4
1"
1)
0#
0(
#94296
0"
0)
#94297
b1101 0
1#
1(
#94302
1"
1)
#94304
0#
0(
#94308
0"
0)
#94311
b1100 0
1#
1(
#94314
1"
1)
#94318
0#
0(
#94320
0"
0)
#94325
b1011 0
1#
1(
#94326
1"
1)
#94332
0"
0)
0#
0(
#94338
1"
1)
#94339
b1010 0
1#
1(
#94344
0"
0)
#94346
0#
0(
#94350
1"
1)
#94353
b1001 0
1#
1(
#94356
0"
0)
#94360
0#
0(
#94362
1"
1)
#94367
b1000 0
1#
1(
#94368
0"
0)
#94374
1"
1)
0#
0(
#94380
0"
0)
#94381
b111 0
1#
1(
#94386
1"
1)
#94388
0#
0(
#94392
0"
0)
#94395
b110 0
1#
1(
#94398
1"
1)
#94402
0#
0(
#94404
0"
0)
#94409
b101 0
1#
1(
#94410
1"
1)
#94416
0"
0)
0#
0(
#94422
1"
1)
#94423
b100 0
1#
1(
#94428
0"
0)
#94430
0#
0(
#94434
1"
1)
#94437
b11 0
1#
1(
#94440
0"
0)
#94444
0#
0(
#94446
1"
1)
#94451
b10 0
1#
1(
#94452
0"
0)
#94458
1"
1)
0#
0(
#94464
0"
0)
#94465
b1 0
1#
1(
#94470
1"
1)
#94472
0#
0(
#94476
0"
0)
#94479
b0 0
1#
1(
#94482
1"
1)
#94486
0#
0(
#94488
0"
0)
#94493
b10 2
b1111 0
1#
1(
#94494
1"
1)
#94500
0"
0)
0#
0(
#94506
1"
1)
#94507
b1 2
b0 /
b11111110 ,
b11111110 -
b11111110 3
b11111110 .
1#
1(
#94512
0"
0)
#94514
0#
0(
#94518
b11111110 4
1"
1)
#94521
b11111111 ,
b11111111 -
b11111111 3
b11111111 .
b1110 0
1#
1(
#94524
0"
0)
#94528
0#
0(
#94530
b11111111 4
1"
1)
#94535
b1101 0
1#
1(
#94536
0"
0)
#94542
1"
1)
0#
0(
#94548
0"
0)
#94549
b1100 0
1#
1(
#94554
1"
1)
#94556
0#
0(
#94560
0"
0)
#94563
b1011 0
1#
1(
#94566
1"
1)
#94570
0#
0(
#94572
0"
0)
#94577
b1010 0
1#
1(
#94578
1"
1)
#94584
0"
0)
0#
0(
#94590
1"
1)
#94591
b1001 0
1#
1(
#94596
0"
0)
#94598
0#
0(
#94602
1"
1)
#94605
b1000 0
1#
1(
#94608
0"
0)
#94612
0#
0(
#94614
1"
1)
#94619
b111 0
1#
1(
#94620
0"
0)
#94626
1"
1)
0#
0(
#94632
0"
0)
#94633
b110 0
1#
1(
#94638
1"
1)
#94640
0#
0(
#94644
0"
0)
#94647
b101 0
1#
1(
#94650
1"
1)
#94654
0#
0(
#94656
0"
0)
#94661
b100 0
1#
1(
#94662
1"
1)
#94668
0"
0)
0#
0(
#94674
1"
1)
#94675
b11 0
1#
1(
#94680
0"
0)
#94682
0#
0(
#94686
1"
1)
#94689
b10 0
1#
1(
#94692
0"
0)
#94696
0#
0(
#94698
1"
1)
#94703
b1 0
1#
1(
#94704
0"
0)
#94710
1"
1)
0#
0(
#94716
0"
0)
#94717
b0 0
1#
1(
#94722
1"
1)
#94724
0#
0(
#94728
0"
0)
#94731
b10 2
b1111 0
1#
1(
#94734
1"
1)
#94738
0#
0(
#94740
0"
0)
#94745
b11 2
b111 /
b11111110 ,
b11111110 -
b11111110 3
b11111110 .
1#
1(
#94746
b11111110 4
1"
1)
#94752
0"
0)
0#
0(
#94758
1"
1)
#94759
b100 2
1#
1(
#94764
0"
0)
#94766
0#
0(
#94770
1"
1)
#94773
0+
01
1#
1(
#94776
0"
0)
#94780
0#
0(
#94782
b1 7
1"
1)
#94787
1#
1(
#94788
0"
0)
#94794
b10 7
0!
08
0*
06
1"
1)
0#
0(
#94800
0"
0)
#94801
b0 2
1#
1(
#94806
b110 5
b11111100 4
1!
18
1"
1)
#94808
0#
0(
#94812
0"
0)
#94815
1+
11
1#
1(
#94818
b101 5
b11111000 4
1"
1)
#94822
0#
0(
#94824
0"
0)
#94829
1#
1(
#94830
b100 5
b11110000 4
1"
1)
#94836
0"
0)
0#
0(
#94842
b11 5
b11100000 4
1"
1)
#94843
1#
1(
#94848
0"
0)
#94850
0#
0(
#94854
b10 5
b11000000 4
1"
1)
#94857
1#
1(
#94860
0"
0)
#94864
0#
0(
#94866
b1 5
b10000000 4
1"
1)
#94871
1#
1(
#94872
0"
0)
#94878
b0 5
b0 4
1"
1)
0#
0(
#94884
0"
0)
#94885
1#
1(
#94890
b0 7
b111 5
0!
08
1"
1)
#94892
0#
0(
#94896
0"
0)
#94899
1#
1(
#94902
1!
18
b11111110 4
1*
16
1"
1)
#94906
0#
0(
#94908
0"
0)
#94913
1#
1(
#94914
1"
1)
#94920
0"
0)
0#
0(
#94926
1"
1)
#94927
1#
1(
#94932
0"
0)
#94934
0#
0(
#94938
1"
1)
#94941
1#
1(
#94944
0"
0)
#94948
0#
0(
#94950
1"
1)
#94955
1#
1(
#94956
0"
0)
#94962
1"
1)
0#
0(
#94968
0"
0)
#94969
1#
1(
#94974
1"
1)
#94976
0#
0(
#94980
0"
0)
#94983
1#
1(
#94986
1"
1)
#94990
0#
0(
#94992
0"
0)
#94997
1#
1(
#94998
1"
1)
#95004
0"
0)
0#
0(
#95010
1"
1)
#95011
1#
1(
#95016
0"
0)
#95018
0#
0(
#95022
1"
1)
#95025
1#
1(
#95028
0"
0)
#95032
0#
0(
#95034
1"
1)
#95039
1#
1(
#95040
0"
0)
#95046
1"
1)
0#
0(
#95052
0"
0)
#95053
1#
1(
#95058
1"
1)
#95060
0#
0(
#95064
0"
0)
#95067
1#
1(
#95070
1"
1)
#95074
0#
0(
#95076
0"
0)
#95081
1#
1(
#95082
1"
1)
#95088
0"
0)
0#
0(
#95094
1"
1)
#95095
1#
1(
#95100
0"
0)
#95102
0#
0(
#95106
1"
1)
#95109
1#
1(
#95112
0"
0)
#95116
0#
0(
#95118
1"
1)
#95123
1#
1(
#95124
0"
0)
#95130
1"
1)
0#
0(
#95136
0"
0)
#95137
1#
1(
#95142
1"
1)
#95144
0#
0(
#95148
0"
0)
#95151
1#
1(
#95154
1"
1)
#95158
0#
0(
#95160
0"
0)
#95165
1#
1(
#95166
1"
1)
#95172
0"
0)
0#
0(
#95178
1"
1)
#95179
1#
1(
#95184
0"
0)
#95186
0#
0(
#95190
1"
1)
#95193
1#
1(
#95196
0"
0)
#95200
0#
0(
#95202
1"
1)
#95207
1#
1(
#95208
0"
0)
#95214
1"
1)
0#
0(
#95220
0"
0)
#95221
1#
1(
#95226
1"
1)
#95228
0#
0(
#95232
0"
0)
#95235
1#
1(
#95238
1"
1)
#95242
0#
0(
#95244
0"
0)
#95249
1#
1(
#95250
1"
1)
#95256
0"
0)
0#
0(
#95262
1"
1)
#95263
1#
1(
#95268
0"
0)
#95270
0#
0(
#95274
1"
1)
#95277
1#
1(
#95280
0"
0)
#95284
0#
0(
#95286
1"
1)
#95291
1#
1(
#95292
0"
0)
#95298
1"
1)
0#
0(
#95304
0"
0)
#95305
1#
1(
#95310
1"
1)
#95312
0#
0(
#95316
0"
0)
#95319
1#
1(
#95322
1"
1)
#95326
0#
0(
#95328
0"
0)
#95333
1#
1(
#95334
1"
1)
#95340
0"
0)
0#
0(
#95346
1"
1)
#95347
1#
1(
#95352
0"
0)
#95354
0#
0(
#95358
1"
1)
#95361
1#
1(
#95364
0"
0)
#95368
0#
0(
#95370
1"
1)
#95375
1#
1(
#95376
0"
0)
#95382
1"
1)
0#
0(
#95388
0"
0)
#95389
1#
1(
#95394
1"
1)
#95396
0#
0(
#95400
0"
0)
#95402
0&
b0 ;
b101110010 9
b10101 :
#95403
b1 2
1#
1(
#95406
1"
1)
#95410
0#
0(
#95412
0"
0)
#95417
b1110 0
1#
1(
#95418
1"
1)
#95424
0"
0)
0#
0(
#95430
1"
1)
#95431
b1101 0
1#
1(
#95436
0"
0)
#95438
0#
0(
#95442
1"
1)
#95445
b1100 0
1#
1(
#95448
0"
0)
#95452
0#
0(
#95454
1"
1)
#95459
b1011 0
1#
1(
#95460
0"
0)
#95466
1"
1)
0#
0(
#95472
0"
0)
#95473
b1010 0
1#
1(
#95478
1"
1)
#95480
0#
0(
#95484
0"
0)
#95487
b1001 0
1#
1(
#95490
1"
1)
#95494
0#
0(
#95496
0"
0)
#95501
b1000 0
1#
1(
#95502
1"
1)
#95508
0"
0)
0#
0(
#95514
1"
1)
#95515
b111 0
1#
1(
#95520
0"
0)
#95522
0#
0(
#95526
1"
1)
#95529
b110 0
1#
1(
#95532
0"
0)
#95536
0#
0(
#95538
1"
1)
#95543
b101 0
1#
1(
#95544
0"
0)
#95550
1"
1)
0#
0(
#95556
0"
0)
#95557
b100 0
1#
1(
#95562
1"
1)
#95564
0#
0(
#95568
0"
0)
#95571
b11 0
1#
1(
#95574
1"
1)
#95578
0#
0(
#95580
0"
0)
#95585
b10 0
1#
1(
#95586
1"
1)
#95592
0"
0)
0#
0(
#95598
1"
1)
#95599
b1 0
1#
1(
#95604
0"
0)
#95606
0#
0(
#95610
1"
1)
#95613
b0 0
1#
1(
#95616
0"
0)
#95620
0#
0(
#95622
1"
1)
#95627
b10 2
b1111 0
1#
1(
#95628
0"
0)
#95629
b10111001 9
b1 ;
#95634
1"
1)
0#
0(
#95640
0"
0)
#95641
b1 2
b110 /
b11111100 ,
b11111100 -
b11111100 3
b11111100 .
1#
1(
#95646
b11111100 4
1"
1)
#95648
0#
0(
#95652
0"
0)
#95655
b1110 0
1#
1(
#95658
1"
1)
#95662
0#
0(
#95664
0"
0)
#95669
b1101 0
1#
1(
#95670
1"
1)
#95676
0"
0)
0#
0(
#95682
1"
1)
#95683
b1100 0
1#
1(
#95688
0"
0)
#95690
0#
0(
#95694
1"
1)
#95697
b1011 0
1#
1(
#95700
0"
0)
#95704
0#
0(
#95706
1"
1)
#95711
b1010 0
1#
1(
#95712
0"
0)
#95718
1"
1)
0#
0(
#95724
0"
0)
#95725
b1001 0
1#
1(
#95730
1"
1)
#95732
0#
0(
#95736
0"
0)
#95739
b1000 0
1#
1(
#95742
1"
1)
#95746
0#
0(
#95748
0"
0)
#95753
b111 0
1#
1(
#95754
1"
1)
#95760
0"
0)
0#
0(
#95766
1"
1)
#95767
b110 0
1#
1(
#95772
0"
0)
#95774
0#
0(
#95778
1"
1)
#95781
b101 0
1#
1(
#95784
0"
0)
#95788
0#
0(
#95790
1"
1)
#95795
b100 0
1#
1(
#95796
0"
0)
#95802
1"
1)
0#
0(
#95808
0"
0)
#95809
b11 0
1#
1(
#95814
1"
1)
#95816
0#
0(
#95820
0"
0)
#95823
b10 0
1#
1(
#95826
1"
1)
#95830
0#
0(
#95832
0"
0)
#95837
b1 0
1#
1(
#95838
1"
1)
#95844
0"
0)
0#
0(
#95850
1"
1)
#95851
b0 0
1#
1(
#95856
0"
0)
b1011100 9
1&
b10 ;
#95858
0#
0(
#95862
1"
1)
#95865
b10 2
b11111101 ,
b11111101 -
b11111101 3
b11111101 .
b1111 0
1#
1(
#95868
0"
0)
#95872
0#
0(
#95874
b11111101 4
1"
1)
#95879
b1 2
b101 /
b11111010 ,
b11111010 -
b11111010 3
b11111010 .
1#
1(
#95880
0"
0)
#95886
b11111010 4
1"
1)
0#
0(
#95892
0"
0)
#95893
b11111011 ,
b11111011 -
b11111011 3
b11111011 .
b1110 0
1#
1(
#95898
b11111011 4
1"
1)
#95900
0#
0(
#95904
0"
0)
#95907
b1101 0
1#
1(
#95910
1"
1)
#95914
0#
0(
#95916
0"
0)
#95921
b1100 0
1#
1(
#95922
1"
1)
#95928
0"
0)
0#
0(
#95934
1"
1)
#95935
b1011 0
1#
1(
#95940
0"
0)
#95942
0#
0(
#95946
1"
1)
#95949
b1010 0
1#
1(
#95952
0"
0)
#95956
0#
0(
#95958
1"
1)
#95963
b1001 0
1#
1(
#95964
0"
0)
#95970
1"
1)
0#
0(
#95976
0"
0)
#95977
b1000 0
1#
1(
#95982
1"
1)
#95984
0#
0(
#95988
0"
0)
#95991
b111 0
1#
1(
#95994
1"
1)
#95998
0#
0(
#96000
0"
0)
#96005
b110 0
1#
1(
#96006
1"
1)
#96012
0"
0)
0#
0(
#96018
1"
1)
#96019
b101 0
1#
1(
#96024
0"
0)
#96026
0#
0(
#96030
1"
1)
#96033
b100 0
1#
1(
#96036
0"
0)
#96040
0#
0(
#96042
1"
1)
#96047
b11 0
1#
1(
#96048
0"
0)
#96054
1"
1)
0#
0(
#96060
0"
0)
#96061
b10 0
1#
1(
#96066
1"
1)
#96068
0#
0(
#96072
0"
0)
#96075
b1 0
1#
1(
#96078
1"
1)
#96082
0#
0(
#96083
b101110 9
0&
b11 ;
#96084
0"
0)
#96089
b11111010 ,
b11111010 -
b11111010 3
b11111010 .
b0 0
1#
1(
#96090
b11111010 4
1"
1)
#96096
0"
0)
0#
0(
#96102
1"
1)
#96103
b10 2
b1111 0
1#
1(
#96108
0"
0)
#96110
0#
0(
#96114
1"
1)
#96117
b1 2
b100 /
b11110100 ,
b11110100 -
b11110100 3
b11110100 .
1#
1(
#96120
0"
0)
#96124
0#
0(
#96126
b11110100 4
1"
1)
#96131
b1110 0
1#
1(
#96132
0"
0)
#96138
1"
1)
0#
0(
#96144
0"
0)
#96145
b1101 0
1#
1(
#96150
1"
1)
#96152
0#
0(
#96156
0"
0)
#96159
b1100 0
1#
1(
#96162
1"
1)
#96166
0#
0(
#96168
0"
0)
#96173
b1011 0
1#
1(
#96174
1"
1)
#96180
0"
0)
0#
0(
#96186
1"
1)
#96187
b1010 0
1#
1(
#96192
0"
0)
#96194
0#
0(
#96198
1"
1)
#96201
b1001 0
1#
1(
#96204
0"
0)
#96208
0#
0(
#96210
1"
1)
#96215
b1000 0
1#
1(
#96216
0"
0)
#96222
1"
1)
0#
0(
#96228
0"
0)
#96229
b111 0
1#
1(
#96234
1"
1)
#96236
0#
0(
#96240
0"
0)
#96243
b110 0
1#
1(
#96246
1"
1)
#96250
0#
0(
#96252
0"
0)
#96257
b101 0
1#
1(
#96258
1"
1)
#96264
0"
0)
0#
0(
#96270
1"
1)
#96271
b100 0
1#
1(
#96276
0"
0)
#96278
0#
0(
#96282
1"
1)
#96285
b11 0
1#
1(
#96288
0"
0)
#96292
0#
0(
#96294
1"
1)
#96299
b10 0
1#
1(
#96300
0"
0)
#96306
1"
1)
0#
0(
#96310
b10111 9
b100 ;
#96312
0"
0)
#96313
b1 0
1#
1(
#96318
1"
1)
#96320
0#
0(
#96324
0"
0)
#96327
b0 0
1#
1(
#96330
1"
1)
#96334
0#
0(
#96336
0"
0)
#96341
b10 2
b1111 0
1#
1(
#96342
1"
1)
#96348
0"
0)
0#
0(
#96354
1"
1)
#96355
b1 2
b11 /
b11101000 ,
b11101000 -
b11101000 3
b11101000 .
1#
1(
#96360
0"
0)
#96362
0#
0(
#96366
b11101000 4
1"
1)
#96369
b1110 0
1#
1(
#96372
0"
0)
#96376
0#
0(
#96378
1"
1)
#96383
b1101 0
1#
1(
#96384
0"
0)
#96390
1"
1)
0#
0(
#96396
0"
0)
#96397
b1100 0
1#
1(
#96402
1"
1)
#96404
0#
0(
#96408
0"
0)
#96411
b1011 0
1#
1(
#96414
1"
1)
#96418
0#
0(
#96420
0"
0)
#96425
b1010 0
1#
1(
#96426
1"
1)
#96432
0"
0)
0#
0(
#96438
1"
1)
#96439
b1001 0
1#
1(
#96444
0"
0)
#96446
0#
0(
#96450
1"
1)
#96453
b1000 0
1#
1(
#96456
0"
0)
#96460
0#
0(
#96462
1"
1)
#96467
b111 0
1#
1(
#96468
0"
0)
#96474
1"
1)
0#
0(
#96480
0"
0)
#96481
b110 0
1#
1(
#96486
1"
1)
#96488
0#
0(
#96492
0"
0)
#96495
b101 0
1#
1(
#96498
1"
1)
#96502
0#
0(
#96504
0"
0)
#96509
b100 0
1#
1(
#96510
1"
1)
#96516
0"
0)
0#
0(
#96522
1"
1)
#96523
b11 0
1#
1(
#96528
0"
0)
#96530
0#
0(
#96534
1"
1)
#96537
b11101001 ,
b11101001 -
b11101001 3
b11101001 .
b10 0
1#
1(
b1011 9
1&
b101 ;
#96540
0"
0)
#96544
0#
0(
#96546
b11101001 4
1"
1)
#96551
b1 0
1#
1(
#96552
0"
0)
#96558
1"
1)
0#
0(
#96564
0"
0)
#96565
b0 0
1#
1(
#96570
1"
1)
#96572
0#
0(
#96576
0"
0)
#96579
b10 2
b1111 0
1#
1(
#96582
1"
1)
#96586
0#
0(
#96588
0"
0)
#96593
b1 2
b10 /
b11010010 ,
b11010010 -
b11010010 3
b11010010 .
1#
1(
#96594
b11010010 4
1"
1)
#96600
0"
0)
0#
0(
#96606
1"
1)
#96607
b11010011 ,
b11010011 -
b11010011 3
b11010011 .
b1110 0
1#
1(
#96612
0"
0)
#96614
0#
0(
#96618
b11010011 4
1"
1)
#96621
b1101 0
1#
1(
#96624
0"
0)
#96628
0#
0(
#96630
1"
1)
#96635
b1100 0
1#
1(
#96636
0"
0)
#96642
1"
1)
0#
0(
#96648
0"
0)
#96649
b1011 0
1#
1(
#96654
1"
1)
#96656
0#
0(
#96660
0"
0)
#96663
b1010 0
1#
1(
#96666
1"
1)
#96670
0#
0(
#96672
0"
0)
#96677
b1001 0
1#
1(
#96678
1"
1)
#96684
0"
0)
0#
0(
#96690
1"
1)
#96691
b1000 0
1#
1(
#96696
0"
0)
#96698
0#
0(
#96702
1"
1)
#96705
b111 0
1#
1(
#96708
0"
0)
#96712
0#
0(
#96714
1"
1)
#96719
b110 0
1#
1(
#96720
0"
0)
#96726
1"
1)
0#
0(
#96732
0"
0)
#96733
b101 0
1#
1(
#96738
1"
1)
#96740
0#
0(
#96744
0"
0)
#96747
b100 0
1#
1(
#96750
1"
1)
#96754
0#
0(
#96756
0"
0)
#96761
b11 0
1#
1(
#96762
1"
1)
#96764
b101 9
b110 ;
#96768
0"
0)
0#
0(
#96774
1"
1)
#96775
b10 0
1#
1(
#96780
0"
0)
#96782
0#
0(
#96786
1"
1)
#96789
b1 0
1#
1(
#96792
0"
0)
#96796
0#
0(
#96798
1"
1)
#96803
b0 0
1#
1(
#96804
0"
0)
#96810
1"
1)
0#
0(
#96816
0"
0)
#96817
b10 2
b1111 0
1#
1(
#96822
1"
1)
#96824
0#
0(
#96828
0"
0)
#96831
b1 2
b1 /
b10100110 ,
b10100110 -
b10100110 3
b10100110 .
1#
1(
#96834
b10100110 4
1"
1)
#96838
0#
0(
#96840
0"
0)
#96845
b10100111 ,
b10100111 -
b10100111 3
b10100111 .
b1110 0
1#
1(
#96846
b10100111 4
1"
1)
#96852
0"
0)
0#
0(
#96858
1"
1)
#96859
b1101 0
1#
1(
#96864
0"
0)
#96866
0#
0(
#96870
1"
1)
#96873
b1100 0
1#
1(
#96876
0"
0)
#96880
0#
0(
#96882
1"
1)
#96887
b1011 0
1#
1(
#96888
0"
0)
#96894
1"
1)
0#
0(
#96900
0"
0)
#96901
b1010 0
1#
1(
#96906
1"
1)
#96908
0#
0(
#96912
0"
0)
#96915
b1001 0
1#
1(
#96918
1"
1)
#96922
0#
0(
#96924
0"
0)
#96929
b1000 0
1#
1(
#96930
1"
1)
#96936
0"
0)
0#
0(
#96942
1"
1)
#96943
b111 0
1#
1(
#96948
0"
0)
#96950
0#
0(
#96954
1"
1)
#96957
b110 0
1#
1(
#96960
0"
0)
#96964
0#
0(
#96966
1"
1)
#96971
b101 0
1#
1(
#96972
0"
0)
#96978
1"
1)
0#
0(
#96984
0"
0)
#96985
b100 0
1#
1(
#96990
1"
1)
#96991
b10 9
b111 ;
#96992
0#
0(
#96996
0"
0)
#96999
b11 0
1#
1(
#97002
1"
1)
#97006
0#
0(
#97008
0"
0)
#97013
b10 0
1#
1(
#97014
1"
1)
#97020
0"
0)
0#
0(
#97026
1"
1)
#97027
b1 0
1#
1(
#97032
0"
0)
#97034
0#
0(
#97038
1"
1)
#97041
b0 0
1#
1(
#97044
0"
0)
#97048
0#
0(
#97050
1"
1)
#97055
b10 2
b1111 0
1#
1(
#97056
0"
0)
#97062
1"
1)
0#
0(
#97068
0"
0)
#97069
b1 2
b0 /
b1001110 ,
b1001110 -
b1001110 3
b1001110 .
1#
1(
#97074
b1001110 4
1"
1)
#97076
0#
0(
#97080
0"
0)
#97083
b1001111 ,
b1001111 -
b1001111 3
b1001111 .
b1110 0
1#
1(
#97086
b1001111 4
1"
1)
#97090
0#
0(
#97092
0"
0)
#97097
b1101 0
1#
1(
#97098
1"
1)
#97104
0"
0)
0#
0(
#97110
1"
1)
#97111
b1100 0
1#
1(
#97116
0"
0)
#97118
0#
0(
#97122
1"
1)
#97125
b1011 0
1#
1(
#97128
0"
0)
#97132
0#
0(
#97134
1"
1)
#97139
b1010 0
1#
1(
#97140
0"
0)
#97146
1"
1)
0#
0(
#97152
0"
0)
#97153
b1001 0
1#
1(
#97158
1"
1)
#97160
0#
0(
#97164
0"
0)
#97167
b1000 0
1#
1(
#97170
1"
1)
#97174
0#
0(
#97176
0"
0)
#97181
b111 0
1#
1(
#97182
1"
1)
#97188
0"
0)
0#
0(
#97194
1"
1)
#97195
b110 0
1#
1(
#97200
0"
0)
#97202
0#
0(
#97206
1"
1)
#97209
b101 0
1#
1(
#97212
0"
0)
#97216
0#
0(
#97218
1"
1)
b1 9
0&
b1000 ;
#97223
b1001110 ,
b1001110 -
b1001110 3
b1001110 .
b100 0
1#
1(
#97224
0"
0)
#97230
b1001110 4
1"
1)
0#
0(
#97236
0"
0)
#97237
b11 0
1#
1(
#97242
1"
1)
#97244
0#
0(
#97248
0"
0)
#97251
b10 0
1#
1(
#97254
1"
1)
#97258
0#
0(
#97260
0"
0)
#97265
b1 0
1#
1(
#97266
1"
1)
#97272
0"
0)
0#
0(
#97278
1"
1)
#97279
b0 0
1#
1(
#97284
0"
0)
#97286
0#
0(
#97290
1"
1)
#97293
b10 2
b1111 0
1#
1(
#97296
0"
0)
#97300
0#
0(
#97302
1"
1)
#97307
b11 2
b111 /
b10011100 ,
b10011100 -
b10011100 3
b10011100 .
1#
1(
#97308
0"
0)
#97314
b10011100 4
1"
1)
0#
0(
#97320
0"
0)
#97321
b100 2
1#
1(
#97326
1"
1)
#97328
0#
0(
#97332
0"
0)
#97335
0+
01
1#
1(
#97338
b1 7
1"
1)
#97342
0#
0(
#97344
0"
0)
#97349
1#
1(
#97350
b10 7
0!
08
0*
06
1"
1)
#97356
0"
0)
0#
0(
#97362
b110 5
b111000 4
1!
18
1"
1)
#97363
b0 2
1#
1(
#97368
0"
0)
#97370
0#
0(
#97374
b101 5
b1110000 4
0!
08
1"
1)
#97377
b1 2
1+
11
1#
1(
#97380
0"
0)
#97384
0#
0(
#97386
b100 5
b11100000 4
1"
1)
#97391
b1110 0
1#
1(
#97392
0"
0)
#97398
b11 5
b11000000 4
1!
18
1"
1)
0#
0(
#97404
0"
0)
#97405
b1101 0
1#
1(
#97410
b10 5
b10000000 4
1"
1)
#97412
0#
0(
#97416
0"
0)
#97419
b1100 0
1#
1(
#97422
b1 5
b0 4
1"
1)
#97426
0#
0(
#97428
0"
0)
#97433
b1011 0
1#
1(
#97434
b0 5
0!
08
1"
1)
#97440
0"
0)
0#
0(
#97445
b0 9
1&
b1001 ;
#97446
b0 7
b111 5
1"
1)
#97447
b10011101 ,
b10011101 -
b10011101 3
b10011101 .
b1010 0
1#
1(
#97452
0"
0)
#97454
0#
0(
#97458
1!
18
b10011101 4
1*
16
1"
1)
#97461
b1001 0
1#
1(
#97464
0"
0)
#97468
0#
0(
#97470
1"
1)
#97475
b1000 0
1#
1(
#97476
0"
0)
#97482
1"
1)
0#
0(
#97488
0"
0)
#97489
b111 0
1#
1(
#97494
1"
1)
#97496
0#
0(
#97500
0"
0)
#97503
b110 0
1#
1(
#97506
1"
1)
#97510
0#
0(
#97512
0"
0)
#97517
b101 0
1#
1(
#97518
1"
1)
#97524
0"
0)
0#
0(
#97530
1"
1)
#97531
b100 0
1#
1(
#97536
0"
0)
#97538
0#
0(
#97542
1"
1)
#97545
b11 0
1#
1(
#97548
0"
0)
#97552
0#
0(
#97554
1"
1)
#97559
b10 0
1#
1(
#97560
0"
0)
#97566
1"
1)
0#
0(
#97572
0"
0)
#97573
b1 0
1#
1(
#97578
1"
1)
#97580
0#
0(
#97584
0"
0)
#97587
b0 0
1#
1(
#97590
1"
1)
#97594
0#
0(
#97596
0"
0)
#97601
b10 2
b1111 0
1#
1(
#97602
1"
1)
#97608
0"
0)
0#
0(
#97614
1"
1)
#97615
b1 2
b110 /
b111010 ,
b111010 -
b111010 3
b111010 .
1#
1(
#97620
0"
0)
#97622
0#
0(
#97626
b111010 4
1"
1)
#97629
b111011 ,
b111011 -
b111011 3
b111011 .
b1110 0
1#
1(
#97632
0"
0)
#97636
0#
0(
#97638
b111011 4
1"
1)
#97643
b1101 0
1#
1(
#97644
0"
0)
#97650
1"
1)
0#
0(
#97656
0"
0)
#97657
b1100 0
1#
1(
#97662
1"
1)
#97664
0#
0(
#97668
0"
0)
#97671
b1011 0
1#
1(
#97672
b1010 ;
#97674
1"
1)
#97678
0#
0(
#97680
0"
0)
#97685
b1010 0
1#
1(
#97686
1"
1)
#97692
0"
0)
0#
0(
#97698
1"
1)
#97699
b1001 0
1#
1(
#97704
0"
0)
#97706
0#
0(
#97710
1"
1)
#97713
b1000 0
1#
1(
#97716
0"
0)
#97720
0#
0(
#97722
1"
1)
#97727
b111 0
1#
1(
#97728
0"
0)
#97734
1"
1)
0#
0(
#97740
0"
0)
#97741
b110 0
1#
1(
#97746
1"
1)
#97748
0#
0(
#97752
0"
0)
#97755
b101 0
1#
1(
#97758
1"
1)
#97762
0#
0(
#97764
0"
0)
#97769
b100 0
1#
1(
#97770
1"
1)
#97776
0"
0)
0#
0(
#97782
1"
1)
#97783
b11 0
1#
1(
#97788
0"
0)
#97790
0#
0(
#97794
1"
1)
#97797
b10 0
1#
1(
#97800
0"
0)
#97804
0#
0(
#97806
1"
1)
#97811
b1 0
1#
1(
#97812
0"
0)
#97818
1"
1)
0#
0(
#97824
0"
0)
#97825
b0 0
1#
1(
#97830
1"
1)
#97832
0#
0(
#97836
0"
0)
#97839
b10 2
b1111 0
1#
1(
#97842
1"
1)
#97846
0#
0(
#97848
0"
0)
#97853
b1 2
b101 /
b1110110 ,
b1110110 -
b1110110 3
b1110110 .
1#
1(
#97854
b1110110 4
1"
1)
#97860
0"
0)
0#
0(
#97866
1"
1)
#97867
b1110111 ,
b1110111 -
b1110111 3
b1110111 .
b1110 0
1#
1(
#97872
0"
0)
#97874
0#
0(
#97878
b1110111 4
1"
1)
#97881
b1101 0
1#
1(
#97884
0"
0)
#97888
0#
0(
#97890
1"
1)
#97895
b1100 0
1#
1(
#97896
0"
0)
#97902
1"
1)
0#
0(
#97908
0"
0)
#97909
b1011 0
1#
1(
#97914
1"
1)
#97916
0#
0(
#97920
0"
0)
#97923
b1010 0
1#
1(
#97926
1"
1)
#97930
0#
0(
#97932
0"
0)
#97937
b1001 0
1#
1(
#97938
1"
1)
#97944
0"
0)
0#
0(
#97950
1"
1)
#97951
b1000 0
1#
1(
#97956
0"
0)
#97958
0#
0(
#97962
1"
1)
#97965
b111 0
1#
1(
#97968
0"
0)
#97972
0#
0(
#97974
1"
1)
#97979
b110 0
1#
1(
#97980
0"
0)
#97986
1"
1)
0#
0(
#97992
0"
0)
#97993
b101 0
1#
1(
#97998
1"
1)
#98000
0#
0(
#98004
0"
0)
#98007
b100 0
1#
1(
#98010
1"
1)
#98014
0#
0(
#98016
0"
0)
#98021
b11 0
1#
1(
#98022
1"
1)
#98028
0"
0)
0#
0(
#98034
1"
1)
#98035
b10 0
1#
1(
#98040
0"
0)
#98042
0#
0(
#98046
1"
1)
#98049
b1 0
1#
1(
#98052
0"
0)
#98056
0#
0(
#98058
1"
1)
#98063
b0 0
1#
1(
#98064
0"
0)
#98070
1"
1)
0#
0(
#98076
0"
0)
#98077
b10 2
b1111 0
1#
1(
#98082
1"
1)
#98084
0#
0(
#98088
0"
0)
#98091
b1 2
b100 /
b11101110 ,
b11101110 -
b11101110 3
b11101110 .
1#
1(
#98094
b11101110 4
1"
1)
#98098
0#
0(
#98100
0"
0)
#98105
b11101111 ,
b11101111 -
b11101111 3
b11101111 .
b1110 0
1#
1(
#98106
b11101111 4
1"
1)
#98112
0"
0)
0#
0(
#98118
1"
1)
#98119
b1101 0
1#
1(
#98124
0"
0)
#98126
0#
0(
#98130
1"
1)
#98133
b1100 0
1#
1(
#98136
0"
0)
#98140
0#
0(
#98142
1"
1)
#98147
b1011 0
1#
1(
#98148
0"
0)
#98154
1"
1)
0#
0(
#98160
0"
0)
#98161
b1010 0
1#
1(
#98166
1"
1)
#98168
0#
0(
#98172
0"
0)
#98175
b1001 0
1#
1(
#98178
1"
1)
#98182
0#
0(
#98184
0"
0)
#98189
b1000 0
1#
1(
#98190
1"
1)
#98196
0"
0)
0#
0(
#98202
1"
1)
#98203
b111 0
1#
1(
#98208
0"
0)
#98210
0#
0(
#98214
1"
1)
#98217
b110 0
1#
1(
#98220
0"
0)
#98224
0#
0(
#98226
1"
1)
#98231
b101 0
1#
1(
#98232
0"
0)
#98238
1"
1)
0#
0(
#98244
0"
0)
#98245
b100 0
1#
1(
#98250
1"
1)
#98252
0#
0(
#98256
0"
0)
#98259
b11 0
1#
1(
#98262
1"
1)
#98266
0#
0(
#98268
0"
0)
#98273
b10 0
1#
1(
#98274
1"
1)
#98280
0"
0)
0#
0(
#98286
1"
1)
#98287
b1 0
1#
1(
#98292
0"
0)
#98294
0#
0(
#98298
1"
1)
#98301
b0 0
1#
1(
#98304
0"
0)
#98308
0#
0(
#98310
1"
1)
#98315
b10 2
b1111 0
1#
1(
#98316
0"
0)
#98322
1"
1)
0#
0(
#98328
0"
0)
#98329
b1 2
b11 /
b11011110 ,
b11011110 -
b11011110 3
b11011110 .
1#
1(
#98334
b11011110 4
1"
1)
#98336
0#
0(
#98340
0"
0)
#98343
b11011111 ,
b11011111 -
b11011111 3
b11011111 .
b1110 0
1#
1(
#98346
b11011111 4
1"
1)
#98350
0#
0(
#98352
0"
0)
#98357
b1101 0
1#
1(
#98358
1"
1)
#98364
0"
0)
0#
0(
#98370
1"
1)
#98371
b1100 0
1#
1(
#98376
0"
0)
#98378
0#
0(
#98382
1"
1)
#98385
b1011 0
1#
1(
#98388
0"
0)
#98392
0#
0(
#98394
1"
1)
#98399
b1010 0
1#
1(
#98400
0"
0)
#98406
1"
1)
0#
0(
#98412
0"
0)
#98413
b1001 0
1#
1(
#98418
1"
1)
#98420
0#
0(
#98424
0"
0)
#98427
b1000 0
1#
1(
#98430
1"
1)
#98434
0#
0(
#98436
0"
0)
#98441
b111 0
1#
1(
#98442
1"
1)
#98448
0"
0)
0#
0(
#98454
1"
1)
#98455
b110 0
1#
1(
#98460
0"
0)
#98462
0#
0(
#98466
1"
1)
#98469
b101 0
1#
1(
#98472
0"
0)
#98476
0#
0(
#98478
1"
1)
#98483
b100 0
1#
1(
#98484
0"
0)
#98490
1"
1)
0#
0(
#98496
0"
0)
#98497
b11 0
1#
1(
#98502
1"
1)
#98504
0#
0(
#98508
0"
0)
#98511
b10 0
1#
1(
#98514
1"
1)
#98518
0#
0(
#98520
0"
0)
#98525
b1 0
1#
1(
#98526
1"
1)
#98532
0"
0)
0#
0(
#98538
1"
1)
#98539
b0 0
1#
1(
#98544
0"
0)
#98546
0#
0(
#98550
1"
1)
#98553
b10 2
b1111 0
1#
1(
#98556
0"
0)
#98560
0#
0(
#98562
1"
1)
#98567
b1 2
b10 /
b10111110 ,
b10111110 -
b10111110 3
b10111110 .
1#
1(
#98568
0"
0)
#98574
b10111110 4
1"
1)
0#
0(
#98580
0"
0)
#98581
b10111111 ,
b10111111 -
b10111111 3
b10111111 .
b1110 0
1#
1(
#98586
b10111111 4
1"
1)
#98588
0#
0(
#98592
0"
0)
#98595
b1101 0
1#
1(
#98598
1"
1)
#98602
0#
0(
#98604
0"
0)
#98609
b1100 0
1#
1(
#98610
1"
1)
#98616
0"
0)
0#
0(
#98622
1"
1)
#98623
b1011 0
1#
1(
#98628
0"
0)
#98630
0#
0(
#98634
1"
1)
#98637
b1010 0
1#
1(
#98640
0"
0)
#98644
0#
0(
#98646
1"
1)
#98651
b1001 0
1#
1(
#98652
0"
0)
#98658
1"
1)
0#
0(
#98664
0"
0)
#98665
b1000 0
1#
1(
#98670
1"
1)
#98672
0#
0(
#98676
0"
0)
#98679
b111 0
1#
1(
#98682
1"
1)
#98686
0#
0(
#98688
0"
0)
#98693
b110 0
1#
1(
#98694
1"
1)
#98700
0"
0)
0#
0(
#98706
1"
1)
#98707
b101 0
1#
1(
#98712
0"
0)
#98714
0#
0(
#98718
1"
1)
#98721
b100 0
1#
1(
#98724
0"
0)
#98728
0#
0(
#98730
1"
1)
#98735
b11 0
1#
1(
#98736
0"
0)
#98742
1"
1)
0#
0(
#98748
0"
0)
#98749
b10 0
1#
1(
#98754
1"
1)
#98756
0#
0(
#98760
0"
0)
#98763
b1 0
1#
1(
#98766
1"
1)
#98770
0#
0(
#98772
0"
0)
#98777
b0 0
1#
1(
#98778
1"
1)
#98784
0"
0)
0#
0(
#98790
1"
1)
#98791
b10 2
b1111 0
1#
1(
#98796
0"
0)
#98798
0#
0(
#98802
1"
1)
#98805
b1 2
b1 /
b1111110 ,
b1111110 -
b1111110 3
b1111110 .
1#
1(
#98808
0"
0)
#98812
0#
0(
#98814
b1111110 4
1"
1)
#98819
b1111111 ,
b1111111 -
b1111111 3
b1111111 .
b1110 0
1#
1(
#98820
0"
0)
#98826
b1111111 4
1"
1)
0#
0(
#98832
0"
0)
#98833
b1101 0
1#
1(
#98838
1"
1)
#98840
0#
0(
#98844
0"
0)
#98847
b1100 0
1#
1(
#98850
1"
1)
#98854
0#
0(
#98856
0"
0)
#98861
b1011 0
1#
1(
#98862
1"
1)
#98868
0"
0)
0#
0(
#98874
1"
1)
#98875
b1010 0
1#
1(
#98880
0"
0)
#98882
0#
0(
#98886
1"
1)
#98889
b1001 0
1#
1(
#98892
0"
0)
#98896
0#
0(
#98898
1"
1)
#98903
b1000 0
1#
1(
#98904
0"
0)
#98910
1"
1)
0#
0(
#98916
0"
0)
#98917
b111 0
1#
1(
#98922
1"
1)
#98924
0#
0(
#98928
0"
0)
#98931
b110 0
1#
1(
#98934
1"
1)
#98938
0#
0(
#98940
0"
0)
#98945
b101 0
1#
1(
#98946
1"
1)
#98952
0"
0)
0#
0(
#98958
1"
1)
#98959
b100 0
1#
1(
#98964
0"
0)
#98966
0#
0(
#98970
1"
1)
#98973
b11 0
1#
1(
#98976
0"
0)
#98980
0#
0(
#98982
1"
1)
#98987
b10 0
1#
1(
#98988
0"
0)
#98994
1"
1)
0#
0(
#99000
0"
0)
#99001
b1 0
1#
1(
#99006
1"
1)
#99008
0#
0(
#99012
0"
0)
#99015
b0 0
1#
1(
#99018
1"
1)
#99022
0#
0(
#99024
0"
0)
#99029
b10 2
b1111 0
1#
1(
#99030
1"
1)
#99036
0"
0)
0#
0(
#99042
1"
1)
#99043
b1 2
b0 /
b11111110 ,
b11111110 -
b11111110 3
b11111110 .
1#
1(
#99048
0"
0)
#99050
0#
0(
#99054
b11111110 4
1"
1)
#99057
b11111111 ,
b11111111 -
b11111111 3
b11111111 .
b1110 0
1#
1(
#99060
0"
0)
#99064
0#
0(
#99066
b11111111 4
1"
1)
#99071
b1101 0
1#
1(
#99072
0"
0)
#99078
1"
1)
0#
0(
#99084
0"
0)
#99085
b1100 0
1#
1(
#99090
1"
1)
#99092
0#
0(
#99096
0"
0)
#99099
b1011 0
1#
1(
#99102
1"
1)
#99106
0#
0(
#99108
0"
0)
#99113
b1010 0
1#
1(
#99114
1"
1)
#99120
0"
0)
0#
0(
#99126
1"
1)
#99127
b1001 0
1#
1(
#99132
0"
0)
#99134
0#
0(
#99138
1"
1)
#99141
b1000 0
1#
1(
#99144
0"
0)
#99148
0#
0(
#99150
1"
1)
#99155
b111 0
1#
1(
#99156
0"
0)
#99162
1"
1)
0#
0(
#99168
0"
0)
#99169
b110 0
1#
1(
#99174
1"
1)
#99176
0#
0(
#99180
0"
0)
#99183
b101 0
1#
1(
#99186
1"
1)
#99190
0#
0(
#99192
0"
0)
#99197
b100 0
1#
1(
#99198
1"
1)
#99204
0"
0)
0#
0(
#99210
1"
1)
#99211
b11 0
1#
1(
#99216
0"
0)
#99218
0#
0(
#99222
1"
1)
#99225
b10 0
1#
1(
#99228
0"
0)
#99232
0#
0(
#99234
1"
1)
#99239
b1 0
1#
1(
#99240
0"
0)
#99246
1"
1)
0#
0(
#99252
0"
0)
#99253
b0 0
1#
1(
#99258
1"
1)
#99260
0#
0(
#99264
0"
0)
#99267
b10 2
b1111 0
1#
1(
#99270
1"
1)
#99274
0#
0(
#99276
0"
0)
#99281
b11 2
b111 /
b11111110 ,
b11111110 -
b11111110 3
b11111110 .
1#
1(
#99282
b11111110 4
1"
1)
#99288
0"
0)
0#
0(
#99294
1"
1)
#99295
b100 2
1#
1(
#99300
0"
0)
#99302
0#
0(
#99306
1"
1)
#99309
0+
01
1#
1(
#99312
0"
0)
#99316
0#
0(
#99318
b1 7
1"
1)
#99323
1#
1(
#99324
0"
0)
#99330
b10 7
0!
08
0*
06
1"
1)
0#
0(
#99336
0"
0)
#99337
b0 2
1#
1(
#99342
b110 5
b11111100 4
1!
18
1"
1)
#99344
0#
0(
#99348
0"
0)
#99351
1+
11
1#
1(
#99354
b101 5
b11111000 4
1"
1)
#99358
0#
0(
#99360
0"
0)
#99365
1#
1(
#99366
b100 5
b11110000 4
1"
1)
#99372
0"
0)
0#
0(
#99378
b11 5
b11100000 4
1"
1)
#99379
1#
1(
#99384
0"
0)
#99386
0#
0(
#99390
b10 5
b11000000 4
1"
1)
#99393
1#
1(
#99396
0"
0)
#99400
0#
0(
#99402
b1 5
b10000000 4
1"
1)
#99407
1#
1(
#99408
0"
0)
#99414
b0 5
b0 4
1"
1)
0#
0(
#99420
0"
0)
#99421
1#
1(
#99426
b0 7
b111 5
0!
08
1"
1)
#99428
0#
0(
#99432
0"
0)
#99435
1#
1(
#99438
1!
18
b11111110 4
1*
16
1"
1)
#99442
0#
0(
#99444
0"
0)
#99449
1#
1(
#99450
1"
1)
#99456
0"
0)
0#
0(
#99462
1"
1)
#99463
1#
1(
#99468
0"
0)
#99470
0#
0(
#99474
1"
1)
#99477
1#
1(
#99480
0"
0)
#99484
0#
0(
#99486
1"
1)
#99491
1#
1(
#99492
0"
0)
#99498
1"
1)
0#
0(
#99504
0"
0)
#99505
1#
1(
#99510
1"
1)
#99512
0#
0(
#99516
0"
0)
#99519
1#
1(
#99522
1"
1)
#99526
0#
0(
#99528
0"
0)
#99533
1#
1(
#99534
1"
1)
#99540
0"
0)
0#
0(
#99546
1"
1)
#99547
1#
1(
#99552
0"
0)
#99554
0#
0(
#99558
1"
1)
#99561
1#
1(
#99564
0"
0)
#99568
0#
0(
#99570
1"
1)
#99575
1#
1(
#99576
0"
0)
#99582
1"
1)
0#
0(
#99588
0"
0)
#99589
1#
1(
#99594
1"
1)
#99596
0#
0(
#99600
0"
0)
#99603
1#
1(
#99606
1"
1)
#99610
0#
0(
#99612
0"
0)
#99617
1#
1(
#99618
1"
1)
#99624
0"
0)
0#
0(
#99630
1"
1)
#99631
1#
1(
#99636
0"
0)
#99638
0#
0(
#99642
1"
1)
#99645
1#
1(
#99648
0"
0)
#99652
0#
0(
#99654
1"
1)
#99659
1#
1(
#99660
0"
0)
#99666
1"
1)
0#
0(
#99672
0"
0)
#99673
1#
1(
#99678
1"
1)
#99680
0#
0(
#99684
0"
0)
#99687
1#
1(
#99690
1"
1)
#99694
0#
0(
#99696
0"
0)
#99701
1#
1(
#99702
1"
1)
#99708
0"
0)
0#
0(
#99714
1"
1)
#99715
1#
1(
#99720
0"
0)
#99722
0#
0(
#99726
1"
1)
#99729
1#
1(
#99732
0"
0)
#99736
0#
0(
#99738
1"
1)
#99743
1#
1(
#99744
0"
0)
#99750
1"
1)
0#
0(
#99756
0"
0)
#99757
1#
1(
#99762
1"
1)
#99764
0#
0(
#99768
0"
0)
#99771
1#
1(
#99774
1"
1)
#99778
0#
0(
#99780
0"
0)
#99785
1#
1(
#99786
1"
1)
#99792
0"
0)
0#
0(
#99798
1"
1)
#99799
1#
1(
#99804
0"
0)
#99806
0#
0(
#99810
1"
1)
#99813
1#
1(
#99816
0"
0)
#99820
0#
0(
#99822
1"
1)
#99827
1#
1(
#99828
0"
0)
#99834
1"
1)
0#
0(
#99840
0"
0)
#99841
1#
1(
#99846
1"
1)
#99848
0#
0(
#99852
0"
0)
#99855
1#
1(
#99858
1"
1)
#99862
0#
0(
#99864
0"
0)
#99869
1#
1(
#99870
1"
1)
#99876
0"
0)
0#
0(
#99882
1"
1)
#99883
1#
1(
#99888
0"
0)
#99890
0#
0(
#99894
1"
1)
#99897
1#
1(
#99900
0"
0)
#99904
0#
0(
#99906
1"
1)
#99911
1#
1(
#99912
0"
0)
#99918
1"
1)
0#
0(
#99924
0"
0)
#99925
1#
1(
#99930
1"
1)
#99932
0#
0(
#99936
0"
0)
#99939
1#
1(
#99942
1"
1)
#99944
0&
b0 ;
b110000011 9
b10110 :
#99946
0#
0(
#99948
0"
0)
#99953
b1 2
1#
1(
#99954
1"
1)
#99960
0"
0)
0#
0(
#99966
1"
1)
#99967
b1110 0
1#
1(
#99972
0"
0)
#99974
0#
0(
#99978
1"
1)
#99981
b1101 0
1#
1(
#99984
0"
0)
#99988
0#
0(
#99990
1"
1)
#99995
b1100 0
1#
1(
#99996
0"
0)
#100002
1"
1)
0#
0(
#100008
0"
0)
#100009
b1011 0
1#
1(
#100014
1"
1)
#100016
0#
0(
#100020
0"
0)
#100023
b1010 0
1#
1(
#100026
1"
1)
#100030
0#
0(
#100032
0"
0)
#100037
b1001 0
1#
1(
#100038
1"
1)
#100044
0"
0)
0#
0(
#100050
1"
1)
#100051
b1000 0
1#
1(
#100056
0"
0)
#100058
0#
0(
#100062
1"
1)
#100065
b111 0
1#
1(
#100068
0"
0)
#100072
0#
0(
#100074
1"
1)
#100079
b110 0
1#
1(
#100080
0"
0)
#100086
1"
1)
0#
0(
#100092
0"
0)
#100093
b101 0
1#
1(
#100098
1"
1)
#100100
0#
0(
#100104
0"
0)
#100107
b100 0
1#
1(
#100110
1"
1)
#100114
0#
0(
#100116
0"
0)
#100121
b11 0
1#
1(
#100122
1"
1)
#100128
0"
0)
0#
0(
#100134
1"
1)
#100135
b10 0
1#
1(
#100140
0"
0)
#100142
0#
0(
#100146
1"
1)
#100149
b1 0
1#
1(
#100152
0"
0)
#100156
0#
0(
#100158
1"
1)
#100163
b0 0
1#
1(
#100164
0"
0)
#100170
1"
1)
0#
0(
#100171
b11000001 9
1&
b1 ;
#100176
0"
0)
#100177
b10 2
b11111111 ,
b11111111 -
b11111111 3
b11111111 .
b1111 0
1#
1(
#100182
b11111111 4
1"
1)
#100184
0#
0(
#100188
0"
0)
#100191
b1 2
b110 /
b11111110 ,
b11111110 -
b11111110 3
b11111110 .
1#
1(
#100194
b11111110 4
1"
1)
#100198
0#
0(
#100200
0"
0)
#100205
b11111111 ,
b11111111 -
b11111111 3
b11111111 .
b1110 0
1#
1(
#100206
b11111111 4
1"
1)
#100212
0"
0)
0#
0(
#100218
1"
1)
#100219
b1101 0
1#
1(
#100224
0"
0)
#100226
0#
0(
#100230
1"
1)
#100233
b1100 0
1#
1(
#100236
0"
0)
#100240
0#
0(
#100242
1"
1)
#100247
b1011 0
1#
1(
#100248
0"
0)
#100254
1"
1)
0#
0(
#100260
0"
0)
#100261
b1010 0
1#
1(
#100266
1"
1)
#100268
0#
0(
#100272
0"
0)
#100275
b1001 0
1#
1(
#100278
1"
1)
#100282
0#
0(
#100284
0"
0)
#100289
b1000 0
1#
1(
#100290
1"
1)
#100296
0"
0)
0#
0(
#100302
1"
1)
#100303
b111 0
1#
1(
#100308
0"
0)
#100310
0#
0(
#100314
1"
1)
#100317
b110 0
1#
1(
#100320
0"
0)
#100324
0#
0(
#100326
1"
1)
#100331
b101 0
1#
1(
#100332
0"
0)
#100338
1"
1)
0#
0(
#100344
0"
0)
#100345
b100 0
1#
1(
#100350
1"
1)
#100352
0#
0(
#100356
0"
0)
#100359
b11 0
1#
1(
#100362
1"
1)
#100366
0#
0(
#100368
0"
0)
#100373
b10 0
1#
1(
#100374
1"
1)
#100380
0"
0)
0#
0(
#100386
1"
1)
#100387
b1 0
1#
1(
#100392
0"
0)
#100394
0#
0(
#100398
1"
1)
b1100000 9
b10 ;
#100401
b0 0
1#
1(
#100404
0"
0)
#100408
0#
0(
#100410
1"
1)
#100415
b10 2
b1111 0
1#
1(
#100416
0"
0)
#100422
1"
1)
0#
0(
#100428
0"
0)
#100429
b1 2
b101 /
b11111110 ,
b11111110 -
b11111110 3
b11111110 .
1#
1(
#100434
b11111110 4
1"
1)
#100436
0#
0(
#100440
0"
0)
#100443
b11111111 ,
b11111111 -
b11111111 3
b11111111 .
b1110 0
1#
1(
#100446
b11111111 4
1"
1)
#100450
0#
0(
#100452
0"
0)
#100457
b1101 0
1#
1(
#100458
1"
1)
#100464
0"
0)
0#
0(
#100470
1"
1)
#100471
b1100 0
1#
1(
#100476
0"
0)
#100478
0#
0(
#100482
1"
1)
#100485
b1011 0
1#
1(
#100488
0"
0)
#100492
0#
0(
#100494
1"
1)
#100499
b1010 0
1#
1(
#100500
0"
0)
#100506
1"
1)
0#
0(
#100512
0"
0)
#100513
b1001 0
1#
1(
#100518
1"
1)
#100520
0#
0(
#100524
0"
0)
#100527
b1000 0
1#
1(
#100530
1"
1)
#100534
0#
0(
#100536
0"
0)
#100541
b111 0
1#
1(
#100542
1"
1)
#100548
0"
0)
0#
0(
#100554
1"
1)
#100555
b110 0
1#
1(
#100560
0"
0)
#100562
0#
0(
#100566
1"
1)
#100569
b101 0
1#
1(
#100572
0"
0)
#100576
0#
0(
#100578
1"
1)
#100583
b100 0
1#
1(
#100584
0"
0)
#100590
1"
1)
0#
0(
#100596
0"
0)
#100597
b11 0
1#
1(
#100602
1"
1)
#100604
0#
0(
#100608
0"
0)
#100611
b10 0
1#
1(
#100614
1"
1)
#100618
0#
0(
#100620
0"
0)
#100625
b11111110 ,
b11111110 -
b11111110 3
b11111110 .
b1 0
1#
1(
b110000 9
0&
b11 ;
#100626
b11111110 4
1"
1)
#100632
0"
0)
0#
0(
#100638
1"
1)
#100639
b0 0
1#
1(
#100644
0"
0)
#100646
0#
0(
#100650
1"
1)
#100653
b10 2
b1111 0
1#
1(
#100656
0"
0)
#100660
0#
0(
#100662
1"
1)
#100667
b1 2
b100 /
b11111100 ,
b11111100 -
b11111100 3
b11111100 .
1#
1(
#100668
0"
0)
#100674
b11111100 4
1"
1)
0#
0(
#100680
0"
0)
#100681
b1110 0
1#
1(
#100686
1"
1)
#100688
0#
0(
#100692
0"
0)
#100695
b1101 0
1#
1(
#100698
1"
1)
#100702
0#
0(
#100704
0"
0)
#100709
b1100 0
1#
1(
#100710
1"
1)
#100716
0"
0)
0#
0(
#100722
1"
1)
#100723
b1011 0
1#
1(
#100728
0"
0)
#100730
0#
0(
#100734
1"
1)
#100737
b1010 0
1#
1(
#100740
0"
0)
#100744
0#
0(
#100746
1"
1)
#100751
b1001 0
1#
1(
#100752
0"
0)
#100758
1"
1)
0#
0(
#100764
0"
0)
#100765
b1000 0
1#
1(
#100770
1"
1)
#100772
0#
0(
#100776
0"
0)
#100779
b111 0
1#
1(
#100782
1"
1)
#100786
0#
0(
#100788
0"
0)
#100793
b110 0
1#
1(
#100794
1"
1)
#100800
0"
0)
0#
0(
#100806
1"
1)
#100807
b101 0
1#
1(
#100812
0"
0)
#100814
0#
0(
#100818
1"
1)
#100821
b100 0
1#
1(
#100824
0"
0)
#100828
0#
0(
#100830
1"
1)
#100835
b11 0
1#
1(
#100836
0"
0)
#100842
1"
1)
0#
0(
#100848
0"
0)
#100849
b10 0
1#
1(
#100852
b11000 9
b100 ;
#100854
1"
1)
#100856
0#
0(
#100860
0"
0)
#100863
b1 0
1#
1(
#100866
1"
1)
#100870
0#
0(
#100872
0"
0)
#100877
b0 0
1#
1(
#100878
1"
1)
#100884
0"
0)
0#
0(
#100890
1"
1)
#100891
b10 2
b1111 0
1#
1(
#100896
0"
0)
#100898
0#
0(
#100902
1"
1)
#100905
b1 2
b11 /
b11111000 ,
b11111000 -
b11111000 3
b11111000 .
1#
1(
#100908
0"
0)
#100912
0#
0(
#100914
b11111000 4
1"
1)
#100919
b1110 0
1#
1(
#100920
0"
0)
#100926
1"
1)
0#
0(
#100932
0"
0)
#100933
b1101 0
1#
1(
#100938
1"
1)
#100940
0#
0(
#100944
0"
0)
#100947
b1100 0
1#
1(
#100950
1"
1)
#100954
0#
0(
#100956
0"
0)
#100961
b1011 0
1#
1(
#100962
1"
1)
#100968
0"
0)
0#
0(
#100974
1"
1)
#100975
b1010 0
1#
1(
#100980
0"
0)
#100982
0#
0(
#100986
1"
1)
#100989
b1001 0
1#
1(
#100992
0"
0)
#100996
0#
0(
#100998
1"
1)
#101003
b1000 0
1#
1(
#101004
0"
0)
#101010
1"
1)
0#
0(
#101016
0"
0)
#101017
b111 0
1#
1(
#101022
1"
1)
#101024
0#
0(
#101028
0"
0)
#101031
b110 0
1#
1(
#101034
1"
1)
#101038
0#
0(
#101040
0"
0)
#101045
b101 0
1#
1(
#101046
1"
1)
#101052
0"
0)
0#
0(
#101058
1"
1)
#101059
b100 0
1#
1(
#101064
0"
0)
#101066
0#
0(
#101070
1"
1)
#101073
b11 0
1#
1(
#101076
0"
0)
#101079
b1100 9
b101 ;
#101080
0#
0(
#101082
1"
1)
#101087
b10 0
1#
1(
#101088
0"
0)
#101094
1"
1)
0#
0(
#101100
0"
0)
#101101
b1 0
1#
1(
#101106
1"
1)
#101108
0#
0(
#101112
0"
0)
#101115
b0 0
1#
1(
#101118
1"
1)
#101122
0#
0(
#101124
0"
0)
#101129
b10 2
b1111 0
1#
1(
#101130
1"
1)
#101136
0"
0)
0#
0(
#101142
1"
1)
#101143
b1 2
b10 /
b11110000 ,
b11110000 -
b11110000 3
b11110000 .
1#
1(
#101148
0"
0)
#101150
0#
0(
#101154
b11110000 4
1"
1)
#101157
b1110 0
1#
1(
#101160
0"
0)
#101164
0#
0(
#101166
1"
1)
#101171
b1101 0
1#
1(
#101172
0"
0)
#101178
1"
1)
0#
0(
#101184
0"
0)
#101185
b1100 0
1#
1(
#101190
1"
1)
#101192
0#
0(
#101196
0"
0)
#101199
b1011 0
1#
1(
#101202
1"
1)
#101206
0#
0(
#101208
0"
0)
#101213
b1010 0
1#
1(
#101214
1"
1)
#101220
0"
0)
0#
0(
#101226
1"
1)
#101227
b1001 0
1#
1(
#101232
0"
0)
#101234
0#
0(
#101238
1"
1)
#101241
b1000 0
1#
1(
#101244
0"
0)
#101248
0#
0(
#101250
1"
1)
#101255
b111 0
1#
1(
#101256
0"
0)
#101262
1"
1)
0#
0(
#101268
0"
0)
#101269
b110 0
1#
1(
#101274
1"
1)
#101276
0#
0(
#101280
0"
0)
#101283
b101 0
1#
1(
#101286
1"
1)
#101290
0#
0(
#101292
0"
0)
#101297
b100 0
1#
1(
#101298
1"
1)
#101304
0"
0)
0#
0(
#101306
b110 9
b110 ;
#101310
1"
1)
#101311
b11 0
1#
1(
#101316
0"
0)
#101318
0#
0(
#101322
1"
1)
#101325
b10 0
1#
1(
#101328
0"
0)
#101332
0#
0(
#101334
1"
1)
#101339
b1 0
1#
1(
#101340
0"
0)
#101346
1"
1)
0#
0(
#101352
0"
0)
#101353
b0 0
1#
1(
#101358
1"
1)
#101360
0#
0(
#101364
0"
0)
#101367
b10 2
b1111 0
1#
1(
#101370
1"
1)
#101374
0#
0(
#101376
0"
0)
#101381
b1 2
b1 /
b11100000 ,
b11100000 -
b11100000 3
b11100000 .
1#
1(
#101382
b11100000 4
1"
1)
#101388
0"
0)
0#
0(
#101394
1"
1)
#101395
b1110 0
1#
1(
#101400
0"
0)
#101402
0#
0(
#101406
1"
1)
#101409
b1101 0
1#
1(
#101412
0"
0)
#101416
0#
0(
#101418
1"
1)
#101423
b1100 0
1#
1(
#101424
0"
0)
#101430
1"
1)
0#
0(
#101436
0"
0)
#101437
b1011 0
1#
1(
#101442
1"
1)
#101444
0#
0(
#101448
0"
0)
#101451
b1010 0
1#
1(
#101454
1"
1)
#101458
0#
0(
#101460
0"
0)
#101465
b1001 0
1#
1(
#101466
1"
1)
#101472
0"
0)
0#
0(
#101478
1"
1)
#101479
b1000 0
1#
1(
#101484
0"
0)
#101486
0#
0(
#101490
1"
1)
#101493
b111 0
1#
1(
#101496
0"
0)
#101500
0#
0(
#101502
1"
1)
#101507
b110 0
1#
1(
#101508
0"
0)
#101514
1"
1)
0#
0(
#101520
0"
0)
#101521
b101 0
1#
1(
#101526
1"
1)
#101528
0#
0(
#101532
0"
0)
#101533
b11 9
b111 ;
#101535
b100 0
1#
1(
#101538
1"
1)
#101542
0#
0(
#101544
0"
0)
#101549
b11 0
1#
1(
#101550
1"
1)
#101556
0"
0)
0#
0(
#101562
1"
1)
#101563
b10 0
1#
1(
#101568
0"
0)
#101570
0#
0(
#101574
1"
1)
#101577
b1 0
1#
1(
#101580
0"
0)
#101584
0#
0(
#101586
1"
1)
#101591
b0 0
1#
1(
#101592
0"
0)
#101598
1"
1)
0#
0(
#101604
0"
0)
#101605
b10 2
b1111 0
1#
1(
#101610
1"
1)
#101612
0#
0(
#101616
0"
0)
#101619
b1 2
b0 /
b11000000 ,
b11000000 -
b11000000 3
b11000000 .
1#
1(
#101622
b11000000 4
1"
1)
#101626
0#
0(
#101628
0"
0)
#101633
b1110 0
1#
1(
#101634
1"
1)
#101640
0"
0)
0#
0(
#101646
1"
1)
#101647
b1101 0
1#
1(
#101652
0"
0)
#101654
0#
0(
#101658
1"
1)
#101661
b1100 0
1#
1(
#101664
0"
0)
#101668
0#
0(
#101670
1"
1)
#101675
b1011 0
1#
1(
#101676
0"
0)
#101682
1"
1)
0#
0(
#101688
0"
0)
#101689
b1010 0
1#
1(
#101694
1"
1)
#101696
0#
0(
#101700
0"
0)
#101703
b1001 0
1#
1(
#101706
1"
1)
#101710
0#
0(
#101712
0"
0)
#101717
b1000 0
1#
1(
#101718
1"
1)
#101724
0"
0)
0#
0(
#101730
1"
1)
#101731
b111 0
1#
1(
#101736
0"
0)
#101738
0#
0(
#101742
1"
1)
#101745
b110 0
1#
1(
#101748
0"
0)
#101752
0#
0(
#101754
1"
1)
#101759
b101 0
1#
1(
#101760
0"
0)
b1 9
1&
b1000 ;
#101766
1"
1)
0#
0(
#101772
0"
0)
#101773
b11000001 ,
b11000001 -
b11000001 3
b11000001 .
b100 0
1#
1(
#101778
b11000001 4
1"
1)
#101780
0#
0(
#101784
0"
0)
#101787
b11 0
1#
1(
#101790
1"
1)
#101794
0#
0(
#101796
0"
0)
#101801
b10 0
1#
1(
#101802
1"
1)
#101808
0"
0)
0#
0(
#101814
1"
1)
#101815
b1 0
1#
1(
#101820
0"
0)
#101822
0#
0(
#101826
1"
1)
#101829
b0 0
1#
1(
#101832
0"
0)
#101836
0#
0(
#101838
1"
1)
#101843
b10 2
b1111 0
1#
1(
#101844
0"
0)
#101850
1"
1)
0#
0(
#101856
0"
0)
#101857
b11 2
b111 /
b10000010 ,
b10000010 -
b10000010 3
b10000010 .
1#
1(
#101862
b10000010 4
1"
1)
#101864
0#
0(
#101868
0"
0)
#101871
b100 2
1#
1(
#101874
1"
1)
#101878
0#
0(
#101880
0"
0)
#101885
0+
01
1#
1(
#101886
b1 7
1"
1)
#101892
0"
0)
0#
0(
#101898
b10 7
0!
08
0*
06
1"
1)
#101899
b0 2
1#
1(
#101904
0"
0)
#101906
0#
0(
#101910
b110 5
b100 4
1!
18
1"
1)
#101913
1+
11
1#
1(
#101916
0"
0)
#101920
0#
0(
#101922
b101 5
b1000 4
0!
08
1"
1)
#101927
1#
1(
#101928
0"
0)
#101934
b100 5
b10000 4
1"
1)
0#
0(
#101940
0"
0)
#101941
1#
1(
#101946
b11 5
b100000 4
1"
1)
#101948
0#
0(
#101952
0"
0)
#101955
1#
1(
#101958
b10 5
b1000000 4
1"
1)
#101962
0#
0(
#101964
0"
0)
#101969
1#
1(
#101970
b1 5
b10000000 4
1"
1)
#101976
0"
0)
0#
0(
#101982
b0 5
b0 4
1!
18
1"
1)
#101983
1#
1(
#101987
b0 9
b1001 ;
#101988
0"
0)
#101990
0#
0(
#101994
b0 7
b111 5
0!
08
1"
1)
#101997
1#
1(
#102000
0"
0)
#102004
0#
0(
#102006
1!
18
b10000010 4
1*
16
1"
1)
#102011
1#
1(
#102012
0"
0)
#102018
1"
1)
0#
0(
#102024
0"
0)
#102025
1#
1(
#102030
1"
1)
#102032
0#
0(
#102036
0"
0)
#102039
1#
1(
#102042
1"
1)
#102046
0#
0(
#102048
0"
0)
#102053
1#
1(
#102054
1"
1)
#102060
0"
0)
0#
0(
#102066
1"
1)
#102067
1#
1(
#102072
0"
0)
#102074
0#
0(
#102078
1"
1)
#102081
1#
1(
#102084
0"
0)
#102088
0#
0(
#102090
1"
1)
#102095
1#
1(
#102096
0"
0)
#102102
1"
1)
0#
0(
#102108
0"
0)
#102109
1#
1(
#102114
1"
1)
#102116
0#
0(
#102120
0"
0)
#102123
1#
1(
#102126
1"
1)
#102130
0#
0(
#102132
0"
0)
#102137
1#
1(
#102138
1"
1)
#102144
0"
0)
0#
0(
#102150
1"
1)
#102151
1#
1(
#102156
0"
0)
#102158
0#
0(
#102162
1"
1)
#102165
1#
1(
#102168
0"
0)
#102172
0#
0(
#102174
1"
1)
#102179
1#
1(
#102180
0"
0)
#102186
1"
1)
0#
0(
#102192
0"
0)
#102193
1#
1(
#102198
1"
1)
#102200
0#
0(
#102204
0"
0)
#102207
1#
1(
#102210
1"
1)
#102214
0#
0(
b1010 ;
#102216
0"
0)
#102221
1#
1(
#102222
1"
1)
#102228
0"
0)
0#
0(
#102234
1"
1)
#102235
1#
1(
#102240
0"
0)
#102242
0#
0(
#102246
1"
1)
#102249
1#
1(
#102252
0"
0)
#102256
0#
0(
#102258
1"
1)
#102263
1#
1(
#102264
0"
0)
#102270
1"
1)
0#
0(
#102276
0"
0)
#102277
1#
1(
#102282
1"
1)
#102284
0#
0(
#102288
0"
0)
#102291
1#
1(
#102294
1"
1)
#102298
0#
0(
#102300
0"
0)
#102305
1#
1(
#102306
1"
1)
#102312
0"
0)
0#
0(
#102318
1"
1)
#102319
1#
1(
#102324
0"
0)
#102326
0#
0(
#102330
1"
1)
#102333
1#
1(
#102336
0"
0)
#102340
0#
0(
#102342
1"
1)
#102347
1#
1(
#102348
0"
0)
#102354
1"
1)
0#
0(
#102360
0"
0)
#102361
1#
1(
#102366
1"
1)
#102368
0#
0(
#102372
0"
0)
#102375
1#
1(
#102378
1"
1)
#102382
0#
0(
#102384
0"
0)
#102389
1#
1(
#102390
1"
1)
#102396
0"
0)
0#
0(
#102402
1"
1)
#102403
1#
1(
#102408
0"
0)
#102410
0#
0(
#102414
1"
1)
#102417
1#
1(
#102420
0"
0)
#102424
0#
0(
#102426
1"
1)
#102431
1#
1(
#102432
0"
0)
#102438
1"
1)
0#
0(
#102444
0"
0)
#102445
1#
1(
#102450
1"
1)
#102452
0#
0(
#102456
0"
0)
#102459
1#
1(
#102462
1"
1)
#102466
0#
0(
#102468
0"
0)
#102473
1#
1(
#102474
1"
1)
#102480
0"
0)
0#
0(
#102486
1"
1)
#102487
1#
1(
#102492
0"
0)
#102494
0#
0(
#102498
1"
1)
#102501
1#
1(
#102504
0"
0)
#102508
0#
0(
#102510
1"
1)
#102515
1#
1(
#102516
0"
0)
#102522
1"
1)
0#
0(
#102528
0"
0)
#102529
1#
1(
#102534
1"
1)
#102536
0#
0(
#102540
0"
0)
#102543
1#
1(
#102546
1"
1)
#102550
0#
0(
#102552
0"
0)
#102557
1#
1(
#102558
1"
1)
#102564
0"
0)
0#
0(
#102570
1"
1)
#102571
1#
1(
#102576
0"
0)
#102578
0#
0(
#102582
1"
1)
#102585
1#
1(
#102588
0"
0)
#102592
0#
0(
#102594
1"
1)
#102599
1#
1(
#102600
0"
0)
#102606
1"
1)
0#
0(
#102612
0"
0)
#102613
1#
1(
#102618
1"
1)
#102620
0#
0(
#102624
0"
0)
#102627
1#
1(
#102630
1"
1)
#102634
0#
0(
#102636
0"
0)
#102641
1#
1(
#102642
1"
1)
#102648
0"
0)
0#
0(
#102654
1"
1)
#102655
1#
1(
#102660
0"
0)
#102662
0#
0(
#102666
1"
1)
#102669
1#
1(
#102672
0"
0)
#102676
0#
0(
#102678
1"
1)
#102683
1#
1(
#102684
0"
0)
#102690
1"
1)
0#
0(
#102696
0"
0)
#102697
1#
1(
#102702
1"
1)
#102704
0#
0(
#102708
0"
0)
#102711
1#
1(
#102714
1"
1)
#102718
0#
0(
#102720
0"
0)
#102725
1#
1(
#102726
1"
1)
#102732
0"
0)
0#
0(
#102738
1"
1)
#102739
1#
1(
#102744
0"
0)
#102746
0#
0(
#102750
1"
1)
#102753
1#
1(
#102756
0"
0)
#102760
0#
0(
#102762
1"
1)
#102767
1#
1(
#102768
0"
0)
#102774
1"
1)
0#
0(
#102780
0"
0)
#102781
1#
1(
#102786
1"
1)
#102788
0#
0(
#102792
0"
0)
#102795
1#
1(
#102798
1"
1)
#102802
0#
0(
#102804
0"
0)
#102809
1#
1(
#102810
1"
1)
#102816
0"
0)
0#
0(
#102822
1"
1)
#102823
1#
1(
#102828
0"
0)
#102830
0#
0(
#102834
1"
1)
#102837
1#
1(
#102840
0"
0)
#102844
0#
0(
#102846
1"
1)
#102851
1#
1(
#102852
0"
0)
#102858
1"
1)
0#
0(
#102864
0"
0)
#102865
1#
1(
#102870
1"
1)
#102872
0#
0(
#102876
0"
0)
#102879
1#
1(
#102882
1"
1)
#102886
0#
0(
#102888
0"
0)
#102893
1#
1(
#102894
1"
1)
#102900
0"
0)
0#
0(
#102906
1"
1)
#102907
1#
1(
#102912
0"
0)
#102914
0#
0(
#102918
1"
1)
#102921
1#
1(
#102924
0"
0)
#102928
0#
0(
#102930
1"
1)
#102935
1#
1(
#102936
0"
0)
#102942
1"
1)
0#
0(
#102948
0"
0)
#102949
1#
1(
#102954
1"
1)
#102956
0#
0(
#102960
0"
0)
#102963
1#
1(
#102966
1"
1)
#102970
0#
0(
#102972
0"
0)
#102977
1#
1(
#102978
1"
1)
#102984
0"
0)
0#
0(
#102990
1"
1)
#102991
1#
1(
#102996
0"
0)
#102998
0#
0(
#103002
1"
1)
#103005
1#
1(
#103008
0"
0)
#103012
0#
0(
#103014
1"
1)
#103019
1#
1(
#103020
0"
0)
#103026
1"
1)
0#
0(
#103032
0"
0)
#103033
1#
1(
#103038
1"
1)
#103040
0#
0(
#103044
0"
0)
#103047
1#
1(
#103050
1"
1)
#103054
0#
0(
#103056
0"
0)
#103061
1#
1(
#103062
1"
1)
#103068
0"
0)
0#
0(
#103074
1"
1)
#103075
1#
1(
#103080
0"
0)
#103082
0#
0(
#103086
1"
1)
#103089
1#
1(
#103092
0"
0)
#103096
0#
0(
#103098
1"
1)
#103103
1#
1(
#103104
0"
0)
#103110
1"
1)
0#
0(
#103116
0"
0)
#103117
1#
1(
#103122
1"
1)
#103124
0#
0(
#103128
0"
0)
#103131
1#
1(
#103134
1"
1)
#103138
0#
0(
#103140
0"
0)
#103145
1#
1(
#103146
1"
1)
#103152
0"
0)
0#
0(
#103158
1"
1)
#103159
1#
1(
#103164
0"
0)
#103166
0#
0(
#103170
1"
1)
#103173
1#
1(
#103176
0"
0)
#103180
0#
0(
#103182
1"
1)
#103187
1#
1(
#103188
0"
0)
#103194
1"
1)
0#
0(
#103200
0"
0)
#103201
1#
1(
#103206
1"
1)
#103208
0#
0(
#103212
0"
0)
#103215
1#
1(
#103218
1"
1)
#103222
0#
0(
#103224
0"
0)
#103229
1#
1(
#103230
1"
1)
#103236
0"
0)
0#
0(
#103242
1"
1)
#103243
1#
1(
#103248
0"
0)
#103250
0#
0(
#103254
1"
1)
#103257
1#
1(
#103260
0"
0)
#103264
0#
0(
#103266
1"
1)
#103271
1#
1(
#103272
0"
0)
#103278
1"
1)
0#
0(
#103284
0"
0)
#103285
1#
1(
#103290
1"
1)
#103292
0#
0(
#103296
0"
0)
#103299
1#
1(
#103302
1"
1)
#103306
0#
0(
#103308
0"
0)
#103313
1#
1(
#103314
1"
1)
#103320
0"
0)
0#
0(
#103326
1"
1)
#103327
1#
1(
#103332
0"
0)
#103334
0#
0(
#103338
1"
1)
#103341
1#
1(
#103344
0"
0)
#103348
0#
0(
#103350
1"
1)
#103355
1#
1(
#103356
0"
0)
#103362
1"
1)
0#
0(
#103368
0"
0)
#103369
1#
1(
#103374
1"
1)
#103376
0#
0(
#103380
0"
0)
#103383
1#
1(
#103386
1"
1)
#103390
0#
0(
#103392
0"
0)
#103397
1#
1(
#103398
1"
1)
#103404
0"
0)
0#
0(
#103410
1"
1)
#103411
1#
1(
#103416
0"
0)
#103418
0#
0(
#103422
1"
1)
#103425
1#
1(
#103428
0"
0)
#103432
0#
0(
#103434
1"
1)
#103439
1#
1(
#103440
0"
0)
#103446
1"
1)
0#
0(
#103452
0"
0)
#103453
1#
1(
#103458
1"
1)
#103460
0#
0(
#103464
0"
0)
#103467
1#
1(
#103470
1"
1)
#103474
0#
0(
#103476
0"
0)
#103481
1#
1(
#103482
1"
1)
#103488
0"
0)
0#
0(
#103494
1"
1)
#103495
1#
1(
#103500
0"
0)
#103502
0#
0(
#103506
1"
1)
#103509
1#
1(
#103512
0"
0)
#103516
0#
0(
#103518
1"
1)
#103523
1#
1(
#103524
0"
0)
#103530
1"
1)
0#
0(
#103536
0"
0)
#103537
1#
1(
#103542
1"
1)
#103544
0#
0(
#103548
0"
0)
#103551
1#
1(
#103554
1"
1)
#103558
0#
0(
#103560
0"
0)
#103565
1#
1(
#103566
1"
1)
#103572
0"
0)
0#
0(
#103578
1"
1)
#103579
1#
1(
#103584
0"
0)
#103586
0#
0(
#103590
1"
1)
#103593
1#
1(
#103596
0"
0)
#103600
0#
0(
#103602
1"
1)
#103607
1#
1(
#103608
0"
0)
#103614
1"
1)
0#
0(
#103620
0"
0)
#103621
1#
1(
#103626
1"
1)
#103628
0#
0(
#103632
0"
0)
#103635
1#
1(
#103638
1"
1)
#103642
0#
0(
#103644
0"
0)
#103649
1#
1(
#103650
1"
1)
#103656
0"
0)
0#
0(
#103662
1"
1)
#103663
1#
1(
#103668
0"
0)
#103670
0#
0(
#103674
1"
1)
#103677
1#
1(
#103680
0"
0)
#103684
0#
0(
#103686
1"
1)
#103691
1#
1(
#103692
0"
0)
#103698
1"
1)
0#
0(
#103704
0"
0)
#103705
1#
1(
#103710
1"
1)
#103712
0#
0(
#103716
0"
0)
#103719
1#
1(
#103722
1"
1)
#103726
0#
0(
#103728
0"
0)
#103733
1#
1(
#103734
1"
1)
#103740
0"
0)
0#
0(
#103746
1"
1)
#103747
1#
1(
#103752
0"
0)
#103754
0#
0(
#103758
1"
1)
#103761
1#
1(
#103764
0"
0)
#103768
0#
0(
#103770
1"
1)
#103775
1#
1(
#103776
0"
0)
#103782
1"
1)
0#
0(
#103788
0"
0)
#103789
1#
1(
#103794
1"
1)
#103796
0#
0(
#103800
0"
0)
#103803
1#
1(
#103806
1"
1)
#103810
0#
0(
#103812
0"
0)
#103817
1#
1(
#103818
1"
1)
#103824
0"
0)
0#
0(
#103830
1"
1)
#103831
1#
1(
#103836
0"
0)
#103838
0#
0(
#103842
1"
1)
#103845
1#
1(
#103848
0"
0)
#103852
0#
0(
#103854
1"
1)
#103859
1#
1(
#103860
0"
0)
#103866
1"
1)
0#
0(
#103872
0"
0)
#103873
1#
1(
#103878
1"
1)
#103880
0#
0(
#103884
0"
0)
#103887
1#
1(
#103890
1"
1)
#103894
0#
0(
#103896
0"
0)
#103901
1#
1(
#103902
1"
1)
#103908
0"
0)
0#
0(
#103914
1"
1)
#103915
1#
1(
#103920
0"
0)
#103922
0#
0(
#103926
1"
1)
#103929
1#
1(
#103932
0"
0)
#103936
0#
0(
#103938
1"
1)
#103943
1#
1(
#103944
0"
0)
#103950
1"
1)
0#
0(
#103956
0"
0)
#103957
1#
1(
#103962
1"
1)
#103964
0#
0(
#103968
0"
0)
#103971
1#
1(
#103974
1"
1)
#103978
0#
0(
#103980
0"
0)
#103985
1#
1(
#103986
1"
1)
#103992
0"
0)
0#
0(
#103998
1"
1)
#103999
1#
1(
#104004
0"
0)
#104006
0#
0(
#104010
1"
1)
#104013
1#
1(
#104016
0"
0)
#104020
0#
0(
#104022
1"
1)
#104027
1#
1(
#104028
0"
0)
#104034
1"
1)
0#
0(
#104040
0"
0)
#104041
1#
1(
#104046
1"
1)
#104048
0#
0(
#104052
0"
0)
#104055
1#
1(
#104058
1"
1)
#104062
0#
0(
#104064
0"
0)
#104069
1#
1(
#104070
1"
1)
#104076
0"
0)
0#
0(
#104082
1"
1)
#104083
1#
1(
#104088
0"
0)
#104090
0#
0(
#104094
1"
1)
#104097
1#
1(
#104100
0"
0)
#104104
0#
0(
#104106
1"
1)
#104111
1#
1(
#104112
0"
0)
#104118
1"
1)
0#
0(
#104124
0"
0)
#104125
1#
1(
#104130
1"
1)
#104132
0#
0(
#104136
0"
0)
#104139
1#
1(
#104142
1"
1)
#104146
0#
0(
#104148
0"
0)
#104153
1#
1(
#104154
1"
1)
#104160
0"
0)
0#
0(
#104166
1"
1)
#104167
1#
1(
#104172
0"
0)
#104174
0#
0(
#104178
1"
1)
#104181
1#
1(
#104184
0"
0)
#104188
0#
0(
#104190
1"
1)
#104195
1#
1(
#104196
0"
0)
#104202
1"
1)
0#
0(
#104208
0"
0)
#104209
1#
1(
#104214
1"
1)
#104216
0#
0(
#104220
0"
0)
#104223
1#
1(
#104226
1"
1)
#104230
0#
0(
#104232
0"
0)
#104237
1#
1(
#104238
1"
1)
#104244
0"
0)
0#
0(
#104250
1"
1)
#104251
1#
1(
#104256
0"
0)
#104258
0#
0(
#104262
1"
1)
#104265
1#
1(
#104268
0"
0)
#104272
0#
0(
#104274
1"
1)
#104279
1#
1(
#104280
0"
0)
#104286
1"
1)
0#
0(
#104292
0"
0)
#104293
1#
1(
#104298
1"
1)
#104300
0#
0(
#104304
0"
0)
#104307
1#
1(
#104310
1"
1)
#104314
0#
0(
#104316
0"
0)
#104321
1#
1(
#104322
1"
1)
#104328
0"
0)
0#
0(
#104334
1"
1)
#104335
1#
1(
#104340
0"
0)
#104342
0#
0(
#104346
1"
1)
#104349
1#
1(
#104352
0"
0)
#104356
0#
0(
#104358
1"
1)
#104363
1#
1(
#104364
0"
0)
#104370
1"
1)
0#
0(
#104376
0"
0)
#104377
1#
1(
#104382
1"
1)
#104384
0#
0(
#104388
0"
0)
#104391
1#
1(
#104394
1"
1)
#104398
0#
0(
#104400
0"
0)
#104405
1#
1(
#104406
1"
1)
#104412
0"
0)
0#
0(
#104418
1"
1)
#104419
1#
1(
#104424
0"
0)
#104426
0#
0(
#104430
1"
1)
#104433
1#
1(
#104436
0"
0)
#104440
0#
0(
#104442
1"
1)
#104447
1#
1(
#104448
0"
0)
#104454
1"
1)
0#
0(
#104460
0"
0)
#104461
1#
1(
#104466
1"
1)
#104468
0#
0(
#104472
0"
0)
#104475
1#
1(
#104478
1"
1)
#104482
0#
0(
#104484
0"
0)
#104486
0&
b0 ;
b110010100 9
b10111 :
#104489
b1 2
1#
1(
#104490
1"
1)
#104496
0"
0)
0#
0(
#104502
1"
1)
#104503
b1110 0
1#
1(
#104508
0"
0)
#104510
0#
0(
#104514
1"
1)
#104517
b1101 0
1#
1(
#104520
0"
0)
#104524
0#
0(
#104526
1"
1)
#104531
b1100 0
1#
1(
#104532
0"
0)
#104538
1"
1)
0#
0(
#104544
0"
0)
#104545
b1011 0
1#
1(
#104550
1"
1)
#104552
0#
0(
#104556
0"
0)
#104559
b1010 0
1#
1(
#104562
1"
1)
#104566
0#
0(
#104568
0"
0)
#104573
b1001 0
1#
1(
#104574
1"
1)
#104580
0"
0)
0#
0(
#104586
1"
1)
#104587
b1000 0
1#
1(
#104592
0"
0)
#104594
0#
0(
#104598
1"
1)
#104601
b111 0
1#
1(
#104604
0"
0)
#104608
0#
0(
#104610
1"
1)
#104615
b110 0
1#
1(
#104616
0"
0)
#104622
1"
1)
0#
0(
#104628
0"
0)
#104629
b101 0
1#
1(
#104634
1"
1)
#104636
0#
0(
#104640
0"
0)
#104643
b100 0
1#
1(
#104646
1"
1)
#104650
0#
0(
#104652
0"
0)
#104657
b11 0
1#
1(
#104658
1"
1)
#104664
0"
0)
0#
0(
#104670
1"
1)
#104671
b10 0
1#
1(
#104676
0"
0)
#104678
0#
0(
#104682
1"
1)
#104685
b1 0
1#
1(
#104688
0"
0)
#104692
0#
0(
#104694
1"
1)
#104699
b0 0
1#
1(
#104700
0"
0)
#104706
1"
1)
0#
0(
#104712
0"
0)
#104713
b10 2
b1111 0
1#
1(
b11001010 9
b1 ;
#104718
1"
1)
#104720
0#
0(
#104724
0"
0)
#104727
b1 2
b110 /
b100 ,
b100 -
b100 3
b100 .
1#
1(
#104730
b100 4
1"
1)
#104734
0#
0(
#104736
0"
0)
#104741
b1110 0
1#
1(
#104742
1"
1)
#104748
0"
0)
0#
0(
#104754
1"
1)
#104755
b1101 0
1#
1(
#104760
0"
0)
#104762
0#
0(
#104766
1"
1)
#104769
b1100 0
1#
1(
#104772
0"
0)
#104776
0#
0(
#104778
1"
1)
#104783
b1011 0
1#
1(
#104784
0"
0)
#104790
1"
1)
0#
0(
#104796
0"
0)
#104797
b1010 0
1#
1(
#104802
1"
1)
#104804
0#
0(
#104808
0"
0)
#104811
b1001 0
1#
1(
#104814
1"
1)
#104818
0#
0(
#104820
0"
0)
#104825
b1000 0
1#
1(
#104826
1"
1)
#104832
0"
0)
0#
0(
#104838
1"
1)
#104839
b111 0
1#
1(
#104844
0"
0)
#104846
0#
0(
#104850
1"
1)
#104853
b110 0
1#
1(
#104856
0"
0)
#104860
0#
0(
#104862
1"
1)
#104867
b101 0
1#
1(
#104868
0"
0)
#104874
1"
1)
0#
0(
#104880
0"
0)
#104881
b100 0
1#
1(
#104886
1"
1)
#104888
0#
0(
#104892
0"
0)
#104895
b11 0
1#
1(
#104898
1"
1)
#104902
0#
0(
#104904
0"
0)
#104909
b10 0
1#
1(
#104910
1"
1)
#104916
0"
0)
0#
0(
#104922
1"
1)
#104923
b1 0
1#
1(
#104928
0"
0)
#104930
0#
0(
#104934
1"
1)
#104937
b0 0
1#
1(
#104940
0"
0)
b1100101 9
b10 ;
#104944
0#
0(
#104946
1"
1)
#104951
b10 2
b1111 0
1#
1(
#104952
0"
0)
#104958
1"
1)
0#
0(
#104964
0"
0)
#104965
b1 2
b101 /
b1000 ,
b1000 -
b1000 3
b1000 .
1#
1(
#104970
b1000 4
1"
1)
#104972
0#
0(
#104976
0"
0)
#104979
b1110 0
1#
1(
#104982
1"
1)
#104986
0#
0(
#104988
0"
0)
#104993
b1101 0
1#
1(
#104994
1"
1)
#105000
0"
0)
0#
0(
#105006
1"
1)
#105007
b1100 0
1#
1(
#105012
0"
0)
#105014
0#
0(
#105018
1"
1)
#105021
b1011 0
1#
1(
#105024
0"
0)
#105028
0#
0(
#105030
1"
1)
#105035
b1010 0
1#
1(
#105036
0"
0)
#105042
1"
1)
0#
0(
#105048
0"
0)
#105049
b1001 0
1#
1(
#105054
1"
1)
#105056
0#
0(
#105060
0"
0)
#105063
b1000 0
1#
1(
#105066
1"
1)
#105070
0#
0(
#105072
0"
0)
#105077
b111 0
1#
1(
#105078
1"
1)
#105084
0"
0)
0#
0(
#105090
1"
1)
#105091
b110 0
1#
1(
#105096
0"
0)
#105098
0#
0(
#105102
1"
1)
#105105
b101 0
1#
1(
#105108
0"
0)
#105112
0#
0(
#105114
1"
1)
#105119
b100 0
1#
1(
#105120
0"
0)
#105126
1"
1)
0#
0(
#105132
0"
0)
#105133
b11 0
1#
1(
#105138
1"
1)
#105140
0#
0(
#105144
0"
0)
#105147
b10 0
1#
1(
#105150
1"
1)
#105154
0#
0(
#105156
0"
0)
#105161
b1 0
1#
1(
#105162
1"
1)
#105167
b110010 9
1&
b11 ;
#105168
0"
0)
0#
0(
#105174
1"
1)
#105175
b1001 ,
b1001 -
b1001 3
b1001 .
b0 0
1#
1(
#105180
0"
0)
#105182
0#
0(
#105186
b1001 4
1"
1)
#105189
b10 2
b1111 0
1#
1(
#105192
0"
0)
#105196
0#
0(
#105198
1"
1)
#105203
b1 2
b100 /
b10010 ,
b10010 -
b10010 3
b10010 .
1#
1(
#105204
0"
0)
#105210
b10010 4
1"
1)
0#
0(
#105216
0"
0)
#105217
b10011 ,
b10011 -
b10011 3
b10011 .
b1110 0
1#
1(
#105222
b10011 4
1"
1)
#105224
0#
0(
#105228
0"
0)
#105231
b1101 0
1#
1(
#105234
1"
1)
#105238
0#
0(
#105240
0"
0)
#105245
b1100 0
1#
1(
#105246
1"
1)
#105252
0"
0)
0#
0(
#105258
1"
1)
#105259
b1011 0
1#
1(
#105264
0"
0)
#105266
0#
0(
#105270
1"
1)
#105273
b1010 0
1#
1(
#105276
0"
0)
#105280
0#
0(
#105282
1"
1)
#105287
b1001 0
1#
1(
#105288
0"
0)
#105294
1"
1)
0#
0(
#105300
0"
0)
#105301
b1000 0
1#
1(
#105306
1"
1)
#105308
0#
0(
#105312
0"
0)
#105315
b111 0
1#
1(
#105318
1"
1)
#105322
0#
0(
#105324
0"
0)
#105329
b110 0
1#
1(
#105330
1"
1)
#105336
0"
0)
0#
0(
#105342
1"
1)
#105343
b101 0
1#
1(
#105348
0"
0)
#105350
0#
0(
#105354
1"
1)
#105357
b100 0
1#
1(
#105360
0"
0)
#105364
0#
0(
#105366
1"
1)
#105371
b11 0
1#
1(
#105372
0"
0)
#105378
1"
1)
0#
0(
#105384
0"
0)
#105385
b10 0
1#
1(
#105390
1"
1)
#105392
0#
0(
#105394
b11001 9
0&
b100 ;
#105396
0"
0)
#105399
b10010 ,
b10010 -
b10010 3
b10010 .
b1 0
1#
1(
#105402
b10010 4
1"
1)
#105406
0#
0(
#105408
0"
0)
#105413
b0 0
1#
1(
#105414
1"
1)
#105420
0"
0)
0#
0(
#105426
1"
1)
#105427
b10 2
b1111 0
1#
1(
#105432
0"
0)
#105434
0#
0(
#105438
1"
1)
#105441
b1 2
b11 /
b100100 ,
b100100 -
b100100 3
b100100 .
1#
1(
#105444
0"
0)
#105448
0#
0(
#105450
b100100 4
1"
1)
#105455
b1110 0
1#
1(
#105456
0"
0)
#105462
1"
1)
0#
0(
#105468
0"
0)
#105469
b1101 0
1#
1(
#105474
1"
1)
#105476
0#
0(
#105480
0"
0)
#105483
b1100 0
1#
1(
#105486
1"
1)
#105490
0#
0(
#105492
0"
0)
#105497
b1011 0
1#
1(
#105498
1"
1)
#105504
0"
0)
0#
0(
#105510
1"
1)
#105511
b1010 0
1#
1(
#105516
0"
0)
#105518
0#
0(
#105522
1"
1)
#105525
b1001 0
1#
1(
#105528
0"
0)
#105532
0#
0(
#105534
1"
1)
#105539
b1000 0
1#
1(
#105540
0"
0)
#105546
1"
1)
0#
0(
#105552
0"
0)
#105553
b111 0
1#
1(
#105558
1"
1)
#105560
0#
0(
#105564
0"
0)
#105567
b110 0
1#
1(
#105570
1"
1)
#105574
0#
0(
#105576
0"
0)
#105581
b101 0
1#
1(
#105582
1"
1)
#105588
0"
0)
0#
0(
#105594
1"
1)
#105595
b100 0
1#
1(
#105600
0"
0)
#105602
0#
0(
#105606
1"
1)
#105609
b11 0
1#
1(
#105612
0"
0)
#105616
0#
0(
#105618
1"
1)
#105621
b1100 9
1&
b101 ;
#105623
b100101 ,
b100101 -
b100101 3
b100101 .
b10 0
1#
1(
#105624
0"
0)
#105630
b100101 4
1"
1)
0#
0(
#105636
0"
0)
#105637
b1 0
1#
1(
#105642
1"
1)
#105644
0#
0(
#105648
0"
0)
#105651
b0 0
1#
1(
#105654
1"
1)
#105658
0#
0(
#105660
0"
0)
#105665
b10 2
b1111 0
1#
1(
#105666
1"
1)
#105672
0"
0)
0#
0(
#105678
1"
1)
#105679
b1 2
b10 /
b1001010 ,
b1001010 -
b1001010 3
b1001010 .
1#
1(
#105684
0"
0)
#105686
0#
0(
#105690
b1001010 4
1"
1)
#105693
b1001011 ,
b1001011 -
b1001011 3
b1001011 .
b1110 0
1#
1(
#105696
0"
0)
#105700
0#
0(
#105702
b1001011 4
1"
1)
#105707
b1101 0
1#
1(
#105708
0"
0)
#105714
1"
1)
0#
0(
#105720
0"
0)
#105721
b1100 0
1#
1(
#105726
1"
1)
#105728
0#
0(
#105732
0"
0)
#105735
b1011 0
1#
1(
#105738
1"
1)
#105742
0#
0(
#105744
0"
0)
#105749
b1010 0
1#
1(
#105750
1"
1)
#105756
0"
0)
0#
0(
#105762
1"
1)
#105763
b1001 0
1#
1(
#105768
0"
0)
#105770
0#
0(
#105774
1"
1)
#105777
b1000 0
1#
1(
#105780
0"
0)
#105784
0#
0(
#105786
1"
1)
#105791
b111 0
1#
1(
#105792
0"
0)
#105798
1"
1)
0#
0(
#105804
0"
0)
#105805
b110 0
1#
1(
#105810
1"
1)
#105812
0#
0(
#105816
0"
0)
#105819
b101 0
1#
1(
#105822
1"
1)
#105826
0#
0(
#105828
0"
0)
#105833
b100 0
1#
1(
#105834
1"
1)
#105840
0"
0)
0#
0(
#105846
1"
1)
#105847
b11 0
1#
1(
#105848
b110 9
0&
b110 ;
#105852
0"
0)
#105854
0#
0(
#105858
1"
1)
#105861
b1001010 ,
b1001010 -
b1001010 3
b1001010 .
b10 0
1#
1(
#105864
0"
0)
#105868
0#
0(
#105870
b1001010 4
1"
1)
#105875
b1 0
1#
1(
#105876
0"
0)
#105882
1"
1)
0#
0(
#105888
0"
0)
#105889
b0 0
1#
1(
#105894
1"
1)
#105896
0#
0(
#105900
0"
0)
#105903
b10 2
b1111 0
1#
1(
#105906
1"
1)
#105910
0#
0(
#105912
0"
0)
#105917
b1 2
b1 /
b10010100 ,
b10010100 -
b10010100 3
b10010100 .
1#
1(
#105918
b10010100 4
1"
1)
#105924
0"
0)
0#
0(
#105930
1"
1)
#105931
b1110 0
1#
1(
#105936
0"
0)
#105938
0#
0(
#105942
1"
1)
#105945
b1101 0
1#
1(
#105948
0"
0)
#105952
0#
0(
#105954
1"
1)
#105959
b1100 0
1#
1(
#105960
0"
0)
#105966
1"
1)
0#
0(
#105972
0"
0)
#105973
b1011 0
1#
1(
#105978
1"
1)
#105980
0#
0(
#105984
0"
0)
#105987
b1010 0
1#
1(
#105990
1"
1)
#105994
0#
0(
#105996
0"
0)
#106001
b1001 0
1#
1(
#106002
1"
1)
#106008
0"
0)
0#
0(
#106014
1"
1)
#106015
b1000 0
1#
1(
#106020
0"
0)
#106022
0#
0(
#106026
1"
1)
#106029
b111 0
1#
1(
#106032
0"
0)
#106036
0#
0(
#106038
1"
1)
#106043
b110 0
1#
1(
#106044
0"
0)
#106050
1"
1)
0#
0(
#106056
0"
0)
#106057
b101 0
1#
1(
#106062
1"
1)
#106064
0#
0(
#106068
0"
0)
#106071
b100 0
1#
1(
#106074
1"
1)
#106075
b11 9
b111 ;
#106078
0#
0(
#106080
0"
0)
#106085
b11 0
1#
1(
#106086
1"
1)
#106092
0"
0)
0#
0(
#106098
1"
1)
#106099
b10 0
1#
1(
#106104
0"
0)
#106106
0#
0(
#106110
1"
1)
#106113
b1 0
1#
1(
#106116
0"
0)
#106120
0#
0(
#106122
1"
1)
#106127
b0 0
1#
1(
#106128
0"
0)
#106134
1"
1)
0#
0(
#106140
0"
0)
#106141
b10 2
b1111 0
1#
1(
#106146
1"
1)
#106148
0#
0(
#106152
0"
0)
#106155
b1 2
b0 /
b101000 ,
b101000 -
b101000 3
b101000 .
1#
1(
#106158
b101000 4
1"
1)
#106162
0#
0(
#106164
0"
0)
#106169
b1110 0
1#
1(
#106170
1"
1)
#106176
0"
0)
0#
0(
#106182
1"
1)
#106183
b1101 0
1#
1(
#106188
0"
0)
#106190
0#
0(
#106194
1"
1)
#106197
b1100 0
1#
1(
#106200
0"
0)
#106204
0#
0(
#106206
1"
1)
#106211
b1011 0
1#
1(
#106212
0"
0)
#106218
1"
1)
0#
0(
#106224
0"
0)
#106225
b1010 0
1#
1(
#106230
1"
1)
#106232
0#
0(
#106236
0"
0)
#106239
b1001 0
1#
1(
#106242
1"
1)
#106246
0#
0(
#106248
0"
0)
#106253
b1000 0
1#
1(
#106254
1"
1)
#106260
0"
0)
0#
0(
#106266
1"
1)
#106267
b111 0
1#
1(
#106272
0"
0)
#106274
0#
0(
#106278
1"
1)
#106281
b110 0
1#
1(
#106284
0"
0)
#106288
0#
0(
#106290
1"
1)
#106295
b101 0
1#
1(
#106296
0"
0)
#106302
1"
1)
0#
0(
b1 9
1&
b1000 ;
#106308
0"
0)
#106309
b101001 ,
b101001 -
b101001 3
b101001 .
b100 0
1#
1(
#106314
b101001 4
1"
1)
#106316
0#
0(
#106320
0"
0)
#106323
b11 0
1#
1(
#106326
1"
1)
#106330
0#
0(
#106332
0"
0)
#106337
b10 0
1#
1(
#106338
1"
1)
#106344
0"
0)
0#
0(
#106350
1"
1)
#106351
b1 0
1#
1(
#106356
0"
0)
#106358
0#
0(
#106362
1"
1)
#106365
b0 0
1#
1(
#106368
0"
0)
#106372
0#
0(
#106374
1"
1)
#106379
b10 2
b1111 0
1#
1(
#106380
0"
0)
#106386
1"
1)
0#
0(
#106392
0"
0)
#106393
b11 2
b111 /
b1010010 ,
b1010010 -
b1010010 3
b1010010 .
1#
1(
#106398
b1010010 4
1"
1)
#106400
0#
0(
#106404
0"
0)
#106407
b100 2
1#
1(
#106410
1"
1)
#106414
0#
0(
#106416
0"
0)
#106421
0+
01
1#
1(
#106422
b1 7
1"
1)
#106428
0"
0)
0#
0(
#106434
b10 7
0!
08
0*
06
1"
1)
#106435
b0 2
1#
1(
#106440
0"
0)
#106442
0#
0(
#106446
b110 5
b10100100 4
1"
1)
#106449
1+
11
1#
1(
#106452
0"
0)
#106456
0#
0(
#106458
b101 5
b1001000 4
1!
18
1"
1)
#106463
1#
1(
#106464
0"
0)
#106470
b100 5
b10010000 4
0!
08
1"
1)
0#
0(
#106476
0"
0)
#106477
1#
1(
#106482
b11 5
b100000 4
1!
18
1"
1)
#106484
0#
0(
#106488
0"
0)
#106491
1#
1(
#106494
b10 5
b1000000 4
0!
08
1"
1)
#106498
0#
0(
#106500
0"
0)
#106505
1#
1(
#106506
b1 5
b10000000 4
1"
1)
#106512
0"
0)
0#
0(
#106518
b0 5
b0 4
1!
18
1"
1)
#106519
1#
1(
#106524
0"
0)
#106526
0#
0(
#106529
b0 9
b1001 ;
#106530
b0 7
b111 5
0!
08
1"
1)
#106533
1#
1(
#106536
0"
0)
#106540
0#
0(
#106542
1!
18
b1010010 4
1*
16
1"
1)
#106547
1#
1(
#106548
0"
0)
#106554
1"
1)
0#
0(
#106560
0"
0)
#106561
1#
1(
#106566
1"
1)
#106568
0#
0(
#106572
0"
0)
#106575
1#
1(
#106578
1"
1)
#106582
0#
0(
#106584
0"
0)
#106589
1#
1(
#106590
1"
1)
#106596
0"
0)
0#
0(
#106602
1"
1)
#106603
1#
1(
#106608
0"
0)
#106610
0#
0(
#106614
1"
1)
#106617
1#
1(
#106620
0"
0)
#106624
0#
0(
#106626
1"
1)
#106631
1#
1(
#106632
0"
0)
#106638
1"
1)
0#
0(
#106644
0"
0)
#106645
1#
1(
#106650
1"
1)
#106652
0#
0(
#106656
0"
0)
#106659
1#
1(
#106662
1"
1)
#106666
0#
0(
#106668
0"
0)
#106673
1#
1(
#106674
1"
1)
#106680
0"
0)
0#
0(
#106686
1"
1)
#106687
1#
1(
#106692
0"
0)
#106694
0#
0(
#106698
1"
1)
#106701
1#
1(
#106704
0"
0)
#106708
0#
0(
#106710
1"
1)
#106715
1#
1(
#106716
0"
0)
#106722
1"
1)
0#
0(
#106728
0"
0)
#106729
1#
1(
#106734
1"
1)
#106736
0#
0(
#106740
0"
0)
#106743
1#
1(
#106746
1"
1)
#106750
0#
0(
#106752
0"
0)
#106756
b1010 ;
#106757
1#
1(
#106758
1"
1)
#106764
0"
0)
0#
0(
#106770
1"
1)
#106771
1#
1(
#106776
0"
0)
#106778
0#
0(
#106782
1"
1)
#106785
1#
1(
#106788
0"
0)
#106792
0#
0(
#106794
1"
1)
#106799
1#
1(
#106800
0"
0)
#106806
1"
1)
0#
0(
#106812
0"
0)
#106813
1#
1(
#106818
1"
1)
#106820
0#
0(
#106824
0"
0)
#106827
1#
1(
#106830
1"
1)
#106834
0#
0(
#106836
0"
0)
#106841
1#
1(
#106842
1"
1)
#106848
0"
0)
0#
0(
#106854
1"
1)
#106855
1#
1(
#106860
0"
0)
#106862
0#
0(
#106866
1"
1)
#106869
1#
1(
#106872
0"
0)
#106876
0#
0(
#106878
1"
1)
#106883
1#
1(
#106884
0"
0)
#106890
1"
1)
0#
0(
#106896
0"
0)
#106897
1#
1(
#106902
1"
1)
#106904
0#
0(
#106908
0"
0)
#106911
1#
1(
#106914
1"
1)
#106918
0#
0(
#106920
0"
0)
#106925
1#
1(
#106926
1"
1)
#106932
0"
0)
0#
0(
#106938
1"
1)
#106939
1#
1(
#106944
0"
0)
#106946
0#
0(
#106950
1"
1)
#106953
1#
1(
#106956
0"
0)
#106960
0#
0(
#106962
1"
1)
#106967
1#
1(
#106968
0"
0)
#106974
1"
1)
0#
0(
#106980
0"
0)
#106981
1#
1(
#106986
1"
1)
#106988
0#
0(
#106992
0"
0)
#106995
1#
1(
#106998
1"
1)
#107002
0#
0(
#107004
0"
0)
#107009
1#
1(
#107010
1"
1)
#107016
0"
0)
0#
0(
#107022
1"
1)
#107023
1#
1(
#107028
0"
0)
#107030
0#
0(
#107034
1"
1)
#107037
1#
1(
#107040
0"
0)
#107044
0#
0(
#107046
1"
1)
#107051
1#
1(
#107052
0"
0)
#107058
1"
1)
0#
0(
#107064
0"
0)
#107065
1#
1(
#107070
1"
1)
#107072
0#
0(
#107076
0"
0)
#107079
1#
1(
#107082
1"
1)
#107086
0#
0(
#107088
0"
0)
#107093
1#
1(
#107094
1"
1)
#107100
0"
0)
0#
0(
#107106
1"
1)
#107107
1#
1(
#107112
0"
0)
#107114
0#
0(
#107118
1"
1)
#107121
1#
1(
#107124
0"
0)
#107128
0#
0(
#107130
1"
1)
#107135
1#
1(
#107136
0"
0)
#107142
1"
1)
0#
0(
#107148
0"
0)
#107149
1#
1(
#107154
1"
1)
#107156
0#
0(
#107160
0"
0)
#107163
1#
1(
#107166
1"
1)
#107170
0#
0(
#107172
0"
0)
#107177
1#
1(
#107178
1"
1)
#107184
0"
0)
0#
0(
#107190
1"
1)
#107191
1#
1(
#107196
0"
0)
#107198
0#
0(
#107202
1"
1)
#107205
1#
1(
#107208
0"
0)
#107212
0#
0(
#107214
1"
1)
#107219
1#
1(
#107220
0"
0)
#107226
1"
1)
0#
0(
#107232
0"
0)
#107233
1#
1(
#107238
1"
1)
#107240
0#
0(
#107244
0"
0)
#107247
1#
1(
#107250
1"
1)
#107254
0#
0(
#107256
0"
0)
#107261
1#
1(
#107262
1"
1)
#107268
0"
0)
0#
0(
#107274
1"
1)
#107275
1#
1(
#107280
0"
0)
#107282
0#
0(
#107286
1"
1)
#107289
1#
1(
#107292
0"
0)
#107296
0#
0(
#107298
1"
1)
#107303
1#
1(
#107304
0"
0)
#107310
1"
1)
0#
0(
#107316
0"
0)
#107317
1#
1(
#107322
1"
1)
#107324
0#
0(
#107328
0"
0)
#107331
1#
1(
#107334
1"
1)
#107338
0#
0(
#107340
0"
0)
#107345
1#
1(
#107346
1"
1)
#107352
0"
0)
0#
0(
#107358
1"
1)
#107359
1#
1(
#107364
0"
0)
#107366
0#
0(
#107370
1"
1)
#107373
1#
1(
#107376
0"
0)
#107380
0#
0(
#107382
1"
1)
#107387
1#
1(
#107388
0"
0)
#107394
1"
1)
0#
0(
#107400
0"
0)
#107401
1#
1(
#107406
1"
1)
#107408
0#
0(
#107412
0"
0)
#107415
1#
1(
#107418
1"
1)
#107422
0#
0(
#107424
0"
0)
#107429
1#
1(
#107430
1"
1)
#107436
0"
0)
0#
0(
#107442
1"
1)
#107443
1#
1(
#107448
0"
0)
#107450
0#
0(
#107454
1"
1)
#107457
1#
1(
#107460
0"
0)
#107464
0#
0(
#107466
1"
1)
#107471
1#
1(
#107472
0"
0)
#107478
1"
1)
0#
0(
#107484
0"
0)
#107485
1#
1(
#107490
1"
1)
#107492
0#
0(
#107496
0"
0)
#107499
1#
1(
#107502
1"
1)
#107506
0#
0(
#107508
0"
0)
#107513
1#
1(
#107514
1"
1)
#107520
0"
0)
0#
0(
#107526
1"
1)
#107527
1#
1(
#107532
0"
0)
#107534
0#
0(
#107538
1"
1)
#107541
1#
1(
#107544
0"
0)
#107548
0#
0(
#107550
1"
1)
#107555
1#
1(
#107556
0"
0)
#107562
1"
1)
0#
0(
#107568
0"
0)
#107569
1#
1(
#107574
1"
1)
#107576
0#
0(
#107580
0"
0)
#107583
1#
1(
#107586
1"
1)
#107590
0#
0(
#107592
0"
0)
#107597
1#
1(
#107598
1"
1)
#107604
0"
0)
0#
0(
#107610
1"
1)
#107611
1#
1(
#107616
0"
0)
#107618
0#
0(
#107622
1"
1)
#107625
1#
1(
#107628
0"
0)
#107632
0#
0(
#107634
1"
1)
#107639
1#
1(
#107640
0"
0)
#107646
1"
1)
0#
0(
#107652
0"
0)
#107653
1#
1(
#107658
1"
1)
#107660
0#
0(
#107664
0"
0)
#107667
1#
1(
#107670
1"
1)
#107674
0#
0(
#107676
0"
0)
#107681
1#
1(
#107682
1"
1)
#107688
0"
0)
0#
0(
#107694
1"
1)
#107695
1#
1(
#107700
0"
0)
#107702
0#
0(
#107706
1"
1)
#107709
1#
1(
#107712
0"
0)
#107716
0#
0(
#107718
1"
1)
#107723
1#
1(
#107724
0"
0)
#107730
1"
1)
0#
0(
#107736
0"
0)
#107737
1#
1(
#107742
1"
1)
#107744
0#
0(
#107748
0"
0)
#107751
1#
1(
#107754
1"
1)
#107758
0#
0(
#107760
0"
0)
#107765
1#
1(
#107766
1"
1)
#107772
0"
0)
0#
0(
#107778
1"
1)
#107779
1#
1(
#107784
0"
0)
#107786
0#
0(
#107790
1"
1)
#107793
1#
1(
#107796
0"
0)
#107800
0#
0(
#107802
1"
1)
#107807
1#
1(
#107808
0"
0)
#107814
1"
1)
0#
0(
#107820
0"
0)
#107821
1#
1(
#107826
1"
1)
#107828
0#
0(
#107832
0"
0)
#107835
1#
1(
#107838
1"
1)
#107842
0#
0(
#107844
0"
0)
#107849
1#
1(
#107850
1"
1)
#107856
0"
0)
0#
0(
#107862
1"
1)
#107863
1#
1(
#107868
0"
0)
#107870
0#
0(
#107874
1"
1)
#107877
1#
1(
#107880
0"
0)
#107884
0#
0(
#107886
1"
1)
#107891
1#
1(
#107892
0"
0)
#107898
1"
1)
0#
0(
#107904
0"
0)
#107905
1#
1(
#107910
1"
1)
#107912
0#
0(
#107916
0"
0)
#107919
1#
1(
#107922
1"
1)
#107926
0#
0(
#107928
0"
0)
#107933
1#
1(
#107934
1"
1)
#107940
0"
0)
0#
0(
#107946
1"
1)
#107947
1#
1(
#107952
0"
0)
#107954
0#
0(
#107958
1"
1)
#107961
1#
1(
#107964
0"
0)
#107968
0#
0(
#107970
1"
1)
#107975
1#
1(
#107976
0"
0)
#107982
1"
1)
0#
0(
#107988
0"
0)
#107989
1#
1(
#107994
1"
1)
#107996
0#
0(
#108000
0"
0)
#108003
1#
1(
#108006
1"
1)
#108010
0#
0(
#108012
0"
0)
#108017
1#
1(
#108018
1"
1)
#108024
0"
0)
0#
0(
#108030
1"
1)
#108031
1#
1(
#108036
0"
0)
#108038
0#
0(
#108042
1"
1)
#108045
1#
1(
#108048
0"
0)
#108052
0#
0(
#108054
1"
1)
#108059
1#
1(
#108060
0"
0)
#108066
1"
1)
0#
0(
#108072
0"
0)
#108073
1#
1(
#108078
1"
1)
#108080
0#
0(
#108084
0"
0)
#108087
1#
1(
#108090
1"
1)
#108094
0#
0(
#108096
0"
0)
#108101
1#
1(
#108102
1"
1)
#108108
0"
0)
0#
0(
#108114
1"
1)
#108115
1#
1(
#108120
0"
0)
#108122
0#
0(
#108126
1"
1)
#108129
1#
1(
#108132
0"
0)
#108136
0#
0(
#108138
1"
1)
#108143
1#
1(
#108144
0"
0)
#108150
1"
1)
0#
0(
#108156
0"
0)
#108157
1#
1(
#108162
1"
1)
#108164
0#
0(
#108168
0"
0)
#108171
1#
1(
#108174
1"
1)
#108178
0#
0(
#108180
0"
0)
#108185
1#
1(
#108186
1"
1)
#108192
0"
0)
0#
0(
#108198
1"
1)
#108199
1#
1(
#108204
0"
0)
#108206
0#
0(
#108210
1"
1)
#108213
1#
1(
#108216
0"
0)
#108220
0#
0(
#108222
1"
1)
#108227
1#
1(
#108228
0"
0)
#108234
1"
1)
0#
0(
#108240
0"
0)
#108241
1#
1(
#108246
1"
1)
#108248
0#
0(
#108252
0"
0)
#108255
1#
1(
#108258
1"
1)
#108262
0#
0(
#108264
0"
0)
#108269
1#
1(
#108270
1"
1)
#108276
0"
0)
0#
0(
#108282
1"
1)
#108283
1#
1(
#108288
0"
0)
#108290
0#
0(
#108294
1"
1)
#108297
1#
1(
#108300
0"
0)
#108304
0#
0(
#108306
1"
1)
#108311
1#
1(
#108312
0"
0)
#108318
1"
1)
0#
0(
#108324
0"
0)
#108325
1#
1(
#108330
1"
1)
#108332
0#
0(
#108336
0"
0)
#108339
1#
1(
#108342
1"
1)
#108346
0#
0(
#108348
0"
0)
#108353
1#
1(
#108354
1"
1)
#108360
0"
0)
0#
0(
#108366
1"
1)
#108367
1#
1(
#108372
0"
0)
#108374
0#
0(
#108378
1"
1)
#108381
1#
1(
#108384
0"
0)
#108388
0#
0(
#108390
1"
1)
#108395
1#
1(
#108396
0"
0)
#108402
1"
1)
0#
0(
#108408
0"
0)
#108409
1#
1(
#108414
1"
1)
#108416
0#
0(
#108420
0"
0)
#108423
1#
1(
#108426
1"
1)
#108430
0#
0(
#108432
0"
0)
#108437
1#
1(
#108438
1"
1)
#108444
0"
0)
0#
0(
#108450
1"
1)
#108451
1#
1(
#108456
0"
0)
#108458
0#
0(
#108462
1"
1)
#108465
1#
1(
#108468
0"
0)
#108472
0#
0(
#108474
1"
1)
#108479
1#
1(
#108480
0"
0)
#108486
1"
1)
0#
0(
#108492
0"
0)
#108493
1#
1(
#108498
1"
1)
#108500
0#
0(
#108504
0"
0)
#108507
1#
1(
#108510
1"
1)
#108514
0#
0(
#108516
0"
0)
#108521
1#
1(
#108522
1"
1)
#108528
0"
0)
0#
0(
#108534
1"
1)
#108535
1#
1(
#108540
0"
0)
#108542
0#
0(
#108546
1"
1)
#108549
1#
1(
#108552
0"
0)
#108556
0#
0(
#108558
1"
1)
#108563
1#
1(
#108564
0"
0)
#108570
1"
1)
0#
0(
#108576
0"
0)
#108577
1#
1(
#108582
1"
1)
#108584
0#
0(
#108588
0"
0)
#108591
1#
1(
#108594
1"
1)
#108598
0#
0(
#108600
0"
0)
#108605
1#
1(
#108606
1"
1)
#108612
0"
0)
0#
0(
#108618
1"
1)
#108619
1#
1(
#108624
0"
0)
#108626
0#
0(
#108630
1"
1)
#108633
1#
1(
#108636
0"
0)
#108640
0#
0(
#108642
1"
1)
#108647
1#
1(
#108648
0"
0)
#108654
1"
1)
0#
0(
#108660
0"
0)
#108661
1#
1(
#108666
1"
1)
#108668
0#
0(
#108672
0"
0)
#108675
1#
1(
#108678
1"
1)
#108682
0#
0(
#108684
0"
0)
#108689
1#
1(
#108690
1"
1)
#108696
0"
0)
0#
0(
#108702
1"
1)
#108703
1#
1(
#108708
0"
0)
#108710
0#
0(
#108714
1"
1)
#108717
1#
1(
#108720
0"
0)
#108724
0#
0(
#108726
1"
1)
#108731
1#
1(
#108732
0"
0)
#108738
1"
1)
0#
0(
#108744
0"
0)
#108745
1#
1(
#108750
1"
1)
#108752
0#
0(
#108756
0"
0)
#108759
1#
1(
#108762
1"
1)
#108766
0#
0(
#108768
0"
0)
#108773
1#
1(
#108774
1"
1)
#108780
0"
0)
0#
0(
#108786
1"
1)
#108787
1#
1(
#108792
0"
0)
#108794
0#
0(
#108798
1"
1)
#108801
1#
1(
#108804
0"
0)
#108808
0#
0(
#108810
1"
1)
#108815
1#
1(
#108816
0"
0)
#108822
1"
1)
0#
0(
#108828
0"
0)
#108829
1#
1(
#108834
1"
1)
#108836
0#
0(
#108840
0"
0)
#108843
1#
1(
#108846
1"
1)
#108850
0#
0(
#108852
0"
0)
#108857
1#
1(
#108858
1"
1)
#108864
0"
0)
0#
0(
#108870
1"
1)
#108871
1#
1(
#108876
0"
0)
#108878
0#
0(
#108882
1"
1)
#108885
1#
1(
#108888
0"
0)
#108892
0#
0(
#108894
1"
1)
#108899
1#
1(
#108900
0"
0)
#108906
1"
1)
0#
0(
#108912
0"
0)
#108913
1#
1(
#108918
1"
1)
#108920
0#
0(
#108924
0"
0)
#108927
1#
1(
#108930
1"
1)
#108934
0#
0(
#108936
0"
0)
#108941
1#
1(
#108942
1"
1)
#108948
0"
0)
0#
0(
#108954
1"
1)
#108955
1#
1(
#108960
0"
0)
#108962
0#
0(
#108966
1"
1)
#108969
1#
1(
#108972
0"
0)
#108976
0#
0(
#108978
1"
1)
#108983
1#
1(
#108984
0"
0)
#108990
1"
1)
0#
0(
#108996
0"
0)
#108997
1#
1(
#109002
1"
1)
#109004
0#
0(
#109008
0"
0)
#109011
1#
1(
#109014
1"
1)
#109018
0#
0(
#109020
0"
0)
#109025
1#
1(
#109026
1"
1)
#109028
0&
b0 ;
b110100101 9
b11000 :
#109032
0"
0)
0#
0(
#109038
1"
1)
#109039
b1 2
1#
1(
#109044
0"
0)
#109046
0#
0(
#109050
1"
1)
#109053
b1110 0
1#
1(
#109056
0"
0)
#109060
0#
0(
#109062
1"
1)
#109067
b1101 0
1#
1(
#109068
0"
0)
#109074
1"
1)
0#
0(
#109080
0"
0)
#109081
b1100 0
1#
1(
#109086
1"
1)
#109088
0#
0(
#109092
0"
0)
#109095
b1011 0
1#
1(
#109098
1"
1)
#109102
0#
0(
#109104
0"
0)
#109109
b1010 0
1#
1(
#109110
1"
1)
#109116
0"
0)
0#
0(
#109122
1"
1)
#109123
b1001 0
1#
1(
#109128
0"
0)
#109130
0#
0(
#109134
1"
1)
#109137
b1000 0
1#
1(
#109140
0"
0)
#109144
0#
0(
#109146
1"
1)
#109151
b111 0
1#
1(
#109152
0"
0)
#109158
1"
1)
0#
0(
#109164
0"
0)
#109165
b110 0
1#
1(
#109170
1"
1)
#109172
0#
0(
#109176
0"
0)
#109179
b101 0
1#
1(
#109182
1"
1)
#109186
0#
0(
#109188
0"
0)
#109193
b100 0
1#
1(
#109194
1"
1)
#109200
0"
0)
0#
0(
#109206
1"
1)
#109207
b11 0
1#
1(
#109212
0"
0)
#109214
0#
0(
#109218
1"
1)
#109221
b10 0
1#
1(
#109224
0"
0)
#109228
0#
0(
#109230
1"
1)
#109235
b1 0
1#
1(
#109236
0"
0)
#109242
1"
1)
0#
0(
#109248
0"
0)
#109249
b0 0
1#
1(
#109254
1"
1)
#109255
b11010010 9
1&
b1 ;
#109256
0#
0(
#109260
0"
0)
#109263
b10 2
b1010011 ,
b1010011 -
b1010011 3
b1010011 .
b1111 0
1#
1(
#109266
b1010011 4
1"
1)
#109270
0#
0(
#109272
0"
0)
#109277
b1 2
b110 /
b10100110 ,
b10100110 -
b10100110 3
b10100110 .
1#
1(
#109278
b10100110 4
1"
1)
#109284
0"
0)
0#
0(
#109290
1"
1)
#109291
b10100111 ,
b10100111 -
b10100111 3
b10100111 .
b1110 0
1#
1(
#109296
0"
0)
#109298
0#
0(
#109302
b10100111 4
1"
1)
#109305
b1101 0
1#
1(
#109308
0"
0)
#109312
0#
0(
#109314
1"
1)
#109319
b1100 0
1#
1(
#109320
0"
0)
#109326
1"
1)
0#
0(
#109332
0"
0)
#109333
b1011 0
1#
1(
#109338
1"
1)
#109340
0#
0(
#109344
0"
0)
#109347
b1010 0
1#
1(
#109350
1"
1)
#109354
0#
0(
#109356
0"
0)
#109361
b1001 0
1#
1(
#109362
1"
1)
#109368
0"
0)
0#
0(
#109374
1"
1)
#109375
b1000 0
1#
1(
#109380
0"
0)
#109382
0#
0(
#109386
1"
1)
#109389
b111 0
1#
1(
#109392
0"
0)
#109396
0#
0(
#109398
1"
1)
#109403
b110 0
1#
1(
#109404
0"
0)
#109410
1"
1)
0#
0(
#109416
0"
0)
#109417
b101 0
1#
1(
#109422
1"
1)
#109424
0#
0(
#109428
0"
0)
#109431
b100 0
1#
1(
#109434
1"
1)
#109438
0#
0(
#109440
0"
0)
#109445
b11 0
1#
1(
#109446
1"
1)
#109452
0"
0)
0#
0(
#109458
1"
1)
#109459
b10 0
1#
1(
#109464
0"
0)
#109466
0#
0(
#109470
1"
1)
#109473
b1 0
1#
1(
#109476
0"
0)
#109480
0#
0(
#109482
1"
1)
b1101001 9
0&
b10 ;
#109487
b10100110 ,
b10100110 -
b10100110 3
b10100110 .
b0 0
1#
1(
#109488
0"
0)
#109494
b10100110 4
1"
1)
0#
0(
#109500
0"
0)
#109501
b10 2
b1111 0
1#
1(
#109506
1"
1)
#109508
0#
0(
#109512
0"
0)
#109515
b1 2
b101 /
b1001100 ,
b1001100 -
b1001100 3
b1001100 .
1#
1(
#109518
b1001100 4
1"
1)
#109522
0#
0(
#109524
0"
0)
#109529
b1110 0
1#
1(
#109530
1"
1)
#109536
0"
0)
0#
0(
#109542
1"
1)
#109543
b1101 0
1#
1(
#109548
0"
0)
#109550
0#
0(
#109554
1"
1)
#109557
b1100 0
1#
1(
#109560
0"
0)
#109564
0#
0(
#109566
1"
1)
#109571
b1011 0
1#
1(
#109572
0"
0)
#109578
1"
1)
0#
0(
#109584
0"
0)
#109585
b1010 0
1#
1(
#109590
1"
1)
#109592
0#
0(
#109596
0"
0)
#109599
b1001 0
1#
1(
#109602
1"
1)
#109606
0#
0(
#109608
0"
0)
#109613
b1000 0
1#
1(
#109614
1"
1)
#109620
0"
0)
0#
0(
#109626
1"
1)
#109627
b111 0
1#
1(
#109632
0"
0)
#109634
0#
0(
#109638
1"
1)
#109641
b110 0
1#
1(
#109644
0"
0)
#109648
0#
0(
#109650
1"
1)
#109655
b101 0
1#
1(
#109656
0"
0)
#109662
1"
1)
0#
0(
#109668
0"
0)
#109669
b100 0
1#
1(
#109674
1"
1)
#109676
0#
0(
#109680
0"
0)
#109683
b11 0
1#
1(
#109686
1"
1)
#109690
0#
0(
#109692
0"
0)
#109697
b10 0
1#
1(
#109698
1"
1)
#109704
0"
0)
0#
0(
#109709
b110100 9
1&
b11 ;
#109710
1"
1)
#109711
b1001101 ,
b1001101 -
b1001101 3
b1001101 .
b1 0
1#
1(
#109716
0"
0)
#109718
0#
0(
#109722
b1001101 4
1"
1)
#109725
b0 0
1#
1(
#109728
0"
0)
#109732
0#
0(
#109734
1"
1)
#109739
b10 2
b1111 0
1#
1(
#109740
0"
0)
#109746
1"
1)
0#
0(
#109752
0"
0)
#109753
b1 2
b100 /
b10011010 ,
b10011010 -
b10011010 3
b10011010 .
1#
1(
#109758
b10011010 4
1"
1)
#109760
0#
0(
#109764
0"
0)
#109767
b10011011 ,
b10011011 -
b10011011 3
b10011011 .
b1110 0
1#
1(
#109770
b10011011 4
1"
1)
#109774
0#
0(
#109776
0"
0)
#109781
b1101 0
1#
1(
#109782
1"
1)
#109788
0"
0)
0#
0(
#109794
1"
1)
#109795
b1100 0
1#
1(
#109800
0"
0)
#109802
0#
0(
#109806
1"
1)
#109809
b1011 0
1#
1(
#109812
0"
0)
#109816
0#
0(
#109818
1"
1)
#109823
b1010 0
1#
1(
#109824
0"
0)
#109830
1"
1)
0#
0(
#109836
0"
0)
#109837
b1001 0
1#
1(
#109842
1"
1)
#109844
0#
0(
#109848
0"
0)
#109851
b1000 0
1#
1(
#109854
1"
1)
#109858
0#
0(
#109860
0"
0)
#109865
b111 0
1#
1(
#109866
1"
1)
#109872
0"
0)
0#
0(
#109878
1"
1)
#109879
b110 0
1#
1(
#109884
0"
0)
#109886
0#
0(
#109890
1"
1)
#109893
b101 0
1#
1(
#109896
0"
0)
#109900
0#
0(
#109902
1"
1)
#109907
b100 0
1#
1(
#109908
0"
0)
#109914
1"
1)
0#
0(
#109920
0"
0)
#109921
b11 0
1#
1(
#109926
1"
1)
#109928
0#
0(
#109932
0"
0)
#109935
b10 0
1#
1(
#109936
b11010 9
0&
b100 ;
#109938
1"
1)
#109942
0#
0(
#109944
0"
0)
#109949
b10011010 ,
b10011010 -
b10011010 3
b10011010 .
b1 0
1#
1(
#109950
b10011010 4
1"
1)
#109956
0"
0)
0#
0(
#109962
1"
1)
#109963
b0 0
1#
1(
#109968
0"
0)
#109970
0#
0(
#109974
1"
1)
#109977
b10 2
b1111 0
1#
1(
#109980
0"
0)
#109984
0#
0(
#109986
1"
1)
#109991
b1 2
b11 /
b110100 ,
b110100 -
b110100 3
b110100 .
1#
1(
#109992
0"
0)
#109998
b110100 4
1"
1)
0#
0(
#110004
0"
0)
#110005
b1110 0
1#
1(
#110010
1"
1)
#110012
0#
0(
#110016
0"
0)
#110019
b1101 0
1#
1(
#110022
1"
1)
#110026
0#
0(
#110028
0"
0)
#110033
b1100 0
1#
1(
#110034
1"
1)
#110040
0"
0)
0#
0(
#110046
1"
1)
#110047
b1011 0
1#
1(
#110052
0"
0)
#110054
0#
0(
#110058
1"
1)
#110061
b1010 0
1#
1(
#110064
0"
0)
#110068
0#
0(
#110070
1"
1)
#110075
b1001 0
1#
1(
#110076
0"
0)
#110082
1"
1)
0#
0(
#110088
0"
0)
#110089
b1000 0
1#
1(
#110094
1"
1)
#110096
0#
0(
#110100
0"
0)
#110103
b111 0
1#
1(
#110106
1"
1)
#110110
0#
0(
#110112
0"
0)
#110117
b110 0
1#
1(
#110118
1"
1)
#110124
0"
0)
0#
0(
#110130
1"
1)
#110131
b101 0
1#
1(
#110136
0"
0)
#110138
0#
0(
#110142
1"
1)
#110145
b100 0
1#
1(
#110148
0"
0)
#110152
0#
0(
#110154
1"
1)
#110159
b11 0
1#
1(
#110160
0"
0)
#110163
b1101 9
b101 ;
#110166
1"
1)
0#
0(
#110172
0"
0)
#110173
b10 0
1#
1(
#110178
1"
1)
#110180
0#
0(
#110184
0"
0)
#110187
b1 0
1#
1(
#110190
1"
1)
#110194
0#
0(
#110196
0"
0)
#110201
b0 0
1#
1(
#110202
1"
1)
#110208
0"
0)
0#
0(
#110214
1"
1)
#110215
b10 2
b1111 0
1#
1(
#110220
0"
0)
#110222
0#
0(
#110226
1"
1)
#110229
b1 2
b10 /
b1101000 ,
b1101000 -
b1101000 3
b1101000 .
1#
1(
#110232
0"
0)
#110236
0#
0(
#110238
b1101000 4
1"
1)
#110243
b1110 0
1#
1(
#110244
0"
0)
#110250
1"
1)
0#
0(
#110256
0"
0)
#110257
b1101 0
1#
1(
#110262
1"
1)
#110264
0#
0(
#110268
0"
0)
#110271
b1100 0
1#
1(
#110274
1"
1)
#110278
0#
0(
#110280
0"
0)
#110285
b1011 0
1#
1(
#110286
1"
1)
#110292
0"
0)
0#
0(
#110298
1"
1)
#110299
b1010 0
1#
1(
#110304
0"
0)
#110306
0#
0(
#110310
1"
1)
#110313
b1001 0
1#
1(
#110316
0"
0)
#110320
0#
0(
#110322
1"
1)
#110327
b1000 0
1#
1(
#110328
0"
0)
#110334
1"
1)
0#
0(
#110340
0"
0)
#110341
b111 0
1#
1(
#110346
1"
1)
#110348
0#
0(
#110352
0"
0)
#110355
b110 0
1#
1(
#110358
1"
1)
#110362
0#
0(
#110364
0"
0)
#110369
b101 0
1#
1(
#110370
1"
1)
#110376
0"
0)
0#
0(
#110382
1"
1)
#110383
b100 0
1#
1(
#110388
0"
0)
#110390
0#
0(
b110 9
1&
b110 ;
#110394
1"
1)
#110397
b1101001 ,
b1101001 -
b1101001 3
b1101001 .
b11 0
1#
1(
#110400
0"
0)
#110404
0#
0(
#110406
b1101001 4
1"
1)
#110411
b10 0
1#
1(
#110412
0"
0)
#110418
1"
1)
0#
0(
#110424
0"
0)
#110425
b1 0
1#
1(
#110430
1"
1)
#110432
0#
0(
#110436
0"
0)
#110439
b0 0
1#
1(
#110442
1"
1)
#110446
0#
0(
#110448
0"
0)
#110453
b10 2
b1111 0
1#
1(
#110454
1"
1)
#110460
0"
0)
0#
0(
#110466
1"
1)
#110467
b1 2
b1 /
b11010010 ,
b11010010 -
b11010010 3
b11010010 .
1#
1(
#110472
0"
0)
#110474
0#
0(
#110478
b11010010 4
1"
1)
#110481
b11010011 ,
b11010011 -
b11010011 3
b11010011 .
b1110 0
1#
1(
#110484
0"
0)
#110488
0#
0(
#110490
b11010011 4
1"
1)
#110495
b1101 0
1#
1(
#110496
0"
0)
#110502
1"
1)
0#
0(
#110508
0"
0)
#110509
b1100 0
1#
1(
#110514
1"
1)
#110516
0#
0(
#110520
0"
0)
#110523
b1011 0
1#
1(
#110526
1"
1)
#110530
0#
0(
#110532
0"
0)
#110537
b1010 0
1#
1(
#110538
1"
1)
#110544
0"
0)
0#
0(
#110550
1"
1)
#110551
b1001 0
1#
1(
#110556
0"
0)
#110558
0#
0(
#110562
1"
1)
#110565
b1000 0
1#
1(
#110568
0"
0)
#110572
0#
0(
#110574
1"
1)
#110579
b111 0
1#
1(
#110580
0"
0)
#110586
1"
1)
0#
0(
#110592
0"
0)
#110593
b110 0
1#
1(
#110598
1"
1)
#110600
0#
0(
#110604
0"
0)
#110607
b101 0
1#
1(
#110610
1"
1)
#110614
0#
0(
#110616
0"
0)
#110617
b11 9
0&
b111 ;
#110621
b11010010 ,
b11010010 -
b11010010 3
b11010010 .
b100 0
1#
1(
#110622
b11010010 4
1"
1)
#110628
0"
0)
0#
0(
#110634
1"
1)
#110635
b11 0
1#
1(
#110640
0"
0)
#110642
0#
0(
#110646
1"
1)
#110649
b10 0
1#
1(
#110652
0"
0)
#110656
0#
0(
#110658
1"
1)
#110663
b1 0
1#
1(
#110664
0"
0)
#110670
1"
1)
0#
0(
#110676
0"
0)
#110677
b0 0
1#
1(
#110682
1"
1)
#110684
0#
0(
#110688
0"
0)
#110691
b10 2
b1111 0
1#
1(
#110694
1"
1)
#110698
0#
0(
#110700
0"
0)
#110705
b1 2
b0 /
b10100100 ,
b10100100 -
b10100100 3
b10100100 .
1#
1(
#110706
b10100100 4
1"
1)
#110712
0"
0)
0#
0(
#110718
1"
1)
#110719
b1110 0
1#
1(
#110724
0"
0)
#110726
0#
0(
#110730
1"
1)
#110733
b1101 0
1#
1(
#110736
0"
0)
#110740
0#
0(
#110742
1"
1)
#110747
b1100 0
1#
1(
#110748
0"
0)
#110754
1"
1)
0#
0(
#110760
0"
0)
#110761
b1011 0
1#
1(
#110766
1"
1)
#110768
0#
0(
#110772
0"
0)
#110775
b1010 0
1#
1(
#110778
1"
1)
#110782
0#
0(
#110784
0"
0)
#110789
b1001 0
1#
1(
#110790
1"
1)
#110796
0"
0)
0#
0(
#110802
1"
1)
#110803
b1000 0
1#
1(
#110808
0"
0)
#110810
0#
0(
#110814
1"
1)
#110817
b111 0
1#
1(
#110820
0"
0)
#110824
0#
0(
#110826
1"
1)
#110831
b110 0
1#
1(
#110832
0"
0)
#110838
1"
1)
0#
0(
#110844
0"
0)
b1 9
1&
b1000 ;
#110845
b10100101 ,
b10100101 -
b10100101 3
b10100101 .
b101 0
1#
1(
#110850
b10100101 4
1"
1)
#110852
0#
0(
#110856
0"
0)
#110859
b100 0
1#
1(
#110862
1"
1)
#110866
0#
0(
#110868
0"
0)
#110873
b11 0
1#
1(
#110874
1"
1)
#110880
0"
0)
0#
0(
#110886
1"
1)
#110887
b10 0
1#
1(
#110892
0"
0)
#110894
0#
0(
#110898
1"
1)
#110901
b1 0
1#
1(
#110904
0"
0)
#110908
0#
0(
#110910
1"
1)
#110915
b0 0
1#
1(
#110916
0"
0)
#110922
1"
1)
0#
0(
#110928
0"
0)
#110929
b10 2
b1111 0
1#
1(
#110934
1"
1)
#110936
0#
0(
#110940
0"
0)
#110943
b11 2
b111 /
b1001010 ,
b1001010 -
b1001010 3
b1001010 .
1#
1(
#110946
b1001010 4
1"
1)
#110950
0#
0(
#110952
0"
0)
#110957
b100 2
1#
1(
#110958
1"
1)
#110964
0"
0)
0#
0(
#110970
1"
1)
#110971
0+
01
1#
1(
#110976
0"
0)
#110978
0#
0(
#110982
b1 7
1"
1)
#110985
1#
1(
#110988
0"
0)
#110992
0#
0(
#110994
b10 7
0!
08
0*
06
1"
1)
#110999
b0 2
1#
1(
#111000
0"
0)
#111006
b110 5
b10010100 4
1"
1)
0#
0(
#111012
0"
0)
#111013
1+
11
1#
1(
#111018
b101 5
b101000 4
1!
18
1"
1)
#111020
0#
0(
#111024
0"
0)
#111027
1#
1(
#111030
b100 5
b1010000 4
0!
08
1"
1)
#111034
0#
0(
#111036
0"
0)
#111041
1#
1(
#111042
b11 5
b10100000 4
1"
1)
#111048
0"
0)
0#
0(
#111054
b10 5
b1000000 4
1!
18
1"
1)
#111055
1#
1(
#111060
0"
0)
#111062
0#
0(
#111066
b1 5
b10000000 4
0!
08
1"
1)
#111069
1#
1(
#111071
b0 9
b1001 ;
#111072
0"
0)
#111076
0#
0(
#111078
b0 5
b0 4
1!
18
1"
1)
#111083
1#
1(
#111084
0"
0)
#111090
b0 7
b111 5
0!
08
1"
1)
0#
0(
#111096
0"
0)
#111097
1#
1(
#111102
1!
18
b1001010 4
1*
16
1"
1)
#111104
0#
0(
#111108
0"
0)
#111111
1#
1(
#111114
1"
1)
#111118
0#
0(
#111120
0"
0)
#111125
1#
1(
#111126
1"
1)
#111132
0"
0)
0#
0(
#111138
1"
1)
#111139
1#
1(
#111144
0"
0)
#111146
0#
0(
#111150
1"
1)
#111153
1#
1(
#111156
0"
0)
#111160
0#
0(
#111162
1"
1)
#111167
1#
1(
#111168
0"
0)
#111174
1"
1)
0#
0(
#111180
0"
0)
#111181
1#
1(
#111186
1"
1)
#111188
0#
0(
#111192
0"
0)
#111195
1#
1(
#111198
1"
1)
#111202
0#
0(
#111204
0"
0)
#111209
1#
1(
#111210
1"
1)
#111216
0"
0)
0#
0(
#111222
1"
1)
#111223
1#
1(
#111228
0"
0)
#111230
0#
0(
#111234
1"
1)
#111237
1#
1(
#111240
0"
0)
#111244
0#
0(
#111246
1"
1)
#111251
1#
1(
#111252
0"
0)
#111258
1"
1)
0#
0(
#111264
0"
0)
#111265
1#
1(
#111270
1"
1)
#111272
0#
0(
#111276
0"
0)
#111279
1#
1(
#111282
1"
1)
#111286
0#
0(
#111288
0"
0)
#111293
1#
1(
#111294
1"
1)
#111298
b1010 ;
#111300
0"
0)
0#
0(
#111306
1"
1)
#111307
1#
1(
#111312
0"
0)
#111314
0#
0(
#111318
1"
1)
#111321
1#
1(
#111324
0"
0)
#111328
0#
0(
#111330
1"
1)
#111335
1#
1(
#111336
0"
0)
#111342
1"
1)
0#
0(
#111348
0"
0)
#111349
1#
1(
#111354
1"
1)
#111356
0#
0(
#111360
0"
0)
#111363
1#
1(
#111366
1"
1)
#111370
0#
0(
#111372
0"
0)
#111377
1#
1(
#111378
1"
1)
#111384
0"
0)
0#
0(
#111390
1"
1)
#111391
1#
1(
#111396
0"
0)
#111398
0#
0(
#111402
1"
1)
#111405
1#
1(
#111408
0"
0)
#111412
0#
0(
#111414
1"
1)
#111419
1#
1(
#111420
0"
0)
#111426
1"
1)
0#
0(
#111432
0"
0)
#111433
1#
1(
#111438
1"
1)
#111440
0#
0(
#111444
0"
0)
#111447
1#
1(
#111450
1"
1)
#111454
0#
0(
#111456
0"
0)
#111461
1#
1(
#111462
1"
1)
#111468
0"
0)
0#
0(
#111474
1"
1)
#111475
1#
1(
#111480
0"
0)
#111482
0#
0(
#111486
1"
1)
#111489
1#
1(
#111492
0"
0)
#111496
0#
0(
#111498
1"
1)
#111503
1#
1(
#111504
0"
0)
#111510
1"
1)
0#
0(
#111516
0"
0)
#111517
1#
1(
#111522
1"
1)
#111524
0#
0(
#111528
0"
0)
#111531
1#
1(
#111534
1"
1)
#111538
0#
0(
#111540
0"
0)
#111545
1#
1(
#111546
1"
1)
#111552
0"
0)
0#
0(
#111558
1"
1)
#111559
1#
1(
#111564
0"
0)
#111566
0#
0(
#111570
1"
1)
#111573
1#
1(
#111576
0"
0)
#111580
0#
0(
#111582
1"
1)
#111587
1#
1(
#111588
0"
0)
#111594
1"
1)
0#
0(
#111600
0"
0)
#111601
1#
1(
#111606
1"
1)
#111608
0#
0(
#111612
0"
0)
#111615
1#
1(
#111618
1"
1)
#111622
0#
0(
#111624
0"
0)
#111629
1#
1(
#111630
1"
1)
#111636
0"
0)
0#
0(
#111642
1"
1)
#111643
1#
1(
#111648
0"
0)
#111650
0#
0(
#111654
1"
1)
#111657
1#
1(
#111660
0"
0)
#111664
0#
0(
#111666
1"
1)
#111671
1#
1(
#111672
0"
0)
#111678
1"
1)
0#
0(
#111684
0"
0)
#111685
1#
1(
#111690
1"
1)
#111692
0#
0(
#111696
0"
0)
#111699
1#
1(
#111702
1"
1)
#111706
0#
0(
#111708
0"
0)
#111713
1#
1(
#111714
1"
1)
#111720
0"
0)
0#
0(
#111726
1"
1)
#111727
1#
1(
#111732
0"
0)
#111734
0#
0(
#111738
1"
1)
#111741
1#
1(
#111744
0"
0)
#111748
0#
0(
#111750
1"
1)
#111755
1#
1(
#111756
0"
0)
#111762
1"
1)
0#
0(
#111768
0"
0)
#111769
1#
1(
#111774
1"
1)
#111776
0#
0(
#111780
0"
0)
#111783
1#
1(
#111786
1"
1)
#111790
0#
0(
#111792
0"
0)
#111797
1#
1(
#111798
1"
1)
#111804
0"
0)
0#
0(
#111810
1"
1)
#111811
1#
1(
#111816
0"
0)
#111818
0#
0(
#111822
1"
1)
#111825
1#
1(
#111828
0"
0)
#111832
0#
0(
#111834
1"
1)
#111839
1#
1(
#111840
0"
0)
#111846
1"
1)
0#
0(
#111852
0"
0)
#111853
1#
1(
#111858
1"
1)
#111860
0#
0(
#111864
0"
0)
#111867
1#
1(
#111870
1"
1)
#111874
0#
0(
#111876
0"
0)
#111881
1#
1(
#111882
1"
1)
#111888
0"
0)
0#
0(
#111894
1"
1)
#111895
1#
1(
#111900
0"
0)
#111902
0#
0(
#111906
1"
1)
#111909
1#
1(
#111912
0"
0)
#111916
0#
0(
#111918
1"
1)
#111923
1#
1(
#111924
0"
0)
#111930
1"
1)
0#
0(
#111936
0"
0)
#111937
1#
1(
#111942
1"
1)
#111944
0#
0(
#111948
0"
0)
#111951
1#
1(
#111954
1"
1)
#111958
0#
0(
#111960
0"
0)
#111965
1#
1(
#111966
1"
1)
#111972
0"
0)
0#
0(
#111978
1"
1)
#111979
1#
1(
#111984
0"
0)
#111986
0#
0(
#111990
1"
1)
#111993
1#
1(
#111996
0"
0)
#112000
0#
0(
#112002
1"
1)
#112007
1#
1(
#112008
0"
0)
#112014
1"
1)
0#
0(
#112020
0"
0)
#112021
1#
1(
#112026
1"
1)
#112028
0#
0(
#112032
0"
0)
#112035
1#
1(
#112038
1"
1)
#112042
0#
0(
#112044
0"
0)
#112049
1#
1(
#112050
1"
1)
#112056
0"
0)
0#
0(
#112062
1"
1)
#112063
1#
1(
#112068
0"
0)
#112070
0#
0(
#112074
1"
1)
#112077
1#
1(
#112080
0"
0)
#112084
0#
0(
#112086
1"
1)
#112091
1#
1(
#112092
0"
0)
#112098
1"
1)
0#
0(
#112104
0"
0)
#112105
1#
1(
#112110
1"
1)
#112112
0#
0(
#112116
0"
0)
#112119
1#
1(
#112122
1"
1)
#112126
0#
0(
#112128
0"
0)
#112133
1#
1(
#112134
1"
1)
#112140
0"
0)
0#
0(
#112146
1"
1)
#112147
1#
1(
#112152
0"
0)
#112154
0#
0(
#112158
1"
1)
#112161
1#
1(
#112164
0"
0)
#112168
0#
0(
#112170
1"
1)
#112175
1#
1(
#112176
0"
0)
#112182
1"
1)
0#
0(
#112188
0"
0)
#112189
1#
1(
#112194
1"
1)
#112196
0#
0(
#112200
0"
0)
#112203
1#
1(
#112206
1"
1)
#112210
0#
0(
#112212
0"
0)
#112217
1#
1(
#112218
1"
1)
#112224
0"
0)
0#
0(
#112230
1"
1)
#112231
1#
1(
#112236
0"
0)
#112238
0#
0(
#112242
1"
1)
#112245
1#
1(
#112248
0"
0)
#112252
0#
0(
#112254
1"
1)
#112259
1#
1(
#112260
0"
0)
#112266
1"
1)
0#
0(
#112272
0"
0)
#112273
1#
1(
#112278
1"
1)
#112280
0#
0(
#112284
0"
0)
#112287
1#
1(
#112290
1"
1)
#112294
0#
0(
#112296
0"
0)
#112301
1#
1(
#112302
1"
1)
#112308
0"
0)
0#
0(
#112314
1"
1)
#112315
1#
1(
#112320
0"
0)
#112322
0#
0(
#112326
1"
1)
#112329
1#
1(
#112332
0"
0)
#112336
0#
0(
#112338
1"
1)
#112343
1#
1(
#112344
0"
0)
#112350
1"
1)
0#
0(
#112356
0"
0)
#112357
1#
1(
#112362
1"
1)
#112364
0#
0(
#112368
0"
0)
#112371
1#
1(
#112374
1"
1)
#112378
0#
0(
#112380
0"
0)
#112385
1#
1(
#112386
1"
1)
#112392
0"
0)
0#
0(
#112398
1"
1)
#112399
1#
1(
#112404
0"
0)
#112406
0#
0(
#112410
1"
1)
#112413
1#
1(
#112416
0"
0)
#112420
0#
0(
#112422
1"
1)
#112427
1#
1(
#112428
0"
0)
#112434
1"
1)
0#
0(
#112440
0"
0)
#112441
1#
1(
#112446
1"
1)
#112448
0#
0(
#112452
0"
0)
#112455
1#
1(
#112458
1"
1)
#112462
0#
0(
#112464
0"
0)
#112469
1#
1(
#112470
1"
1)
#112476
0"
0)
0#
0(
#112482
1"
1)
#112483
1#
1(
#112488
0"
0)
#112490
0#
0(
#112494
1"
1)
#112497
1#
1(
#112500
0"
0)
#112504
0#
0(
#112506
1"
1)
#112511
1#
1(
#112512
0"
0)
#112518
1"
1)
0#
0(
#112524
0"
0)
#112525
1#
1(
#112530
1"
1)
#112532
0#
0(
#112536
0"
0)
#112539
1#
1(
#112542
1"
1)
#112546
0#
0(
#112548
0"
0)
#112553
1#
1(
#112554
1"
1)
#112560
0"
0)
0#
0(
#112566
1"
1)
#112567
1#
1(
#112572
0"
0)
#112574
0#
0(
#112578
1"
1)
#112581
1#
1(
#112584
0"
0)
#112588
0#
0(
#112590
1"
1)
#112595
1#
1(
#112596
0"
0)
#112602
1"
1)
0#
0(
#112608
0"
0)
#112609
1#
1(
#112614
1"
1)
#112616
0#
0(
#112620
0"
0)
#112623
1#
1(
#112626
1"
1)
#112630
0#
0(
#112632
0"
0)
#112637
1#
1(
#112638
1"
1)
#112644
0"
0)
0#
0(
#112650
1"
1)
#112651
1#
1(
#112656
0"
0)
#112658
0#
0(
#112662
1"
1)
#112665
1#
1(
#112668
0"
0)
#112672
0#
0(
#112674
1"
1)
#112679
1#
1(
#112680
0"
0)
#112686
1"
1)
0#
0(
#112692
0"
0)
#112693
1#
1(
#112698
1"
1)
#112700
0#
0(
#112704
0"
0)
#112707
1#
1(
#112710
1"
1)
#112714
0#
0(
#112716
0"
0)
#112721
1#
1(
#112722
1"
1)
#112728
0"
0)
0#
0(
#112734
1"
1)
#112735
1#
1(
#112740
0"
0)
#112742
0#
0(
#112746
1"
1)
#112749
1#
1(
#112752
0"
0)
#112756
0#
0(
#112758
1"
1)
#112763
1#
1(
#112764
0"
0)
#112770
1"
1)
0#
0(
#112776
0"
0)
#112777
1#
1(
#112782
1"
1)
#112784
0#
0(
#112788
0"
0)
#112791
1#
1(
#112794
1"
1)
#112798
0#
0(
#112800
0"
0)
#112805
1#
1(
#112806
1"
1)
#112812
0"
0)
0#
0(
#112818
1"
1)
#112819
1#
1(
#112824
0"
0)
#112826
0#
0(
#112830
1"
1)
#112833
1#
1(
#112836
0"
0)
#112840
0#
0(
#112842
1"
1)
#112847
1#
1(
#112848
0"
0)
#112854
1"
1)
0#
0(
#112860
0"
0)
#112861
1#
1(
#112866
1"
1)
#112868
0#
0(
#112872
0"
0)
#112875
1#
1(
#112878
1"
1)
#112882
0#
0(
#112884
0"
0)
#112889
1#
1(
#112890
1"
1)
#112896
0"
0)
0#
0(
#112902
1"
1)
#112903
1#
1(
#112908
0"
0)
#112910
0#
0(
#112914
1"
1)
#112917
1#
1(
#112920
0"
0)
#112924
0#
0(
#112926
1"
1)
#112931
1#
1(
#112932
0"
0)
#112938
1"
1)
0#
0(
#112944
0"
0)
#112945
1#
1(
#112950
1"
1)
#112952
0#
0(
#112956
0"
0)
#112959
1#
1(
#112962
1"
1)
#112966
0#
0(
#112968
0"
0)
#112973
1#
1(
#112974
1"
1)
#112980
0"
0)
0#
0(
#112986
1"
1)
#112987
1#
1(
#112992
0"
0)
#112994
0#
0(
#112998
1"
1)
#113001
1#
1(
#113004
0"
0)
#113008
0#
0(
#113010
1"
1)
#113015
1#
1(
#113016
0"
0)
#113022
1"
1)
0#
0(
#113028
0"
0)
#113029
1#
1(
#113034
1"
1)
#113036
0#
0(
#113040
0"
0)
#113043
1#
1(
#113046
1"
1)
#113050
0#
0(
#113052
0"
0)
#113057
1#
1(
#113058
1"
1)
#113064
0"
0)
0#
0(
#113070
1"
1)
#113071
1#
1(
#113076
0"
0)
#113078
0#
0(
#113082
1"
1)
#113085
1#
1(
#113088
0"
0)
#113092
0#
0(
#113094
1"
1)
#113099
1#
1(
#113100
0"
0)
#113106
1"
1)
0#
0(
#113112
0"
0)
#113113
1#
1(
#113118
1"
1)
#113120
0#
0(
#113124
0"
0)
#113127
1#
1(
#113130
1"
1)
#113134
0#
0(
#113136
0"
0)
#113141
1#
1(
#113142
1"
1)
#113148
0"
0)
0#
0(
#113154
1"
1)
#113155
1#
1(
#113160
0"
0)
#113162
0#
0(
#113166
1"
1)
#113169
1#
1(
#113172
0"
0)
#113176
0#
0(
#113178
1"
1)
#113183
1#
1(
#113184
0"
0)
#113190
1"
1)
0#
0(
#113196
0"
0)
#113197
1#
1(
#113202
1"
1)
#113204
0#
0(
#113208
0"
0)
#113211
1#
1(
#113214
1"
1)
#113218
0#
0(
#113220
0"
0)
#113225
1#
1(
#113226
1"
1)
#113232
0"
0)
0#
0(
#113238
1"
1)
#113239
1#
1(
#113244
0"
0)
#113246
0#
0(
#113250
1"
1)
#113253
1#
1(
#113256
0"
0)
#113260
0#
0(
#113262
1"
1)
#113267
1#
1(
#113268
0"
0)
#113274
1"
1)
0#
0(
#113280
0"
0)
#113281
1#
1(
#113286
1"
1)
#113288
0#
0(
#113292
0"
0)
#113295
1#
1(
#113298
1"
1)
#113302
0#
0(
#113304
0"
0)
#113309
1#
1(
#113310
1"
1)
#113316
0"
0)
0#
0(
#113322
1"
1)
#113323
1#
1(
#113328
0"
0)
#113330
0#
0(
#113334
1"
1)
#113337
1#
1(
#113340
0"
0)
#113344
0#
0(
#113346
1"
1)
#113351
1#
1(
#113352
0"
0)
#113358
1"
1)
0#
0(
#113364
0"
0)
#113365
1#
1(
#113370
1"
1)
#113372
0#
0(
#113376
0"
0)
#113379
1#
1(
#113382
1"
1)
#113386
0#
0(
#113388
0"
0)
#113393
1#
1(
#113394
1"
1)
#113400
0"
0)
0#
0(
#113406
1"
1)
#113407
1#
1(
#113412
0"
0)
#113414
0#
0(
#113418
1"
1)
#113421
1#
1(
#113424
0"
0)
#113428
0#
0(
#113430
1"
1)
#113435
1#
1(
#113436
0"
0)
#113442
1"
1)
0#
0(
#113448
0"
0)
#113449
1#
1(
#113454
1"
1)
#113456
0#
0(
#113460
0"
0)
#113463
1#
1(
#113466
1"
1)
#113470
0#
0(
#113472
0"
0)
#113477
1#
1(
#113478
1"
1)
#113484
0"
0)
0#
0(
#113490
1"
1)
#113491
1#
1(
#113496
0"
0)
#113498
0#
0(
#113502
1"
1)
#113505
1#
1(
#113508
0"
0)
#113512
0#
0(
#113514
1"
1)
#113519
1#
1(
#113520
0"
0)
#113526
1"
1)
0#
0(
#113532
0"
0)
#113533
1#
1(
#113538
1"
1)
#113540
0#
0(
#113544
0"
0)
#113547
1#
1(
#113550
1"
1)
#113554
0#
0(
#113556
0"
0)
#113561
1#
1(
#113562
1"
1)
#113568
0"
0)
0#
0(
#113570
0&
b0 ;
b110110110 9
b11001 :
#113574
1"
1)
#113575
b1 2
1#
1(
#113580
0"
0)
#113582
0#
0(
#113586
1"
1)
#113589
b1110 0
1#
1(
#113592
0"
0)
#113596
0#
0(
#113598
1"
1)
#113603
b1101 0
1#
1(
#113604
0"
0)
#113610
1"
1)
0#
0(
#113616
0"
0)
#113617
b1100 0
1#
1(
#113622
1"
1)
#113624
0#
0(
#113628
0"
0)
#113631
b1011 0
1#
1(
#113634
1"
1)
#113638
0#
0(
#113640
0"
0)
#113645
b1010 0
1#
1(
#113646
1"
1)
#113652
0"
0)
0#
0(
#113658
1"
1)
#113659
b1001 0
1#
1(
#113664
0"
0)
#113666
0#
0(
#113670
1"
1)
#113673
b1000 0
1#
1(
#113676
0"
0)
#113680
0#
0(
#113682
1"
1)
#113687
b111 0
1#
1(
#113688
0"
0)
#113694
1"
1)
0#
0(
#113700
0"
0)
#113701
b110 0
1#
1(
#113706
1"
1)
#113708
0#
0(
#113712
0"
0)
#113715
b101 0
1#
1(
#113718
1"
1)
#113722
0#
0(
#113724
0"
0)
#113729
b100 0
1#
1(
#113730
1"
1)
#113736
0"
0)
0#
0(
#113742
1"
1)
#113743
b11 0
1#
1(
#113748
0"
0)
#113750
0#
0(
#113754
1"
1)
#113757
b10 0
1#
1(
#113760
0"
0)
#113764
0#
0(
#113766
1"
1)
#113771
b1 0
1#
1(
#113772
0"
0)
#113778
1"
1)
0#
0(
#113784
0"
0)
#113785
b0 0
1#
1(
#113790
1"
1)
#113792
0#
0(
#113796
0"
0)
#113797
b11011011 9
b1 ;
#113799
b10 2
b1111 0
1#
1(
#113802
1"
1)
#113806
0#
0(
#113808
0"
0)
#113813
b1 2
b110 /
b10010100 ,
b10010100 -
b10010100 3
b10010100 .
1#
1(
#113814
b10010100 4
1"
1)
#113820
0"
0)
0#
0(
#113826
1"
1)
#113827
b1110 0
1#
1(
#113832
0"
0)
#113834
0#
0(
#113838
1"
1)
#113841
b1101 0
1#
1(
#113844
0"
0)
#113848
0#
0(
#113850
1"
1)
#113855
b1100 0
1#
1(
#113856
0"
0)
#113862
1"
1)
0#
0(
#113868
0"
0)
#113869
b1011 0
1#
1(
#113874
1"
1)
#113876
0#
0(
#113880
0"
0)
#113883
b1010 0
1#
1(
#113886
1"
1)
#113890
0#
0(
#113892
0"
0)
#113897
b1001 0
1#
1(
#113898
1"
1)
#113904
0"
0)
0#
0(
#113910
1"
1)
#113911
b1000 0
1#
1(
#113916
0"
0)
#113918
0#
0(
#113922
1"
1)
#113925
b111 0
1#
1(
#113928
0"
0)
#113932
0#
0(
#113934
1"
1)
#113939
b110 0
1#
1(
#113940
0"
0)
#113946
1"
1)
0#
0(
#113952
0"
0)
#113953
b101 0
1#
1(
#113958
1"
1)
#113960
0#
0(
#113964
0"
0)
#113967
b100 0
1#
1(
#113970
1"
1)
#113974
0#
0(
#113976
0"
0)
#113981
b11 0
1#
1(
#113982
1"
1)
#113988
0"
0)
0#
0(
#113994
1"
1)
#113995
b10 0
1#
1(
#114000
0"
0)
#114002
0#
0(
#114006
1"
1)
#114009
b1 0
1#
1(
#114012
0"
0)
#114016
0#
0(
#114018
1"
1)
#114023
b0 0
1#
1(
#114024
0"
0)
b1101101 9
1&
b10 ;
#114030
1"
1)
0#
0(
#114036
0"
0)
#114037
b10 2
b10010101 ,
b10010101 -
b10010101 3
b10010101 .
b1111 0
1#
1(
#114042
b10010101 4
1"
1)
#114044
0#
0(
#114048
0"
0)
#114051
b1 2
b101 /
b101010 ,
b101010 -
b101010 3
b101010 .
1#
1(
#114054
b101010 4
1"
1)
#114058
0#
0(
#114060
0"
0)
#114065
b101011 ,
b101011 -
b101011 3
b101011 .
b1110 0
1#
1(
#114066
b101011 4
1"
1)
#114072
0"
0)
0#
0(
#114078
1"
1)
#114079
b1101 0
1#
1(
#114084
0"
0)
#114086
0#
0(
#114090
1"
1)
#114093
b1100 0
1#
1(
#114096
0"
0)
#114100
0#
0(
#114102
1"
1)
#114107
b1011 0
1#
1(
#114108
0"
0)
#114114
1"
1)
0#
0(
#114120
0"
0)
#114121
b1010 0
1#
1(
#114126
1"
1)
#114128
0#
0(
#114132
0"
0)
#114135
b1001 0
1#
1(
#114138
1"
1)
#114142
0#
0(
#114144
0"
0)
#114149
b1000 0
1#
1(
#114150
1"
1)
#114156
0"
0)
0#
0(
#114162
1"
1)
#114163
b111 0
1#
1(
#114168
0"
0)
#114170
0#
0(
#114174
1"
1)
#114177
b110 0
1#
1(
#114180
0"
0)
#114184
0#
0(
#114186
1"
1)
#114191
b101 0
1#
1(
#114192
0"
0)
#114198
1"
1)
0#
0(
#114204
0"
0)
#114205
b100 0
1#
1(
#114210
1"
1)
#114212
0#
0(
#114216
0"
0)
#114219
b11 0
1#
1(
#114222
1"
1)
#114226
0#
0(
#114228
0"
0)
#114233
b10 0
1#
1(
#114234
1"
1)
#114240
0"
0)
0#
0(
#114246
1"
1)
#114247
b1 0
1#
1(
#114251
b110110 9
b11 ;
#114252
0"
0)
#114254
0#
0(
#114258
1"
1)
#114261
b0 0
1#
1(
#114264
0"
0)
#114268
0#
0(
#114270
1"
1)
#114275
b10 2
b1111 0
1#
1(
#114276
0"
0)
#114282
1"
1)
0#
0(
#114288
0"
0)
#114289
b1 2
b100 /
b1010110 ,
b1010110 -
b1010110 3
b1010110 .
1#
1(
#114294
b1010110 4
1"
1)
#114296
0#
0(
#114300
0"
0)
#114303
b1010111 ,
b1010111 -
b1010111 3
b1010111 .
b1110 0
1#
1(
#114306
b1010111 4
1"
1)
#114310
0#
0(
#114312
0"
0)
#114317
b1101 0
1#
1(
#114318
1"
1)
#114324
0"
0)
0#
0(
#114330
1"
1)
#114331
b1100 0
1#
1(
#114336
0"
0)
#114338
0#
0(
#114342
1"
1)
#114345
b1011 0
1#
1(
#114348
0"
0)
#114352
0#
0(
#114354
1"
1)
#114359
b1010 0
1#
1(
#114360
0"
0)
#114366
1"
1)
0#
0(
#114372
0"
0)
#114373
b1001 0
1#
1(
#114378
1"
1)
#114380
0#
0(
#114384
0"
0)
#114387
b1000 0
1#
1(
#114390
1"
1)
#114394
0#
0(
#114396
0"
0)
#114401
b111 0
1#
1(
#114402
1"
1)
#114408
0"
0)
0#
0(
#114414
1"
1)
#114415
b110 0
1#
1(
#114420
0"
0)
#114422
0#
0(
#114426
1"
1)
#114429
b101 0
1#
1(
#114432
0"
0)
#114436
0#
0(
#114438
1"
1)
#114443
b100 0
1#
1(
#114444
0"
0)
#114450
1"
1)
0#
0(
#114456
0"
0)
#114457
b11 0
1#
1(
#114462
1"
1)
#114464
0#
0(
#114468
0"
0)
#114471
b10 0
1#
1(
#114474
1"
1)
#114478
0#
0(
b11011 9
0&
b100 ;
#114480
0"
0)
#114485
b1010110 ,
b1010110 -
b1010110 3
b1010110 .
b1 0
1#
1(
#114486
b1010110 4
1"
1)
#114492
0"
0)
0#
0(
#114498
1"
1)
#114499
b0 0
1#
1(
#114504
0"
0)
#114506
0#
0(
#114510
1"
1)
#114513
b10 2
b1111 0
1#
1(
#114516
0"
0)
#114520
0#
0(
#114522
1"
1)
#114527
b1 2
b11 /
b10101100 ,
b10101100 -
b10101100 3
b10101100 .
1#
1(
#114528
0"
0)
#114534
b10101100 4
1"
1)
0#
0(
#114540
0"
0)
#114541
b1110 0
1#
1(
#114546
1"
1)
#114548
0#
0(
#114552
0"
0)
#114555
b1101 0
1#
1(
#114558
1"
1)
#114562
0#
0(
#114564
0"
0)
#114569
b1100 0
1#
1(
#114570
1"
1)
#114576
0"
0)
0#
0(
#114582
1"
1)
#114583
b1011 0
1#
1(
#114588
0"
0)
#114590
0#
0(
#114594
1"
1)
#114597
b1010 0
1#
1(
#114600
0"
0)
#114604
0#
0(
#114606
1"
1)
#114611
b1001 0
1#
1(
#114612
0"
0)
#114618
1"
1)
0#
0(
#114624
0"
0)
#114625
b1000 0
1#
1(
#114630
1"
1)
#114632
0#
0(
#114636
0"
0)
#114639
b111 0
1#
1(
#114642
1"
1)
#114646
0#
0(
#114648
0"
0)
#114653
b110 0
1#
1(
#114654
1"
1)
#114660
0"
0)
0#
0(
#114666
1"
1)
#114667
b101 0
1#
1(
#114672
0"
0)
#114674
0#
0(
#114678
1"
1)
#114681
b100 0
1#
1(
#114684
0"
0)
#114688
0#
0(
#114690
1"
1)
#114695
b11 0
1#
1(
#114696
0"
0)
#114702
1"
1)
0#
0(
#114705
b1101 9
1&
b101 ;
#114708
0"
0)
#114709
b10101101 ,
b10101101 -
b10101101 3
b10101101 .
b10 0
1#
1(
#114714
b10101101 4
1"
1)
#114716
0#
0(
#114720
0"
0)
#114723
b1 0
1#
1(
#114726
1"
1)
#114730
0#
0(
#114732
0"
0)
#114737
b0 0
1#
1(
#114738
1"
1)
#114744
0"
0)
0#
0(
#114750
1"
1)
#114751
b10 2
b1111 0
1#
1(
#114756
0"
0)
#114758
0#
0(
#114762
1"
1)
#114765
b1 2
b10 /
b1011010 ,
b1011010 -
b1011010 3
b1011010 .
1#
1(
#114768
0"
0)
#114772
0#
0(
#114774
b1011010 4
1"
1)
#114779
b1011011 ,
b1011011 -
b1011011 3
b1011011 .
b1110 0
1#
1(
#114780
0"
0)
#114786
b1011011 4
1"
1)
0#
0(
#114792
0"
0)
#114793
b1101 0
1#
1(
#114798
1"
1)
#114800
0#
0(
#114804
0"
0)
#114807
b1100 0
1#
1(
#114810
1"
1)
#114814
0#
0(
#114816
0"
0)
#114821
b1011 0
1#
1(
#114822
1"
1)
#114828
0"
0)
0#
0(
#114834
1"
1)
#114835
b1010 0
1#
1(
#114840
0"
0)
#114842
0#
0(
#114846
1"
1)
#114849
b1001 0
1#
1(
#114852
0"
0)
#114856
0#
0(
#114858
1"
1)
#114863
b1000 0
1#
1(
#114864
0"
0)
#114870
1"
1)
0#
0(
#114876
0"
0)
#114877
b111 0
1#
1(
#114882
1"
1)
#114884
0#
0(
#114888
0"
0)
#114891
b110 0
1#
1(
#114894
1"
1)
#114898
0#
0(
#114900
0"
0)
#114905
b101 0
1#
1(
#114906
1"
1)
#114912
0"
0)
0#
0(
#114918
1"
1)
#114919
b100 0
1#
1(
#114924
0"
0)
#114926
0#
0(
#114930
1"
1)
#114932
b110 9
b110 ;
#114933
b11 0
1#
1(
#114936
0"
0)
#114940
0#
0(
#114942
1"
1)
#114947
b10 0
1#
1(
#114948
0"
0)
#114954
1"
1)
0#
0(
#114960
0"
0)
#114961
b1 0
1#
1(
#114966
1"
1)
#114968
0#
0(
#114972
0"
0)
#114975
b0 0
1#
1(
#114978
1"
1)
#114982
0#
0(
#114984
0"
0)
#114989
b10 2
b1111 0
1#
1(
#114990
1"
1)
#114996
0"
0)
0#
0(
#115002
1"
1)
#115003
b1 2
b1 /
b10110110 ,
b10110110 -
b10110110 3
b10110110 .
1#
1(
#115008
0"
0)
#115010
0#
0(
#115014
b10110110 4
1"
1)
#115017
b10110111 ,
b10110111 -
b10110111 3
b10110111 .
b1110 0
1#
1(
#115020
0"
0)
#115024
0#
0(
#115026
b10110111 4
1"
1)
#115031
b1101 0
1#
1(
#115032
0"
0)
#115038
1"
1)
0#
0(
#115044
0"
0)
#115045
b1100 0
1#
1(
#115050
1"
1)
#115052
0#
0(
#115056
0"
0)
#115059
b1011 0
1#
1(
#115062
1"
1)
#115066
0#
0(
#115068
0"
0)
#115073
b1010 0
1#
1(
#115074
1"
1)
#115080
0"
0)
0#
0(
#115086
1"
1)
#115087
b1001 0
1#
1(
#115092
0"
0)
#115094
0#
0(
#115098
1"
1)
#115101
b1000 0
1#
1(
#115104
0"
0)
#115108
0#
0(
#115110
1"
1)
#115115
b111 0
1#
1(
#115116
0"
0)
#115122
1"
1)
0#
0(
#115128
0"
0)
#115129
b110 0
1#
1(
#115134
1"
1)
#115136
0#
0(
#115140
0"
0)
#115143
b101 0
1#
1(
#115146
1"
1)
#115150
0#
0(
#115152
0"
0)
#115157
b100 0
1#
1(
#115158
1"
1)
#115159
b11 9
0&
b111 ;
#115164
0"
0)
0#
0(
#115170
1"
1)
#115171
b10110110 ,
b10110110 -
b10110110 3
b10110110 .
b11 0
1#
1(
#115176
0"
0)
#115178
0#
0(
#115182
b10110110 4
1"
1)
#115185
b10 0
1#
1(
#115188
0"
0)
#115192
0#
0(
#115194
1"
1)
#115199
b1 0
1#
1(
#115200
0"
0)
#115206
1"
1)
0#
0(
#115212
0"
0)
#115213
b0 0
1#
1(
#115218
1"
1)
#115220
0#
0(
#115224
0"
0)
#115227
b10 2
b1111 0
1#
1(
#115230
1"
1)
#115234
0#
0(
#115236
0"
0)
#115241
b1 2
b0 /
b1101100 ,
b1101100 -
b1101100 3
b1101100 .
1#
1(
#115242
b1101100 4
1"
1)
#115248
0"
0)
0#
0(
#115254
1"
1)
#115255
b1110 0
1#
1(
#115260
0"
0)
#115262
0#
0(
#115266
1"
1)
#115269
b1101 0
1#
1(
#115272
0"
0)
#115276
0#
0(
#115278
1"
1)
#115283
b1100 0
1#
1(
#115284
0"
0)
#115290
1"
1)
0#
0(
#115296
0"
0)
#115297
b1011 0
1#
1(
#115302
1"
1)
#115304
0#
0(
#115308
0"
0)
#115311
b1010 0
1#
1(
#115314
1"
1)
#115318
0#
0(
#115320
0"
0)
#115325
b1001 0
1#
1(
#115326
1"
1)
#115332
0"
0)
0#
0(
#115338
1"
1)
#115339
b1000 0
1#
1(
#115344
0"
0)
#115346
0#
0(
#115350
1"
1)
#115353
b111 0
1#
1(
#115356
0"
0)
#115360
0#
0(
#115362
1"
1)
#115367
b110 0
1#
1(
#115368
0"
0)
#115374
1"
1)
0#
0(
#115380
0"
0)
#115381
b101 0
1#
1(
#115386
1"
1)
b1 9
1&
b1000 ;
#115388
0#
0(
#115392
0"
0)
#115395
b1101101 ,
b1101101 -
b1101101 3
b1101101 .
b100 0
1#
1(
#115398
b1101101 4
1"
1)
#115402
0#
0(
#115404
0"
0)
#115409
b11 0
1#
1(
#115410
1"
1)
#115416
0"
0)
0#
0(
#115422
1"
1)
#115423
b10 0
1#
1(
#115428
0"
0)
#115430
0#
0(
#115434
1"
1)
#115437
b1 0
1#
1(
#115440
0"
0)
#115444
0#
0(
#115446
1"
1)
#115451
b0 0
1#
1(
#115452
0"
0)
#115458
1"
1)
0#
0(
#115464
0"
0)
#115465
b10 2
b1111 0
1#
1(
#115470
1"
1)
#115472
0#
0(
#115476
0"
0)
#115479
b11 2
b111 /
b11011010 ,
b11011010 -
b11011010 3
b11011010 .
1#
1(
#115482
b11011010 4
1"
1)
#115486
0#
0(
#115488
0"
0)
#115493
b100 2
1#
1(
#115494
1"
1)
#115500
0"
0)
0#
0(
#115506
1"
1)
#115507
0+
01
1#
1(
#115512
0"
0)
#115514
0#
0(
#115518
b1 7
1"
1)
#115521
1#
1(
#115524
0"
0)
#115528
0#
0(
#115530
b10 7
0!
08
0*
06
1"
1)
#115535
b0 2
1#
1(
#115536
0"
0)
#115542
b110 5
b10110100 4
1!
18
1"
1)
0#
0(
#115548
0"
0)
#115549
1+
11
1#
1(
#115554
b101 5
b1101000 4
1"
1)
#115556
0#
0(
#115560
0"
0)
#115563
1#
1(
#115566
b100 5
b11010000 4
0!
08
1"
1)
#115570
0#
0(
#115572
0"
0)
#115577
1#
1(
#115578
b11 5
b10100000 4
1!
18
1"
1)
#115584
0"
0)
0#
0(
#115590
b10 5
b1000000 4
1"
1)
#115591
1#
1(
#115596
0"
0)
#115598
0#
0(
#115602
b1 5
b10000000 4
0!
08
1"
1)
#115605
1#
1(
#115608
0"
0)
#115612
0#
0(
#115613
b0 9
b1001 ;
#115614
b0 5
b0 4
1!
18
1"
1)
#115619
1#
1(
#115620
0"
0)
#115626
b0 7
b111 5
0!
08
1"
1)
0#
0(
#115632
0"
0)
#115633
1#
1(
#115638
1!
18
b11011010 4
1*
16
1"
1)
#115640
0#
0(
#115644
0"
0)
#115647
1#
1(
#115650
1"
1)
#115654
0#
0(
#115656
0"
0)
#115661
1#
1(
#115662
1"
1)
#115668
0"
0)
0#
0(
#115674
1"
1)
#115675
1#
1(
#115680
0"
0)
#115682
0#
0(
#115686
1"
1)
#115689
1#
1(
#115692
0"
0)
#115696
0#
0(
#115698
1"
1)
#115703
1#
1(
#115704
0"
0)
#115710
1"
1)
0#
0(
#115716
0"
0)
#115717
1#
1(
#115722
1"
1)
#115724
0#
0(
#115728
0"
0)
#115731
1#
1(
#115734
1"
1)
#115738
0#
0(
#115740
0"
0)
#115745
1#
1(
#115746
1"
1)
#115752
0"
0)
0#
0(
#115758
1"
1)
#115759
1#
1(
#115764
0"
0)
#115766
0#
0(
#115770
1"
1)
#115773
1#
1(
#115776
0"
0)
#115780
0#
0(
#115782
1"
1)
#115787
1#
1(
#115788
0"
0)
#115794
1"
1)
0#
0(
#115800
0"
0)
#115801
1#
1(
#115806
1"
1)
#115808
0#
0(
#115812
0"
0)
#115815
1#
1(
#115818
1"
1)
#115822
0#
0(
#115824
0"
0)
#115829
1#
1(
#115830
1"
1)
#115836
0"
0)
0#
0(
#115840
b1010 ;
#115842
1"
1)
#115843
1#
1(
#115848
0"
0)
#115850
0#
0(
#115854
1"
1)
#115857
1#
1(
#115860
0"
0)
#115864
0#
0(
#115866
1"
1)
#115871
1#
1(
#115872
0"
0)
#115878
1"
1)
0#
0(
#115884
0"
0)
#115885
1#
1(
#115890
1"
1)
#115892
0#
0(
#115896
0"
0)
#115899
1#
1(
#115902
1"
1)
#115906
0#
0(
#115908
0"
0)
#115913
1#
1(
#115914
1"
1)
#115920
0"
0)
0#
0(
#115926
1"
1)
#115927
1#
1(
#115932
0"
0)
#115934
0#
0(
#115938
1"
1)
#115941
1#
1(
#115944
0"
0)
#115948
0#
0(
#115950
1"
1)
#115955
1#
1(
#115956
0"
0)
#115962
1"
1)
0#
0(
#115968
0"
0)
#115969
1#
1(
#115974
1"
1)
#115976
0#
0(
#115980
0"
0)
#115983
1#
1(
#115986
1"
1)
#115990
0#
0(
#115992
0"
0)
#115997
1#
1(
#115998
1"
1)
#116004
0"
0)
0#
0(
#116010
1"
1)
#116011
1#
1(
#116016
0"
0)
#116018
0#
0(
#116022
1"
1)
#116025
1#
1(
#116028
0"
0)
#116032
0#
0(
#116034
1"
1)
#116039
1#
1(
#116040
0"
0)
#116046
1"
1)
0#
0(
#116052
0"
0)
#116053
1#
1(
#116058
1"
1)
#116060
0#
0(
#116064
0"
0)
#116067
1#
1(
#116070
1"
1)
#116074
0#
0(
#116076
0"
0)
#116081
1#
1(
#116082
1"
1)
#116088
0"
0)
0#
0(
#116094
1"
1)
#116095
1#
1(
#116100
0"
0)
#116102
0#
0(
#116106
1"
1)
#116109
1#
1(
#116112
0"
0)
#116116
0#
0(
#116118
1"
1)
#116123
1#
1(
#116124
0"
0)
#116130
1"
1)
0#
0(
#116136
0"
0)
#116137
1#
1(
#116142
1"
1)
#116144
0#
0(
#116148
0"
0)
#116151
1#
1(
#116154
1"
1)
#116158
0#
0(
#116160
0"
0)
#116165
1#
1(
#116166
1"
1)
#116172
0"
0)
0#
0(
#116178
1"
1)
#116179
1#
1(
#116184
0"
0)
#116186
0#
0(
#116190
1"
1)
#116193
1#
1(
#116196
0"
0)
#116200
0#
0(
#116202
1"
1)
#116207
1#
1(
#116208
0"
0)
#116214
1"
1)
0#
0(
#116220
0"
0)
#116221
1#
1(
#116226
1"
1)
#116228
0#
0(
#116232
0"
0)
#116235
1#
1(
#116238
1"
1)
#116242
0#
0(
#116244
0"
0)
#116249
1#
1(
#116250
1"
1)
#116256
0"
0)
0#
0(
#116262
1"
1)
#116263
1#
1(
#116268
0"
0)
#116270
0#
0(
#116274
1"
1)
#116277
1#
1(
#116280
0"
0)
#116284
0#
0(
#116286
1"
1)
#116291
1#
1(
#116292
0"
0)
#116298
1"
1)
0#
0(
#116304
0"
0)
#116305
1#
1(
#116310
1"
1)
#116312
0#
0(
#116316
0"
0)
#116319
1#
1(
#116322
1"
1)
#116326
0#
0(
#116328
0"
0)
#116333
1#
1(
#116334
1"
1)
#116340
0"
0)
0#
0(
#116346
1"
1)
#116347
1#
1(
#116352
0"
0)
#116354
0#
0(
#116358
1"
1)
#116361
1#
1(
#116364
0"
0)
#116368
0#
0(
#116370
1"
1)
#116375
1#
1(
#116376
0"
0)
#116382
1"
1)
0#
0(
#116388
0"
0)
#116389
1#
1(
#116394
1"
1)
#116396
0#
0(
#116400
0"
0)
#116403
1#
1(
#116406
1"
1)
#116410
0#
0(
#116412
0"
0)
#116417
1#
1(
#116418
1"
1)
#116424
0"
0)
0#
0(
#116430
1"
1)
#116431
1#
1(
#116436
0"
0)
#116438
0#
0(
#116442
1"
1)
#116445
1#
1(
#116448
0"
0)
#116452
0#
0(
#116454
1"
1)
#116459
1#
1(
#116460
0"
0)
#116466
1"
1)
0#
0(
#116472
0"
0)
#116473
1#
1(
#116478
1"
1)
#116480
0#
0(
#116484
0"
0)
#116487
1#
1(
#116490
1"
1)
#116494
0#
0(
#116496
0"
0)
#116501
1#
1(
#116502
1"
1)
#116508
0"
0)
0#
0(
#116514
1"
1)
#116515
1#
1(
#116520
0"
0)
#116522
0#
0(
#116526
1"
1)
#116529
1#
1(
#116532
0"
0)
#116536
0#
0(
#116538
1"
1)
#116543
1#
1(
#116544
0"
0)
#116550
1"
1)
0#
0(
#116556
0"
0)
#116557
1#
1(
#116562
1"
1)
#116564
0#
0(
#116568
0"
0)
#116571
1#
1(
#116574
1"
1)
#116578
0#
0(
#116580
0"
0)
#116585
1#
1(
#116586
1"
1)
#116592
0"
0)
0#
0(
#116598
1"
1)
#116599
1#
1(
#116604
0"
0)
#116606
0#
0(
#116610
1"
1)
#116613
1#
1(
#116616
0"
0)
#116620
0#
0(
#116622
1"
1)
#116627
1#
1(
#116628
0"
0)
#116634
1"
1)
0#
0(
#116640
0"
0)
#116641
1#
1(
#116646
1"
1)
#116648
0#
0(
#116652
0"
0)
#116655
1#
1(
#116658
1"
1)
#116662
0#
0(
#116664
0"
0)
#116669
1#
1(
#116670
1"
1)
#116676
0"
0)
0#
0(
#116682
1"
1)
#116683
1#
1(
#116688
0"
0)
#116690
0#
0(
#116694
1"
1)
#116697
1#
1(
#116700
0"
0)
#116704
0#
0(
#116706
1"
1)
#116711
1#
1(
#116712
0"
0)
#116718
1"
1)
0#
0(
#116724
0"
0)
#116725
1#
1(
#116730
1"
1)
#116732
0#
0(
#116736
0"
0)
#116739
1#
1(
#116742
1"
1)
#116746
0#
0(
#116748
0"
0)
#116753
1#
1(
#116754
1"
1)
#116760
0"
0)
0#
0(
#116766
1"
1)
#116767
1#
1(
#116772
0"
0)
#116774
0#
0(
#116778
1"
1)
#116781
1#
1(
#116784
0"
0)
#116788
0#
0(
#116790
1"
1)
#116795
1#
1(
#116796
0"
0)
#116802
1"
1)
0#
0(
#116808
0"
0)
#116809
1#
1(
#116814
1"
1)
#116816
0#
0(
#116820
0"
0)
#116823
1#
1(
#116826
1"
1)
#116830
0#
0(
#116832
0"
0)
#116837
1#
1(
#116838
1"
1)
#116844
0"
0)
0#
0(
#116850
1"
1)
#116851
1#
1(
#116856
0"
0)
#116858
0#
0(
#116862
1"
1)
#116865
1#
1(
#116868
0"
0)
#116872
0#
0(
#116874
1"
1)
#116879
1#
1(
#116880
0"
0)
#116886
1"
1)
0#
0(
#116892
0"
0)
#116893
1#
1(
#116898
1"
1)
#116900
0#
0(
#116904
0"
0)
#116907
1#
1(
#116910
1"
1)
#116914
0#
0(
#116916
0"
0)
#116921
1#
1(
#116922
1"
1)
#116928
0"
0)
0#
0(
#116934
1"
1)
#116935
1#
1(
#116940
0"
0)
#116942
0#
0(
#116946
1"
1)
#116949
1#
1(
#116952
0"
0)
#116956
0#
0(
#116958
1"
1)
#116963
1#
1(
#116964
0"
0)
#116970
1"
1)
0#
0(
#116976
0"
0)
#116977
1#
1(
#116982
1"
1)
#116984
0#
0(
#116988
0"
0)
#116991
1#
1(
#116994
1"
1)
#116998
0#
0(
#117000
0"
0)
#117005
1#
1(
#117006
1"
1)
#117012
0"
0)
0#
0(
#117018
1"
1)
#117019
1#
1(
#117024
0"
0)
#117026
0#
0(
#117030
1"
1)
#117033
1#
1(
#117036
0"
0)
#117040
0#
0(
#117042
1"
1)
#117047
1#
1(
#117048
0"
0)
#117054
1"
1)
0#
0(
#117060
0"
0)
#117061
1#
1(
#117066
1"
1)
#117068
0#
0(
#117072
0"
0)
#117075
1#
1(
#117078
1"
1)
#117082
0#
0(
#117084
0"
0)
#117089
1#
1(
#117090
1"
1)
#117096
0"
0)
0#
0(
#117102
1"
1)
#117103
1#
1(
#117108
0"
0)
#117110
0#
0(
#117114
1"
1)
#117117
1#
1(
#117120
0"
0)
#117124
0#
0(
#117126
1"
1)
#117131
1#
1(
#117132
0"
0)
#117138
1"
1)
0#
0(
#117144
0"
0)
#117145
1#
1(
#117150
1"
1)
#117152
0#
0(
#117156
0"
0)
#117159
1#
1(
#117162
1"
1)
#117166
0#
0(
#117168
0"
0)
#117173
1#
1(
#117174
1"
1)
#117180
0"
0)
0#
0(
#117186
1"
1)
#117187
1#
1(
#117192
0"
0)
#117194
0#
0(
#117198
1"
1)
#117201
1#
1(
#117204
0"
0)
#117208
0#
0(
#117210
1"
1)
#117215
1#
1(
#117216
0"
0)
#117222
1"
1)
0#
0(
#117228
0"
0)
#117229
1#
1(
#117234
1"
1)
#117236
0#
0(
#117240
0"
0)
#117243
1#
1(
#117246
1"
1)
#117250
0#
0(
#117252
0"
0)
#117257
1#
1(
#117258
1"
1)
#117264
0"
0)
0#
0(
#117270
1"
1)
#117271
1#
1(
#117276
0"
0)
#117278
0#
0(
#117282
1"
1)
#117285
1#
1(
#117288
0"
0)
#117292
0#
0(
#117294
1"
1)
#117299
1#
1(
#117300
0"
0)
#117306
1"
1)
0#
0(
#117312
0"
0)
#117313
1#
1(
#117318
1"
1)
#117320
0#
0(
#117324
0"
0)
#117327
1#
1(
#117330
1"
1)
#117334
0#
0(
#117336
0"
0)
#117341
1#
1(
#117342
1"
1)
#117348
0"
0)
0#
0(
#117354
1"
1)
#117355
1#
1(
#117360
0"
0)
#117362
0#
0(
#117366
1"
1)
#117369
1#
1(
#117372
0"
0)
#117376
0#
0(
#117378
1"
1)
#117383
1#
1(
#117384
0"
0)
#117390
1"
1)
0#
0(
#117396
0"
0)
#117397
1#
1(
#117402
1"
1)
#117404
0#
0(
#117408
0"
0)
#117411
1#
1(
#117414
1"
1)
#117418
0#
0(
#117420
0"
0)
#117425
1#
1(
#117426
1"
1)
#117432
0"
0)
0#
0(
#117438
1"
1)
#117439
1#
1(
#117444
0"
0)
#117446
0#
0(
#117450
1"
1)
#117453
1#
1(
#117456
0"
0)
#117460
0#
0(
#117462
1"
1)
#117467
1#
1(
#117468
0"
0)
#117474
1"
1)
0#
0(
#117480
0"
0)
#117481
1#
1(
#117486
1"
1)
#117488
0#
0(
#117492
0"
0)
#117495
1#
1(
#117498
1"
1)
#117502
0#
0(
#117504
0"
0)
#117509
1#
1(
#117510
1"
1)
#117516
0"
0)
0#
0(
#117522
1"
1)
#117523
1#
1(
#117528
0"
0)
#117530
0#
0(
#117534
1"
1)
#117537
1#
1(
#117540
0"
0)
#117544
0#
0(
#117546
1"
1)
#117551
1#
1(
#117552
0"
0)
#117558
1"
1)
0#
0(
#117564
0"
0)
#117565
1#
1(
#117570
1"
1)
#117572
0#
0(
#117576
0"
0)
#117579
1#
1(
#117582
1"
1)
#117586
0#
0(
#117588
0"
0)
#117593
1#
1(
#117594
1"
1)
#117600
0"
0)
0#
0(
#117606
1"
1)
#117607
1#
1(
#117612
0"
0)
#117614
0#
0(
#117618
1"
1)
#117621
1#
1(
#117624
0"
0)
#117628
0#
0(
#117630
1"
1)
#117635
1#
1(
#117636
0"
0)
#117642
1"
1)
0#
0(
#117648
0"
0)
#117649
1#
1(
#117654
1"
1)
#117656
0#
0(
#117660
0"
0)
#117663
1#
1(
#117666
1"
1)
#117670
0#
0(
#117672
0"
0)
#117677
1#
1(
#117678
1"
1)
#117684
0"
0)
0#
0(
#117690
1"
1)
#117691
1#
1(
#117696
0"
0)
#117698
0#
0(
#117702
1"
1)
#117705
1#
1(
#117708
0"
0)
#117712
0#
0(
#117714
1"
1)
#117719
1#
1(
#117720
0"
0)
#117726
1"
1)
0#
0(
#117732
0"
0)
#117733
1#
1(
#117738
1"
1)
#117740
0#
0(
#117744
0"
0)
#117747
1#
1(
#117750
1"
1)
#117754
0#
0(
#117756
0"
0)
#117761
1#
1(
#117762
1"
1)
#117768
0"
0)
0#
0(
#117774
1"
1)
#117775
1#
1(
#117780
0"
0)
#117782
0#
0(
#117786
1"
1)
#117789
1#
1(
#117792
0"
0)
#117796
0#
0(
#117798
1"
1)
#117803
1#
1(
#117804
0"
0)
#117810
1"
1)
0#
0(
#117816
0"
0)
#117817
1#
1(
#117822
1"
1)
#117824
0#
0(
#117828
0"
0)
#117831
1#
1(
#117834
1"
1)
#117838
0#
0(
#117840
0"
0)
#117845
1#
1(
#117846
1"
1)
#117852
0"
0)
0#
0(
#117858
1"
1)
#117859
1#
1(
#117864
0"
0)
#117866
0#
0(
#117870
1"
1)
#117873
1#
1(
#117876
0"
0)
#117880
0#
0(
#117882
1"
1)
#117887
1#
1(
#117888
0"
0)
#117894
1"
1)
0#
0(
#117900
0"
0)
#117901
1#
1(
#117906
1"
1)
#117908
0#
0(
#117912
0"
0)
#117915
1#
1(
#117918
1"
1)
#117922
0#
0(
#117924
0"
0)
#117929
1#
1(
#117930
1"
1)
#117936
0"
0)
0#
0(
#117942
1"
1)
#117943
1#
1(
#117948
0"
0)
#117950
0#
0(
#117954
1"
1)
#117957
1#
1(
#117960
0"
0)
#117964
0#
0(
#117966
1"
1)
#117971
1#
1(
#117972
0"
0)
#117978
1"
1)
0#
0(
#117984
0"
0)
#117985
1#
1(
#117990
1"
1)
#117992
0#
0(
#117996
0"
0)
#117999
1#
1(
#118002
1"
1)
#118006
0#
0(
#118008
0"
0)
#118013
1#
1(
#118014
1"
1)
#118020
0"
0)
0#
0(
#118026
1"
1)
#118027
1#
1(
#118032
0"
0)
#118034
0#
0(
#118038
1"
1)
#118041
1#
1(
#118044
0"
0)
#118048
0#
0(
#118050
1"
1)
#118055
1#
1(
#118056
0"
0)
#118062
1"
1)
0#
0(
#118068
0"
0)
#118069
1#
1(
#118074
1"
1)
#118076
0#
0(
#118080
0"
0)
#118083
1#
1(
#118086
1"
1)
#118090
0#
0(
#118092
0"
0)
#118097
1#
1(
#118098
1"
1)
#118104
0"
0)
0#
0(
#118110
1"
1)
#118111
1#
1(
#118112
0&
b0 ;
b111000111 9
b11010 :
#118116
0"
0)
#118118
0#
0(
#118122
1"
1)
#118125
b1 2
1#
1(
#118128
0"
0)
#118132
0#
0(
#118134
1"
1)
#118139
b1110 0
1#
1(
#118140
0"
0)
#118146
1"
1)
0#
0(
#118152
0"
0)
#118153
b1101 0
1#
1(
#118158
1"
1)
#118160
0#
0(
#118164
0"
0)
#118167
b1100 0
1#
1(
#118170
1"
1)
#118174
0#
0(
#118176
0"
0)
#118181
b1011 0
1#
1(
#118182
1"
1)
#118188
0"
0)
0#
0(
#118194
1"
1)
#118195
b1010 0
1#
1(
#118200
0"
0)
#118202
0#
0(
#118206
1"
1)
#118209
b1001 0
1#
1(
#118212
0"
0)
#118216
0#
0(
#118218
1"
1)
#118223
b1000 0
1#
1(
#118224
0"
0)
#118230
1"
1)
0#
0(
#118236
0"
0)
#118237
b111 0
1#
1(
#118242
1"
1)
#118244
0#
0(
#118248
0"
0)
#118251
b110 0
1#
1(
#118254
1"
1)
#118258
0#
0(
#118260
0"
0)
#118265
b101 0
1#
1(
#118266
1"
1)
#118272
0"
0)
0#
0(
#118278
1"
1)
#118279
b100 0
1#
1(
#118284
0"
0)
#118286
0#
0(
#118290
1"
1)
#118293
b11 0
1#
1(
#118296
0"
0)
#118300
0#
0(
#118302
1"
1)
#118307
b10 0
1#
1(
#118308
0"
0)
#118314
1"
1)
0#
0(
#118320
0"
0)
#118321
b1 0
1#
1(
#118326
1"
1)
#118328
0#
0(
#118332
0"
0)
#118335
b0 0
1#
1(
#118338
1"
1)
#118339
b11100011 9
1&
b1 ;
#118342
0#
0(
#118344
0"
0)
#118349
b10 2
b11011011 ,
b11011011 -
b11011011 3
b11011011 .
b1111 0
1#
1(
#118350
b11011011 4
1"
1)
#118356
0"
0)
0#
0(
#118362
1"
1)
#118363
b1 2
b110 /
b10110110 ,
b10110110 -
b10110110 3
b10110110 .
1#
1(
#118368
0"
0)
#118370
0#
0(
#118374
b10110110 4
1"
1)
#118377
b10110111 ,
b10110111 -
b10110111 3
b10110111 .
b1110 0
1#
1(
#118380
0"
0)
#118384
0#
0(
#118386
b10110111 4
1"
1)
#118391
b1101 0
1#
1(
#118392
0"
0)
#118398
1"
1)
0#
0(
#118404
0"
0)
#118405
b1100 0
1#
1(
#118410
1"
1)
#118412
0#
0(
#118416
0"
0)
#118419
b1011 0
1#
1(
#118422
1"
1)
#118426
0#
0(
#118428
0"
0)
#118433
b1010 0
1#
1(
#118434
1"
1)
#118440
0"
0)
0#
0(
#118446
1"
1)
#118447
b1001 0
1#
1(
#118452
0"
0)
#118454
0#
0(
#118458
1"
1)
#118461
b1000 0
1#
1(
#118464
0"
0)
#118468
0#
0(
#118470
1"
1)
#118475
b111 0
1#
1(
#118476
0"
0)
#118482
1"
1)
0#
0(
#118488
0"
0)
#118489
b110 0
1#
1(
#118494
1"
1)
#118496
0#
0(
#118500
0"
0)
#118503
b101 0
1#
1(
#118506
1"
1)
#118510
0#
0(
#118512
0"
0)
#118517
b100 0
1#
1(
#118518
1"
1)
#118524
0"
0)
0#
0(
#118530
1"
1)
#118531
b11 0
1#
1(
#118536
0"
0)
#118538
0#
0(
#118542
1"
1)
#118545
b10 0
1#
1(
#118548
0"
0)
#118552
0#
0(
#118554
1"
1)
#118559
b1 0
1#
1(
#118560
0"
0)
#118566
1"
1)
0#
0(
b1110001 9
b10 ;
#118572
0"
0)
#118573
b0 0
1#
1(
#118578
1"
1)
#118580
0#
0(
#118584
0"
0)
#118587
b10 2
b1111 0
1#
1(
#118590
1"
1)
#118594
0#
0(
#118596
0"
0)
#118601
b1 2
b101 /
b1101110 ,
b1101110 -
b1101110 3
b1101110 .
1#
1(
#118602
b1101110 4
1"
1)
#118608
0"
0)
0#
0(
#118614
1"
1)
#118615
b1101111 ,
b1101111 -
b1101111 3
b1101111 .
b1110 0
1#
1(
#118620
0"
0)
#118622
0#
0(
#118626
b1101111 4
1"
1)
#118629
b1101 0
1#
1(
#118632
0"
0)
#118636
0#
0(
#118638
1"
1)
#118643
b1100 0
1#
1(
#118644
0"
0)
#118650
1"
1)
0#
0(
#118656
0"
0)
#118657
b1011 0
1#
1(
#118662
1"
1)
#118664
0#
0(
#118668
0"
0)
#118671
b1010 0
1#
1(
#118674
1"
1)
#118678
0#
0(
#118680
0"
0)
#118685
b1001 0
1#
1(
#118686
1"
1)
#118692
0"
0)
0#
0(
#118698
1"
1)
#118699
b1000 0
1#
1(
#118704
0"
0)
#118706
0#
0(
#118710
1"
1)
#118713
b111 0
1#
1(
#118716
0"
0)
#118720
0#
0(
#118722
1"
1)
#118727
b110 0
1#
1(
#118728
0"
0)
#118734
1"
1)
0#
0(
#118740
0"
0)
#118741
b101 0
1#
1(
#118746
1"
1)
#118748
0#
0(
#118752
0"
0)
#118755
b100 0
1#
1(
#118758
1"
1)
#118762
0#
0(
#118764
0"
0)
#118769
b11 0
1#
1(
#118770
1"
1)
#118776
0"
0)
0#
0(
#118782
1"
1)
#118783
b10 0
1#
1(
#118788
0"
0)
#118790
0#
0(
#118793
b111000 9
b11 ;
#118794
1"
1)
#118797
b1 0
1#
1(
#118800
0"
0)
#118804
0#
0(
#118806
1"
1)
#118811
b0 0
1#
1(
#118812
0"
0)
#118818
1"
1)
0#
0(
#118824
0"
0)
#118825
b10 2
b1111 0
1#
1(
#118830
1"
1)
#118832
0#
0(
#118836
0"
0)
#118839
b1 2
b100 /
b11011110 ,
b11011110 -
b11011110 3
b11011110 .
1#
1(
#118842
b11011110 4
1"
1)
#118846
0#
0(
#118848
0"
0)
#118853
b11011111 ,
b11011111 -
b11011111 3
b11011111 .
b1110 0
1#
1(
#118854
b11011111 4
1"
1)
#118860
0"
0)
0#
0(
#118866
1"
1)
#118867
b1101 0
1#
1(
#118872
0"
0)
#118874
0#
0(
#118878
1"
1)
#118881
b1100 0
1#
1(
#118884
0"
0)
#118888
0#
0(
#118890
1"
1)
#118895
b1011 0
1#
1(
#118896
0"
0)
#118902
1"
1)
0#
0(
#118908
0"
0)
#118909
b1010 0
1#
1(
#118914
1"
1)
#118916
0#
0(
#118920
0"
0)
#118923
b1001 0
1#
1(
#118926
1"
1)
#118930
0#
0(
#118932
0"
0)
#118937
b1000 0
1#
1(
#118938
1"
1)
#118944
0"
0)
0#
0(
#118950
1"
1)
#118951
b111 0
1#
1(
#118956
0"
0)
#118958
0#
0(
#118962
1"
1)
#118965
b110 0
1#
1(
#118968
0"
0)
#118972
0#
0(
#118974
1"
1)
#118979
b101 0
1#
1(
#118980
0"
0)
#118986
1"
1)
0#
0(
#118992
0"
0)
#118993
b100 0
1#
1(
#118998
1"
1)
#119000
0#
0(
#119004
0"
0)
#119007
b11 0
1#
1(
#119010
1"
1)
#119014
0#
0(
#119016
0"
0)
#119020
b11100 9
0&
b100 ;
#119021
b11011110 ,
b11011110 -
b11011110 3
b11011110 .
b10 0
1#
1(
#119022
b11011110 4
1"
1)
#119028
0"
0)
0#
0(
#119034
1"
1)
#119035
b1 0
1#
1(
#119040
0"
0)
#119042
0#
0(
#119046
1"
1)
#119049
b0 0
1#
1(
#119052
0"
0)
#119056
0#
0(
#119058
1"
1)
#119063
b10 2
b1111 0
1#
1(
#119064
0"
0)
#119070
1"
1)
0#
0(
#119076
0"
0)
#119077
b1 2
b11 /
b10111100 ,
b10111100 -
b10111100 3
b10111100 .
1#
1(
#119082
b10111100 4
1"
1)
#119084
0#
0(
#119088
0"
0)
#119091
b1110 0
1#
1(
#119094
1"
1)
#119098
0#
0(
#119100
0"
0)
#119105
b1101 0
1#
1(
#119106
1"
1)
#119112
0"
0)
0#
0(
#119118
1"
1)
#119119
b1100 0
1#
1(
#119124
0"
0)
#119126
0#
0(
#119130
1"
1)
#119133
b1011 0
1#
1(
#119136
0"
0)
#119140
0#
0(
#119142
1"
1)
#119147
b1010 0
1#
1(
#119148
0"
0)
#119154
1"
1)
0#
0(
#119160
0"
0)
#119161
b1001 0
1#
1(
#119166
1"
1)
#119168
0#
0(
#119172
0"
0)
#119175
b1000 0
1#
1(
#119178
1"
1)
#119182
0#
0(
#119184
0"
0)
#119189
b111 0
1#
1(
#119190
1"
1)
#119196
0"
0)
0#
0(
#119202
1"
1)
#119203
b110 0
1#
1(
#119208
0"
0)
#119210
0#
0(
#119214
1"
1)
#119217
b101 0
1#
1(
#119220
0"
0)
#119224
0#
0(
#119226
1"
1)
#119231
b100 0
1#
1(
#119232
0"
0)
#119238
1"
1)
0#
0(
#119244
0"
0)
#119245
b11 0
1#
1(
#119247
b1110 9
b101 ;
#119250
1"
1)
#119252
0#
0(
#119256
0"
0)
#119259
b10 0
1#
1(
#119262
1"
1)
#119266
0#
0(
#119268
0"
0)
#119273
b1 0
1#
1(
#119274
1"
1)
#119280
0"
0)
0#
0(
#119286
1"
1)
#119287
b0 0
1#
1(
#119292
0"
0)
#119294
0#
0(
#119298
1"
1)
#119301
b10 2
b1111 0
1#
1(
#119304
0"
0)
#119308
0#
0(
#119310
1"
1)
#119315
b1 2
b10 /
b1111000 ,
b1111000 -
b1111000 3
b1111000 .
1#
1(
#119316
0"
0)
#119322
b1111000 4
1"
1)
0#
0(
#119328
0"
0)
#119329
b1110 0
1#
1(
#119334
1"
1)
#119336
0#
0(
#119340
0"
0)
#119343
b1101 0
1#
1(
#119346
1"
1)
#119350
0#
0(
#119352
0"
0)
#119357
b1100 0
1#
1(
#119358
1"
1)
#119364
0"
0)
0#
0(
#119370
1"
1)
#119371
b1011 0
1#
1(
#119376
0"
0)
#119378
0#
0(
#119382
1"
1)
#119385
b1010 0
1#
1(
#119388
0"
0)
#119392
0#
0(
#119394
1"
1)
#119399
b1001 0
1#
1(
#119400
0"
0)
#119406
1"
1)
0#
0(
#119412
0"
0)
#119413
b1000 0
1#
1(
#119418
1"
1)
#119420
0#
0(
#119424
0"
0)
#119427
b111 0
1#
1(
#119430
1"
1)
#119434
0#
0(
#119436
0"
0)
#119441
b110 0
1#
1(
#119442
1"
1)
#119448
0"
0)
0#
0(
#119454
1"
1)
#119455
b101 0
1#
1(
#119460
0"
0)
#119462
0#
0(
#119466
1"
1)
#119469
b100 0
1#
1(
#119472
0"
0)
#119474
b111 9
b110 ;
#119476
0#
0(
#119478
1"
1)
#119483
b11 0
1#
1(
#119484
0"
0)
#119490
1"
1)
0#
0(
#119496
0"
0)
#119497
b10 0
1#
1(
#119502
1"
1)
#119504
0#
0(
#119508
0"
0)
#119511
b1 0
1#
1(
#119514
1"
1)
#119518
0#
0(
#119520
0"
0)
#119525
b0 0
1#
1(
#119526
1"
1)
#119532
0"
0)
0#
0(
#119538
1"
1)
#119539
b10 2
b1111 0
1#
1(
#119544
0"
0)
#119546
0#
0(
#119550
1"
1)
#119553
b1 2
b1 /
b11110000 ,
b11110000 -
b11110000 3
b11110000 .
1#
1(
#119556
0"
0)
#119560
0#
0(
#119562
b11110000 4
1"
1)
#119567
b1110 0
1#
1(
#119568
0"
0)
#119574
1"
1)
0#
0(
#119580
0"
0)
#119581
b1101 0
1#
1(
#119586
1"
1)
#119588
0#
0(
#119592
0"
0)
#119595
b1100 0
1#
1(
#119598
1"
1)
#119602
0#
0(
#119604
0"
0)
#119609
b1011 0
1#
1(
#119610
1"
1)
#119616
0"
0)
0#
0(
#119622
1"
1)
#119623
b1010 0
1#
1(
#119628
0"
0)
#119630
0#
0(
#119634
1"
1)
#119637
b1001 0
1#
1(
#119640
0"
0)
#119644
0#
0(
#119646
1"
1)
#119651
b1000 0
1#
1(
#119652
0"
0)
#119658
1"
1)
0#
0(
#119664
0"
0)
#119665
b111 0
1#
1(
#119670
1"
1)
#119672
0#
0(
#119676
0"
0)
#119679
b110 0
1#
1(
#119682
1"
1)
#119686
0#
0(
#119688
0"
0)
#119693
b101 0
1#
1(
#119694
1"
1)
#119700
0"
0)
0#
0(
#119701
b11 9
1&
b111 ;
#119706
1"
1)
#119707
b11110001 ,
b11110001 -
b11110001 3
b11110001 .
b100 0
1#
1(
#119712
0"
0)
#119714
0#
0(
#119718
b11110001 4
1"
1)
#119721
b11 0
1#
1(
#119724
0"
0)
#119728
0#
0(
#119730
1"
1)
#119735
b10 0
1#
1(
#119736
0"
0)
#119742
1"
1)
0#
0(
#119748
0"
0)
#119749
b1 0
1#
1(
#119754
1"
1)
#119756
0#
0(
#119760
0"
0)
#119763
b0 0
1#
1(
#119766
1"
1)
#119770
0#
0(
#119772
0"
0)
#119777
b10 2
b1111 0
1#
1(
#119778
1"
1)
#119784
0"
0)
0#
0(
#119790
1"
1)
#119791
b1 2
b0 /
b11100010 ,
b11100010 -
b11100010 3
b11100010 .
1#
1(
#119796
0"
0)
#119798
0#
0(
#119802
b11100010 4
1"
1)
#119805
b11100011 ,
b11100011 -
b11100011 3
b11100011 .
b1110 0
1#
1(
#119808
0"
0)
#119812
0#
0(
#119814
b11100011 4
1"
1)
#119819
b1101 0
1#
1(
#119820
0"
0)
#119826
1"
1)
0#
0(
#119832
0"
0)
#119833
b1100 0
1#
1(
#119838
1"
1)
#119840
0#
0(
#119844
0"
0)
#119847
b1011 0
1#
1(
#119850
1"
1)
#119854
0#
0(
#119856
0"
0)
#119861
b1010 0
1#
1(
#119862
1"
1)
#119868
0"
0)
0#
0(
#119874
1"
1)
#119875
b1001 0
1#
1(
#119880
0"
0)
#119882
0#
0(
#119886
1"
1)
#119889
b1000 0
1#
1(
#119892
0"
0)
#119896
0#
0(
#119898
1"
1)
#119903
b111 0
1#
1(
#119904
0"
0)
#119910
1"
1)
0#
0(
#119916
0"
0)
#119917
b110 0
1#
1(
#119922
1"
1)
#119924
0#
0(
#119928
0"
0)
b1 9
b1000 ;
#119931
b101 0
1#
1(
#119934
1"
1)
#119938
0#
0(
#119940
0"
0)
#119945
b100 0
1#
1(
#119946
1"
1)
#119952
0"
0)
0#
0(
#119958
1"
1)
#119959
b11 0
1#
1(
#119964
0"
0)
#119966
0#
0(
#119970
1"
1)
#119973
b10 0
1#
1(
#119976
0"
0)
#119980
0#
0(
#119982
1"
1)
#119987
b1 0
1#
1(
#119988
0"
0)
#119994
1"
1)
0#
0(
#120000
0"
0)
#120001
b0 0
1#
1(
#120006
1"
1)
#120008
0#
0(
#120012
0"
0)
#120015
b10 2
b1111 0
1#
1(
#120018
1"
1)
#120022
0#
0(
#120024
0"
0)
#120029
b11 2
b111 /
b11000110 ,
b11000110 -
b11000110 3
b11000110 .
1#
1(
#120030
b11000110 4
1"
1)
#120036
0"
0)
0#
0(
#120042
1"
1)
#120043
b100 2
1#
1(
#120048
0"
0)
#120050
0#
0(
#120054
1"
1)
#120057
0+
01
1#
1(
#120060
0"
0)
#120064
0#
0(
#120066
b1 7
1"
1)
#120071
1#
1(
#120072
0"
0)
#120078
b10 7
0!
08
0*
06
1"
1)
0#
0(
#120084
0"
0)
#120085
b0 2
1#
1(
#120090
b110 5
b10001100 4
1!
18
1"
1)
#120092
0#
0(
#120096
0"
0)
#120099
1+
11
1#
1(
#120102
b101 5
b11000 4
1"
1)
#120106
0#
0(
#120108
0"
0)
#120113
1#
1(
#120114
b100 5
b110000 4
0!
08
1"
1)
#120120
0"
0)
0#
0(
#120126
b11 5
b1100000 4
1"
1)
#120127
1#
1(
#120132
0"
0)
#120134
0#
0(
#120138
b10 5
b11000000 4
1"
1)
#120141
1#
1(
#120144
0"
0)
#120148
0#
0(
#120150
b1 5
b10000000 4
1!
18
1"
1)
#120155
1#
1(
b0 9
b1001 ;
#120156
0"
0)
#120162
b0 5
b0 4
1"
1)
0#
0(
#120168
0"
0)
#120169
1#
1(
#120174
b0 7
b111 5
0!
08
1"
1)
#120176
0#
0(
#120180
0"
0)
#120183
1#
1(
#120186
1!
18
b11000110 4
1*
16
1"
1)
#120190
0#
0(
#120192
0"
0)
#120197
1#
1(
#120198
1"
1)
#120204
0"
0)
0#
0(
#120210
1"
1)
#120211
1#
1(
#120216
0"
0)
#120218
0#
0(
#120222
1"
1)
#120225
1#
1(
#120228
0"
0)
#120232
0#
0(
#120234
1"
1)
#120239
1#
1(
#120240
0"
0)
#120246
1"
1)
0#
0(
#120252
0"
0)
#120253
1#
1(
#120258
1"
1)
#120260
0#
0(
#120264
0"
0)
#120267
1#
1(
#120270
1"
1)
#120274
0#
0(
#120276
0"
0)
#120281
1#
1(
#120282
1"
1)
#120288
0"
0)
0#
0(
#120294
1"
1)
#120295
1#
1(
#120300
0"
0)
#120302
0#
0(
#120306
1"
1)
#120309
1#
1(
#120312
0"
0)
#120316
0#
0(
#120318
1"
1)
#120323
1#
1(
#120324
0"
0)
#120330
1"
1)
0#
0(
#120336
0"
0)
#120337
1#
1(
#120342
1"
1)
#120344
0#
0(
#120348
0"
0)
#120351
1#
1(
#120354
1"
1)
#120358
0#
0(
#120360
0"
0)
#120365
1#
1(
#120366
1"
1)
#120372
0"
0)
0#
0(
#120378
1"
1)
#120379
1#
1(
#120382
b1010 ;
#120384
0"
0)
#120386
0#
0(
#120390
1"
1)
#120393
1#
1(
#120396
0"
0)
#120400
0#
0(
#120402
1"
1)
#120407
1#
1(
#120408
0"
0)
#120414
1"
1)
0#
0(
#120420
0"
0)
#120421
1#
1(
#120426
1"
1)
#120428
0#
0(
#120432
0"
0)
#120435
1#
1(
#120438
1"
1)
#120442
0#
0(
#120444
0"
0)
#120449
1#
1(
#120450
1"
1)
#120456
0"
0)
0#
0(
#120462
1"
1)
#120463
1#
1(
#120468
0"
0)
#120470
0#
0(
#120474
1"
1)
#120477
1#
1(
#120480
0"
0)
#120484
0#
0(
#120486
1"
1)
#120491
1#
1(
#120492
0"
0)
#120498
1"
1)
0#
0(
#120504
0"
0)
#120505
1#
1(
#120510
1"
1)
#120512
0#
0(
#120516
0"
0)
#120519
1#
1(
#120522
1"
1)
#120526
0#
0(
#120528
0"
0)
#120533
1#
1(
#120534
1"
1)
#120540
0"
0)
0#
0(
#120546
1"
1)
#120547
1#
1(
#120552
0"
0)
#120554
0#
0(
#120558
1"
1)
#120561
1#
1(
#120564
0"
0)
#120568
0#
0(
#120570
1"
1)
#120575
1#
1(
#120576
0"
0)
#120582
1"
1)
0#
0(
#120588
0"
0)
#120589
1#
1(
#120594
1"
1)
#120596
0#
0(
#120600
0"
0)
#120603
1#
1(
#120606
1"
1)
#120610
0#
0(
#120612
0"
0)
#120617
1#
1(
#120618
1"
1)
#120624
0"
0)
0#
0(
#120630
1"
1)
#120631
1#
1(
#120636
0"
0)
#120638
0#
0(
#120642
1"
1)
#120645
1#
1(
#120648
0"
0)
#120652
0#
0(
#120654
1"
1)
#120659
1#
1(
#120660
0"
0)
#120666
1"
1)
0#
0(
#120672
0"
0)
#120673
1#
1(
#120678
1"
1)
#120680
0#
0(
#120684
0"
0)
#120687
1#
1(
#120690
1"
1)
#120694
0#
0(
#120696
0"
0)
#120701
1#
1(
#120702
1"
1)
#120708
0"
0)
0#
0(
#120714
1"
1)
#120715
1#
1(
#120720
0"
0)
#120722
0#
0(
#120726
1"
1)
#120729
1#
1(
#120732
0"
0)
#120736
0#
0(
#120738
1"
1)
#120743
1#
1(
#120744
0"
0)
#120750
1"
1)
0#
0(
#120756
0"
0)
#120757
1#
1(
#120762
1"
1)
#120764
0#
0(
#120768
0"
0)
#120771
1#
1(
#120774
1"
1)
#120778
0#
0(
#120780
0"
0)
#120785
1#
1(
#120786
1"
1)
#120792
0"
0)
0#
0(
#120798
1"
1)
#120799
1#
1(
#120804
0"
0)
#120806
0#
0(
#120810
1"
1)
#120813
1#
1(
#120816
0"
0)
#120820
0#
0(
#120822
1"
1)
#120827
1#
1(
#120828
0"
0)
#120834
1"
1)
0#
0(
#120840
0"
0)
#120841
1#
1(
#120846
1"
1)
#120848
0#
0(
#120852
0"
0)
#120855
1#
1(
#120858
1"
1)
#120862
0#
0(
#120864
0"
0)
#120869
1#
1(
#120870
1"
1)
#120876
0"
0)
0#
0(
#120882
1"
1)
#120883
1#
1(
#120888
0"
0)
#120890
0#
0(
#120894
1"
1)
#120897
1#
1(
#120900
0"
0)
#120904
0#
0(
#120906
1"
1)
#120911
1#
1(
#120912
0"
0)
#120918
1"
1)
0#
0(
#120924
0"
0)
#120925
1#
1(
#120930
1"
1)
#120932
0#
0(
#120936
0"
0)
#120939
1#
1(
#120942
1"
1)
#120946
0#
0(
#120948
0"
0)
#120953
1#
1(
#120954
1"
1)
#120960
0"
0)
0#
0(
#120966
1"
1)
#120967
1#
1(
#120972
0"
0)
#120974
0#
0(
#120978
1"
1)
#120981
1#
1(
#120984
0"
0)
#120988
0#
0(
#120990
1"
1)
#120995
1#
1(
#120996
0"
0)
#121002
1"
1)
0#
0(
#121008
0"
0)
#121009
1#
1(
#121014
1"
1)
#121016
0#
0(
#121020
0"
0)
#121023
1#
1(
#121026
1"
1)
#121030
0#
0(
#121032
0"
0)
#121037
1#
1(
#121038
1"
1)
#121044
0"
0)
0#
0(
#121050
1"
1)
#121051
1#
1(
#121056
0"
0)
#121058
0#
0(
#121062
1"
1)
#121065
1#
1(
#121068
0"
0)
#121072
0#
0(
#121074
1"
1)
#121079
1#
1(
#121080
0"
0)
#121086
1"
1)
0#
0(
#121092
0"
0)
#121093
1#
1(
#121098
1"
1)
#121100
0#
0(
#121104
0"
0)
#121107
1#
1(
#121110
1"
1)
#121114
0#
0(
#121116
0"
0)
#121121
1#
1(
#121122
1"
1)
#121128
0"
0)
0#
0(
#121134
1"
1)
#121135
1#
1(
#121140
0"
0)
#121142
0#
0(
#121146
1"
1)
#121149
1#
1(
#121152
0"
0)
#121156
0#
0(
#121158
1"
1)
#121163
1#
1(
#121164
0"
0)
#121170
1"
1)
0#
0(
#121176
0"
0)
#121177
1#
1(
#121182
1"
1)
#121184
0#
0(
#121188
0"
0)
#121191
1#
1(
#121194
1"
1)
#121198
0#
0(
#121200
0"
0)
#121205
1#
1(
#121206
1"
1)
#121212
0"
0)
0#
0(
#121218
1"
1)
#121219
1#
1(
#121224
0"
0)
#121226
0#
0(
#121230
1"
1)
#121233
1#
1(
#121236
0"
0)
#121240
0#
0(
#121242
1"
1)
#121247
1#
1(
#121248
0"
0)
#121254
1"
1)
0#
0(
#121260
0"
0)
#121261
1#
1(
#121266
1"
1)
#121268
0#
0(
#121272
0"
0)
#121275
1#
1(
#121278
1"
1)
#121282
0#
0(
#121284
0"
0)
#121289
1#
1(
#121290
1"
1)
#121296
0"
0)
0#
0(
#121302
1"
1)
#121303
1#
1(
#121308
0"
0)
#121310
0#
0(
#121314
1"
1)
#121317
1#
1(
#121320
0"
0)
#121324
0#
0(
#121326
1"
1)
#121331
1#
1(
#121332
0"
0)
#121338
1"
1)
0#
0(
#121344
0"
0)
#121345
1#
1(
#121350
1"
1)
#121352
0#
0(
#121356
0"
0)
#121359
1#
1(
#121362
1"
1)
#121366
0#
0(
#121368
0"
0)
#121373
1#
1(
#121374
1"
1)
#121380
0"
0)
0#
0(
#121386
1"
1)
#121387
1#
1(
#121392
0"
0)
#121394
0#
0(
#121398
1"
1)
#121401
1#
1(
#121404
0"
0)
#121408
0#
0(
#121410
1"
1)
#121415
1#
1(
#121416
0"
0)
#121422
1"
1)
0#
0(
#121428
0"
0)
#121429
1#
1(
#121434
1"
1)
#121436
0#
0(
#121440
0"
0)
#121443
1#
1(
#121446
1"
1)
#121450
0#
0(
#121452
0"
0)
#121457
1#
1(
#121458
1"
1)
#121464
0"
0)
0#
0(
#121470
1"
1)
#121471
1#
1(
#121476
0"
0)
#121478
0#
0(
#121482
1"
1)
#121485
1#
1(
#121488
0"
0)
#121492
0#
0(
#121494
1"
1)
#121499
1#
1(
#121500
0"
0)
#121506
1"
1)
0#
0(
#121512
0"
0)
#121513
1#
1(
#121518
1"
1)
#121520
0#
0(
#121524
0"
0)
#121527
1#
1(
#121530
1"
1)
#121534
0#
0(
#121536
0"
0)
#121541
1#
1(
#121542
1"
1)
#121548
0"
0)
0#
0(
#121554
1"
1)
#121555
1#
1(
#121560
0"
0)
#121562
0#
0(
#121566
1"
1)
#121569
1#
1(
#121572
0"
0)
#121576
0#
0(
#121578
1"
1)
#121583
1#
1(
#121584
0"
0)
#121590
1"
1)
0#
0(
#121596
0"
0)
#121597
1#
1(
#121602
1"
1)
#121604
0#
0(
#121608
0"
0)
#121611
1#
1(
#121614
1"
1)
#121618
0#
0(
#121620
0"
0)
#121625
1#
1(
#121626
1"
1)
#121632
0"
0)
0#
0(
#121638
1"
1)
#121639
1#
1(
#121644
0"
0)
#121646
0#
0(
#121650
1"
1)
#121653
1#
1(
#121656
0"
0)
#121660
0#
0(
#121662
1"
1)
#121667
1#
1(
#121668
0"
0)
#121674
1"
1)
0#
0(
#121680
0"
0)
#121681
1#
1(
#121686
1"
1)
#121688
0#
0(
#121692
0"
0)
#121695
1#
1(
#121698
1"
1)
#121702
0#
0(
#121704
0"
0)
#121709
1#
1(
#121710
1"
1)
#121716
0"
0)
0#
0(
#121722
1"
1)
#121723
1#
1(
#121728
0"
0)
#121730
0#
0(
#121734
1"
1)
#121737
1#
1(
#121740
0"
0)
#121744
0#
0(
#121746
1"
1)
#121751
1#
1(
#121752
0"
0)
#121758
1"
1)
0#
0(
#121764
0"
0)
#121765
1#
1(
#121770
1"
1)
#121772
0#
0(
#121776
0"
0)
#121779
1#
1(
#121782
1"
1)
#121786
0#
0(
#121788
0"
0)
#121793
1#
1(
#121794
1"
1)
#121800
0"
0)
0#
0(
#121806
1"
1)
#121807
1#
1(
#121812
0"
0)
#121814
0#
0(
#121818
1"
1)
#121821
1#
1(
#121824
0"
0)
#121828
0#
0(
#121830
1"
1)
#121835
1#
1(
#121836
0"
0)
#121842
1"
1)
0#
0(
#121848
0"
0)
#121849
1#
1(
#121854
1"
1)
#121856
0#
0(
#121860
0"
0)
#121863
1#
1(
#121866
1"
1)
#121870
0#
0(
#121872
0"
0)
#121877
1#
1(
#121878
1"
1)
#121884
0"
0)
0#
0(
#121890
1"
1)
#121891
1#
1(
#121896
0"
0)
#121898
0#
0(
#121902
1"
1)
#121905
1#
1(
#121908
0"
0)
#121912
0#
0(
#121914
1"
1)
#121919
1#
1(
#121920
0"
0)
#121926
1"
1)
0#
0(
#121932
0"
0)
#121933
1#
1(
#121938
1"
1)
#121940
0#
0(
#121944
0"
0)
#121947
1#
1(
#121950
1"
1)
#121954
0#
0(
#121956
0"
0)
#121961
1#
1(
#121962
1"
1)
#121968
0"
0)
0#
0(
#121974
1"
1)
#121975
1#
1(
#121980
0"
0)
#121982
0#
0(
#121986
1"
1)
#121989
1#
1(
#121992
0"
0)
#121996
0#
0(
#121998
1"
1)
#122003
1#
1(
#122004
0"
0)
#122010
1"
1)
0#
0(
#122016
0"
0)
#122017
1#
1(
#122022
1"
1)
#122024
0#
0(
#122028
0"
0)
#122031
1#
1(
#122034
1"
1)
#122038
0#
0(
#122040
0"
0)
#122045
1#
1(
#122046
1"
1)
#122052
0"
0)
0#
0(
#122058
1"
1)
#122059
1#
1(
#122064
0"
0)
#122066
0#
0(
#122070
1"
1)
#122073
1#
1(
#122076
0"
0)
#122080
0#
0(
#122082
1"
1)
#122087
1#
1(
#122088
0"
0)
#122094
1"
1)
0#
0(
#122100
0"
0)
#122101
1#
1(
#122106
1"
1)
#122108
0#
0(
#122112
0"
0)
#122115
1#
1(
#122118
1"
1)
#122122
0#
0(
#122124
0"
0)
#122129
1#
1(
#122130
1"
1)
#122136
0"
0)
0#
0(
#122142
1"
1)
#122143
1#
1(
#122148
0"
0)
#122150
0#
0(
#122154
1"
1)
#122157
1#
1(
#122160
0"
0)
#122164
0#
0(
#122166
1"
1)
#122171
1#
1(
#122172
0"
0)
#122178
1"
1)
0#
0(
#122184
0"
0)
#122185
1#
1(
#122190
1"
1)
#122192
0#
0(
#122196
0"
0)
#122199
1#
1(
#122202
1"
1)
#122206
0#
0(
#122208
0"
0)
#122213
1#
1(
#122214
1"
1)
#122220
0"
0)
0#
0(
#122226
1"
1)
#122227
1#
1(
#122232
0"
0)
#122234
0#
0(
#122238
1"
1)
#122241
1#
1(
#122244
0"
0)
#122248
0#
0(
#122250
1"
1)
#122255
1#
1(
#122256
0"
0)
#122262
1"
1)
0#
0(
#122268
0"
0)
#122269
1#
1(
#122274
1"
1)
#122276
0#
0(
#122280
0"
0)
#122283
1#
1(
#122286
1"
1)
#122290
0#
0(
#122292
0"
0)
#122297
1#
1(
#122298
1"
1)
#122304
0"
0)
0#
0(
#122310
1"
1)
#122311
1#
1(
#122316
0"
0)
#122318
0#
0(
#122322
1"
1)
#122325
1#
1(
#122328
0"
0)
#122332
0#
0(
#122334
1"
1)
#122339
1#
1(
#122340
0"
0)
#122346
1"
1)
0#
0(
#122352
0"
0)
#122353
1#
1(
#122358
1"
1)
#122360
0#
0(
#122364
0"
0)
#122367
1#
1(
#122370
1"
1)
#122374
0#
0(
#122376
0"
0)
#122381
1#
1(
#122382
1"
1)
#122388
0"
0)
0#
0(
#122394
1"
1)
#122395
1#
1(
#122400
0"
0)
#122402
0#
0(
#122406
1"
1)
#122409
1#
1(
#122412
0"
0)
#122416
0#
0(
#122418
1"
1)
#122423
1#
1(
#122424
0"
0)
#122430
1"
1)
0#
0(
#122436
0"
0)
#122437
1#
1(
#122442
1"
1)
#122444
0#
0(
#122448
0"
0)
#122451
1#
1(
#122454
1"
1)
#122458
0#
0(
#122460
0"
0)
#122465
1#
1(
#122466
1"
1)
#122472
0"
0)
0#
0(
#122478
1"
1)
#122479
1#
1(
#122484
0"
0)
#122486
0#
0(
#122490
1"
1)
#122493
1#
1(
#122496
0"
0)
#122500
0#
0(
#122502
1"
1)
#122507
1#
1(
#122508
0"
0)
#122514
1"
1)
0#
0(
#122520
0"
0)
#122521
1#
1(
#122526
1"
1)
#122528
0#
0(
#122532
0"
0)
#122535
1#
1(
#122538
1"
1)
#122542
0#
0(
#122544
0"
0)
#122549
1#
1(
#122550
1"
1)
#122556
0"
0)
0#
0(
#122562
1"
1)
#122563
1#
1(
#122568
0"
0)
#122570
0#
0(
#122574
1"
1)
#122577
1#
1(
#122580
0"
0)
#122584
0#
0(
#122586
1"
1)
#122591
1#
1(
#122592
0"
0)
#122598
1"
1)
0#
0(
#122604
0"
0)
#122605
1#
1(
#122610
1"
1)
#122612
0#
0(
#122616
0"
0)
#122619
1#
1(
#122622
1"
1)
#122626
0#
0(
#122628
0"
0)
#122633
1#
1(
#122634
1"
1)
#122640
0"
0)
0#
0(
#122646
1"
1)
#122647
1#
1(
#122652
0"
0)
#122654
0#
0(
0&
b0 ;
b111011000 9
b11011 :
#122658
1"
1)
#122661
b1 2
1#
1(
#122664
0"
0)
#122668
0#
0(
#122670
1"
1)
#122675
b1110 0
1#
1(
#122676
0"
0)
#122682
1"
1)
0#
0(
#122688
0"
0)
#122689
b1101 0
1#
1(
#122694
1"
1)
#122696
0#
0(
#122700
0"
0)
#122703
b1100 0
1#
1(
#122706
1"
1)
#122710
0#
0(
#122712
0"
0)
#122717
b1011 0
1#
1(
#122718
1"
1)
#122724
0"
0)
0#
0(
#122730
1"
1)
#122731
b1010 0
1#
1(
#122736
0"
0)
#122738
0#
0(
#122742
1"
1)
#122745
b1001 0
1#
1(
#122748
0"
0)
#122752
0#
0(
#122754
1"
1)
#122759
b1000 0
1#
1(
#122760
0"
0)
#122766
1"
1)
0#
0(
#122772
0"
0)
#122773
b111 0
1#
1(
#122778
1"
1)
#122780
0#
0(
#122784
0"
0)
#122787
b110 0
1#
1(
#122790
1"
1)
#122794
0#
0(
#122796
0"
0)
#122801
b101 0
1#
1(
#122802
1"
1)
#122808
0"
0)
0#
0(
#122814
1"
1)
#122815
b100 0
1#
1(
#122820
0"
0)
#122822
0#
0(
#122826
1"
1)
#122829
b11 0
1#
1(
#122832
0"
0)
#122836
0#
0(
#122838
1"
1)
#122843
b10 0
1#
1(
#122844
0"
0)
#122850
1"
1)
0#
0(
#122856
0"
0)
#122857
b1 0
1#
1(
#122862
1"
1)
#122864
0#
0(
#122868
0"
0)
#122871
b0 0
1#
1(
#122874
1"
1)
#122878
0#
0(
#122880
0"
0)
#122881
b11101100 9
b1 ;
#122885
b10 2
b1111 0
1#
1(
#122886
1"
1)
#122892
0"
0)
0#
0(
#122898
1"
1)
#122899
b1 2
b110 /
b10001100 ,
b10001100 -
b10001100 3
b10001100 .
1#
1(
#122904
0"
0)
#122906
0#
0(
#122910
b10001100 4
1"
1)
#122913
b1110 0
1#
1(
#122916
0"
0)
#122920
0#
0(
#122922
1"
1)
#122927
b1101 0
1#
1(
#122928
0"
0)
#122934
1"
1)
0#
0(
#122940
0"
0)
#122941
b1100 0
1#
1(
#122946
1"
1)
#122948
0#
0(
#122952
0"
0)
#122955
b1011 0
1#
1(
#122958
1"
1)
#122962
0#
0(
#122964
0"
0)
#122969
b1010 0
1#
1(
#122970
1"
1)
#122976
0"
0)
0#
0(
#122982
1"
1)
#122983
b1001 0
1#
1(
#122988
0"
0)
#122990
0#
0(
#122994
1"
1)
#122997
b1000 0
1#
1(
#123000
0"
0)
#123004
0#
0(
#123006
1"
1)
#123011
b111 0
1#
1(
#123012
0"
0)
#123018
1"
1)
0#
0(
#123024
0"
0)
#123025
b110 0
1#
1(
#123030
1"
1)
#123032
0#
0(
#123036
0"
0)
#123039
b101 0
1#
1(
#123042
1"
1)
#123046
0#
0(
#123048
0"
0)
#123053
b100 0
1#
1(
#123054
1"
1)
#123060
0"
0)
0#
0(
#123066
1"
1)
#123067
b11 0
1#
1(
#123072
0"
0)
#123074
0#
0(
#123078
1"
1)
#123081
b10 0
1#
1(
#123084
0"
0)
#123088
0#
0(
#123090
1"
1)
#123095
b1 0
1#
1(
#123096
0"
0)
#123102
1"
1)
0#
0(
#123108
0"
0)
b1110110 9
b10 ;
#123109
b0 0
1#
1(
#123114
1"
1)
#123116
0#
0(
#123120
0"
0)
#123123
b10 2
b1111 0
1#
1(
#123126
1"
1)
#123130
0#
0(
#123132
0"
0)
#123137
b1 2
b101 /
b11000 ,
b11000 -
b11000 3
b11000 .
1#
1(
#123138
b11000 4
1"
1)
#123144
0"
0)
0#
0(
#123150
1"
1)
#123151
b1110 0
1#
1(
#123156
0"
0)
#123158
0#
0(
#123162
1"
1)
#123165
b1101 0
1#
1(
#123168
0"
0)
#123172
0#
0(
#123174
1"
1)
#123179
b1100 0
1#
1(
#123180
0"
0)
#123186
1"
1)
0#
0(
#123192
0"
0)
#123193
b1011 0
1#
1(
#123198
1"
1)
#123200
0#
0(
#123204
0"
0)
#123207
b1010 0
1#
1(
#123210
1"
1)
#123214
0#
0(
#123216
0"
0)
#123221
b1001 0
1#
1(
#123222
1"
1)
#123228
0"
0)
0#
0(
#123234
1"
1)
#123235
b1000 0
1#
1(
#123240
0"
0)
#123242
0#
0(
#123246
1"
1)
#123249
b111 0
1#
1(
#123252
0"
0)
#123256
0#
0(
#123258
1"
1)
#123263
b110 0
1#
1(
#123264
0"
0)
#123270
1"
1)
0#
0(
#123276
0"
0)
#123277
b101 0
1#
1(
#123282
1"
1)
#123284
0#
0(
#123288
0"
0)
#123291
b100 0
1#
1(
#123294
1"
1)
#123298
0#
0(
#123300
0"
0)
#123305
b11 0
1#
1(
#123306
1"
1)
#123312
0"
0)
0#
0(
#123318
1"
1)
#123319
b10 0
1#
1(
#123324
0"
0)
#123326
0#
0(
#123330
1"
1)
#123333
b1 0
1#
1(
#123335
b111011 9
b11 ;
#123336
0"
0)
#123340
0#
0(
#123342
1"
1)
#123347
b0 0
1#
1(
#123348
0"
0)
#123354
1"
1)
0#
0(
#123360
0"
0)
#123361
b10 2
b1111 0
1#
1(
#123366
1"
1)
#123368
0#
0(
#123372
0"
0)
#123375
b1 2
b100 /
b110000 ,
b110000 -
b110000 3
b110000 .
1#
1(
#123378
b110000 4
1"
1)
#123382
0#
0(
#123384
0"
0)
#123389
b1110 0
1#
1(
#123390
1"
1)
#123396
0"
0)
0#
0(
#123402
1"
1)
#123403
b1101 0
1#
1(
#123408
0"
0)
#123410
0#
0(
#123414
1"
1)
#123417
b1100 0
1#
1(
#123420
0"
0)
#123424
0#
0(
#123426
1"
1)
#123431
b1011 0
1#
1(
#123432
0"
0)
#123438
1"
1)
0#
0(
#123444
0"
0)
#123445
b1010 0
1#
1(
#123450
1"
1)
#123452
0#
0(
#123456
0"
0)
#123459
b1001 0
1#
1(
#123462
1"
1)
#123466
0#
0(
#123468
0"
0)
#123473
b1000 0
1#
1(
#123474
1"
1)
#123480
0"
0)
0#
0(
#123486
1"
1)
#123487
b111 0
1#
1(
#123492
0"
0)
#123494
0#
0(
#123498
1"
1)
#123501
b110 0
1#
1(
#123504
0"
0)
#123508
0#
0(
#123510
1"
1)
#123515
b101 0
1#
1(
#123516
0"
0)
#123522
1"
1)
0#
0(
#123528
0"
0)
#123529
b100 0
1#
1(
#123534
1"
1)
#123536
0#
0(
#123540
0"
0)
#123543
b11 0
1#
1(
#123546
1"
1)
#123550
0#
0(
#123552
0"
0)
#123557
b10 0
1#
1(
#123558
1"
1)
#123562
b11101 9
1&
b100 ;
#123564
0"
0)
0#
0(
#123570
1"
1)
#123571
b110001 ,
b110001 -
b110001 3
b110001 .
b1 0
1#
1(
#123576
0"
0)
#123578
0#
0(
#123582
b110001 4
1"
1)
#123585
b0 0
1#
1(
#123588
0"
0)
#123592
0#
0(
#123594
1"
1)
#123599
b10 2
b1111 0
1#
1(
#123600
0"
0)
#123606
1"
1)
0#
0(
#123612
0"
0)
#123613
b1 2
b11 /
b1100010 ,
b1100010 -
b1100010 3
b1100010 .
1#
1(
#123618
b1100010 4
1"
1)
#123620
0#
0(
#123624
0"
0)
#123627
b1100011 ,
b1100011 -
b1100011 3
b1100011 .
b1110 0
1#
1(
#123630
b1100011 4
1"
1)
#123634
0#
0(
#123636
0"
0)
#123641
b1101 0
1#
1(
#123642
1"
1)
#123648
0"
0)
0#
0(
#123654
1"
1)
#123655
b1100 0
1#
1(
#123660
0"
0)
#123662
0#
0(
#123666
1"
1)
#123669
b1011 0
1#
1(
#123672
0"
0)
#123676
0#
0(
#123678
1"
1)
#123683
b1010 0
1#
1(
#123684
0"
0)
#123690
1"
1)
0#
0(
#123696
0"
0)
#123697
b1001 0
1#
1(
#123702
1"
1)
#123704
0#
0(
#123708
0"
0)
#123711
b1000 0
1#
1(
#123714
1"
1)
#123718
0#
0(
#123720
0"
0)
#123725
b111 0
1#
1(
#123726
1"
1)
#123732
0"
0)
0#
0(
#123738
1"
1)
#123739
b110 0
1#
1(
#123744
0"
0)
#123746
0#
0(
#123750
1"
1)
#123753
b101 0
1#
1(
#123756
0"
0)
#123760
0#
0(
#123762
1"
1)
#123767
b100 0
1#
1(
#123768
0"
0)
#123774
1"
1)
0#
0(
#123780
0"
0)
#123781
b11 0
1#
1(
#123786
1"
1)
#123788
0#
0(
#123789
b1110 9
b101 ;
#123792
0"
0)
#123795
b10 0
1#
1(
#123798
1"
1)
#123802
0#
0(
#123804
0"
0)
#123809
b1 0
1#
1(
#123810
1"
1)
#123816
0"
0)
0#
0(
#123822
1"
1)
#123823
b0 0
1#
1(
#123828
0"
0)
#123830
0#
0(
#123834
1"
1)
#123837
b10 2
b1111 0
1#
1(
#123840
0"
0)
#123844
0#
0(
#123846
1"
1)
#123851
b1 2
b10 /
b11000110 ,
b11000110 -
b11000110 3
b11000110 .
1#
1(
#123852
0"
0)
#123858
b11000110 4
1"
1)
0#
0(
#123864
0"
0)
#123865
b11000111 ,
b11000111 -
b11000111 3
b11000111 .
b1110 0
1#
1(
#123870
b11000111 4
1"
1)
#123872
0#
0(
#123876
0"
0)
#123879
b1101 0
1#
1(
#123882
1"
1)
#123886
0#
0(
#123888
0"
0)
#123893
b1100 0
1#
1(
#123894
1"
1)
#123900
0"
0)
0#
0(
#123906
1"
1)
#123907
b1011 0
1#
1(
#123912
0"
0)
#123914
0#
0(
#123918
1"
1)
#123921
b1010 0
1#
1(
#123924
0"
0)
#123928
0#
0(
#123930
1"
1)
#123935
b1001 0
1#
1(
#123936
0"
0)
#123942
1"
1)
0#
0(
#123948
0"
0)
#123949
b1000 0
1#
1(
#123954
1"
1)
#123956
0#
0(
#123960
0"
0)
#123963
b111 0
1#
1(
#123966
1"
1)
#123970
0#
0(
#123972
0"
0)
#123977
b110 0
1#
1(
#123978
1"
1)
#123984
0"
0)
0#
0(
#123990
1"
1)
#123991
b101 0
1#
1(
#123996
0"
0)
#123998
0#
0(
#124002
1"
1)
#124005
b100 0
1#
1(
#124008
0"
0)
#124012
0#
0(
#124014
1"
1)
#124016
b111 9
0&
b110 ;
#124019
b11000110 ,
b11000110 -
b11000110 3
b11000110 .
b11 0
1#
1(
#124020
0"
0)
#124026
b11000110 4
1"
1)
0#
0(
#124032
0"
0)
#124033
b10 0
1#
1(
#124038
1"
1)
#124040
0#
0(
#124044
0"
0)
#124047
b1 0
1#
1(
#124050
1"
1)
#124054
0#
0(
#124056
0"
0)
#124061
b0 0
1#
1(
#124062
1"
1)
#124068
0"
0)
0#
0(
#124074
1"
1)
#124075
b10 2
b1111 0
1#
1(
#124080
0"
0)
#124082
0#
0(
#124086
1"
1)
#124089
b1 2
b1 /
b10001100 ,
b10001100 -
b10001100 3
b10001100 .
1#
1(
#124092
0"
0)
#124096
0#
0(
#124098
b10001100 4
1"
1)
#124103
b1110 0
1#
1(
#124104
0"
0)
#124110
1"
1)
0#
0(
#124116
0"
0)
#124117
b1101 0
1#
1(
#124122
1"
1)
#124124
0#
0(
#124128
0"
0)
#124131
b1100 0
1#
1(
#124134
1"
1)
#124138
0#
0(
#124140
0"
0)
#124145
b1011 0
1#
1(
#124146
1"
1)
#124152
0"
0)
0#
0(
#124158
1"
1)
#124159
b1010 0
1#
1(
#124164
0"
0)
#124166
0#
0(
#124170
1"
1)
#124173
b1001 0
1#
1(
#124176
0"
0)
#124180
0#
0(
#124182
1"
1)
#124187
b1000 0
1#
1(
#124188
0"
0)
#124194
1"
1)
0#
0(
#124200
0"
0)
#124201
b111 0
1#
1(
#124206
1"
1)
#124208
0#
0(
#124212
0"
0)
#124215
b110 0
1#
1(
#124218
1"
1)
#124222
0#
0(
#124224
0"
0)
#124229
b101 0
1#
1(
#124230
1"
1)
#124236
0"
0)
0#
0(
#124242
1"
1)
#124243
b10001101 ,
b10001101 -
b10001101 3
b10001101 .
b100 0
1#
1(
b11 9
1&
b111 ;
#124248
0"
0)
#124250
0#
0(
#124254
b10001101 4
1"
1)
#124257
b11 0
1#
1(
#124260
0"
0)
#124264
0#
0(
#124266
1"
1)
#124271
b10 0
1#
1(
#124272
0"
0)
#124278
1"
1)
0#
0(
#124284
0"
0)
#124285
b1 0
1#
1(
#124290
1"
1)
#124292
0#
0(
#124296
0"
0)
#124299
b0 0
1#
1(
#124302
1"
1)
#124306
0#
0(
#124308
0"
0)
#124313
b10 2
b1111 0
1#
1(
#124314
1"
1)
#124320
0"
0)
0#
0(
#124326
1"
1)
#124327
b1 2
b0 /
b11010 ,
b11010 -
b11010 3
b11010 .
1#
1(
#124332
0"
0)
#124334
0#
0(
#124338
b11010 4
1"
1)
#124341
b11011 ,
b11011 -
b11011 3
b11011 .
b1110 0
1#
1(
#124344
0"
0)
#124348
0#
0(
#124350
b11011 4
1"
1)
#124355
b1101 0
1#
1(
#124356
0"
0)
#124362
1"
1)
0#
0(
#124368
0"
0)
#124369
b1100 0
1#
1(
#124374
1"
1)
#124376
0#
0(
#124380
0"
0)
#124383
b1011 0
1#
1(
#124386
1"
1)
#124390
0#
0(
#124392
0"
0)
#124397
b1010 0
1#
1(
#124398
1"
1)
#124404
0"
0)
0#
0(
#124410
1"
1)
#124411
b1001 0
1#
1(
#124416
0"
0)
#124418
0#
0(
#124422
1"
1)
#124425
b1000 0
1#
1(
#124428
0"
0)
#124432
0#
0(
#124434
1"
1)
#124439
b111 0
1#
1(
#124440
0"
0)
#124446
1"
1)
0#
0(
#124452
0"
0)
#124453
b110 0
1#
1(
#124458
1"
1)
#124460
0#
0(
#124464
0"
0)
#124467
b101 0
1#
1(
#124470
1"
1)
b1 9
b1000 ;
#124474
0#
0(
#124476
0"
0)
#124481
b100 0
1#
1(
#124482
1"
1)
#124488
0"
0)
0#
0(
#124494
1"
1)
#124495
b11 0
1#
1(
#124500
0"
0)
#124502
0#
0(
#124506
1"
1)
#124509
b10 0
1#
1(
#124512
0"
0)
#124516
0#
0(
#124518
1"
1)
#124523
b1 0
1#
1(
#124524
0"
0)
#124530
1"
1)
0#
0(
#124536
0"
0)
#124537
b0 0
1#
1(
#124542
1"
1)
#124544
0#
0(
#124548
0"
0)
#124551
b10 2
b1111 0
1#
1(
#124554
1"
1)
#124558
0#
0(
#124560
0"
0)
#124565
b11 2
b111 /
b110110 ,
b110110 -
b110110 3
b110110 .
1#
1(
#124566
b110110 4
1"
1)
#124572
0"
0)
0#
0(
#124578
1"
1)
#124579
b100 2
1#
1(
#124584
0"
0)
#124586
0#
0(
#124590
1"
1)
#124593
0+
01
1#
1(
#124596
0"
0)
#124600
0#
0(
#124602
b1 7
1"
1)
#124607
1#
1(
#124608
0"
0)
#124614
b10 7
0!
08
0*
06
1"
1)
0#
0(
#124620
0"
0)
#124621
b0 2
1#
1(
#124626
b110 5
b1101100 4
1"
1)
#124628
0#
0(
#124632
0"
0)
#124635
1+
11
1#
1(
#124638
b101 5
b11011000 4
1"
1)
#124642
0#
0(
#124644
0"
0)
#124649
1#
1(
#124650
b100 5
b10110000 4
1!
18
1"
1)
#124656
0"
0)
0#
0(
#124662
b11 5
b1100000 4
1"
1)
#124663
1#
1(
#124668
0"
0)
#124670
0#
0(
#124674
b10 5
b11000000 4
0!
08
1"
1)
#124677
1#
1(
#124680
0"
0)
#124684
0#
0(
#124686
b1 5
b10000000 4
1!
18
1"
1)
#124691
1#
1(
#124692
0"
0)
#124697
b0 9
b1001 ;
#124698
b0 5
b0 4
1"
1)
0#
0(
#124704
0"
0)
#124705
1#
1(
#124710
b0 7
b111 5
0!
08
1"
1)
#124712
0#
0(
#124716
0"
0)
#124719
1#
1(
#124722
1!
18
b110110 4
1*
16
1"
1)
#124726
0#
0(
#124728
0"
0)
#124733
1#
1(
#124734
1"
1)
#124740
0"
0)
0#
0(
#124746
1"
1)
#124747
1#
1(
#124752
0"
0)
#124754
0#
0(
#124758
1"
1)
#124761
1#
1(
#124764
0"
0)
#124768
0#
0(
#124770
1"
1)
#124775
1#
1(
#124776
0"
0)
#124782
1"
1)
0#
0(
#124788
0"
0)
#124789
1#
1(
#124794
1"
1)
#124796
0#
0(
#124800
0"
0)
#124803
1#
1(
#124806
1"
1)
#124810
0#
0(
#124812
0"
0)
#124817
1#
1(
#124818
1"
1)
#124824
0"
0)
0#
0(
#124830
1"
1)
#124831
1#
1(
#124836
0"
0)
#124838
0#
0(
#124842
1"
1)
#124845
1#
1(
#124848
0"
0)
#124852
0#
0(
#124854
1"
1)
#124859
1#
1(
#124860
0"
0)
#124866
1"
1)
0#
0(
#124872
0"
0)
#124873
1#
1(
#124878
1"
1)
#124880
0#
0(
#124884
0"
0)
#124887
1#
1(
#124890
1"
1)
#124894
0#
0(
#124896
0"
0)
#124901
1#
1(
#124902
1"
1)
#124908
0"
0)
0#
0(
#124914
1"
1)
#124915
1#
1(
#124920
0"
0)
#124922
0#
0(
#124924
b1010 ;
#124926
1"
1)
#124929
1#
1(
#124932
0"
0)
#124936
0#
0(
#124938
1"
1)
#124943
1#
1(
#124944
0"
0)
#124950
1"
1)
0#
0(
#124956
0"
0)
#124957
1#
1(
#124962
1"
1)
#124964
0#
0(
#124968
0"
0)
#124971
1#
1(
#124974
1"
1)
#124978
0#
0(
#124980
0"
0)
#124985
1#
1(
#124986
1"
1)
#124992
0"
0)
0#
0(
#124998
1"
1)
#124999
1#
1(
#125004
0"
0)
#125006
0#
0(
#125010
1"
1)
#125013
1#
1(
#125016
0"
0)
#125020
0#
0(
#125022
1"
1)
#125027
1#
1(
#125028
0"
0)
#125034
1"
1)
0#
0(
#125040
0"
0)
#125041
1#
1(
#125046
1"
1)
#125048
0#
0(
#125052
0"
0)
#125055
1#
1(
#125058
1"
1)
#125062
0#
0(
#125064
0"
0)
#125069
1#
1(
#125070
1"
1)
#125076
0"
0)
0#
0(
#125082
1"
1)
#125083
1#
1(
#125088
0"
0)
#125090
0#
0(
#125094
1"
1)
#125097
1#
1(
#125100
0"
0)
#125104
0#
0(
#125106
1"
1)
#125111
1#
1(
#125112
0"
0)
#125118
1"
1)
0#
0(
#125124
0"
0)
#125125
1#
1(
#125130
1"
1)
#125132
0#
0(
#125136
0"
0)
#125139
1#
1(
#125142
1"
1)
#125146
0#
0(
#125148
0"
0)
#125153
1#
1(
#125154
1"
1)
#125160
0"
0)
0#
0(
#125166
1"
1)
#125167
1#
1(
#125172
0"
0)
#125174
0#
0(
#125178
1"
1)
#125181
1#
1(
#125184
0"
0)
#125188
0#
0(
#125190
1"
1)
#125195
1#
1(
#125196
0"
0)
#125202
1"
1)
0#
0(
#125208
0"
0)
#125209
1#
1(
#125214
1"
1)
#125216
0#
0(
#125220
0"
0)
#125223
1#
1(
#125226
1"
1)
#125230
0#
0(
#125232
0"
0)
#125237
1#
1(
#125238
1"
1)
#125244
0"
0)
0#
0(
#125250
1"
1)
#125251
1#
1(
#125256
0"
0)
#125258
0#
0(
#125262
1"
1)
#125265
1#
1(
#125268
0"
0)
#125272
0#
0(
#125274
1"
1)
#125279
1#
1(
#125280
0"
0)
#125286
1"
1)
0#
0(
#125292
0"
0)
#125293
1#
1(
#125298
1"
1)
#125300
0#
0(
#125304
0"
0)
#125307
1#
1(
#125310
1"
1)
#125314
0#
0(
#125316
0"
0)
#125321
1#
1(
#125322
1"
1)
#125328
0"
0)
0#
0(
#125334
1"
1)
#125335
1#
1(
#125340
0"
0)
#125342
0#
0(
#125346
1"
1)
#125349
1#
1(
#125352
0"
0)
#125356
0#
0(
#125358
1"
1)
#125363
1#
1(
#125364
0"
0)
#125370
1"
1)
0#
0(
#125376
0"
0)
#125377
1#
1(
#125382
1"
1)
#125384
0#
0(
#125388
0"
0)
#125391
1#
1(
#125394
1"
1)
#125398
0#
0(
#125400
0"
0)
#125405
1#
1(
#125406
1"
1)
#125412
0"
0)
0#
0(
#125418
1"
1)
#125419
1#
1(
#125424
0"
0)
#125426
0#
0(
#125430
1"
1)
#125433
1#
1(
#125436
0"
0)
#125440
0#
0(
#125442
1"
1)
#125447
1#
1(
#125448
0"
0)
#125454
1"
1)
0#
0(
#125460
0"
0)
#125461
1#
1(
#125466
1"
1)
#125468
0#
0(
#125472
0"
0)
#125475
1#
1(
#125478
1"
1)
#125482
0#
0(
#125484
0"
0)
#125489
1#
1(
#125490
1"
1)
#125496
0"
0)
0#
0(
#125502
1"
1)
#125503
1#
1(
#125508
0"
0)
#125510
0#
0(
#125514
1"
1)
#125517
1#
1(
#125520
0"
0)
#125524
0#
0(
#125526
1"
1)
#125531
1#
1(
#125532
0"
0)
#125538
1"
1)
0#
0(
#125544
0"
0)
#125545
1#
1(
#125550
1"
1)
#125552
0#
0(
#125556
0"
0)
#125559
1#
1(
#125562
1"
1)
#125566
0#
0(
#125568
0"
0)
#125573
1#
1(
#125574
1"
1)
#125580
0"
0)
0#
0(
#125586
1"
1)
#125587
1#
1(
#125592
0"
0)
#125594
0#
0(
#125598
1"
1)
#125601
1#
1(
#125604
0"
0)
#125608
0#
0(
#125610
1"
1)
#125615
1#
1(
#125616
0"
0)
#125622
1"
1)
0#
0(
#125628
0"
0)
#125629
1#
1(
#125634
1"
1)
#125636
0#
0(
#125640
0"
0)
#125643
1#
1(
#125646
1"
1)
#125650
0#
0(
#125652
0"
0)
#125657
1#
1(
#125658
1"
1)
#125664
0"
0)
0#
0(
#125670
1"
1)
#125671
1#
1(
#125676
0"
0)
#125678
0#
0(
#125682
1"
1)
#125685
1#
1(
#125688
0"
0)
#125692
0#
0(
#125694
1"
1)
#125699
1#
1(
#125700
0"
0)
#125706
1"
1)
0#
0(
#125712
0"
0)
#125713
1#
1(
#125718
1"
1)
#125720
0#
0(
#125724
0"
0)
#125727
1#
1(
#125730
1"
1)
#125734
0#
0(
#125736
0"
0)
#125741
1#
1(
#125742
1"
1)
#125748
0"
0)
0#
0(
#125754
1"
1)
#125755
1#
1(
#125760
0"
0)
#125762
0#
0(
#125766
1"
1)
#125769
1#
1(
#125772
0"
0)
#125776
0#
0(
#125778
1"
1)
#125783
1#
1(
#125784
0"
0)
#125790
1"
1)
0#
0(
#125796
0"
0)
#125797
1#
1(
#125802
1"
1)
#125804
0#
0(
#125808
0"
0)
#125811
1#
1(
#125814
1"
1)
#125818
0#
0(
#125820
0"
0)
#125825
1#
1(
#125826
1"
1)
#125832
0"
0)
0#
0(
#125838
1"
1)
#125839
1#
1(
#125844
0"
0)
#125846
0#
0(
#125850
1"
1)
#125853
1#
1(
#125856
0"
0)
#125860
0#
0(
#125862
1"
1)
#125867
1#
1(
#125868
0"
0)
#125874
1"
1)
0#
0(
#125880
0"
0)
#125881
1#
1(
#125886
1"
1)
#125888
0#
0(
#125892
0"
0)
#125895
1#
1(
#125898
1"
1)
#125902
0#
0(
#125904
0"
0)
#125909
1#
1(
#125910
1"
1)
#125916
0"
0)
0#
0(
#125922
1"
1)
#125923
1#
1(
#125928
0"
0)
#125930
0#
0(
#125934
1"
1)
#125937
1#
1(
#125940
0"
0)
#125944
0#
0(
#125946
1"
1)
#125951
1#
1(
#125952
0"
0)
#125958
1"
1)
0#
0(
#125964
0"
0)
#125965
1#
1(
#125970
1"
1)
#125972
0#
0(
#125976
0"
0)
#125979
1#
1(
#125982
1"
1)
#125986
0#
0(
#125988
0"
0)
#125993
1#
1(
#125994
1"
1)
#126000
0"
0)
0#
0(
#126006
1"
1)
#126007
1#
1(
#126012
0"
0)
#126014
0#
0(
#126018
1"
1)
#126021
1#
1(
#126024
0"
0)
#126028
0#
0(
#126030
1"
1)
#126035
1#
1(
#126036
0"
0)
#126042
1"
1)
0#
0(
#126048
0"
0)
#126049
1#
1(
#126054
1"
1)
#126056
0#
0(
#126060
0"
0)
#126063
1#
1(
#126066
1"
1)
#126070
0#
0(
#126072
0"
0)
#126077
1#
1(
#126078
1"
1)
#126084
0"
0)
0#
0(
#126090
1"
1)
#126091
1#
1(
#126096
0"
0)
#126098
0#
0(
#126102
1"
1)
#126105
1#
1(
#126108
0"
0)
#126112
0#
0(
#126114
1"
1)
#126119
1#
1(
#126120
0"
0)
#126126
1"
1)
0#
0(
#126132
0"
0)
#126133
1#
1(
#126138
1"
1)
#126140
0#
0(
#126144
0"
0)
#126147
1#
1(
#126150
1"
1)
#126154
0#
0(
#126156
0"
0)
#126161
1#
1(
#126162
1"
1)
#126168
0"
0)
0#
0(
#126174
1"
1)
#126175
1#
1(
#126180
0"
0)
#126182
0#
0(
#126186
1"
1)
#126189
1#
1(
#126192
0"
0)
#126196
0#
0(
#126198
1"
1)
#126203
1#
1(
#126204
0"
0)
#126210
1"
1)
0#
0(
#126216
0"
0)
#126217
1#
1(
#126222
1"
1)
#126224
0#
0(
#126228
0"
0)
#126231
1#
1(
#126234
1"
1)
#126238
0#
0(
#126240
0"
0)
#126245
1#
1(
#126246
1"
1)
#126252
0"
0)
0#
0(
#126258
1"
1)
#126259
1#
1(
#126264
0"
0)
#126266
0#
0(
#126270
1"
1)
#126273
1#
1(
#126276
0"
0)
#126280
0#
0(
#126282
1"
1)
#126287
1#
1(
#126288
0"
0)
#126294
1"
1)
0#
0(
#126300
0"
0)
#126301
1#
1(
#126306
1"
1)
#126308
0#
0(
#126312
0"
0)
#126315
1#
1(
#126318
1"
1)
#126322
0#
0(
#126324
0"
0)
#126329
1#
1(
#126330
1"
1)
#126336
0"
0)
0#
0(
#126342
1"
1)
#126343
1#
1(
#126348
0"
0)
#126350
0#
0(
#126354
1"
1)
#126357
1#
1(
#126360
0"
0)
#126364
0#
0(
#126366
1"
1)
#126371
1#
1(
#126372
0"
0)
#126378
1"
1)
0#
0(
#126384
0"
0)
#126385
1#
1(
#126390
1"
1)
#126392
0#
0(
#126396
0"
0)
#126399
1#
1(
#126402
1"
1)
#126406
0#
0(
#126408
0"
0)
#126413
1#
1(
#126414
1"
1)
#126420
0"
0)
0#
0(
#126426
1"
1)
#126427
1#
1(
#126432
0"
0)
#126434
0#
0(
#126438
1"
1)
#126441
1#
1(
#126444
0"
0)
#126448
0#
0(
#126450
1"
1)
#126455
1#
1(
#126456
0"
0)
#126462
1"
1)
0#
0(
#126468
0"
0)
#126469
1#
1(
#126474
1"
1)
#126476
0#
0(
#126480
0"
0)
#126483
1#
1(
#126486
1"
1)
#126490
0#
0(
#126492
0"
0)
#126497
1#
1(
#126498
1"
1)
#126504
0"
0)
0#
0(
#126510
1"
1)
#126511
1#
1(
#126516
0"
0)
#126518
0#
0(
#126522
1"
1)
#126525
1#
1(
#126528
0"
0)
#126532
0#
0(
#126534
1"
1)
#126539
1#
1(
#126540
0"
0)
#126546
1"
1)
0#
0(
#126552
0"
0)
#126553
1#
1(
#126558
1"
1)
#126560
0#
0(
#126564
0"
0)
#126567
1#
1(
#126570
1"
1)
#126574
0#
0(
#126576
0"
0)
#126581
1#
1(
#126582
1"
1)
#126588
0"
0)
0#
0(
#126594
1"
1)
#126595
1#
1(
#126600
0"
0)
#126602
0#
0(
#126606
1"
1)
#126609
1#
1(
#126612
0"
0)
#126616
0#
0(
#126618
1"
1)
#126623
1#
1(
#126624
0"
0)
#126630
1"
1)
0#
0(
#126636
0"
0)
#126637
1#
1(
#126642
1"
1)
#126644
0#
0(
#126648
0"
0)
#126651
1#
1(
#126654
1"
1)
#126658
0#
0(
#126660
0"
0)
#126665
1#
1(
#126666
1"
1)
#126672
0"
0)
0#
0(
#126678
1"
1)
#126679
1#
1(
#126684
0"
0)
#126686
0#
0(
#126690
1"
1)
#126693
1#
1(
#126696
0"
0)
#126700
0#
0(
#126702
1"
1)
#126707
1#
1(
#126708
0"
0)
#126714
1"
1)
0#
0(
#126720
0"
0)
#126721
1#
1(
#126726
1"
1)
#126728
0#
0(
#126732
0"
0)
#126735
1#
1(
#126738
1"
1)
#126742
0#
0(
#126744
0"
0)
#126749
1#
1(
#126750
1"
1)
#126756
0"
0)
0#
0(
#126762
1"
1)
#126763
1#
1(
#126768
0"
0)
#126770
0#
0(
#126774
1"
1)
#126777
1#
1(
#126780
0"
0)
#126784
0#
0(
#126786
1"
1)
#126791
1#
1(
#126792
0"
0)
#126798
1"
1)
0#
0(
#126804
0"
0)
#126805
1#
1(
#126810
1"
1)
#126812
0#
0(
#126816
0"
0)
#126819
1#
1(
#126822
1"
1)
#126826
0#
0(
#126828
0"
0)
#126833
1#
1(
#126834
1"
1)
#126840
0"
0)
0#
0(
#126846
1"
1)
#126847
1#
1(
#126852
0"
0)
#126854
0#
0(
#126858
1"
1)
#126861
1#
1(
#126864
0"
0)
#126868
0#
0(
#126870
1"
1)
#126875
1#
1(
#126876
0"
0)
#126882
1"
1)
0#
0(
#126888
0"
0)
#126889
1#
1(
#126894
1"
1)
#126896
0#
0(
#126900
0"
0)
#126903
1#
1(
#126906
1"
1)
#126910
0#
0(
#126912
0"
0)
#126917
1#
1(
#126918
1"
1)
#126924
0"
0)
0#
0(
#126930
1"
1)
#126931
1#
1(
#126936
0"
0)
#126938
0#
0(
#126942
1"
1)
#126945
1#
1(
#126948
0"
0)
#126952
0#
0(
#126954
1"
1)
#126959
1#
1(
#126960
0"
0)
#126966
1"
1)
0#
0(
#126972
0"
0)
#126973
1#
1(
#126978
1"
1)
#126980
0#
0(
#126984
0"
0)
#126987
1#
1(
#126990
1"
1)
#126994
0#
0(
#126996
0"
0)
#127001
1#
1(
#127002
1"
1)
#127008
0"
0)
0#
0(
#127014
1"
1)
#127015
1#
1(
#127020
0"
0)
#127022
0#
0(
#127026
1"
1)
#127029
1#
1(
#127032
0"
0)
#127036
0#
0(
#127038
1"
1)
#127043
1#
1(
#127044
0"
0)
#127050
1"
1)
0#
0(
#127056
0"
0)
#127057
1#
1(
#127062
1"
1)
#127064
0#
0(
#127068
0"
0)
#127071
1#
1(
#127074
1"
1)
#127078
0#
0(
#127080
0"
0)
#127085
1#
1(
#127086
1"
1)
#127092
0"
0)
0#
0(
#127098
1"
1)
#127099
1#
1(
#127104
0"
0)
#127106
0#
0(
#127110
1"
1)
#127113
1#
1(
#127116
0"
0)
#127120
0#
0(
#127122
1"
1)
#127127
1#
1(
#127128
0"
0)
#127134
1"
1)
0#
0(
#127140
0"
0)
#127141
1#
1(
#127146
1"
1)
#127148
0#
0(
#127152
0"
0)
#127155
1#
1(
#127158
1"
1)
#127162
0#
0(
#127164
0"
0)
#127169
1#
1(
#127170
1"
1)
#127176
0"
0)
0#
0(
#127182
1"
1)
#127183
1#
1(
#127188
0"
0)
#127190
0#
0(
#127194
1"
1)
#127196
0&
b0 ;
b111101001 9
b11100 :
#127197
b1 2
1#
1(
#127200
0"
0)
#127204
0#
0(
#127206
1"
1)
#127211
b1110 0
1#
1(
#127212
0"
0)
#127218
1"
1)
0#
0(
#127224
0"
0)
#127225
b1101 0
1#
1(
#127230
1"
1)
#127232
0#
0(
#127236
0"
0)
#127239
b1100 0
1#
1(
#127242
1"
1)
#127246
0#
0(
#127248
0"
0)
#127253
b1011 0
1#
1(
#127254
1"
1)
#127260
0"
0)
0#
0(
#127266
1"
1)
#127267
b1010 0
1#
1(
#127272
0"
0)
#127274
0#
0(
#127278
1"
1)
#127281
b1001 0
1#
1(
#127284
0"
0)
#127288
0#
0(
#127290
1"
1)
#127295
b1000 0
1#
1(
#127296
0"
0)
#127302
1"
1)
0#
0(
#127308
0"
0)
#127309
b111 0
1#
1(
#127314
1"
1)
#127316
0#
0(
#127320
0"
0)
#127323
b110 0
1#
1(
#127326
1"
1)
#127330
0#
0(
#127332
0"
0)
#127337
b101 0
1#
1(
#127338
1"
1)
#127344
0"
0)
0#
0(
#127350
1"
1)
#127351
b100 0
1#
1(
#127356
0"
0)
#127358
0#
0(
#127362
1"
1)
#127365
b11 0
1#
1(
#127368
0"
0)
#127372
0#
0(
#127374
1"
1)
#127379
b10 0
1#
1(
#127380
0"
0)
#127386
1"
1)
0#
0(
#127392
0"
0)
#127393
b1 0
1#
1(
#127398
1"
1)
#127400
0#
0(
#127404
0"
0)
#127407
b0 0
1#
1(
#127410
1"
1)
#127414
0#
0(
#127416
0"
0)
#127421
b10 2
b1111 0
1#
1(
#127422
1"
1)
#127423
b11110100 9
1&
b1 ;
#127428
0"
0)
0#
0(
#127434
1"
1)
#127435
b1 2
b110 /
b1101100 ,
b1101100 -
b1101100 3
b1101100 .
1#
1(
#127440
0"
0)
#127442
0#
0(
#127446
b1101100 4
1"
1)
#127449
b1101101 ,
b1101101 -
b1101101 3
b1101101 .
b1110 0
1#
1(
#127452
0"
0)
#127456
0#
0(
#127458
b1101101 4
1"
1)
#127463
b1101 0
1#
1(
#127464
0"
0)
#127470
1"
1)
0#
0(
#127476
0"
0)
#127477
b1100 0
1#
1(
#127482
1"
1)
#127484
0#
0(
#127488
0"
0)
#127491
b1011 0
1#
1(
#127494
1"
1)
#127498
0#
0(
#127500
0"
0)
#127505
b1010 0
1#
1(
#127506
1"
1)
#127512
0"
0)
0#
0(
#127518
1"
1)
#127519
b1001 0
1#
1(
#127524
0"
0)
#127526
0#
0(
#127530
1"
1)
#127533
b1000 0
1#
1(
#127536
0"
0)
#127540
0#
0(
#127542
1"
1)
#127547
b111 0
1#
1(
#127548
0"
0)
#127554
1"
1)
0#
0(
#127560
0"
0)
#127561
b110 0
1#
1(
#127566
1"
1)
#127568
0#
0(
#127572
0"
0)
#127575
b101 0
1#
1(
#127578
1"
1)
#127582
0#
0(
#127584
0"
0)
#127589
b100 0
1#
1(
#127590
1"
1)
#127596
0"
0)
0#
0(
#127602
1"
1)
#127603
b11 0
1#
1(
#127608
0"
0)
#127610
0#
0(
#127614
1"
1)
#127617
b10 0
1#
1(
#127620
0"
0)
#127624
0#
0(
#127626
1"
1)
#127631
b1 0
1#
1(
#127632
0"
0)
#127638
1"
1)
0#
0(
#127644
0"
0)
#127645
b0 0
1#
1(
#127650
1"
1)
b1111010 9
0&
b10 ;
#127652
0#
0(
#127656
0"
0)
#127659
b10 2
b1101100 ,
b1101100 -
b1101100 3
b1101100 .
b1111 0
1#
1(
#127662
b1101100 4
1"
1)
#127666
0#
0(
#127668
0"
0)
#127673
b1 2
b101 /
b11011000 ,
b11011000 -
b11011000 3
b11011000 .
1#
1(
#127674
b11011000 4
1"
1)
#127680
0"
0)
0#
0(
#127686
1"
1)
#127687
b1110 0
1#
1(
#127692
0"
0)
#127694
0#
0(
#127698
1"
1)
#127701
b1101 0
1#
1(
#127704
0"
0)
#127708
0#
0(
#127710
1"
1)
#127715
b1100 0
1#
1(
#127716
0"
0)
#127722
1"
1)
0#
0(
#127728
0"
0)
#127729
b1011 0
1#
1(
#127734
1"
1)
#127736
0#
0(
#127740
0"
0)
#127743
b1010 0
1#
1(
#127746
1"
1)
#127750
0#
0(
#127752
0"
0)
#127757
b1001 0
1#
1(
#127758
1"
1)
#127764
0"
0)
0#
0(
#127770
1"
1)
#127771
b1000 0
1#
1(
#127776
0"
0)
#127778
0#
0(
#127782
1"
1)
#127785
b111 0
1#
1(
#127788
0"
0)
#127792
0#
0(
#127794
1"
1)
#127799
b110 0
1#
1(
#127800
0"
0)
#127806
1"
1)
0#
0(
#127812
0"
0)
#127813
b101 0
1#
1(
#127818
1"
1)
#127820
0#
0(
#127824
0"
0)
#127827
b100 0
1#
1(
#127830
1"
1)
#127834
0#
0(
#127836
0"
0)
#127841
b11 0
1#
1(
#127842
1"
1)
#127848
0"
0)
0#
0(
#127854
1"
1)
#127855
b10 0
1#
1(
#127860
0"
0)
#127862
0#
0(
#127866
1"
1)
#127869
b1 0
1#
1(
#127872
0"
0)
#127876
0#
0(
#127877
b111101 9
b11 ;
#127878
1"
1)
#127883
b0 0
1#
1(
#127884
0"
0)
#127890
1"
1)
0#
0(
#127896
0"
0)
#127897
b10 2
b1111 0
1#
1(
#127902
1"
1)
#127904
0#
0(
#127908
0"
0)
#127911
b1 2
b100 /
b10110000 ,
b10110000 -
b10110000 3
b10110000 .
1#
1(
#127914
b10110000 4
1"
1)
#127918
0#
0(
#127920
0"
0)
#127925
b1110 0
1#
1(
#127926
1"
1)
#127932
0"
0)
0#
0(
#127938
1"
1)
#127939
b1101 0
1#
1(
#127944
0"
0)
#127946
0#
0(
#127950
1"
1)
#127953
b1100 0
1#
1(
#127956
0"
0)
#127960
0#
0(
#127962
1"
1)
#127967
b1011 0
1#
1(
#127968
0"
0)
#127974
1"
1)
0#
0(
#127980
0"
0)
#127981
b1010 0
1#
1(
#127986
1"
1)
#127988
0#
0(
#127992
0"
0)
#127995
b1001 0
1#
1(
#127998
1"
1)
#128002
0#
0(
#128004
0"
0)
#128009
b1000 0
1#
1(
#128010
1"
1)
#128016
0"
0)
0#
0(
#128022
1"
1)
#128023
b111 0
1#
1(
#128028
0"
0)
#128030
0#
0(
#128034
1"
1)
#128037
b110 0
1#
1(
#128040
0"
0)
#128044
0#
0(
#128046
1"
1)
#128051
b101 0
1#
1(
#128052
0"
0)
#128058
1"
1)
0#
0(
#128064
0"
0)
#128065
b100 0
1#
1(
#128070
1"
1)
#128072
0#
0(
#128076
0"
0)
#128079
b11 0
1#
1(
#128082
1"
1)
#128086
0#
0(
#128088
0"
0)
#128093
b10 0
1#
1(
#128094
1"
1)
#128100
0"
0)
0#
0(
#128104
b11110 9
1&
b100 ;
#128106
1"
1)
#128107
b10110001 ,
b10110001 -
b10110001 3
b10110001 .
b1 0
1#
1(
#128112
0"
0)
#128114
0#
0(
#128118
b10110001 4
1"
1)
#128121
b0 0
1#
1(
#128124
0"
0)
#128128
0#
0(
#128130
1"
1)
#128135
b10 2
b1111 0
1#
1(
#128136
0"
0)
#128142
1"
1)
0#
0(
#128148
0"
0)
#128149
b1 2
b11 /
b1100010 ,
b1100010 -
b1100010 3
b1100010 .
1#
1(
#128154
b1100010 4
1"
1)
#128156
0#
0(
#128160
0"
0)
#128163
b1100011 ,
b1100011 -
b1100011 3
b1100011 .
b1110 0
1#
1(
#128166
b1100011 4
1"
1)
#128170
0#
0(
#128172
0"
0)
#128177
b1101 0
1#
1(
#128178
1"
1)
#128184
0"
0)
0#
0(
#128190
1"
1)
#128191
b1100 0
1#
1(
#128196
0"
0)
#128198
0#
0(
#128202
1"
1)
#128205
b1011 0
1#
1(
#128208
0"
0)
#128212
0#
0(
#128214
1"
1)
#128219
b1010 0
1#
1(
#128220
0"
0)
#128226
1"
1)
0#
0(
#128232
0"
0)
#128233
b1001 0
1#
1(
#128238
1"
1)
#128240
0#
0(
#128244
0"
0)
#128247
b1000 0
1#
1(
#128250
1"
1)
#128254
0#
0(
#128256
0"
0)
#128261
b111 0
1#
1(
#128262
1"
1)
#128268
0"
0)
0#
0(
#128274
1"
1)
#128275
b110 0
1#
1(
#128280
0"
0)
#128282
0#
0(
#128286
1"
1)
#128289
b101 0
1#
1(
#128292
0"
0)
#128296
0#
0(
#128298
1"
1)
#128303
b100 0
1#
1(
#128304
0"
0)
#128310
1"
1)
0#
0(
#128316
0"
0)
#128317
b11 0
1#
1(
#128322
1"
1)
#128324
0#
0(
#128328
0"
0)
#128331
b1100010 ,
b1100010 -
b1100010 3
b1100010 .
b10 0
1#
1(
b1111 9
0&
b101 ;
#128334
b1100010 4
1"
1)
#128338
0#
0(
#128340
0"
0)
#128345
b1 0
1#
1(
#128346
1"
1)
#128352
0"
0)
0#
0(
#128358
1"
1)
#128359
b0 0
1#
1(
#128364
0"
0)
#128366
0#
0(
#128370
1"
1)
#128373
b10 2
b1111 0
1#
1(
#128376
0"
0)
#128380
0#
0(
#128382
1"
1)
#128387
b1 2
b10 /
b11000100 ,
b11000100 -
b11000100 3
b11000100 .
1#
1(
#128388
0"
0)
#128394
b11000100 4
1"
1)
0#
0(
#128400
0"
0)
#128401
b1110 0
1#
1(
#128406
1"
1)
#128408
0#
0(
#128412
0"
0)
#128415
b1101 0
1#
1(
#128418
1"
1)
#128422
0#
0(
#128424
0"
0)
#128429
b1100 0
1#
1(
#128430
1"
1)
#128436
0"
0)
0#
0(
#128442
1"
1)
#128443
b1011 0
1#
1(
#128448
0"
0)
#128450
0#
0(
#128454
1"
1)
#128457
b1010 0
1#
1(
#128460
0"
0)
#128464
0#
0(
#128466
1"
1)
#128471
b1001 0
1#
1(
#128472
0"
0)
#128478
1"
1)
0#
0(
#128484
0"
0)
#128485
b1000 0
1#
1(
#128490
1"
1)
#128492
0#
0(
#128496
0"
0)
#128499
b111 0
1#
1(
#128502
1"
1)
#128506
0#
0(
#128508
0"
0)
#128513
b110 0
1#
1(
#128514
1"
1)
#128520
0"
0)
0#
0(
#128526
1"
1)
#128527
b101 0
1#
1(
#128532
0"
0)
#128534
0#
0(
#128538
1"
1)
#128541
b100 0
1#
1(
#128544
0"
0)
#128548
0#
0(
#128550
1"
1)
#128555
b11 0
1#
1(
#128556
0"
0)
#128558
b111 9
1&
b110 ;
#128562
1"
1)
0#
0(
#128568
0"
0)
#128569
b11000101 ,
b11000101 -
b11000101 3
b11000101 .
b10 0
1#
1(
#128574
b11000101 4
1"
1)
#128576
0#
0(
#128580
0"
0)
#128583
b1 0
1#
1(
#128586
1"
1)
#128590
0#
0(
#128592
0"
0)
#128597
b0 0
1#
1(
#128598
1"
1)
#128604
0"
0)
0#
0(
#128610
1"
1)
#128611
b10 2
b1111 0
1#
1(
#128616
0"
0)
#128618
0#
0(
#128622
1"
1)
#128625
b1 2
b1 /
b10001010 ,
b10001010 -
b10001010 3
b10001010 .
1#
1(
#128628
0"
0)
#128632
0#
0(
#128634
b10001010 4
1"
1)
#128639
b10001011 ,
b10001011 -
b10001011 3
b10001011 .
b1110 0
1#
1(
#128640
0"
0)
#128646
b10001011 4
1"
1)
0#
0(
#128652
0"
0)
#128653
b1101 0
1#
1(
#128658
1"
1)
#128660
0#
0(
#128664
0"
0)
#128667
b1100 0
1#
1(
#128670
1"
1)
#128674
0#
0(
#128676
0"
0)
#128681
b1011 0
1#
1(
#128682
1"
1)
#128688
0"
0)
0#
0(
#128694
1"
1)
#128695
b1010 0
1#
1(
#128700
0"
0)
#128702
0#
0(
#128706
1"
1)
#128709
b1001 0
1#
1(
#128712
0"
0)
#128716
0#
0(
#128718
1"
1)
#128723
b1000 0
1#
1(
#128724
0"
0)
#128730
1"
1)
0#
0(
#128736
0"
0)
#128737
b111 0
1#
1(
#128742
1"
1)
#128744
0#
0(
#128748
0"
0)
#128751
b110 0
1#
1(
#128754
1"
1)
#128758
0#
0(
#128760
0"
0)
#128765
b101 0
1#
1(
#128766
1"
1)
#128772
0"
0)
0#
0(
#128778
1"
1)
#128779
b100 0
1#
1(
#128784
0"
0)
#128785
b11 9
b111 ;
#128786
0#
0(
#128790
1"
1)
#128793
b11 0
1#
1(
#128796
0"
0)
#128800
0#
0(
#128802
1"
1)
#128807
b10 0
1#
1(
#128808
0"
0)
#128814
1"
1)
0#
0(
#128820
0"
0)
#128821
b1 0
1#
1(
#128826
1"
1)
#128828
0#
0(
#128832
0"
0)
#128835
b0 0
1#
1(
#128838
1"
1)
#128842
0#
0(
#128844
0"
0)
#128849
b10 2
b1111 0
1#
1(
#128850
1"
1)
#128856
0"
0)
0#
0(
#128862
1"
1)
#128863
b1 2
b0 /
b10110 ,
b10110 -
b10110 3
b10110 .
1#
1(
#128868
0"
0)
#128870
0#
0(
#128874
b10110 4
1"
1)
#128877
b10111 ,
b10111 -
b10111 3
b10111 .
b1110 0
1#
1(
#128880
0"
0)
#128884
0#
0(
#128886
b10111 4
1"
1)
#128891
b1101 0
1#
1(
#128892
0"
0)
#128898
1"
1)
0#
0(
#128904
0"
0)
#128905
b1100 0
1#
1(
#128910
1"
1)
#128912
0#
0(
#128916
0"
0)
#128919
b1011 0
1#
1(
#128922
1"
1)
#128926
0#
0(
#128928
0"
0)
#128933
b1010 0
1#
1(
#128934
1"
1)
#128940
0"
0)
0#
0(
#128946
1"
1)
#128947
b1001 0
1#
1(
#128952
0"
0)
#128954
0#
0(
#128958
1"
1)
#128961
b1000 0
1#
1(
#128964
0"
0)
#128968
0#
0(
#128970
1"
1)
#128975
b111 0
1#
1(
#128976
0"
0)
#128982
1"
1)
0#
0(
#128988
0"
0)
#128989
b110 0
1#
1(
#128994
1"
1)
#128996
0#
0(
#129000
0"
0)
#129003
b101 0
1#
1(
#129006
1"
1)
#129010
0#
0(
#129012
0"
0)
b1 9
b1000 ;
#129017
b100 0
1#
1(
#129018
1"
1)
#129024
0"
0)
0#
0(
#129030
1"
1)
#129031
b11 0
1#
1(
#129036
0"
0)
#129038
0#
0(
#129042
1"
1)
#129045
b10 0
1#
1(
#129048
0"
0)
#129052
0#
0(
#129054
1"
1)
#129059
b1 0
1#
1(
#129060
0"
0)
#129066
1"
1)
0#
0(
#129072
0"
0)
#129073
b0 0
1#
1(
#129078
1"
1)
#129080
0#
0(
#129084
0"
0)
#129087
b10 2
b1111 0
1#
1(
#129090
1"
1)
#129094
0#
0(
#129096
0"
0)
#129101
b11 2
b111 /
b101110 ,
b101110 -
b101110 3
b101110 .
1#
1(
#129102
b101110 4
1"
1)
#129108
0"
0)
0#
0(
#129114
1"
1)
#129115
b100 2
1#
1(
#129120
0"
0)
#129122
0#
0(
#129126
1"
1)
#129129
0+
01
1#
1(
#129132
0"
0)
#129136
0#
0(
#129138
b1 7
1"
1)
#129143
1#
1(
#129144
0"
0)
#129150
b10 7
0!
08
0*
06
1"
1)
0#
0(
#129156
0"
0)
#129157
b0 2
1#
1(
#129162
b110 5
b1011100 4
1"
1)
#129164
0#
0(
#129168
0"
0)
#129171
1+
11
1#
1(
#129174
b101 5
b10111000 4
1"
1)
#129178
0#
0(
#129180
0"
0)
#129185
1#
1(
#129186
b100 5
b1110000 4
1!
18
1"
1)
#129192
0"
0)
0#
0(
#129198
b11 5
b11100000 4
0!
08
1"
1)
#129199
1#
1(
#129204
0"
0)
#129206
0#
0(
#129210
b10 5
b11000000 4
1!
18
1"
1)
#129213
1#
1(
#129216
0"
0)
#129220
0#
0(
#129222
b1 5
b10000000 4
1"
1)
#129227
1#
1(
#129228
0"
0)
#129234
b0 5
b0 4
1"
1)
0#
0(
#129239
b0 9
b1001 ;
#129240
0"
0)
#129241
1#
1(
#129246
b0 7
b111 5
0!
08
1"
1)
#129248
0#
0(
#129252
0"
0)
#129255
1#
1(
#129258
1!
18
b101110 4
1*
16
1"
1)
#129262
0#
0(
#129264
0"
0)
#129269
1#
1(
#129270
1"
1)
#129276
0"
0)
0#
0(
#129282
1"
1)
#129283
1#
1(
#129288
0"
0)
#129290
0#
0(
#129294
1"
1)
#129297
1#
1(
#129300
0"
0)
#129304
0#
0(
#129306
1"
1)
#129311
1#
1(
#129312
0"
0)
#129318
1"
1)
0#
0(
#129324
0"
0)
#129325
1#
1(
#129330
1"
1)
#129332
0#
0(
#129336
0"
0)
#129339
1#
1(
#129342
1"
1)
#129346
0#
0(
#129348
0"
0)
#129353
1#
1(
#129354
1"
1)
#129360
0"
0)
0#
0(
#129366
1"
1)
#129367
1#
1(
#129372
0"
0)
#129374
0#
0(
#129378
1"
1)
#129381
1#
1(
#129384
0"
0)
#129388
0#
0(
#129390
1"
1)
#129395
1#
1(
#129396
0"
0)
#129402
1"
1)
0#
0(
#129408
0"
0)
#129409
1#
1(
#129414
1"
1)
#129416
0#
0(
#129420
0"
0)
#129423
1#
1(
#129426
1"
1)
#129430
0#
0(
#129432
0"
0)
#129437
1#
1(
#129438
1"
1)
#129444
0"
0)
0#
0(
#129450
1"
1)
#129451
1#
1(
#129456
0"
0)
#129458
0#
0(
#129462
1"
1)
#129465
1#
1(
#129466
b1010 ;
#129468
0"
0)
#129472
0#
0(
#129474
1"
1)
#129479
1#
1(
#129480
0"
0)
#129486
1"
1)
0#
0(
#129492
0"
0)
#129493
1#
1(
#129498
1"
1)
#129500
0#
0(
#129504
0"
0)
#129507
1#
1(
#129510
1"
1)
#129514
0#
0(
#129516
0"
0)
#129521
1#
1(
#129522
1"
1)
#129528
0"
0)
0#
0(
#129534
1"
1)
#129535
1#
1(
#129540
0"
0)
#129542
0#
0(
#129546
1"
1)
#129549
1#
1(
#129552
0"
0)
#129556
0#
0(
#129558
1"
1)
#129563
1#
1(
#129564
0"
0)
#129570
1"
1)
0#
0(
#129576
0"
0)
#129577
1#
1(
#129582
1"
1)
#129584
0#
0(
#129588
0"
0)
#129591
1#
1(
#129594
1"
1)
#129598
0#
0(
#129600
0"
0)
#129605
1#
1(
#129606
1"
1)
#129612
0"
0)
0#
0(
#129618
1"
1)
#129619
1#
1(
#129624
0"
0)
#129626
0#
0(
#129630
1"
1)
#129633
1#
1(
#129636
0"
0)
#129640
0#
0(
#129642
1"
1)
#129647
1#
1(
#129648
0"
0)
#129654
1"
1)
0#
0(
#129660
0"
0)
#129661
1#
1(
#129666
1"
1)
#129668
0#
0(
#129672
0"
0)
#129675
1#
1(
#129678
1"
1)
#129682
0#
0(
#129684
0"
0)
#129689
1#
1(
#129690
1"
1)
#129696
0"
0)
0#
0(
#129702
1"
1)
#129703
1#
1(
#129708
0"
0)
#129710
0#
0(
#129714
1"
1)
#129717
1#
1(
#129720
0"
0)
#129724
0#
0(
#129726
1"
1)
#129731
1#
1(
#129732
0"
0)
#129738
1"
1)
0#
0(
#129744
0"
0)
#129745
1#
1(
#129750
1"
1)
#129752
0#
0(
#129756
0"
0)
#129759
1#
1(
#129762
1"
1)
#129766
0#
0(
#129768
0"
0)
#129773
1#
1(
#129774
1"
1)
#129780
0"
0)
0#
0(
#129786
1"
1)
#129787
1#
1(
#129792
0"
0)
#129794
0#
0(
#129798
1"
1)
#129801
1#
1(
#129804
0"
0)
#129808
0#
0(
#129810
1"
1)
#129815
1#
1(
#129816
0"
0)
#129822
1"
1)
0#
0(
#129828
0"
0)
#129829
1#
1(
#129834
1"
1)
#129836
0#
0(
#129840
0"
0)
#129843
1#
1(
#129846
1"
1)
#129850
0#
0(
#129852
0"
0)
#129857
1#
1(
#129858
1"
1)
#129864
0"
0)
0#
0(
#129870
1"
1)
#129871
1#
1(
#129876
0"
0)
#129878
0#
0(
#129882
1"
1)
#129885
1#
1(
#129888
0"
0)
#129892
0#
0(
#129894
1"
1)
#129899
1#
1(
#129900
0"
0)
#129906
1"
1)
0#
0(
#129912
0"
0)
#129913
1#
1(
#129918
1"
1)
#129920
0#
0(
#129924
0"
0)
#129927
1#
1(
#129930
1"
1)
#129934
0#
0(
#129936
0"
0)
#129941
1#
1(
#129942
1"
1)
#129948
0"
0)
0#
0(
#129954
1"
1)
#129955
1#
1(
#129960
0"
0)
#129962
0#
0(
#129966
1"
1)
#129969
1#
1(
#129972
0"
0)
#129976
0#
0(
#129978
1"
1)
#129983
1#
1(
#129984
0"
0)
#129990
1"
1)
0#
0(
#129996
0"
0)
#129997
1#
1(
#130002
1"
1)
#130004
0#
0(
#130008
0"
0)
#130011
1#
1(
#130014
1"
1)
#130018
0#
0(
#130020
0"
0)
#130025
1#
1(
#130026
1"
1)
#130032
0"
0)
0#
0(
#130038
1"
1)
#130039
1#
1(
#130044
0"
0)
#130046
0#
0(
#130050
1"
1)
#130053
1#
1(
#130056
0"
0)
#130060
0#
0(
#130062
1"
1)
#130067
1#
1(
#130068
0"
0)
#130074
1"
1)
0#
0(
#130080
0"
0)
#130081
1#
1(
#130086
1"
1)
#130088
0#
0(
#130092
0"
0)
#130095
1#
1(
#130098
1"
1)
#130102
0#
0(
#130104
0"
0)
#130109
1#
1(
#130110
1"
1)
#130116
0"
0)
0#
0(
#130122
1"
1)
#130123
1#
1(
#130128
0"
0)
#130130
0#
0(
#130134
1"
1)
#130137
1#
1(
#130140
0"
0)
#130144
0#
0(
#130146
1"
1)
#130151
1#
1(
#130152
0"
0)
#130158
1"
1)
0#
0(
#130164
0"
0)
#130165
1#
1(
#130170
1"
1)
#130172
0#
0(
#130176
0"
0)
#130179
1#
1(
#130182
1"
1)
#130186
0#
0(
#130188
0"
0)
#130193
1#
1(
#130194
1"
1)
#130200
0"
0)
0#
0(
#130206
1"
1)
#130207
1#
1(
#130212
0"
0)
#130214
0#
0(
#130218
1"
1)
#130221
1#
1(
#130224
0"
0)
#130228
0#
0(
#130230
1"
1)
#130235
1#
1(
#130236
0"
0)
#130242
1"
1)
0#
0(
#130248
0"
0)
#130249
1#
1(
#130254
1"
1)
#130256
0#
0(
#130260
0"
0)
#130263
1#
1(
#130266
1"
1)
#130270
0#
0(
#130272
0"
0)
#130277
1#
1(
#130278
1"
1)
#130284
0"
0)
0#
0(
#130290
1"
1)
#130291
1#
1(
#130296
0"
0)
#130298
0#
0(
#130302
1"
1)
#130305
1#
1(
#130308
0"
0)
#130312
0#
0(
#130314
1"
1)
#130319
1#
1(
#130320
0"
0)
#130326
1"
1)
0#
0(
#130332
0"
0)
#130333
1#
1(
#130338
1"
1)
#130340
0#
0(
#130344
0"
0)
#130347
1#
1(
#130350
1"
1)
#130354
0#
0(
#130356
0"
0)
#130361
1#
1(
#130362
1"
1)
#130368
0"
0)
0#
0(
#130374
1"
1)
#130375
1#
1(
#130380
0"
0)
#130382
0#
0(
#130386
1"
1)
#130389
1#
1(
#130392
0"
0)
#130396
0#
0(
#130398
1"
1)
#130403
1#
1(
#130404
0"
0)
#130410
1"
1)
0#
0(
#130416
0"
0)
#130417
1#
1(
#130422
1"
1)
#130424
0#
0(
#130428
0"
0)
#130431
1#
1(
#130434
1"
1)
#130438
0#
0(
#130440
0"
0)
#130445
1#
1(
#130446
1"
1)
#130452
0"
0)
0#
0(
#130458
1"
1)
#130459
1#
1(
#130464
0"
0)
#130466
0#
0(
#130470
1"
1)
#130473
1#
1(
#130476
0"
0)
#130480
0#
0(
#130482
1"
1)
#130487
1#
1(
#130488
0"
0)
#130494
1"
1)
0#
0(
#130500
0"
0)
#130501
1#
1(
#130506
1"
1)
#130508
0#
0(
#130512
0"
0)
#130515
1#
1(
#130518
1"
1)
#130522
0#
0(
#130524
0"
0)
#130529
1#
1(
#130530
1"
1)
#130536
0"
0)
0#
0(
#130542
1"
1)
#130543
1#
1(
#130548
0"
0)
#130550
0#
0(
#130554
1"
1)
#130557
1#
1(
#130560
0"
0)
#130564
0#
0(
#130566
1"
1)
#130571
1#
1(
#130572
0"
0)
#130578
1"
1)
0#
0(
#130584
0"
0)
#130585
1#
1(
#130590
1"
1)
#130592
0#
0(
#130596
0"
0)
#130599
1#
1(
#130602
1"
1)
#130606
0#
0(
#130608
0"
0)
#130613
1#
1(
#130614
1"
1)
#130620
0"
0)
0#
0(
#130626
1"
1)
#130627
1#
1(
#130632
0"
0)
#130634
0#
0(
#130638
1"
1)
#130641
1#
1(
#130644
0"
0)
#130648
0#
0(
#130650
1"
1)
#130655
1#
1(
#130656
0"
0)
#130662
1"
1)
0#
0(
#130668
0"
0)
#130669
1#
1(
#130674
1"
1)
#130676
0#
0(
#130680
0"
0)
#130683
1#
1(
#130686
1"
1)
#130690
0#
0(
#130692
0"
0)
#130697
1#
1(
#130698
1"
1)
#130704
0"
0)
0#
0(
#130710
1"
1)
#130711
1#
1(
#130716
0"
0)
#130718
0#
0(
#130722
1"
1)
#130725
1#
1(
#130728
0"
0)
#130732
0#
0(
#130734
1"
1)
#130739
1#
1(
#130740
0"
0)
#130746
1"
1)
0#
0(
#130752
0"
0)
#130753
1#
1(
#130758
1"
1)
#130760
0#
0(
#130764
0"
0)
#130767
1#
1(
#130770
1"
1)
#130774
0#
0(
#130776
0"
0)
#130781
1#
1(
#130782
1"
1)
#130788
0"
0)
0#
0(
#130794
1"
1)
#130795
1#
1(
#130800
0"
0)
#130802
0#
0(
#130806
1"
1)
#130809
1#
1(
#130812
0"
0)
#130816
0#
0(
#130818
1"
1)
#130823
1#
1(
#130824
0"
0)
#130830
1"
1)
0#
0(
#130836
0"
0)
#130837
1#
1(
#130842
1"
1)
#130844
0#
0(
#130848
0"
0)
#130851
1#
1(
#130854
1"
1)
#130858
0#
0(
#130860
0"
0)
#130865
1#
1(
#130866
1"
1)
#130872
0"
0)
0#
0(
#130878
1"
1)
#130879
1#
1(
#130884
0"
0)
#130886
0#
0(
#130890
1"
1)
#130893
1#
1(
#130896
0"
0)
#130900
0#
0(
#130902
1"
1)
#130907
1#
1(
#130908
0"
0)
#130914
1"
1)
0#
0(
#130920
0"
0)
#130921
1#
1(
#130926
1"
1)
#130928
0#
0(
#130932
0"
0)
#130935
1#
1(
#130938
1"
1)
#130942
0#
0(
#130944
0"
0)
#130949
1#
1(
#130950
1"
1)
#130956
0"
0)
0#
0(
#130962
1"
1)
#130963
1#
1(
#130968
0"
0)
#130970
0#
0(
#130974
1"
1)
#130977
1#
1(
#130980
0"
0)
#130984
0#
0(
#130986
1"
1)
#130991
1#
1(
#130992
0"
0)
#130998
1"
1)
0#
0(
#131004
0"
0)
#131005
1#
1(
#131010
1"
1)
#131012
0#
0(
#131016
0"
0)
#131019
1#
1(
#131022
1"
1)
#131026
0#
0(
#131028
0"
0)
#131033
1#
1(
#131034
1"
1)
#131040
0"
0)
0#
0(
#131046
1"
1)
#131047
1#
1(
#131052
0"
0)
#131054
0#
0(
#131058
1"
1)
#131061
1#
1(
#131064
0"
0)
#131068
0#
0(
#131070
1"
1)
#131075
1#
1(
#131076
0"
0)
#131082
1"
1)
0#
0(
#131088
0"
0)
#131089
1#
1(
#131094
1"
1)
#131096
0#
0(
#131100
0"
0)
#131103
1#
1(
#131106
1"
1)
#131110
0#
0(
#131112
0"
0)
#131117
1#
1(
#131118
1"
1)
#131124
0"
0)
0#
0(
#131130
1"
1)
#131131
1#
1(
#131136
0"
0)
#131138
0#
0(
#131142
1"
1)
#131145
1#
1(
#131148
0"
0)
#131152
0#
0(
#131154
1"
1)
#131159
1#
1(
#131160
0"
0)
#131166
1"
1)
0#
0(
#131172
0"
0)
#131173
1#
1(
#131178
1"
1)
#131180
0#
0(
#131184
0"
0)
#131187
1#
1(
#131190
1"
1)
#131194
0#
0(
#131196
0"
0)
#131201
1#
1(
#131202
1"
1)
#131208
0"
0)
0#
0(
#131214
1"
1)
#131215
1#
1(
#131220
0"
0)
#131222
0#
0(
#131226
1"
1)
#131229
1#
1(
#131232
0"
0)
#131236
0#
0(
#131238
1"
1)
#131243
1#
1(
#131244
0"
0)
#131250
1"
1)
0#
0(
#131256
0"
0)
#131257
1#
1(
#131262
1"
1)
#131264
0#
0(
#131268
0"
0)
#131271
1#
1(
#131274
1"
1)
#131278
0#
0(
#131280
0"
0)
#131285
1#
1(
#131286
1"
1)
#131292
0"
0)
0#
0(
#131298
1"
1)
#131299
1#
1(
#131304
0"
0)
#131306
0#
0(
#131310
1"
1)
#131313
1#
1(
#131316
0"
0)
#131320
0#
0(
#131322
1"
1)
#131327
1#
1(
#131328
0"
0)
#131334
1"
1)
0#
0(
#131340
0"
0)
#131341
1#
1(
#131346
1"
1)
#131348
0#
0(
#131352
0"
0)
#131355
1#
1(
#131358
1"
1)
#131362
0#
0(
#131364
0"
0)
#131369
1#
1(
#131370
1"
1)
#131376
0"
0)
0#
0(
#131382
1"
1)
#131383
1#
1(
#131388
0"
0)
#131390
0#
0(
#131394
1"
1)
#131397
1#
1(
#131400
0"
0)
#131404
0#
0(
#131406
1"
1)
#131411
1#
1(
#131412
0"
0)
#131418
1"
1)
0#
0(
#131424
0"
0)
#131425
1#
1(
#131430
1"
1)
#131432
0#
0(
#131436
0"
0)
#131439
1#
1(
#131442
1"
1)
#131446
0#
0(
#131448
0"
0)
#131453
1#
1(
#131454
1"
1)
#131460
0"
0)
0#
0(
#131466
1"
1)
#131467
1#
1(
#131472
0"
0)
#131474
0#
0(
#131478
1"
1)
#131481
1#
1(
#131484
0"
0)
#131488
0#
0(
#131490
1"
1)
#131495
1#
1(
#131496
0"
0)
#131502
1"
1)
0#
0(
#131508
0"
0)
#131509
1#
1(
#131514
1"
1)
#131516
0#
0(
#131520
0"
0)
#131523
1#
1(
#131526
1"
1)
#131530
0#
0(
#131532
0"
0)
#131537
1#
1(
#131538
1"
1)
#131544
0"
0)
0#
0(
#131550
1"
1)
#131551
1#
1(
#131556
0"
0)
#131558
0#
0(
#131562
1"
1)
#131565
1#
1(
#131568
0"
0)
#131572
0#
0(
#131574
1"
1)
#131579
1#
1(
#131580
0"
0)
#131586
1"
1)
0#
0(
#131592
0"
0)
#131593
1#
1(
#131598
1"
1)
#131600
0#
0(
#131604
0"
0)
#131607
1#
1(
#131610
1"
1)
#131614
0#
0(
#131616
0"
0)
#131621
1#
1(
#131622
1"
1)
#131628
0"
0)
0#
0(
#131634
1"
1)
#131635
1#
1(
#131640
0"
0)
#131642
0#
0(
#131646
1"
1)
#131649
1#
1(
#131652
0"
0)
#131656
0#
0(
#131658
1"
1)
#131663
1#
1(
#131664
0"
0)
#131670
1"
1)
0#
0(
#131676
0"
0)
#131677
1#
1(
#131682
1"
1)
#131684
0#
0(
#131688
0"
0)
#131691
1#
1(
#131694
1"
1)
#131698
0#
0(
#131700
0"
0)
#131705
1#
1(
#131706
1"
1)
#131712
0"
0)
0#
0(
#131718
1"
1)
#131719
1#
1(
#131724
0"
0)
#131726
0#
0(
#131730
1"
1)
#131733
1#
1(
#131736
0"
0)
#131738
0&
b0 ;
b111111010 9
b11101 :
#131740
0#
0(
#131742
1"
1)
#131747
b1 2
1#
1(
#131748
0"
0)
#131754
1"
1)
0#
0(
#131760
0"
0)
#131761
b1110 0
1#
1(
#131766
1"
1)
#131768
0#
0(
#131772
0"
0)
#131775
b1101 0
1#
1(
#131778
1"
1)
#131782
0#
0(
#131784
0"
0)
#131789
b1100 0
1#
1(
#131790
1"
1)
#131796
0"
0)
0#
0(
#131802
1"
1)
#131803
b1011 0
1#
1(
#131808
0"
0)
#131810
0#
0(
#131814
1"
1)
#131817
b1010 0
1#
1(
#131820
0"
0)
#131824
0#
0(
#131826
1"
1)
#131831
b1001 0
1#
1(
#131832
0"
0)
#131838
1"
1)
0#
0(
#131844
0"
0)
#131845
b1000 0
1#
1(
#131850
1"
1)
#131852
0#
0(
#131856
0"
0)
#131859
b111 0
1#
1(
#131862
1"
1)
#131866
0#
0(
#131868
0"
0)
#131873
b110 0
1#
1(
#131874
1"
1)
#131880
0"
0)
0#
0(
#131886
1"
1)
#131887
b101 0
1#
1(
#131892
0"
0)
#131894
0#
0(
#131898
1"
1)
#131901
b100 0
1#
1(
#131904
0"
0)
#131908
0#
0(
#131910
1"
1)
#131915
b11 0
1#
1(
#131916
0"
0)
#131922
1"
1)
0#
0(
#131928
0"
0)
#131929
b10 0
1#
1(
#131934
1"
1)
#131936
0#
0(
#131940
0"
0)
#131943
b1 0
1#
1(
#131946
1"
1)
#131950
0#
0(
#131952
0"
0)
#131957
b0 0
1#
1(
#131958
1"
1)
#131964
0"
0)
0#
0(
#131965
b11111101 9
b1 ;
#131970
1"
1)
#131971
b10 2
b1111 0
1#
1(
#131976
0"
0)
#131978
0#
0(
#131982
1"
1)
#131985
b1 2
b110 /
b1011100 ,
b1011100 -
b1011100 3
b1011100 .
1#
1(
#131988
0"
0)
#131992
0#
0(
#131994
b1011100 4
1"
1)
#131999
b1110 0
1#
1(
#132000
0"
0)
#132006
1"
1)
0#
0(
#132012
0"
0)
#132013
b1101 0
1#
1(
#132018
1"
1)
#132020
0#
0(
#132024
0"
0)
#132027
b1100 0
1#
1(
#132030
1"
1)
#132034
0#
0(
#132036
0"
0)
#132041
b1011 0
1#
1(
#132042
1"
1)
#132048
0"
0)
0#
0(
#132054
1"
1)
#132055
b1010 0
1#
1(
#132060
0"
0)
#132062
0#
0(
#132066
1"
1)
#132069
b1001 0
1#
1(
#132072
0"
0)
#132076
0#
0(
#132078
1"
1)
#132083
b1000 0
1#
1(
#132084
0"
0)
#132090
1"
1)
0#
0(
#132096
0"
0)
#132097
b111 0
1#
1(
#132102
1"
1)
#132104
0#
0(
#132108
0"
0)
#132111
b110 0
1#
1(
#132114
1"
1)
#132118
0#
0(
#132120
0"
0)
#132125
b101 0
1#
1(
#132126
1"
1)
#132132
0"
0)
0#
0(
#132138
1"
1)
#132139
b100 0
1#
1(
#132144
0"
0)
#132146
0#
0(
#132150
1"
1)
#132153
b11 0
1#
1(
#132156
0"
0)
#132160
0#
0(
#132162
1"
1)
#132167
b10 0
1#
1(
#132168
0"
0)
#132174
1"
1)
0#
0(
#132180
0"
0)
#132181
b1 0
1#
1(
#132186
1"
1)
#132188
0#
0(
#132192
0"
0)
b1111110 9
1&
b10 ;
#132195
b1011101 ,
b1011101 -
b1011101 3
b1011101 .
b0 0
1#
1(
#132198
b1011101 4
1"
1)
#132202
0#
0(
#132204
0"
0)
#132209
b10 2
b1111 0
1#
1(
#132210
1"
1)
#132216
0"
0)
0#
0(
#132222
1"
1)
#132223
b1 2
b101 /
b10111010 ,
b10111010 -
b10111010 3
b10111010 .
1#
1(
#132228
0"
0)
#132230
0#
0(
#132234
b10111010 4
1"
1)
#132237
b10111011 ,
b10111011 -
b10111011 3
b10111011 .
b1110 0
1#
1(
#132240
0"
0)
#132244
0#
0(
#132246
b10111011 4
1"
1)
#132251
b1101 0
1#
1(
#132252
0"
0)
#132258
1"
1)
0#
0(
#132264
0"
0)
#132265
b1100 0
1#
1(
#132270
1"
1)
#132272
0#
0(
#132276
0"
0)
#132279
b1011 0
1#
1(
#132282
1"
1)
#132286
0#
0(
#132288
0"
0)
#132293
b1010 0
1#
1(
#132294
1"
1)
#132300
0"
0)
0#
0(
#132306
1"
1)
#132307
b1001 0
1#
1(
#132312
0"
0)
#132314
0#
0(
#132318
1"
1)
#132321
b1000 0
1#
1(
#132324
0"
0)
#132328
0#
0(
#132330
1"
1)
#132335
b111 0
1#
1(
#132336
0"
0)
#132342
1"
1)
0#
0(
#132348
0"
0)
#132349
b110 0
1#
1(
#132354
1"
1)
#132356
0#
0(
#132360
0"
0)
#132363
b101 0
1#
1(
#132366
1"
1)
#132370
0#
0(
#132372
0"
0)
#132377
b100 0
1#
1(
#132378
1"
1)
#132384
0"
0)
0#
0(
#132390
1"
1)
#132391
b11 0
1#
1(
#132396
0"
0)
#132398
0#
0(
#132402
1"
1)
#132405
b10 0
1#
1(
#132408
0"
0)
#132412
0#
0(
#132414
1"
1)
#132419
b10111010 ,
b10111010 -
b10111010 3
b10111010 .
b1 0
1#
1(
b111111 9
0&
b11 ;
#132420
0"
0)
#132426
b10111010 4
1"
1)
0#
0(
#132432
0"
0)
#132433
b0 0
1#
1(
#132438
1"
1)
#132440
0#
0(
#132444
0"
0)
#132447
b10 2
b1111 0
1#
1(
#132450
1"
1)
#132454
0#
0(
#132456
0"
0)
#132461
b1 2
b100 /
b1110100 ,
b1110100 -
b1110100 3
b1110100 .
1#
1(
#132462
b1110100 4
1"
1)
#132468
0"
0)
0#
0(
#132474
1"
1)
#132475
b1110 0
1#
1(
#132480
0"
0)
#132482
0#
0(
#132486
1"
1)
#132489
b1101 0
1#
1(
#132492
0"
0)
#132496
0#
0(
#132498
1"
1)
#132503
b1100 0
1#
1(
#132504
0"
0)
#132510
1"
1)
0#
0(
#132516
0"
0)
#132517
b1011 0
1#
1(
#132522
1"
1)
#132524
0#
0(
#132528
0"
0)
#132531
b1010 0
1#
1(
#132534
1"
1)
#132538
0#
0(
#132540
0"
0)
#132545
b1001 0
1#
1(
#132546
1"
1)
#132552
0"
0)
0#
0(
#132558
1"
1)
#132559
b1000 0
1#
1(
#132564
0"
0)
#132566
0#
0(
#132570
1"
1)
#132573
b111 0
1#
1(
#132576
0"
0)
#132580
0#
0(
#132582
1"
1)
#132587
b110 0
1#
1(
#132588
0"
0)
#132594
1"
1)
0#
0(
#132600
0"
0)
#132601
b101 0
1#
1(
#132606
1"
1)
#132608
0#
0(
#132612
0"
0)
#132615
b100 0
1#
1(
#132618
1"
1)
#132622
0#
0(
#132624
0"
0)
#132629
b11 0
1#
1(
#132630
1"
1)
#132636
0"
0)
0#
0(
#132642
1"
1)
#132643
b10 0
1#
1(
#132646
b11111 9
1&
b100 ;
#132648
0"
0)
#132650
0#
0(
#132654
1"
1)
#132657
b1110101 ,
b1110101 -
b1110101 3
b1110101 .
b1 0
1#
1(
#132660
0"
0)
#132664
0#
0(
#132666
b1110101 4
1"
1)
#132671
b0 0
1#
1(
#132672
0"
0)
#132678
1"
1)
0#
0(
#132684
0"
0)
#132685
b10 2
b1111 0
1#
1(
#132690
1"
1)
#132692
0#
0(
#132696
0"
0)
#132699
b1 2
b11 /
b11101010 ,
b11101010 -
b11101010 3
b11101010 .
1#
1(
#132702
b11101010 4
1"
1)
#132706
0#
0(
#132708
0"
0)
#132713
b11101011 ,
b11101011 -
b11101011 3
b11101011 .
b1110 0
1#
1(
#132714
b11101011 4
1"
1)
#132720
0"
0)
0#
0(
#132726
1"
1)
#132727
b1101 0
1#
1(
#132732
0"
0)
#132734
0#
0(
#132738
1"
1)
#132741
b1100 0
1#
1(
#132744
0"
0)
#132748
0#
0(
#132750
1"
1)
#132755
b1011 0
1#
1(
#132756
0"
0)
#132762
1"
1)
0#
0(
#132768
0"
0)
#132769
b1010 0
1#
1(
#132774
1"
1)
#132776
0#
0(
#132780
0"
0)
#132783
b1001 0
1#
1(
#132786
1"
1)
#132790
0#
0(
#132792
0"
0)
#132797
b1000 0
1#
1(
#132798
1"
1)
#132804
0"
0)
0#
0(
#132810
1"
1)
#132811
b111 0
1#
1(
#132816
0"
0)
#132818
0#
0(
#132822
1"
1)
#132825
b110 0
1#
1(
#132828
0"
0)
#132832
0#
0(
#132834
1"
1)
#132839
b101 0
1#
1(
#132840
0"
0)
#132846
1"
1)
0#
0(
#132852
0"
0)
#132853
b100 0
1#
1(
#132858
1"
1)
#132860
0#
0(
#132864
0"
0)
#132867
b11 0
1#
1(
#132870
1"
1)
#132873
b1111 9
b101 ;
#132874
0#
0(
#132876
0"
0)
#132881
b10 0
1#
1(
#132882
1"
1)
#132888
0"
0)
0#
0(
#132894
1"
1)
#132895
b1 0
1#
1(
#132900
0"
0)
#132902
0#
0(
#132906
1"
1)
#132909
b0 0
1#
1(
#132912
0"
0)
#132916
0#
0(
#132918
1"
1)
#132923
b10 2
b1111 0
1#
1(
#132924
0"
0)
#132930
1"
1)
0#
0(
#132936
0"
0)
#132937
b1 2
b10 /
b11010110 ,
b11010110 -
b11010110 3
b11010110 .
1#
1(
#132942
b11010110 4
1"
1)
#132944
0#
0(
#132948
0"
0)
#132951
b11010111 ,
b11010111 -
b11010111 3
b11010111 .
b1110 0
1#
1(
#132954
b11010111 4
1"
1)
#132958
0#
0(
#132960
0"
0)
#132965
b1101 0
1#
1(
#132966
1"
1)
#132972
0"
0)
0#
0(
#132978
1"
1)
#132979
b1100 0
1#
1(
#132984
0"
0)
#132986
0#
0(
#132990
1"
1)
#132993
b1011 0
1#
1(
#132996
0"
0)
#133000
0#
0(
#133002
1"
1)
#133007
b1010 0
1#
1(
#133008
0"
0)
#133014
1"
1)
0#
0(
#133020
0"
0)
#133021
b1001 0
1#
1(
#133026
1"
1)
#133028
0#
0(
#133032
0"
0)
#133035
b1000 0
1#
1(
#133038
1"
1)
#133042
0#
0(
#133044
0"
0)
#133049
b111 0
1#
1(
#133050
1"
1)
#133056
0"
0)
0#
0(
#133062
1"
1)
#133063
b110 0
1#
1(
#133068
0"
0)
#133070
0#
0(
#133074
1"
1)
#133077
b101 0
1#
1(
#133080
0"
0)
#133084
0#
0(
#133086
1"
1)
#133091
b100 0
1#
1(
#133092
0"
0)
#133098
1"
1)
0#
0(
#133100
b111 9
b110 ;
#133104
0"
0)
#133105
b11 0
1#
1(
#133110
1"
1)
#133112
0#
0(
#133116
0"
0)
#133119
b10 0
1#
1(
#133122
1"
1)
#133126
0#
0(
#133128
0"
0)
#133133
b1 0
1#
1(
#133134
1"
1)
#133140
0"
0)
0#
0(
#133146
1"
1)
#133147
b0 0
1#
1(
#133152
0"
0)
#133154
0#
0(
#133158
1"
1)
#133161
b10 2
b1111 0
1#
1(
#133164
0"
0)
#133168
0#
0(
#133170
1"
1)
#133175
b1 2
b1 /
b10101110 ,
b10101110 -
b10101110 3
b10101110 .
1#
1(
#133176
0"
0)
#133182
b10101110 4
1"
1)
0#
0(
#133188
0"
0)
#133189
b10101111 ,
b10101111 -
b10101111 3
b10101111 .
b1110 0
1#
1(
#133194
b10101111 4
1"
1)
#133196
0#
0(
#133200
0"
0)
#133203
b1101 0
1#
1(
#133206
1"
1)
#133210
0#
0(
#133212
0"
0)
#133217
b1100 0
1#
1(
#133218
1"
1)
#133224
0"
0)
0#
0(
#133230
1"
1)
#133231
b1011 0
1#
1(
#133236
0"
0)
#133238
0#
0(
#133242
1"
1)
#133245
b1010 0
1#
1(
#133248
0"
0)
#133252
0#
0(
#133254
1"
1)
#133259
b1001 0
1#
1(
#133260
0"
0)
#133266
1"
1)
0#
0(
#133272
0"
0)
#133273
b1000 0
1#
1(
#133278
1"
1)
#133280
0#
0(
#133284
0"
0)
#133287
b111 0
1#
1(
#133290
1"
1)
#133294
0#
0(
#133296
0"
0)
#133301
b110 0
1#
1(
#133302
1"
1)
#133308
0"
0)
0#
0(
#133314
1"
1)
#133315
b101 0
1#
1(
#133320
0"
0)
#133322
0#
0(
#133326
1"
1)
#133327
b11 9
b111 ;
#133329
b100 0
1#
1(
#133332
0"
0)
#133336
0#
0(
#133338
1"
1)
#133343
b11 0
1#
1(
#133344
0"
0)
#133350
1"
1)
0#
0(
#133356
0"
0)
#133357
b10 0
1#
1(
#133362
1"
1)
#133364
0#
0(
#133368
0"
0)
#133371
b1 0
1#
1(
#133374
1"
1)
#133378
0#
0(
#133380
0"
0)
#133385
b0 0
1#
1(
#133386
1"
1)
#133392
0"
0)
0#
0(
#133398
1"
1)
#133399
b10 2
b1111 0
1#
1(
#133404
0"
0)
#133406
0#
0(
#133410
1"
1)
#133413
b1 2
b0 /
b1011110 ,
b1011110 -
b1011110 3
b1011110 .
1#
1(
#133416
0"
0)
#133420
0#
0(
#133422
b1011110 4
1"
1)
#133427
b1011111 ,
b1011111 -
b1011111 3
b1011111 .
b1110 0
1#
1(
#133428
0"
0)
#133434
b1011111 4
1"
1)
0#
0(
#133440
0"
0)
#133441
b1101 0
1#
1(
#133446
1"
1)
#133448
0#
0(
#133452
0"
0)
#133455
b1100 0
1#
1(
#133458
1"
1)
#133462
0#
0(
#133464
0"
0)
#133469
b1011 0
1#
1(
#133470
1"
1)
#133476
0"
0)
0#
0(
#133482
1"
1)
#133483
b1010 0
1#
1(
#133488
0"
0)
#133490
0#
0(
#133494
1"
1)
#133497
b1001 0
1#
1(
#133500
0"
0)
#133504
0#
0(
#133506
1"
1)
#133511
b1000 0
1#
1(
#133512
0"
0)
#133518
1"
1)
0#
0(
#133524
0"
0)
#133525
b111 0
1#
1(
#133530
1"
1)
#133532
0#
0(
#133536
0"
0)
#133539
b110 0
1#
1(
#133542
1"
1)
#133546
0#
0(
#133548
0"
0)
#133553
b101 0
1#
1(
#133554
1"
1)
b1 9
b1000 ;
#133560
0"
0)
0#
0(
#133566
1"
1)
#133567
b100 0
1#
1(
#133572
0"
0)
#133574
0#
0(
#133578
1"
1)
#133581
b11 0
1#
1(
#133584
0"
0)
#133588
0#
0(
#133590
1"
1)
#133595
b10 0
1#
1(
#133596
0"
0)
#133602
1"
1)
0#
0(
#133608
0"
0)
#133609
b1 0
1#
1(
#133614
1"
1)
#133616
0#
0(
#133620
0"
0)
#133623
b0 0
1#
1(
#133626
1"
1)
#133630
0#
0(
#133632
0"
0)
#133637
b10 2
b1111 0
1#
1(
#133638
1"
1)
#133644
0"
0)
0#
0(
#133650
1"
1)
#133651
b11 2
b111 /
b10111110 ,
b10111110 -
b10111110 3
b10111110 .
1#
1(
#133656
0"
0)
#133658
0#
0(
#133662
b10111110 4
1"
1)
#133665
b100 2
1#
1(
#133668
0"
0)
#133672
0#
0(
#133674
1"
1)
#133679
0+
01
1#
1(
#133680
0"
0)
#133686
b1 7
1"
1)
0#
0(
#133692
0"
0)
#133693
1#
1(
#133698
b10 7
0!
08
0*
06
1"
1)
#133700
0#
0(
#133704
0"
0)
#133707
b0 2
1#
1(
#133710
b110 5
b1111100 4
1!
18
1"
1)
#133714
0#
0(
#133716
0"
0)
#133721
1+
11
1#
1(
#133722
b101 5
b11111000 4
0!
08
1"
1)
#133728
0"
0)
0#
0(
#133734
b100 5
b11110000 4
1!
18
1"
1)
#133735
1#
1(
#133740
0"
0)
#133742
0#
0(
#133746
b11 5
b11100000 4
1"
1)
#133749
1#
1(
#133752
0"
0)
#133756
0#
0(
#133758
b10 5
b11000000 4
1"
1)
#133763
1#
1(
#133764
0"
0)
#133770
b1 5
b10000000 4
1"
1)
0#
0(
#133776
0"
0)
#133777
1#
1(
#133781
b0 9
b1001 ;
#133782
b0 5
b0 4
1"
1)
#133784
0#
0(
#133788
0"
0)
#133791
1#
1(
#133794
b0 7
b111 5
0!
08
1"
1)
#133798
0#
0(
#133800
0"
0)
#133805
1#
1(
#133806
1!
18
b10111110 4
1*
16
1"
1)
#133812
0"
0)
0#
0(
#133818
1"
1)
#133819
1#
1(
#133824
0"
0)
#133826
0#
0(
#133830
1"
1)
#133833
1#
1(
#133836
0"
0)
#133840
0#
0(
#133842
1"
1)
#133847
1#
1(
#133848
0"
0)
#133854
1"
1)
0#
0(
#133860
0"
0)
#133861
1#
1(
#133866
1"
1)
#133868
0#
0(
#133872
0"
0)
#133875
1#
1(
#133878
1"
1)
#133882
0#
0(
#133884
0"
0)
#133889
1#
1(
#133890
1"
1)
#133896
0"
0)
0#
0(
#133902
1"
1)
#133903
1#
1(
#133908
0"
0)
#133910
0#
0(
#133914
1"
1)
#133917
1#
1(
#133920
0"
0)
#133924
0#
0(
#133926
1"
1)
#133931
1#
1(
#133932
0"
0)
#133938
1"
1)
0#
0(
#133944
0"
0)
#133945
1#
1(
#133950
1"
1)
#133952
0#
0(
#133956
0"
0)
#133959
1#
1(
#133962
1"
1)
#133966
0#
0(
#133968
0"
0)
#133973
1#
1(
#133974
1"
1)
#133980
0"
0)
0#
0(
#133986
1"
1)
#133987
1#
1(
#133992
0"
0)
#133994
0#
0(
#133998
1"
1)
#134001
1#
1(
#134004
0"
0)
#134008
0#
0(
b1010 ;
#134010
1"
1)
#134015
1#
1(
#134016
0"
0)
#134022
1"
1)
0#
0(
#134028
0"
0)
#134029
1#
1(
#134034
1"
1)
#134036
0#
0(
#134040
0"
0)
#134043
1#
1(
#134046
1"
1)
#134050
0#
0(
#134052
0"
0)
#134057
1#
1(
#134058
1"
1)
#134064
0"
0)
0#
0(
#134070
1"
1)
#134071
1#
1(
#134076
0"
0)
#134078
0#
0(
#134082
1"
1)
#134085
1#
1(
#134088
0"
0)
#134092
0#
0(
#134094
1"
1)
#134099
1#
1(
#134100
0"
0)
#134106
1"
1)
0#
0(
#134112
0"
0)
#134113
1#
1(
#134118
1"
1)
#134120
0#
0(
#134124
0"
0)
#134127
1#
1(
#134130
1"
1)
#134134
0#
0(
#134136
0"
0)
#134141
1#
1(
#134142
1"
1)
#134148
0"
0)
0#
0(
#134154
1"
1)
#134155
1#
1(
#134160
0"
0)
#134162
0#
0(
#134166
1"
1)
#134169
1#
1(
#134172
0"
0)
#134176
0#
0(
#134178
1"
1)
#134183
1#
1(
#134184
0"
0)
#134190
1"
1)
0#
0(
#134196
0"
0)
#134197
1#
1(
#134202
1"
1)
#134204
0#
0(
#134208
0"
0)
#134211
1#
1(
#134214
1"
1)
#134218
0#
0(
#134220
0"
0)
#134225
1#
1(
#134226
1"
1)
#134232
0"
0)
0#
0(
#134238
1"
1)
#134239
1#
1(
#134244
0"
0)
#134246
0#
0(
#134250
1"
1)
#134253
1#
1(
#134256
0"
0)
#134260
0#
0(
#134262
1"
1)
#134267
1#
1(
#134268
0"
0)
#134274
1"
1)
0#
0(
#134280
0"
0)
#134281
1#
1(
#134286
1"
1)
#134288
0#
0(
#134292
0"
0)
#134295
1#
1(
#134298
1"
1)
#134302
0#
0(
#134304
0"
0)
#134309
1#
1(
#134310
1"
1)
#134316
0"
0)
0#
0(
#134322
1"
1)
#134323
1#
1(
#134328
0"
0)
#134330
0#
0(
#134334
1"
1)
#134337
1#
1(
#134340
0"
0)
#134344
0#
0(
#134346
1"
1)
#134351
1#
1(
#134352
0"
0)
#134358
1"
1)
0#
0(
#134364
0"
0)
#134365
1#
1(
#134370
1"
1)
#134372
0#
0(
#134376
0"
0)
#134379
1#
1(
#134382
1"
1)
#134386
0#
0(
#134388
0"
0)
#134393
1#
1(
#134394
1"
1)
#134400
0"
0)
0#
0(
#134406
1"
1)
#134407
1#
1(
#134412
0"
0)
#134414
0#
0(
#134418
1"
1)
#134421
1#
1(
#134424
0"
0)
#134428
0#
0(
#134430
1"
1)
#134435
1#
1(
#134436
0"
0)
#134442
1"
1)
0#
0(
#134448
0"
0)
#134449
1#
1(
#134454
1"
1)
#134456
0#
0(
#134460
0"
0)
#134463
1#
1(
#134466
1"
1)
#134470
0#
0(
#134472
0"
0)
#134477
1#
1(
#134478
1"
1)
#134484
0"
0)
0#
0(
#134490
1"
1)
#134491
1#
1(
#134496
0"
0)
#134498
0#
0(
#134502
1"
1)
#134505
1#
1(
#134508
0"
0)
#134512
0#
0(
#134514
1"
1)
#134519
1#
1(
#134520
0"
0)
#134526
1"
1)
0#
0(
#134532
0"
0)
#134533
1#
1(
#134538
1"
1)
#134540
0#
0(
#134544
0"
0)
#134547
1#
1(
#134550
1"
1)
#134554
0#
0(
#134556
0"
0)
#134561
1#
1(
#134562
1"
1)
#134568
0"
0)
0#
0(
#134574
1"
1)
#134575
1#
1(
#134580
0"
0)
#134582
0#
0(
#134586
1"
1)
#134589
1#
1(
#134592
0"
0)
#134596
0#
0(
#134598
1"
1)
#134603
1#
1(
#134604
0"
0)
#134610
1"
1)
0#
0(
#134616
0"
0)
#134617
1#
1(
#134622
1"
1)
#134624
0#
0(
#134628
0"
0)
#134631
1#
1(
#134634
1"
1)
#134638
0#
0(
#134640
0"
0)
#134645
1#
1(
#134646
1"
1)
#134652
0"
0)
0#
0(
#134658
1"
1)
#134659
1#
1(
#134664
0"
0)
#134666
0#
0(
#134670
1"
1)
#134673
1#
1(
#134676
0"
0)
#134680
0#
0(
#134682
1"
1)
#134687
1#
1(
#134688
0"
0)
#134694
1"
1)
0#
0(
#134700
0"
0)
#134701
1#
1(
#134706
1"
1)
#134708
0#
0(
#134712
0"
0)
#134715
1#
1(
#134718
1"
1)
#134722
0#
0(
#134724
0"
0)
#134729
1#
1(
#134730
1"
1)
#134736
0"
0)
0#
0(
#134742
1"
1)
#134743
1#
1(
#134748
0"
0)
#134750
0#
0(
#134754
1"
1)
#134757
1#
1(
#134760
0"
0)
#134764
0#
0(
#134766
1"
1)
#134771
1#
1(
#134772
0"
0)
#134778
1"
1)
0#
0(
#134784
0"
0)
#134785
1#
1(
#134790
1"
1)
#134792
0#
0(
#134796
0"
0)
#134799
1#
1(
#134802
1"
1)
#134806
0#
0(
#134808
0"
0)
#134813
1#
1(
#134814
1"
1)
#134820
0"
0)
0#
0(
#134826
1"
1)
#134827
1#
1(
#134832
0"
0)
#134834
0#
0(
#134838
1"
1)
#134841
1#
1(
#134844
0"
0)
#134848
0#
0(
#134850
1"
1)
#134855
1#
1(
#134856
0"
0)
#134862
1"
1)
0#
0(
#134868
0"
0)
#134869
1#
1(
#134874
1"
1)
#134876
0#
0(
#134880
0"
0)
#134883
1#
1(
#134886
1"
1)
#134890
0#
0(
#134892
0"
0)
#134897
1#
1(
#134898
1"
1)
#134904
0"
0)
0#
0(
#134910
1"
1)
#134911
1#
1(
#134916
0"
0)
#134918
0#
0(
#134922
1"
1)
#134925
1#
1(
#134928
0"
0)
#134932
0#
0(
#134934
1"
1)
#134939
1#
1(
#134940
0"
0)
#134946
1"
1)
0#
0(
#134952
0"
0)
#134953
1#
1(
#134958
1"
1)
#134960
0#
0(
#134964
0"
0)
#134967
1#
1(
#134970
1"
1)
#134974
0#
0(
#134976
0"
0)
#134981
1#
1(
#134982
1"
1)
#134988
0"
0)
0#
0(
#134994
1"
1)
#134995
1#
1(
#135000
0"
0)
#135002
0#
0(
#135006
1"
1)
#135009
1#
1(
#135012
0"
0)
#135016
0#
0(
#135018
1"
1)
#135023
1#
1(
#135024
0"
0)
#135030
1"
1)
0#
0(
#135036
0"
0)
#135037
1#
1(
#135042
1"
1)
#135044
0#
0(
#135048
0"
0)
#135051
1#
1(
#135054
1"
1)
#135058
0#
0(
#135060
0"
0)
#135065
1#
1(
#135066
1"
1)
#135072
0"
0)
0#
0(
#135078
1"
1)
#135079
1#
1(
#135084
0"
0)
#135086
0#
0(
#135090
1"
1)
#135093
1#
1(
#135096
0"
0)
#135100
0#
0(
#135102
1"
1)
#135107
1#
1(
#135108
0"
0)
#135114
1"
1)
0#
0(
#135120
0"
0)
#135121
1#
1(
#135126
1"
1)
#135128
0#
0(
#135132
0"
0)
#135135
1#
1(
#135138
1"
1)
#135142
0#
0(
#135144
0"
0)
#135149
1#
1(
#135150
1"
1)
#135156
0"
0)
0#
0(
#135162
1"
1)
#135163
1#
1(
#135168
0"
0)
#135170
0#
0(
#135174
1"
1)
#135177
1#
1(
#135180
0"
0)
#135184
0#
0(
#135186
1"
1)
#135191
1#
1(
#135192
0"
0)
#135198
1"
1)
0#
0(
#135204
0"
0)
#135205
1#
1(
#135210
1"
1)
#135212
0#
0(
#135216
0"
0)
#135219
1#
1(
#135222
1"
1)
#135226
0#
0(
#135228
0"
0)
#135233
1#
1(
#135234
1"
1)
#135240
0"
0)
0#
0(
#135246
1"
1)
#135247
1#
1(
#135252
0"
0)
#135254
0#
0(
#135258
1"
1)
#135261
1#
1(
#135264
0"
0)
#135268
0#
0(
#135270
1"
1)
#135275
1#
1(
#135276
0"
0)
#135282
1"
1)
0#
0(
#135288
0"
0)
#135289
1#
1(
#135294
1"
1)
#135296
0#
0(
#135300
0"
0)
#135303
1#
1(
#135306
1"
1)
#135310
0#
0(
#135312
0"
0)
#135317
1#
1(
#135318
1"
1)
#135324
0"
0)
0#
0(
#135330
1"
1)
#135331
1#
1(
#135336
0"
0)
#135338
0#
0(
#135342
1"
1)
#135345
1#
1(
#135348
0"
0)
#135352
0#
0(
#135354
1"
1)
#135359
1#
1(
#135360
0"
0)
#135366
1"
1)
0#
0(
#135372
0"
0)
#135373
1#
1(
#135378
1"
1)
#135380
0#
0(
#135384
0"
0)
#135387
1#
1(
#135390
1"
1)
#135394
0#
0(
#135396
0"
0)
#135401
1#
1(
#135402
1"
1)
#135408
0"
0)
0#
0(
#135414
1"
1)
#135415
1#
1(
#135420
0"
0)
#135422
0#
0(
#135426
1"
1)
#135429
1#
1(
#135432
0"
0)
#135436
0#
0(
#135438
1"
1)
#135443
1#
1(
#135444
0"
0)
#135450
1"
1)
0#
0(
#135456
0"
0)
#135457
1#
1(
#135462
1"
1)
#135464
0#
0(
#135468
0"
0)
#135471
1#
1(
#135474
1"
1)
#135478
0#
0(
#135480
0"
0)
#135485
1#
1(
#135486
1"
1)
#135492
0"
0)
0#
0(
#135498
1"
1)
#135499
1#
1(
#135504
0"
0)
#135506
0#
0(
#135510
1"
1)
#135513
1#
1(
#135516
0"
0)
#135520
0#
0(
#135522
1"
1)
#135527
1#
1(
#135528
0"
0)
#135534
1"
1)
0#
0(
#135540
0"
0)
#135541
1#
1(
#135546
1"
1)
#135548
0#
0(
#135552
0"
0)
#135555
1#
1(
#135558
1"
1)
#135562
0#
0(
#135564
0"
0)
#135569
1#
1(
#135570
1"
1)
#135576
0"
0)
0#
0(
#135582
1"
1)
#135583
1#
1(
#135588
0"
0)
#135590
0#
0(
#135594
1"
1)
#135597
1#
1(
#135600
0"
0)
#135604
0#
0(
#135606
1"
1)
#135611
1#
1(
#135612
0"
0)
#135618
1"
1)
0#
0(
#135624
0"
0)
#135625
1#
1(
#135630
1"
1)
#135632
0#
0(
#135636
0"
0)
#135639
1#
1(
#135642
1"
1)
#135646
0#
0(
#135648
0"
0)
#135653
1#
1(
#135654
1"
1)
#135660
0"
0)
0#
0(
#135666
1"
1)
#135667
1#
1(
#135672
0"
0)
#135674
0#
0(
#135678
1"
1)
#135681
1#
1(
#135684
0"
0)
#135688
0#
0(
#135690
1"
1)
#135695
1#
1(
#135696
0"
0)
#135702
1"
1)
0#
0(
#135708
0"
0)
#135709
1#
1(
#135714
1"
1)
#135716
0#
0(
#135720
0"
0)
#135723
1#
1(
#135726
1"
1)
#135730
0#
0(
#135732
0"
0)
#135737
1#
1(
#135738
1"
1)
#135744
0"
0)
0#
0(
#135750
1"
1)
#135751
1#
1(
#135756
0"
0)
#135758
0#
0(
#135762
1"
1)
#135765
1#
1(
#135768
0"
0)
#135772
0#
0(
#135774
1"
1)
#135779
1#
1(
#135780
0"
0)
#135786
1"
1)
0#
0(
#135792
0"
0)
#135793
1#
1(
#135798
1"
1)
#135800
0#
0(
#135804
0"
0)
#135807
1#
1(
#135810
1"
1)
#135814
0#
0(
#135816
0"
0)
#135821
1#
1(
#135822
1"
1)
#135828
0"
0)
0#
0(
#135834
1"
1)
#135835
1#
1(
#135840
0"
0)
#135842
0#
0(
#135846
1"
1)
#135849
1#
1(
#135852
0"
0)
#135856
0#
0(
#135858
1"
1)
#135863
1#
1(
#135864
0"
0)
#135870
1"
1)
0#
0(
#135876
0"
0)
#135877
1#
1(
#135882
1"
1)
#135884
0#
0(
#135888
0"
0)
#135891
1#
1(
#135894
1"
1)
#135898
0#
0(
#135900
0"
0)
#135905
1#
1(
#135906
1"
1)
#135912
0"
0)
0#
0(
#135918
1"
1)
#135919
1#
1(
#135924
0"
0)
#135926
0#
0(
#135930
1"
1)
#135933
1#
1(
#135936
0"
0)
#135940
0#
0(
#135942
1"
1)
#135947
1#
1(
#135948
0"
0)
#135954
1"
1)
0#
0(
#135960
0"
0)
#135961
1#
1(
#135966
1"
1)
#135968
0#
0(
#135972
0"
0)
#135975
1#
1(
#135978
1"
1)
#135982
0#
0(
#135984
0"
0)
#135989
1#
1(
#135990
1"
1)
#135996
0"
0)
0#
0(
#136002
1"
1)
#136003
1#
1(
#136008
0"
0)
#136010
0#
0(
#136014
1"
1)
#136017
1#
1(
#136020
0"
0)
#136024
0#
0(
#136026
1"
1)
#136031
1#
1(
#136032
0"
0)
#136038
1"
1)
0#
0(
#136044
0"
0)
#136045
1#
1(
#136050
1"
1)
#136052
0#
0(
#136056
0"
0)
#136059
1#
1(
#136062
1"
1)
#136066
0#
0(
#136068
0"
0)
#136073
1#
1(
#136074
1"
1)
#136080
0"
0)
0#
0(
#136086
1"
1)
#136087
1#
1(
#136092
0"
0)
#136094
0#
0(
#136098
1"
1)
#136101
1#
1(
#136104
0"
0)
#136108
0#
0(
#136110
1"
1)
#136115
1#
1(
#136116
0"
0)
#136122
1"
1)
0#
0(
#136128
0"
0)
#136129
1#
1(
#136134
1"
1)
#136136
0#
0(
#136140
0"
0)
#136143
1#
1(
#136146
1"
1)
#136150
0#
0(
#136152
0"
0)
#136157
1#
1(
#136158
1"
1)
#136164
0"
0)
0#
0(
#136170
1"
1)
#136171
1#
1(
#136176
0"
0)
#136178
0#
0(
#136182
1"
1)
#136185
1#
1(
#136188
0"
0)
#136192
0#
0(
#136194
1"
1)
#136199
1#
1(
#136200
0"
0)
#136206
1"
1)
0#
0(
#136212
0"
0)
#136213
1#
1(
#136218
1"
1)
#136220
0#
0(
#136224
0"
0)
#136227
1#
1(
#136230
1"
1)
#136234
0#
0(
#136236
0"
0)
#136241
1#
1(
#136242
1"
1)
#136248
0"
0)
0#
0(
#136254
1"
1)
#136255
1#
1(
#136260
0"
0)
#136262
0#
0(
#136266
1"
1)
#136269
1#
1(
#136272
0"
0)
#136276
0#
0(
#136278
1"
1)
#136280
0&
b0 ;
b100001011 9
b11110 :
#136283
b1 2
1#
1(
#136284
0"
0)
#136290
1"
1)
0#
0(
#136296
0"
0)
#136297
b1110 0
1#
1(
#136302
1"
1)
#136304
0#
0(
#136308
0"
0)
#136311
b1101 0
1#
1(
#136314
1"
1)
#136318
0#
0(
#136320
0"
0)
#136325
b1100 0
1#
1(
#136326
1"
1)
#136332
0"
0)
0#
0(
#136338
1"
1)
#136339
b1011 0
1#
1(
#136344
0"
0)
#136346
0#
0(
#136350
1"
1)
#136353
b1010 0
1#
1(
#136356
0"
0)
#136360
0#
0(
#136362
1"
1)
#136367
b1001 0
1#
1(
#136368
0"
0)
#136374
1"
1)
0#
0(
#136380
0"
0)
#136381
b1000 0
1#
1(
#136386
1"
1)
#136388
0#
0(
#136392
0"
0)
#136395
b111 0
1#
1(
#136398
1"
1)
#136402
0#
0(
#136404
0"
0)
#136409
b110 0
1#
1(
#136410
1"
1)
#136416
0"
0)
0#
0(
#136422
1"
1)
#136423
b101 0
1#
1(
#136428
0"
0)
#136430
0#
0(
#136434
1"
1)
#136437
b100 0
1#
1(
#136440
0"
0)
#136444
0#
0(
#136446
1"
1)
#136451
b11 0
1#
1(
#136452
0"
0)
#136458
1"
1)
0#
0(
#136464
0"
0)
#136465
b10 0
1#
1(
#136470
1"
1)
#136472
0#
0(
#136476
0"
0)
#136479
b1 0
1#
1(
#136482
1"
1)
#136486
0#
0(
#136488
0"
0)
#136493
b0 0
1#
1(
#136494
1"
1)
#136500
0"
0)
0#
0(
#136506
1"
1)
#136507
b10 2
b10111111 ,
b10111111 -
b10111111 3
b10111111 .
b1111 0
1#
1(
b10000101 9
1&
b1 ;
#136512
0"
0)
#136514
0#
0(
#136518
b10111111 4
1"
1)
#136521
b1 2
b110 /
b1111110 ,
b1111110 -
b1111110 3
b1111110 .
1#
1(
#136524
0"
0)
#136528
0#
0(
#136530
b1111110 4
1"
1)
#136535
b1111111 ,
b1111111 -
b1111111 3
b1111111 .
b1110 0
1#
1(
#136536
0"
0)
#136542
b1111111 4
1"
1)
0#
0(
#136548
0"
0)
#136549
b1101 0
1#
1(
#136554
1"
1)
#136556
0#
0(
#136560
0"
0)
#136563
b1100 0
1#
1(
#136566
1"
1)
#136570
0#
0(
#136572
0"
0)
#136577
b1011 0
1#
1(
#136578
1"
1)
#136584
0"
0)
0#
0(
#136590
1"
1)
#136591
b1010 0
1#
1(
#136596
0"
0)
#136598
0#
0(
#136602
1"
1)
#136605
b1001 0
1#
1(
#136608
0"
0)
#136612
0#
0(
#136614
1"
1)
#136619
b1000 0
1#
1(
#136620
0"
0)
#136626
1"
1)
0#
0(
#136632
0"
0)
#136633
b111 0
1#
1(
#136638
1"
1)
#136640
0#
0(
#136644
0"
0)
#136647
b110 0
1#
1(
#136650
1"
1)
#136654
0#
0(
#136656
0"
0)
#136661
b101 0
1#
1(
#136662
1"
1)
#136668
0"
0)
0#
0(
#136674
1"
1)
#136675
b100 0
1#
1(
#136680
0"
0)
#136682
0#
0(
#136686
1"
1)
#136689
b11 0
1#
1(
#136692
0"
0)
#136696
0#
0(
#136698
1"
1)
#136703
b10 0
1#
1(
#136704
0"
0)
#136710
1"
1)
0#
0(
#136716
0"
0)
#136717
b1 0
1#
1(
#136722
1"
1)
#136724
0#
0(
#136728
0"
0)
#136731
b0 0
1#
1(
#136734
1"
1)
b1000010 9
b10 ;
#136738
0#
0(
#136740
0"
0)
#136745
b10 2
b1111 0
1#
1(
#136746
1"
1)
#136752
0"
0)
0#
0(
#136758
1"
1)
#136759
b1 2
b101 /
b11111110 ,
b11111110 -
b11111110 3
b11111110 .
1#
1(
#136764
0"
0)
#136766
0#
0(
#136770
b11111110 4
1"
1)
#136773
b11111111 ,
b11111111 -
b11111111 3
b11111111 .
b1110 0
1#
1(
#136776
0"
0)
#136780
0#
0(
#136782
b11111111 4
1"
1)
#136787
b1101 0
1#
1(
#136788
0"
0)
#136794
1"
1)
0#
0(
#136800
0"
0)
#136801
b1100 0
1#
1(
#136806
1"
1)
#136808
0#
0(
#136812
0"
0)
#136815
b1011 0
1#
1(
#136818
1"
1)
#136822
0#
0(
#136824
0"
0)
#136829
b1010 0
1#
1(
#136830
1"
1)
#136836
0"
0)
0#
0(
#136842
1"
1)
#136843
b1001 0
1#
1(
#136848
0"
0)
#136850
0#
0(
#136854
1"
1)
#136857
b1000 0
1#
1(
#136860
0"
0)
#136864
0#
0(
#136866
1"
1)
#136871
b111 0
1#
1(
#136872
0"
0)
#136878
1"
1)
0#
0(
#136884
0"
0)
#136885
b110 0
1#
1(
#136890
1"
1)
#136892
0#
0(
#136896
0"
0)
#136899
b101 0
1#
1(
#136902
1"
1)
#136906
0#
0(
#136908
0"
0)
#136913
b100 0
1#
1(
#136914
1"
1)
#136920
0"
0)
0#
0(
#136926
1"
1)
#136927
b11 0
1#
1(
#136932
0"
0)
#136934
0#
0(
#136938
1"
1)
#136941
b10 0
1#
1(
#136944
0"
0)
#136948
0#
0(
#136950
1"
1)
#136955
b1 0
1#
1(
#136956
0"
0)
#136961
b100001 9
0&
b11 ;
#136962
1"
1)
0#
0(
#136968
0"
0)
#136969
b11111110 ,
b11111110 -
b11111110 3
b11111110 .
b0 0
1#
1(
#136974
b11111110 4
1"
1)
#136976
0#
0(
#136980
0"
0)
#136983
b10 2
b1111 0
1#
1(
#136986
1"
1)
#136990
0#
0(
#136992
0"
0)
#136997
b1 2
b100 /
b11111100 ,
b11111100 -
b11111100 3
b11111100 .
1#
1(
#136998
b11111100 4
1"
1)
#137004
0"
0)
0#
0(
#137010
1"
1)
#137011
b1110 0
1#
1(
#137016
0"
0)
#137018
0#
0(
#137022
1"
1)
#137025
b1101 0
1#
1(
#137028
0"
0)
#137032
0#
0(
#137034
1"
1)
#137039
b1100 0
1#
1(
#137040
0"
0)
#137046
1"
1)
0#
0(
#137052
0"
0)
#137053
b1011 0
1#
1(
#137058
1"
1)
#137060
0#
0(
#137064
0"
0)
#137067
b1010 0
1#
1(
#137070
1"
1)
#137074
0#
0(
#137076
0"
0)
#137081
b1001 0
1#
1(
#137082
1"
1)
#137088
0"
0)
0#
0(
#137094
1"
1)
#137095
b1000 0
1#
1(
#137100
0"
0)
#137102
0#
0(
#137106
1"
1)
#137109
b111 0
1#
1(
#137112
0"
0)
#137116
0#
0(
#137118
1"
1)
#137123
b110 0
1#
1(
#137124
0"
0)
#137130
1"
1)
0#
0(
#137136
0"
0)
#137137
b101 0
1#
1(
#137142
1"
1)
#137144
0#
0(
#137148
0"
0)
#137151
b100 0
1#
1(
#137154
1"
1)
#137158
0#
0(
#137160
0"
0)
#137165
b11 0
1#
1(
#137166
1"
1)
#137172
0"
0)
0#
0(
#137178
1"
1)
#137179
b10 0
1#
1(
#137184
0"
0)
#137186
0#
0(
#137188
b10000 9
1&
b100 ;
#137190
1"
1)
#137193
b11111101 ,
b11111101 -
b11111101 3
b11111101 .
b1 0
1#
1(
#137196
0"
0)
#137200
0#
0(
#137202
b11111101 4
1"
1)
#137207
b0 0
1#
1(
#137208
0"
0)
#137214
1"
1)
0#
0(
#137220
0"
0)
#137221
b10 2
b1111 0
1#
1(
#137226
1"
1)
#137228
0#
0(
#137232
0"
0)
#137235
b1 2
b11 /
b11111010 ,
b11111010 -
b11111010 3
b11111010 .
1#
1(
#137238
b11111010 4
1"
1)
#137242
0#
0(
#137244
0"
0)
#137249
b11111011 ,
b11111011 -
b11111011 3
b11111011 .
b1110 0
1#
1(
#137250
b11111011 4
1"
1)
#137256
0"
0)
0#
0(
#137262
1"
1)
#137263
b1101 0
1#
1(
#137268
0"
0)
#137270
0#
0(
#137274
1"
1)
#137277
b1100 0
1#
1(
#137280
0"
0)
#137284
0#
0(
#137286
1"
1)
#137291
b1011 0
1#
1(
#137292
0"
0)
#137298
1"
1)
0#
0(
#137304
0"
0)
#137305
b1010 0
1#
1(
#137310
1"
1)
#137312
0#
0(
#137316
0"
0)
#137319
b1001 0
1#
1(
#137322
1"
1)
#137326
0#
0(
#137328
0"
0)
#137333
b1000 0
1#
1(
#137334
1"
1)
#137340
0"
0)
0#
0(
#137346
1"
1)
#137347
b111 0
1#
1(
#137352
0"
0)
#137354
0#
0(
#137358
1"
1)
#137361
b110 0
1#
1(
#137364
0"
0)
#137368
0#
0(
#137370
1"
1)
#137375
b101 0
1#
1(
#137376
0"
0)
#137382
1"
1)
0#
0(
#137388
0"
0)
#137389
b100 0
1#
1(
#137394
1"
1)
#137396
0#
0(
#137400
0"
0)
#137403
b11 0
1#
1(
#137406
1"
1)
#137410
0#
0(
#137412
0"
0)
#137415
b1000 9
0&
b101 ;
#137417
b11111010 ,
b11111010 -
b11111010 3
b11111010 .
b10 0
1#
1(
#137418
b11111010 4
1"
1)
#137424
0"
0)
0#
0(
#137430
1"
1)
#137431
b1 0
1#
1(
#137436
0"
0)
#137438
0#
0(
#137442
1"
1)
#137445
b0 0
1#
1(
#137448
0"
0)
#137452
0#
0(
#137454
1"
1)
#137459
b10 2
b1111 0
1#
1(
#137460
0"
0)
#137466
1"
1)
0#
0(
#137472
0"
0)
#137473
b1 2
b10 /
b11110100 ,
b11110100 -
b11110100 3
b11110100 .
1#
1(
#137478
b11110100 4
1"
1)
#137480
0#
0(
#137484
0"
0)
#137487
b1110 0
1#
1(
#137490
1"
1)
#137494
0#
0(
#137496
0"
0)
#137501
b1101 0
1#
1(
#137502
1"
1)
#137508
0"
0)
0#
0(
#137514
1"
1)
#137515
b1100 0
1#
1(
#137520
0"
0)
#137522
0#
0(
#137526
1"
1)
#137529
b1011 0
1#
1(
#137532
0"
0)
#137536
0#
0(
#137538
1"
1)
#137543
b1010 0
1#
1(
#137544
0"
0)
#137550
1"
1)
0#
0(
#137556
0"
0)
#137557
b1001 0
1#
1(
#137562
1"
1)
#137564
0#
0(
#137568
0"
0)
#137571
b1000 0
1#
1(
#137574
1"
1)
#137578
0#
0(
#137580
0"
0)
#137585
b111 0
1#
1(
#137586
1"
1)
#137592
0"
0)
0#
0(
#137598
1"
1)
#137599
b110 0
1#
1(
#137604
0"
0)
#137606
0#
0(
#137610
1"
1)
#137613
b101 0
1#
1(
#137616
0"
0)
#137620
0#
0(
#137622
1"
1)
#137627
b100 0
1#
1(
#137628
0"
0)
#137634
1"
1)
0#
0(
#137640
0"
0)
#137641
b11 0
1#
1(
#137642
b100 9
b110 ;
#137646
1"
1)
#137648
0#
0(
#137652
0"
0)
#137655
b10 0
1#
1(
#137658
1"
1)
#137662
0#
0(
#137664
0"
0)
#137669
b1 0
1#
1(
#137670
1"
1)
#137676
0"
0)
0#
0(
#137682
1"
1)
#137683
b0 0
1#
1(
#137688
0"
0)
#137690
0#
0(
#137694
1"
1)
#137697
b10 2
b1111 0
1#
1(
#137700
0"
0)
#137704
0#
0(
#137706
1"
1)
#137711
b1 2
b1 /
b11101000 ,
b11101000 -
b11101000 3
b11101000 .
1#
1(
#137712
0"
0)
#137718
b11101000 4
1"
1)
0#
0(
#137724
0"
0)
#137725
b1110 0
1#
1(
#137730
1"
1)
#137732
0#
0(
#137736
0"
0)
#137739
b1101 0
1#
1(
#137742
1"
1)
#137746
0#
0(
#137748
0"
0)
#137753
b1100 0
1#
1(
#137754
1"
1)
#137760
0"
0)
0#
0(
#137766
1"
1)
#137767
b1011 0
1#
1(
#137772
0"
0)
#137774
0#
0(
#137778
1"
1)
#137781
b1010 0
1#
1(
#137784
0"
0)
#137788
0#
0(
#137790
1"
1)
#137795
b1001 0
1#
1(
#137796
0"
0)
#137802
1"
1)
0#
0(
#137808
0"
0)
#137809
b1000 0
1#
1(
#137814
1"
1)
#137816
0#
0(
#137820
0"
0)
#137823
b111 0
1#
1(
#137826
1"
1)
#137830
0#
0(
#137832
0"
0)
#137837
b110 0
1#
1(
#137838
1"
1)
#137844
0"
0)
0#
0(
#137850
1"
1)
#137851
b101 0
1#
1(
#137856
0"
0)
#137858
0#
0(
#137862
1"
1)
#137865
b100 0
1#
1(
#137868
0"
0)
#137869
b10 9
b111 ;
#137872
0#
0(
#137874
1"
1)
#137879
b11 0
1#
1(
#137880
0"
0)
#137886
1"
1)
0#
0(
#137892
0"
0)
#137893
b10 0
1#
1(
#137898
1"
1)
#137900
0#
0(
#137904
0"
0)
#137907
b1 0
1#
1(
#137910
1"
1)
#137914
0#
0(
#137916
0"
0)
#137921
b0 0
1#
1(
#137922
1"
1)
#137928
0"
0)
0#
0(
#137934
1"
1)
#137935
b10 2
b1111 0
1#
1(
#137940
0"
0)
#137942
0#
0(
#137946
1"
1)
#137949
b1 2
b0 /
b11010000 ,
b11010000 -
b11010000 3
b11010000 .
1#
1(
#137952
0"
0)
#137956
0#
0(
#137958
b11010000 4
1"
1)
#137963
b1110 0
1#
1(
#137964
0"
0)
#137970
1"
1)
0#
0(
#137976
0"
0)
#137977
b1101 0
1#
1(
#137982
1"
1)
#137984
0#
0(
#137988
0"
0)
#137991
b1100 0
1#
1(
#137994
1"
1)
#137998
0#
0(
#138000
0"
0)
#138005
b1011 0
1#
1(
#138006
1"
1)
#138012
0"
0)
0#
0(
#138018
1"
1)
#138019
b1010 0
1#
1(
#138024
0"
0)
#138026
0#
0(
#138030
1"
1)
#138033
b1001 0
1#
1(
#138036
0"
0)
#138040
0#
0(
#138042
1"
1)
#138047
b1000 0
1#
1(
#138048
0"
0)
#138054
1"
1)
0#
0(
#138060
0"
0)
#138061
b111 0
1#
1(
#138066
1"
1)
#138068
0#
0(
#138072
0"
0)
#138075
b110 0
1#
1(
#138078
1"
1)
#138082
0#
0(
#138084
0"
0)
#138089
b101 0
1#
1(
#138090
1"
1)
#138096
0"
0)
0#
0(
b1 9
b1000 ;
#138102
1"
1)
#138103
b100 0
1#
1(
#138108
0"
0)
#138110
0#
0(
#138114
1"
1)
#138117
b11 0
1#
1(
#138120
0"
0)
#138124
0#
0(
#138126
1"
1)
#138131
b10 0
1#
1(
#138132
0"
0)
#138138
1"
1)
0#
0(
#138144
0"
0)
#138145
b1 0
1#
1(
#138150
1"
1)
#138152
0#
0(
#138156
0"
0)
#138159
b0 0
1#
1(
#138162
1"
1)
#138166
0#
0(
#138168
0"
0)
#138173
b10 2
b1111 0
1#
1(
#138174
1"
1)
#138180
0"
0)
0#
0(
#138186
1"
1)
#138187
b11 2
b111 /
b10100000 ,
b10100000 -
b10100000 3
b10100000 .
1#
1(
#138192
0"
0)
#138194
0#
0(
#138198
b10100000 4
1"
1)
#138201
b100 2
1#
1(
#138204
0"
0)
#138208
0#
0(
#138210
1"
1)
#138215
0+
01
1#
1(
#138216
0"
0)
#138222
b1 7
1"
1)
0#
0(
#138228
0"
0)
#138229
1#
1(
#138234
b10 7
0!
08
0*
06
1"
1)
#138236
0#
0(
#138240
0"
0)
#138243
b0 2
1#
1(
#138246
b110 5
b1000000 4
1!
18
1"
1)
#138250
0#
0(
#138252
0"
0)
#138257
b1 2
1+
11
1#
1(
#138258
b101 5
b10000000 4
0!
08
1"
1)
#138264
0"
0)
0#
0(
#138270
b100 5
b0 4
1!
18
1"
1)
#138271
b1110 0
1#
1(
#138276
0"
0)
#138278
0#
0(
#138282
b11 5
0!
08
1"
1)
#138285
b1101 0
1#
1(
#138288
0"
0)
#138292
0#
0(
#138294
b10 5
1"
1)
#138299
b1100 0
1#
1(
#138300
0"
0)
#138306
b1 5
1"
1)
0#
0(
#138312
0"
0)
#138313
b1011 0
1#
1(
#138318
b0 5
1"
1)
#138320
0#
0(
#138323
b0 9
1&
b1001 ;
#138324
0"
0)
#138327
b10100001 ,
b10100001 -
b10100001 3
b10100001 .
b1010 0
1#
1(
#138330
b0 7
b111 5
1"
1)
#138334
0#
0(
#138336
0"
0)
#138341
b1001 0
1#
1(
#138342
1!
18
b10100001 4
1*
16
1"
1)
#138348
0"
0)
0#
0(
#138354
1"
1)
#138355
b1000 0
1#
1(
#138360
0"
0)
#138362
0#
0(
#138366
1"
1)
#138369
b111 0
1#
1(
#138372
0"
0)
#138376
0#
0(
#138378
1"
1)
#138383
b110 0
1#
1(
#138384
0"
0)
#138390
1"
1)
0#
0(
#138396
0"
0)
#138397
b101 0
1#
1(
#138402
1"
1)
#138404
0#
0(
#138408
0"
0)
#138411
b100 0
1#
1(
#138414
1"
1)
#138418
0#
0(
#138420
0"
0)
#138425
b11 0
1#
1(
#138426
1"
1)
#138432
0"
0)
0#
0(
#138438
1"
1)
#138439
b10 0
1#
1(
#138444
0"
0)
#138446
0#
0(
#138450
1"
1)
#138453
b1 0
1#
1(
#138456
0"
0)
#138460
0#
0(
#138462
1"
1)
#138467
b0 0
1#
1(
#138468
0"
0)
#138474
1"
1)
0#
0(
#138480
0"
0)
#138481
b10 2
b1111 0
1#
1(
#138486
1"
1)
#138488
0#
0(
#138492
0"
0)
#138495
b1 2
b110 /
b1000010 ,
b1000010 -
b1000010 3
b1000010 .
1#
1(
#138498
b1000010 4
1"
1)
#138502
0#
0(
#138504
0"
0)
#138509
b1000011 ,
b1000011 -
b1000011 3
b1000011 .
b1110 0
1#
1(
#138510
b1000011 4
1"
1)
#138516
0"
0)
0#
0(
#138522
1"
1)
#138523
b1101 0
1#
1(
#138528
0"
0)
#138530
0#
0(
#138534
1"
1)
#138537
b1100 0
1#
1(
#138540
0"
0)
#138544
0#
0(
#138546
1"
1)
#138550
b1010 ;
#138551
b1011 0
1#
1(
#138552
0"
0)
#138558
1"
1)
0#
0(
#138564
0"
0)
#138565
b1010 0
1#
1(
#138570
1"
1)
#138572
0#
0(
#138576
0"
0)
#138579
b1001 0
1#
1(
#138582
1"
1)
#138586
0#
0(
#138588
0"
0)
#138593
b1000 0
1#
1(
#138594
1"
1)
#138600
0"
0)
0#
0(
#138606
1"
1)
#138607
b111 0
1#
1(
#138612
0"
0)
#138614
0#
0(
#138618
1"
1)
#138621
b110 0
1#
1(
#138624
0"
0)
#138628
0#
0(
#138630
1"
1)
#138635
b101 0
1#
1(
#138636
0"
0)
#138642
1"
1)
0#
0(
#138648
0"
0)
#138649
b100 0
1#
1(
#138654
1"
1)
#138656
0#
0(
#138660
0"
0)
#138663
b11 0
1#
1(
#138666
1"
1)
#138670
0#
0(
#138672
0"
0)
#138677
b10 0
1#
1(
#138678
1"
1)
#138684
0"
0)
0#
0(
#138690
1"
1)
#138691
b1 0
1#
1(
#138696
0"
0)
#138698
0#
0(
#138702
1"
1)
#138705
b0 0
1#
1(
#138708
0"
0)
#138712
0#
0(
#138714
1"
1)
#138719
b10 2
b1111 0
1#
1(
#138720
0"
0)
#138726
1"
1)
0#
0(
#138732
0"
0)
#138733
b1 2
b101 /
b10000110 ,
b10000110 -
b10000110 3
b10000110 .
1#
1(
#138738
b10000110 4
1"
1)
#138740
0#
0(
#138744
0"
0)
#138747
b10000111 ,
b10000111 -
b10000111 3
b10000111 .
b1110 0
1#
1(
#138750
b10000111 4
1"
1)
#138754
0#
0(
#138756
0"
0)
#138761
b1101 0
1#
1(
#138762
1"
1)
#138768
0"
0)
0#
0(
#138774
1"
1)
#138775
b1100 0
1#
1(
#138780
0"
0)
#138782
0#
0(
#138786
1"
1)
#138789
b1011 0
1#
1(
#138792
0"
0)
#138796
0#
0(
#138798
1"
1)
#138803
b1010 0
1#
1(
#138804
0"
0)
#138810
1"
1)
0#
0(
#138816
0"
0)
#138817
b1001 0
1#
1(
#138822
1"
1)
#138824
0#
0(
#138828
0"
0)
#138831
b1000 0
1#
1(
#138834
1"
1)
#138838
0#
0(
#138840
0"
0)
#138845
b111 0
1#
1(
#138846
1"
1)
#138852
0"
0)
0#
0(
#138858
1"
1)
#138859
b110 0
1#
1(
#138864
0"
0)
#138866
0#
0(
#138870
1"
1)
#138873
b101 0
1#
1(
#138876
0"
0)
#138880
0#
0(
#138882
1"
1)
#138887
b100 0
1#
1(
#138888
0"
0)
#138894
1"
1)
0#
0(
#138900
0"
0)
#138901
b11 0
1#
1(
#138906
1"
1)
#138908
0#
0(
#138912
0"
0)
#138915
b10 0
1#
1(
#138918
1"
1)
#138922
0#
0(
#138924
0"
0)
#138929
b1 0
1#
1(
#138930
1"
1)
#138936
0"
0)
0#
0(
#138942
1"
1)
#138943
b0 0
1#
1(
#138948
0"
0)
#138950
0#
0(
#138954
1"
1)
#138957
b10 2
b1111 0
1#
1(
#138960
0"
0)
#138964
0#
0(
#138966
1"
1)
#138971
b1 2
b100 /
b1110 ,
b1110 -
b1110 3
b1110 .
1#
1(
#138972
0"
0)
#138978
b1110 4
1"
1)
0#
0(
#138984
0"
0)
#138985
b1111 ,
b1111 -
b1111 3
b1111 .
b1110 0
1#
1(
#138990
b1111 4
1"
1)
#138992
0#
0(
#138996
0"
0)
#138999
b1101 0
1#
1(
#139002
1"
1)
#139006
0#
0(
#139008
0"
0)
#139013
b1100 0
1#
1(
#139014
1"
1)
#139020
0"
0)
0#
0(
#139026
1"
1)
#139027
b1011 0
1#
1(
#139032
0"
0)
#139034
0#
0(
#139038
1"
1)
#139041
b1010 0
1#
1(
#139044
0"
0)
#139048
0#
0(
#139050
1"
1)
#139055
b1001 0
1#
1(
#139056
0"
0)
#139062
1"
1)
0#
0(
#139068
0"
0)
#139069
b1000 0
1#
1(
#139074
1"
1)
#139076
0#
0(
#139080
0"
0)
#139083
b111 0
1#
1(
#139086
1"
1)
#139090
0#
0(
#139092
0"
0)
#139097
b110 0
1#
1(
#139098
1"
1)
#139104
0"
0)
0#
0(
#139110
1"
1)
#139111
b101 0
1#
1(
#139116
0"
0)
#139118
0#
0(
#139122
1"
1)
#139125
b100 0
1#
1(
#139128
0"
0)
#139132
0#
0(
#139134
1"
1)
#139139
b11 0
1#
1(
#139140
0"
0)
#139146
1"
1)
0#
0(
#139152
0"
0)
#139153
b10 0
1#
1(
#139158
1"
1)
#139160
0#
0(
#139164
0"
0)
#139167
b1 0
1#
1(
#139170
1"
1)
#139174
0#
0(
#139176
0"
0)
#139181
b0 0
1#
1(
#139182
1"
1)
#139188
0"
0)
0#
0(
#139194
1"
1)
#139195
b10 2
b1111 0
1#
1(
#139200
0"
0)
#139202
0#
0(
#139206
1"
1)
#139209
b1 2
b11 /
b11110 ,
b11110 -
b11110 3
b11110 .
1#
1(
#139212
0"
0)
#139216
0#
0(
#139218
b11110 4
1"
1)
#139223
b11111 ,
b11111 -
b11111 3
b11111 .
b1110 0
1#
1(
#139224
0"
0)
#139230
b11111 4
1"
1)
0#
0(
#139236
0"
0)
#139237
b1101 0
1#
1(
#139242
1"
1)
#139244
0#
0(
#139248
0"
0)
#139251
b1100 0
1#
1(
#139254
1"
1)
#139258
0#
0(
#139260
0"
0)
#139265
b1011 0
1#
1(
#139266
1"
1)
#139272
0"
0)
0#
0(
#139278
1"
1)
#139279
b1010 0
1#
1(
#139284
0"
0)
#139286
0#
0(
#139290
1"
1)
#139293
b1001 0
1#
1(
#139296
0"
0)
#139300
0#
0(
#139302
1"
1)
#139307
b1000 0
1#
1(
#139308
0"
0)
#139314
1"
1)
0#
0(
#139320
0"
0)
#139321
b111 0
1#
1(
#139326
1"
1)
#139328
0#
0(
#139332
0"
0)
#139335
b110 0
1#
1(
#139338
1"
1)
#139342
0#
0(
#139344
0"
0)
#139349
b101 0
1#
1(
#139350
1"
1)
#139356
0"
0)
0#
0(
#139362
1"
1)
#139363
b100 0
1#
1(
#139368
0"
0)
#139370
0#
0(
#139374
1"
1)
#139377
b11 0
1#
1(
#139380
0"
0)
#139384
0#
0(
#139386
1"
1)
#139391
b10 0
1#
1(
#139392
0"
0)
#139398
1"
1)
0#
0(
#139404
0"
0)
#139405
b1 0
1#
1(
#139410
1"
1)
#139412
0#
0(
#139416
0"
0)
#139419
b0 0
1#
1(
#139422
1"
1)
#139426
0#
0(
#139428
0"
0)
#139433
b10 2
b1111 0
1#
1(
#139434
1"
1)
#139440
0"
0)
0#
0(
#139446
1"
1)
#139447
b1 2
b10 /
b111110 ,
b111110 -
b111110 3
b111110 .
1#
1(
#139452
0"
0)
#139454
0#
0(
#139458
b111110 4
1"
1)
#139461
b111111 ,
b111111 -
b111111 3
b111111 .
b1110 0
1#
1(
#139464
0"
0)
#139468
0#
0(
#139470
b111111 4
1"
1)
#139475
b1101 0
1#
1(
#139476
0"
0)
#139482
1"
1)
0#
0(
#139488
0"
0)
#139489
b1100 0
1#
1(
#139494
1"
1)
#139496
0#
0(
#139500
0"
0)
#139503
b1011 0
1#
1(
#139506
1"
1)
#139510
0#
0(
#139512
0"
0)
#139517
b1010 0
1#
1(
#139518
1"
1)
#139524
0"
0)
0#
0(
#139530
1"
1)
#139531
b1001 0
1#
1(
#139536
0"
0)
#139538
0#
0(
#139542
1"
1)
#139545
b1000 0
1#
1(
#139548
0"
0)
#139552
0#
0(
#139554
1"
1)
#139559
b111 0
1#
1(
#139560
0"
0)
#139566
1"
1)
0#
0(
#139572
0"
0)
#139573
b110 0
1#
1(
#139578
1"
1)
#139580
0#
0(
#139584
0"
0)
#139587
b101 0
1#
1(
#139590
1"
1)
#139594
0#
0(
#139596
0"
0)
#139601
b100 0
1#
1(
#139602
1"
1)
#139608
0"
0)
0#
0(
#139614
1"
1)
#139615
b11 0
1#
1(
#139620
0"
0)
#139622
0#
0(
#139626
1"
1)
#139629
b10 0
1#
1(
#139632
0"
0)
#139636
0#
0(
#139638
1"
1)
#139643
b1 0
1#
1(
#139644
0"
0)
#139650
1"
1)
0#
0(
#139656
0"
0)
#139657
b0 0
1#
1(
#139662
1"
1)
#139664
0#
0(
#139668
0"
0)
#139671
b10 2
b1111 0
1#
1(
#139674
1"
1)
#139678
0#
0(
#139680
0"
0)
#139685
b1 2
b1 /
b1111110 ,
b1111110 -
b1111110 3
b1111110 .
1#
1(
#139686
b1111110 4
1"
1)
#139692
0"
0)
0#
0(
#139698
1"
1)
#139699
b1111111 ,
b1111111 -
b1111111 3
b1111111 .
b1110 0
1#
1(
#139704
0"
0)
#139706
0#
0(
#139710
b1111111 4
1"
1)
#139713
b1101 0
1#
1(
#139716
0"
0)
#139720
0#
0(
#139722
1"
1)
#139727
b1100 0
1#
1(
#139728
0"
0)
#139734
1"
1)
0#
0(
#139740
0"
0)
#139741
b1011 0
1#
1(
#139746
1"
1)
#139748
0#
0(
#139752
0"
0)
#139755
b1010 0
1#
1(
#139758
1"
1)
#139762
0#
0(
#139764
0"
0)
#139769
b1001 0
1#
1(
#139770
1"
1)
#139776
0"
0)
0#
0(
#139782
1"
1)
#139783
b1000 0
1#
1(
#139788
0"
0)
#139790
0#
0(
#139794
1"
1)
#139797
b111 0
1#
1(
#139800
0"
0)
#139804
0#
0(
#139806
1"
1)
#139811
b110 0
1#
1(
#139812
0"
0)
#139818
1"
1)
0#
0(
#139824
0"
0)
#139825
b101 0
1#
1(
#139830
1"
1)
#139832
0#
0(
#139836
0"
0)
#139839
b100 0
1#
1(
#139842
1"
1)
#139846
0#
0(
#139848
0"
0)
#139853
b11 0
1#
1(
#139854
1"
1)
#139860
0"
0)
0#
0(
#139866
1"
1)
#139867
b10 0
1#
1(
#139872
0"
0)
#139874
0#
0(
#139878
1"
1)
#139881
b1 0
1#
1(
#139884
0"
0)
#139888
0#
0(
#139890
1"
1)
#139895
b0 0
1#
1(
#139896
0"
0)
#139902
1"
1)
0#
0(
#139908
0"
0)
#139909
b10 2
b1111 0
1#
1(
#139914
1"
1)
#139916
0#
0(
#139920
0"
0)
#139923
b1 2
b0 /
b11111110 ,
b11111110 -
b11111110 3
b11111110 .
1#
1(
#139926
b11111110 4
1"
1)
#139930
0#
0(
#139932
0"
0)
#139937
b11111111 ,
b11111111 -
b11111111 3
b11111111 .
b1110 0
1#
1(
#139938
b11111111 4
1"
1)
#139944
0"
0)
0#
0(
#139950
1"
1)
#139951
b1101 0
1#
1(
#139956
0"
0)
#139958
0#
0(
#139962
1"
1)
#139965
b1100 0
1#
1(
#139968
0"
0)
#139972
0#
0(
#139974
1"
1)
#139979
b1011 0
1#
1(
#139980
0"
0)
#139986
1"
1)
0#
0(
#139992
0"
0)
#139993
b1010 0
1#
1(
#139998
1"
1)
#140000
0#
0(
#140004
0"
0)
#140007
b1001 0
1#
1(
#140010
1"
1)
#140014
0#
0(
#140016
0"
0)
#140021
b1000 0
1#
1(
#140022
1"
1)
#140028
0"
0)
0#
0(
#140034
1"
1)
#140035
b111 0
1#
1(
#140040
0"
0)
#140042
0#
0(
#140046
1"
1)
#140049
b110 0
1#
1(
#140052
0"
0)
#140056
0#
0(
#140058
1"
1)
#140063
b101 0
1#
1(
#140064
0"
0)
#140070
1"
1)
0#
0(
#140076
0"
0)
#140077
b100 0
1#
1(
#140082
1"
1)
#140084
0#
0(
#140088
0"
0)
#140091
b11 0
1#
1(
#140094
1"
1)
#140098
0#
0(
#140100
0"
0)
#140105
b10 0
1#
1(
#140106
1"
1)
#140112
0"
0)
0#
0(
#140118
1"
1)
#140119
b1 0
1#
1(
#140124
0"
0)
#140126
0#
0(
#140130
1"
1)
#140133
b0 0
1#
1(
#140136
0"
0)
#140140
0#
0(
#140142
1"
1)
#140147
b10 2
b1111 0
1#
1(
#140148
0"
0)
#140154
1"
1)
0#
0(
#140160
0"
0)
#140161
b11 2
b111 /
b11111110 ,
b11111110 -
b11111110 3
b11111110 .
1#
1(
#140166
b11111110 4
1"
1)
#140168
0#
0(
#140172
0"
0)
#140175
b100 2
1#
1(
#140178
1"
1)
#140182
0#
0(
#140184
0"
0)
#140189
0+
01
1#
1(
#140190
b1 7
1"
1)
#140196
0"
0)
0#
0(
#140202
b10 7
0!
08
0*
06
1"
1)
#140203
b0 2
1#
1(
#140208
0"
0)
#140210
0#
0(
#140214
b110 5
b11111100 4
1!
18
1"
1)
#140217
1+
11
1#
1(
#140220
0"
0)
#140224
0#
0(
#140226
b101 5
b11111000 4
1"
1)
#140231
1#
1(
#140232
0"
0)
#140238
b100 5
b11110000 4
1"
1)
0#
0(
#140244
0"
0)
#140245
1#
1(
#140250
b11 5
b11100000 4
1"
1)
#140252
0#
0(
#140256
0"
0)
#140259
1#
1(
#140262
b10 5
b11000000 4
1"
1)
#140266
0#
0(
#140268
0"
0)
#140273
1#
1(
#140274
b1 5
b10000000 4
1"
1)
#140280
0"
0)
0#
0(
#140286
b0 5
b0 4
1"
1)
#140287
1#
1(
#140292
0"
0)
#140294
0#
0(
#140298
b0 7
b111 5
0!
08
1"
1)
#140301
1#
1(
#140304
0"
0)
#140308
0#
0(
#140310
1!
18
b11111110 4
1*
16
1"
1)
#140315
1#
1(
#140316
0"
0)
#140322
1"
1)
0#
0(
#140328
0"
0)
#140329
1#
1(
#140334
1"
1)
#140336
0#
0(
#140340
0"
0)
#140343
1#
1(
#140346
1"
1)
#140350
0#
0(
#140352
0"
0)
#140357
1#
1(
#140358
1"
1)
#140364
0"
0)
0#
0(
#140370
1"
1)
#140371
1#
1(
#140376
0"
0)
#140378
0#
0(
#140382
1"
1)
#140385
1#
1(
#140388
0"
0)
#140392
0#
0(
#140394
1"
1)
#140399
1#
1(
#140400
0"
0)
#140406
1"
1)
0#
0(
#140412
0"
0)
#140413
1#
1(
#140418
1"
1)
#140420
0#
0(
#140424
0"
0)
#140427
1#
1(
#140430
1"
1)
#140434
0#
0(
#140436
0"
0)
#140441
1#
1(
#140442
1"
1)
#140448
0"
0)
0#
0(
#140454
1"
1)
#140455
1#
1(
#140460
0"
0)
#140462
0#
0(
#140466
1"
1)
#140469
1#
1(
#140472
0"
0)
#140476
0#
0(
#140478
1"
1)
#140483
1#
1(
#140484
0"
0)
#140490
1"
1)
0#
0(
#140496
0"
0)
#140497
1#
1(
#140502
1"
1)
#140504
0#
0(
#140508
0"
0)
#140511
1#
1(
#140514
1"
1)
#140518
0#
0(
#140520
0"
0)
#140525
1#
1(
#140526
1"
1)
#140532
0"
0)
0#
0(
#140538
1"
1)
#140539
1#
1(
#140544
0"
0)
#140546
0#
0(
#140550
1"
1)
#140553
1#
1(
#140556
0"
0)
#140560
0#
0(
#140562
1"
1)
#140567
1#
1(
#140568
0"
0)
#140574
1"
1)
0#
0(
#140580
0"
0)
#140581
1#
1(
#140586
1"
1)
#140588
0#
0(
#140592
0"
0)
#140595
1#
1(
#140598
1"
1)
#140602
0#
0(
#140604
0"
0)
#140609
1#
1(
#140610
1"
1)
#140616
0"
0)
0#
0(
#140622
1"
1)
#140623
1#
1(
#140628
0"
0)
#140630
0#
0(
#140634
1"
1)
#140637
1#
1(
#140640
0"
0)
#140644
0#
0(
#140646
1"
1)
#140651
1#
1(
#140652
0"
0)
#140658
1"
1)
0#
0(
#140664
0"
0)
#140665
1#
1(
#140670
1"
1)
#140672
0#
0(
#140676
0"
0)
#140679
1#
1(
#140682
1"
1)
#140686
0#
0(
#140688
0"
0)
#140693
1#
1(
#140694
1"
1)
#140700
0"
0)
0#
0(
#140706
1"
1)
#140707
1#
1(
#140712
0"
0)
#140714
0#
0(
#140718
1"
1)
#140721
1#
1(
#140724
0"
0)
#140728
0#
0(
#140730
1"
1)
#140735
1#
1(
#140736
0"
0)
#140742
1"
1)
0#
0(
#140748
0"
0)
#140749
1#
1(
#140754
1"
1)
#140756
0#
0(
#140760
0"
0)
#140763
1#
1(
#140766
1"
1)
#140770
0#
0(
#140772
0"
0)
#140777
1#
1(
#140778
1"
1)
#140784
0"
0)
0#
0(
#140790
1"
1)
#140791
1#
1(
#140796
0"
0)
#140798
0#
0(
#140802
1"
1)
#140805
1#
1(
#140808
0"
0)
#140812
0#
0(
#140814
1"
1)
#140819
1#
1(
#140820
0"
0)
#140822
0&
b0 ;
b100011100 9
b11111 :
#140826
1"
1)
0#
0(
#140832
0"
0)
#140833
b1 2
1#
1(
#140838
1"
1)
#140840
0#
0(
#140844
0"
0)
#140847
b1110 0
1#
1(
#140850
1"
1)
#140854
0#
0(
#140856
0"
0)
#140861
b1101 0
1#
1(
#140862
1"
1)
#140868
0"
0)
0#
0(
#140874
1"
1)
#140875
b1100 0
1#
1(
#140880
0"
0)
#140882
0#
0(
#140886
1"
1)
#140889
b1011 0
1#
1(
#140892
0"
0)
#140896
0#
0(
#140898
1"
1)
#140903
b1010 0
1#
1(
#140904
0"
0)
#140910
1"
1)
0#
0(
#140916
0"
0)
#140917
b1001 0
1#
1(
#140922
1"
1)
#140924
0#
0(
#140928
0"
0)
#140931
b1000 0
1#
1(
#140934
1"
1)
#140938
0#
0(
#140940
0"
0)
#140945
b111 0
1#
1(
#140946
1"
1)
#140952
0"
0)
0#
0(
#140958
1"
1)
#140959
b110 0
1#
1(
#140964
0"
0)
#140966
0#
0(
#140970
1"
1)
#140973
b101 0
1#
1(
#140976
0"
0)
#140980
0#
0(
#140982
1"
1)
#140987
b100 0
1#
1(
#140988
0"
0)
#140994
1"
1)
0#
0(
#141000
0"
0)
#141001
b11 0
1#
1(
#141006
1"
1)
#141008
0#
0(
#141012
0"
0)
#141015
b10 0
1#
1(
#141018
1"
1)
#141022
0#
0(
#141024
0"
0)
#141029
b1 0
1#
1(
#141030
1"
1)
#141036
0"
0)
0#
0(
#141042
1"
1)
#141043
b0 0
1#
1(
#141048
0"
0)
#141049
b10001110 9
b1 ;
#141050
0#
0(
#141054
1"
1)
#141057
b10 2
b1111 0
1#
1(
#141060
0"
0)
#141064
0#
0(
#141066
1"
1)
#141071
b1 2
b110 /
b11111100 ,
b11111100 -
b11111100 3
b11111100 .
1#
1(
#141072
0"
0)
#141078
b11111100 4
1"
1)
0#
0(
#141084
0"
0)
#141085
b1110 0
1#
1(
#141090
1"
1)
#141092
0#
0(
#141096
0"
0)
#141099
b1101 0
1#
1(
#141102
1"
1)
#141106
0#
0(
#141108
0"
0)
#141113
b1100 0
1#
1(
#141114
1"
1)
#141120
0"
0)
0#
0(
#141126
1"
1)
#141127
b1011 0
1#
1(
#141132
0"
0)
#141134
0#
0(
#141138
1"
1)
#141141
b1010 0
1#
1(
#141144
0"
0)
#141148
0#
0(
#141150
1"
1)
#141155
b1001 0
1#
1(
#141156
0"
0)
#141162
1"
1)
0#
0(
#141168
0"
0)
#141169
b1000 0
1#
1(
#141174
1"
1)
#141176
0#
0(
#141180
0"
0)
#141183
b111 0
1#
1(
#141186
1"
1)
#141190
0#
0(
#141192
0"
0)
#141197
b110 0
1#
1(
#141198
1"
1)
#141204
0"
0)
0#
0(
#141210
1"
1)
#141211
b101 0
1#
1(
#141216
0"
0)
#141218
0#
0(
#141222
1"
1)
#141225
b100 0
1#
1(
#141228
0"
0)
#141232
0#
0(
#141234
1"
1)
#141239
b11 0
1#
1(
#141240
0"
0)
#141246
1"
1)
0#
0(
#141252
0"
0)
#141253
b10 0
1#
1(
#141258
1"
1)
#141260
0#
0(
#141264
0"
0)
#141267
b1 0
1#
1(
#141270
1"
1)
#141274
0#
0(
#141276
0"
0)
b1000111 9
b10 ;
#141281
b0 0
1#
1(
#141282
1"
1)
#141288
0"
0)
0#
0(
#141294
1"
1)
#141295
b10 2
b1111 0
1#
1(
#141300
0"
0)
#141302
0#
0(
#141306
1"
1)
#141309
b1 2
b101 /
b11111000 ,
b11111000 -
b11111000 3
b11111000 .
1#
1(
#141312
0"
0)
#141316
0#
0(
#141318
b11111000 4
1"
1)
#141323
b1110 0
1#
1(
#141324
0"
0)
#141330
1"
1)
0#
0(
#141336
0"
0)
#141337
b1101 0
1#
1(
#141342
1"
1)
#141344
0#
0(
#141348
0"
0)
#141351
b1100 0
1#
1(
#141354
1"
1)
#141358
0#
0(
#141360
0"
0)
#141365
b1011 0
1#
1(
#141366
1"
1)
#141372
0"
0)
0#
0(
#141378
1"
1)
#141379
b1010 0
1#
1(
#141384
0"
0)
#141386
0#
0(
#141390
1"
1)
#141393
b1001 0
1#
1(
#141396
0"
0)
#141400
0#
0(
#141402
1"
1)
#141407
b1000 0
1#
1(
#141408
0"
0)
#141414
1"
1)
0#
0(
#141420
0"
0)
#141421
b111 0
1#
1(
#141426
1"
1)
#141428
0#
0(
#141432
0"
0)
#141435
b110 0
1#
1(
#141438
1"
1)
#141442
0#
0(
#141444
0"
0)
#141449
b101 0
1#
1(
#141450
1"
1)
#141456
0"
0)
0#
0(
#141462
1"
1)
#141463
b100 0
1#
1(
#141468
0"
0)
#141470
0#
0(
#141474
1"
1)
#141477
b11 0
1#
1(
#141480
0"
0)
#141484
0#
0(
#141486
1"
1)
#141491
b10 0
1#
1(
#141492
0"
0)
#141498
1"
1)
0#
0(
#141503
b100011 9
1&
b11 ;
#141504
0"
0)
#141505
b11111001 ,
b11111001 -
b11111001 3
b11111001 .
b1 0
1#
1(
#141510
b11111001 4
1"
1)
#141512
0#
0(
#141516
0"
0)
#141519
b0 0
1#
1(
#141522
1"
1)
#141526
0#
0(
#141528
0"
0)
#141533
b10 2
b1111 0
1#
1(
#141534
1"
1)
#141540
0"
0)
0#
0(
#141546
1"
1)
#141547
b1 2
b100 /
b11110010 ,
b11110010 -
b11110010 3
b11110010 .
1#
1(
#141552
0"
0)
#141554
0#
0(
#141558
b11110010 4
1"
1)
#141561
b11110011 ,
b11110011 -
b11110011 3
b11110011 .
b1110 0
1#
1(
#141564
0"
0)
#141568
0#
0(
#141570
b11110011 4
1"
1)
#141575
b1101 0
1#
1(
#141576
0"
0)
#141582
1"
1)
0#
0(
#141588
0"
0)
#141589
b1100 0
1#
1(
#141594
1"
1)
#141596
0#
0(
#141600
0"
0)
#141603
b1011 0
1#
1(
#141606
1"
1)
#141610
0#
0(
#141612
0"
0)
#141617
b1010 0
1#
1(
#141618
1"
1)
#141624
0"
0)
0#
0(
#141630
1"
1)
#141631
b1001 0
1#
1(
#141636
0"
0)
#141638
0#
0(
#141642
1"
1)
#141645
b1000 0
1#
1(
#141648
0"
0)
#141652
0#
0(
#141654
1"
1)
#141659
b111 0
1#
1(
#141660
0"
0)
#141666
1"
1)
0#
0(
#141672
0"
0)
#141673
b110 0
1#
1(
#141678
1"
1)
#141680
0#
0(
#141684
0"
0)
#141687
b101 0
1#
1(
#141690
1"
1)
#141694
0#
0(
#141696
0"
0)
#141701
b100 0
1#
1(
#141702
1"
1)
#141708
0"
0)
0#
0(
#141714
1"
1)
#141715
b11 0
1#
1(
#141720
0"
0)
#141722
0#
0(
#141726
1"
1)
#141729
b10 0
1#
1(
#141730
b10001 9
b100 ;
#141732
0"
0)
#141736
0#
0(
#141738
1"
1)
#141743
b1 0
1#
1(
#141744
0"
0)
#141750
1"
1)
0#
0(
#141756
0"
0)
#141757
b0 0
1#
1(
#141762
1"
1)
#141764
0#
0(
#141768
0"
0)
#141771
b10 2
b1111 0
1#
1(
#141774
1"
1)
#141778
0#
0(
#141780
0"
0)
#141785
b1 2
b11 /
b11100110 ,
b11100110 -
b11100110 3
b11100110 .
1#
1(
#141786
b11100110 4
1"
1)
#141792
0"
0)
0#
0(
#141798
1"
1)
#141799
b11100111 ,
b11100111 -
b11100111 3
b11100111 .
b1110 0
1#
1(
#141804
0"
0)
#141806
0#
0(
#141810
b11100111 4
1"
1)
#141813
b1101 0
1#
1(
#141816
0"
0)
#141820
0#
0(
#141822
1"
1)
#141827
b1100 0
1#
1(
#141828
0"
0)
#141834
1"
1)
0#
0(
#141840
0"
0)
#141841
b1011 0
1#
1(
#141846
1"
1)
#141848
0#
0(
#141852
0"
0)
#141855
b1010 0
1#
1(
#141858
1"
1)
#141862
0#
0(
#141864
0"
0)
#141869
b1001 0
1#
1(
#141870
1"
1)
#141876
0"
0)
0#
0(
#141882
1"
1)
#141883
b1000 0
1#
1(
#141888
0"
0)
#141890
0#
0(
#141894
1"
1)
#141897
b111 0
1#
1(
#141900
0"
0)
#141904
0#
0(
#141906
1"
1)
#141911
b110 0
1#
1(
#141912
0"
0)
#141918
1"
1)
0#
0(
#141924
0"
0)
#141925
b101 0
1#
1(
#141930
1"
1)
#141932
0#
0(
#141936
0"
0)
#141939
b100 0
1#
1(
#141942
1"
1)
#141946
0#
0(
#141948
0"
0)
#141953
b11 0
1#
1(
#141954
1"
1)
#141957
b1000 9
b101 ;
#141960
0"
0)
0#
0(
#141966
1"
1)
#141967
b10 0
1#
1(
#141972
0"
0)
#141974
0#
0(
#141978
1"
1)
#141981
b1 0
1#
1(
#141984
0"
0)
#141988
0#
0(
#141990
1"
1)
#141995
b0 0
1#
1(
#141996
0"
0)
#142002
1"
1)
0#
0(
#142008
0"
0)
#142009
b10 2
b1111 0
1#
1(
#142014
1"
1)
#142016
0#
0(
#142020
0"
0)
#142023
b1 2
b10 /
b11001110 ,
b11001110 -
b11001110 3
b11001110 .
1#
1(
#142026
b11001110 4
1"
1)
#142030
0#
0(
#142032
0"
0)
#142037
b11001111 ,
b11001111 -
b11001111 3
b11001111 .
b1110 0
1#
1(
#142038
b11001111 4
1"
1)
#142044
0"
0)
0#
0(
#142050
1"
1)
#142051
b1101 0
1#
1(
#142056
0"
0)
#142058
0#
0(
#142062
1"
1)
#142065
b1100 0
1#
1(
#142068
0"
0)
#142072
0#
0(
#142074
1"
1)
#142079
b1011 0
1#
1(
#142080
0"
0)
#142086
1"
1)
0#
0(
#142092
0"
0)
#142093
b1010 0
1#
1(
#142098
1"
1)
#142100
0#
0(
#142104
0"
0)
#142107
b1001 0
1#
1(
#142110
1"
1)
#142114
0#
0(
#142116
0"
0)
#142121
b1000 0
1#
1(
#142122
1"
1)
#142128
0"
0)
0#
0(
#142134
1"
1)
#142135
b111 0
1#
1(
#142140
0"
0)
#142142
0#
0(
#142146
1"
1)
#142149
b110 0
1#
1(
#142152
0"
0)
#142156
0#
0(
#142158
1"
1)
#142163
b101 0
1#
1(
#142164
0"
0)
#142170
1"
1)
0#
0(
#142176
0"
0)
#142177
b100 0
1#
1(
#142182
1"
1)
#142184
0#
0(
b100 9
0&
b110 ;
#142188
0"
0)
#142191
b11001110 ,
b11001110 -
b11001110 3
b11001110 .
b11 0
1#
1(
#142194
b11001110 4
1"
1)
#142198
0#
0(
#142200
0"
0)
#142205
b10 0
1#
1(
#142206
1"
1)
#142212
0"
0)
0#
0(
#142218
1"
1)
#142219
b1 0
1#
1(
#142224
0"
0)
#142226
0#
0(
#142230
1"
1)
#142233
b0 0
1#
1(
#142236
0"
0)
#142240
0#
0(
#142242
1"
1)
#142247
b10 2
b1111 0
1#
1(
#142248
0"
0)
#142254
1"
1)
0#
0(
#142260
0"
0)
#142261
b1 2
b1 /
b10011100 ,
b10011100 -
b10011100 3
b10011100 .
1#
1(
#142266
b10011100 4
1"
1)
#142268
0#
0(
#142272
0"
0)
#142275
b1110 0
1#
1(
#142278
1"
1)
#142282
0#
0(
#142284
0"
0)
#142289
b1101 0
1#
1(
#142290
1"
1)
#142296
0"
0)
0#
0(
#142302
1"
1)
#142303
b1100 0
1#
1(
#142308
0"
0)
#142310
0#
0(
#142314
1"
1)
#142317
b1011 0
1#
1(
#142320
0"
0)
#142324
0#
0(
#142326
1"
1)
#142331
b1010 0
1#
1(
#142332
0"
0)
#142338
1"
1)
0#
0(
#142344
0"
0)
#142345
b1001 0
1#
1(
#142350
1"
1)
#142352
0#
0(
#142356
0"
0)
#142359
b1000 0
1#
1(
#142362
1"
1)
#142366
0#
0(
#142368
0"
0)
#142373
b111 0
1#
1(
#142374
1"
1)
#142380
0"
0)
0#
0(
#142386
1"
1)
#142387
b110 0
1#
1(
#142392
0"
0)
#142394
0#
0(
#142398
1"
1)
#142401
b101 0
1#
1(
#142404
0"
0)
#142408
0#
0(
#142410
1"
1)
#142411
b10 9
b111 ;
#142415
b100 0
1#
1(
#142416
0"
0)
#142422
1"
1)
0#
0(
#142428
0"
0)
#142429
b11 0
1#
1(
#142434
1"
1)
#142436
0#
0(
#142440
0"
0)
#142443
b10 0
1#
1(
#142446
1"
1)
#142450
0#
0(
#142452
0"
0)
#142457
b1 0
1#
1(
#142458
1"
1)
#142464
0"
0)
0#
0(
#142470
1"
1)
#142471
b0 0
1#
1(
#142476
0"
0)
#142478
0#
0(
#142482
1"
1)
#142485
b10 2
b1111 0
1#
1(
#142488
0"
0)
#142492
0#
0(
#142494
1"
1)
#142499
b1 2
b0 /
b111000 ,
b111000 -
b111000 3
b111000 .
1#
1(
#142500
0"
0)
#142506
b111000 4
1"
1)
0#
0(
#142512
0"
0)
#142513
b1110 0
1#
1(
#142518
1"
1)
#142520
0#
0(
#142524
0"
0)
#142527
b1101 0
1#
1(
#142530
1"
1)
#142534
0#
0(
#142536
0"
0)
#142541
b1100 0
1#
1(
#142542
1"
1)
#142548
0"
0)
0#
0(
#142554
1"
1)
#142555
b1011 0
1#
1(
#142560
0"
0)
#142562
0#
0(
#142566
1"
1)
#142569
b1010 0
1#
1(
#142572
0"
0)
#142576
0#
0(
#142578
1"
1)
#142583
b1001 0
1#
1(
#142584
0"
0)
#142590
1"
1)
0#
0(
#142596
0"
0)
#142597
b1000 0
1#
1(
#142602
1"
1)
#142604
0#
0(
#142608
0"
0)
#142611
b111 0
1#
1(
#142614
1"
1)
#142618
0#
0(
#142620
0"
0)
#142625
b110 0
1#
1(
#142626
1"
1)
#142632
0"
0)
0#
0(
#142638
1"
1)
b1 9
b1000 ;
#142639
b101 0
1#
1(
#142644
0"
0)
#142646
0#
0(
#142650
1"
1)
#142653
b100 0
1#
1(
#142656
0"
0)
#142660
0#
0(
#142662
1"
1)
#142667
b11 0
1#
1(
#142668
0"
0)
#142674
1"
1)
0#
0(
#142680
0"
0)
#142681
b10 0
1#
1(
#142686
1"
1)
#142688
0#
0(
#142692
0"
0)
#142695
b1 0
1#
1(
#142698
1"
1)
#142702
0#
0(
#142704
0"
0)
#142709
b0 0
1#
1(
#142710
1"
1)
#142716
0"
0)
0#
0(
#142722
1"
1)
#142723
b10 2
b1111 0
1#
1(
#142728
0"
0)
#142730
0#
0(
#142734
1"
1)
#142737
b11 2
b111 /
b1110000 ,
b1110000 -
b1110000 3
b1110000 .
1#
1(
#142740
0"
0)
#142744
0#
0(
#142746
b1110000 4
1"
1)
#142751
b100 2
1#
1(
#142752
0"
0)
#142758
1"
1)
0#
0(
#142764
0"
0)
#142765
0+
01
1#
1(
#142770
b1 7
1"
1)
#142772
0#
0(
#142776
0"
0)
#142779
1#
1(
#142782
b10 7
0!
08
0*
06
1"
1)
#142786
0#
0(
#142788
0"
0)
#142793
b0 2
1#
1(
#142794
b110 5
b11100000 4
1"
1)
#142800
0"
0)
0#
0(
#142806
b101 5
b11000000 4
1!
18
1"
1)
#142807
b1 2
1+
11
1#
1(
#142812
0"
0)
#142814
0#
0(
#142818
b100 5
b10000000 4
1"
1)
#142821
b1110 0
1#
1(
#142824
0"
0)
#142828
0#
0(
#142830
b11 5
b0 4
1"
1)
#142835
b1101 0
1#
1(
#142836
0"
0)
#142842
b10 5
0!
08
1"
1)
0#
0(
#142848
0"
0)
#142849
b1100 0
1#
1(
#142854
b1 5
1"
1)
#142856
0#
0(
#142860
0"
0)
#142863
b1011 0
1#
1(
#142865
b0 9
1&
b1001 ;
#142866
b0 5
1"
1)
#142870
0#
0(
#142872
0"
0)
#142877
b1110001 ,
b1110001 -
b1110001 3
b1110001 .
b1010 0
1#
1(
#142878
b0 7
b111 5
1"
1)
#142884
0"
0)
0#
0(
#142890
1!
18
b1110001 4
1*
16
1"
1)
#142891
b1001 0
1#
1(
#142896
0"
0)
#142898
0#
0(
#142902
1"
1)
#142905
b1000 0
1#
1(
#142908
0"
0)
#142912
0#
0(
#142914
1"
1)
#142919
b111 0
1#
1(
#142920
0"
0)
#142926
1"
1)
0#
0(
#142932
0"
0)
#142933
b110 0
1#
1(
#142938
1"
1)
#142940
0#
0(
#142944
0"
0)
#142947
b101 0
1#
1(
#142950
1"
1)
#142954
0#
0(
#142956
0"
0)
#142961
b100 0
1#
1(
#142962
1"
1)
#142968
0"
0)
0#
0(
#142974
1"
1)
#142975
b11 0
1#
1(
#142980
0"
0)
#142982
0#
0(
#142986
1"
1)
#142989
b10 0
1#
1(
#142992
0"
0)
#142996
0#
0(
#142998
1"
1)
#143003
b1 0
1#
1(
#143004
0"
0)
#143010
1"
1)
0#
0(
#143016
0"
0)
#143017
b0 0
1#
1(
#143022
1"
1)
#143024
0#
0(
#143028
0"
0)
#143031
b10 2
b1111 0
1#
1(
#143034
1"
1)
#143038
0#
0(
#143040
0"
0)
#143045
b1 2
b110 /
b11100010 ,
b11100010 -
b11100010 3
b11100010 .
1#
1(
#143046
b11100010 4
1"
1)
#143052
0"
0)
0#
0(
#143058
1"
1)
#143059
b11100011 ,
b11100011 -
b11100011 3
b11100011 .
b1110 0
1#
1(
#143064
0"
0)
#143066
0#
0(
#143070
b11100011 4
1"
1)
#143073
b1101 0
1#
1(
#143076
0"
0)
#143080
0#
0(
#143082
1"
1)
#143087
b1100 0
1#
1(
#143088
0"
0)
#143092
b1010 ;
#143094
1"
1)
0#
0(
#143100
0"
0)
#143101
b1011 0
1#
1(
#143106
1"
1)
#143108
0#
0(
#143112
0"
0)
#143115
b1010 0
1#
1(
#143118
1"
1)
#143122
0#
0(
#143124
0"
0)
#143129
b1001 0
1#
1(
#143130
1"
1)
#143136
0"
0)
0#
0(
#143142
1"
1)
#143143
b1000 0
1#
1(
#143148
0"
0)
#143150
0#
0(
#143154
1"
1)
#143157
b111 0
1#
1(
#143160
0"
0)
#143164
0#
0(
#143166
1"
1)
#143171
b110 0
1#
1(
#143172
0"
0)
#143178
1"
1)
0#
0(
#143184
0"
0)
#143185
b101 0
1#
1(
#143190
1"
1)
#143192
0#
0(
#143196
0"
0)
#143199
b100 0
1#
1(
#143202
1"
1)
#143206
0#
0(
#143208
0"
0)
#143213
b11 0
1#
1(
#143214
1"
1)
#143220
0"
0)
0#
0(
#143226
1"
1)
#143227
b10 0
1#
1(
#143232
0"
0)
#143234
0#
0(
#143238
1"
1)
#143241
b1 0
1#
1(
#143244
0"
0)
#143248
0#
0(
#143250
1"
1)
#143255
b0 0
1#
1(
#143256
0"
0)
#143262
1"
1)
0#
0(
#143268
0"
0)
#143269
b10 2
b1111 0
1#
1(
#143274
1"
1)
#143276
0#
0(
#143280
0"
0)
#143283
b1 2
b101 /
b11000110 ,
b11000110 -
b11000110 3
b11000110 .
1#
1(
#143286
b11000110 4
1"
1)
#143290
0#
0(
#143292
0"
0)
#143297
b11000111 ,
b11000111 -
b11000111 3
b11000111 .
b1110 0
1#
1(
#143298
b11000111 4
1"
1)
#143304
0"
0)
0#
0(
#143310
1"
1)
#143311
b1101 0
1#
1(
#143316
0"
0)
#143318
0#
0(
#143322
1"
1)
#143325
b1100 0
1#
1(
#143328
0"
0)
#143332
0#
0(
#143334
1"
1)
#143339
b1011 0
1#
1(
#143340
0"
0)
#143346
1"
1)
0#
0(
#143352
0"
0)
#143353
b1010 0
1#
1(
#143358
1"
1)
#143360
0#
0(
#143364
0"
0)
#143367
b1001 0
1#
1(
#143370
1"
1)
#143374
0#
0(
#143376
0"
0)
#143381
b1000 0
1#
1(
#143382
1"
1)
#143388
0"
0)
0#
0(
#143394
1"
1)
#143395
b111 0
1#
1(
#143400
0"
0)
#143402
0#
0(
#143406
1"
1)
#143409
b110 0
1#
1(
#143412
0"
0)
#143416
0#
0(
#143418
1"
1)
#143423
b101 0
1#
1(
#143424
0"
0)
#143430
1"
1)
0#
0(
#143436
0"
0)
#143437
b100 0
1#
1(
#143442
1"
1)
#143444
0#
0(
#143448
0"
0)
#143451
b11 0
1#
1(
#143454
1"
1)
#143458
0#
0(
#143460
0"
0)
#143465
b10 0
1#
1(
#143466
1"
1)
#143472
0"
0)
0#
0(
#143478
1"
1)
#143479
b1 0
1#
1(
#143484
0"
0)
#143486
0#
0(
#143490
1"
1)
#143493
b0 0
1#
1(
#143496
0"
0)
#143500
0#
0(
#143502
1"
1)
#143507
b10 2
b1111 0
1#
1(
#143508
0"
0)
#143514
1"
1)
0#
0(
#143520
0"
0)
#143521
b1 2
b100 /
b10001110 ,
b10001110 -
b10001110 3
b10001110 .
1#
1(
#143526
b10001110 4
1"
1)
#143528
0#
0(
#143532
0"
0)
#143535
b10001111 ,
b10001111 -
b10001111 3
b10001111 .
b1110 0
1#
1(
#143538
b10001111 4
1"
1)
#143542
0#
0(
#143544
0"
0)
#143549
b1101 0
1#
1(
#143550
1"
1)
#143556
0"
0)
0#
0(
#143562
1"
1)
#143563
b1100 0
1#
1(
#143568
0"
0)
#143570
0#
0(
#143574
1"
1)
#143577
b1011 0
1#
1(
#143580
0"
0)
#143584
0#
0(
#143586
1"
1)
#143591
b1010 0
1#
1(
#143592
0"
0)
#143598
1"
1)
0#
0(
#143604
0"
0)
#143605
b1001 0
1#
1(
#143610
1"
1)
#143612
0#
0(
#143616
0"
0)
#143619
b1000 0
1#
1(
#143622
1"
1)
#143626
0#
0(
#143628
0"
0)
#143633
b111 0
1#
1(
#143634
1"
1)
#143640
0"
0)
0#
0(
#143646
1"
1)
#143647
b110 0
1#
1(
#143652
0"
0)
#143654
0#
0(
#143658
1"
1)
#143661
b101 0
1#
1(
#143664
0"
0)
#143668
0#
0(
#143670
1"
1)
#143675
b100 0
1#
1(
#143676
0"
0)
#143682
1"
1)
0#
0(
#143688
0"
0)
#143689
b11 0
1#
1(
#143694
1"
1)
#143696
0#
0(
#143700
0"
0)
#143703
b10 0
1#
1(
#143706
1"
1)
#143710
0#
0(
#143712
0"
0)
#143717
b1 0
1#
1(
#143718
1"
1)
#143724
0"
0)
0#
0(
#143730
1"
1)
#143731
b0 0
1#
1(
#143736
0"
0)
#143738
0#
0(
#143742
1"
1)
#143745
b10 2
b1111 0
1#
1(
#143748
0"
0)
#143752
0#
0(
#143754
1"
1)
#143759
b1 2
b11 /
b11110 ,
b11110 -
b11110 3
b11110 .
1#
1(
#143760
0"
0)
#143766
b11110 4
1"
1)
0#
0(
#143772
0"
0)
#143773
b11111 ,
b11111 -
b11111 3
b11111 .
b1110 0
1#
1(
#143778
b11111 4
1"
1)
#143780
0#
0(
#143784
0"
0)
#143787
b1101 0
1#
1(
#143790
1"
1)
#143794
0#
0(
#143796
0"
0)
#143801
b1100 0
1#
1(
#143802
1"
1)
#143808
0"
0)
0#
0(
#143814
1"
1)
#143815
b1011 0
1#
1(
#143820
0"
0)
#143822
0#
0(
#143826
1"
1)
#143829
b1010 0
1#
1(
#143832
0"
0)
#143836
0#
0(
#143838
1"
1)
#143843
b1001 0
1#
1(
#143844
0"
0)
#143850
1"
1)
0#
0(
#143856
0"
0)
#143857
b1000 0
1#
1(
#143862
1"
1)
#143864
0#
0(
#143868
0"
0)
#143871
b111 0
1#
1(
#143874
1"
1)
#143878
0#
0(
#143880
0"
0)
#143885
b110 0
1#
1(
#143886
1"
1)
#143892
0"
0)
0#
0(
#143898
1"
1)
#143899
b101 0
1#
1(
#143904
0"
0)
#143906
0#
0(
#143910
1"
1)
#143913
b100 0
1#
1(
#143916
0"
0)
#143920
0#
0(
#143922
1"
1)
#143927
b11 0
1#
1(
#143928
0"
0)
#143934
1"
1)
0#
0(
#143940
0"
0)
#143941
b10 0
1#
1(
#143946
1"
1)
#143948
0#
0(
#143952
0"
0)
#143955
b1 0
1#
1(
#143958
1"
1)
#143962
0#
0(
#143964
0"
0)
#143969
b0 0
1#
1(
#143970
1"
1)
#143976
0"
0)
0#
0(
#143982
1"
1)
#143983
b10 2
b1111 0
1#
1(
#143988
0"
0)
#143990
0#
0(
#143994
1"
1)
#143997
b1 2
b10 /
b111110 ,
b111110 -
b111110 3
b111110 .
1#
1(
#144000
0"
0)
#144004
0#
0(
#144006
b111110 4
1"
1)
#144011
b111111 ,
b111111 -
b111111 3
b111111 .
b1110 0
1#
1(
#144012
0"
0)
#144018
b111111 4
1"
1)
0#
0(
#144024
0"
0)
#144025
b1101 0
1#
1(
#144030
1"
1)
#144032
0#
0(
#144036
0"
0)
#144039
b1100 0
1#
1(
#144042
1"
1)
#144046
0#
0(
#144048
0"
0)
#144053
b1011 0
1#
1(
#144054
1"
1)
#144060
0"
0)
0#
0(
#144066
1"
1)
#144067
b1010 0
1#
1(
#144072
0"
0)
#144074
0#
0(
#144078
1"
1)
#144081
b1001 0
1#
1(
#144084
0"
0)
#144088
0#
0(
#144090
1"
1)
#144095
b1000 0
1#
1(
#144096
0"
0)
#144102
1"
1)
0#
0(
#144108
0"
0)
#144109
b111 0
1#
1(
#144114
1"
1)
#144116
0#
0(
#144120
0"
0)
#144123
b110 0
1#
1(
#144126
1"
1)
#144130
0#
0(
#144132
0"
0)
#144137
b101 0
1#
1(
#144138
1"
1)
#144144
0"
0)
0#
0(
#144150
1"
1)
#144151
b100 0
1#
1(
#144156
0"
0)
#144158
0#
0(
#144162
1"
1)
#144165
b11 0
1#
1(
#144168
0"
0)
#144172
0#
0(
#144174
1"
1)
#144179
b10 0
1#
1(
#144180
0"
0)
#144186
1"
1)
0#
0(
#144192
0"
0)
#144193
b1 0
1#
1(
#144198
1"
1)
#144200
0#
0(
#144204
0"
0)
#144207
b0 0
1#
1(
#144210
1"
1)
#144214
0#
0(
#144216
0"
0)
#144221
b10 2
b1111 0
1#
1(
#144222
1"
1)
#144228
0"
0)
0#
0(
#144234
1"
1)
#144235
b1 2
b1 /
b1111110 ,
b1111110 -
b1111110 3
b1111110 .
1#
1(
#144240
0"
0)
#144242
0#
0(
#144246
b1111110 4
1"
1)
#144249
b1111111 ,
b1111111 -
b1111111 3
b1111111 .
b1110 0
1#
1(
#144252
0"
0)
#144256
0#
0(
#144258
b1111111 4
1"
1)
#144263
b1101 0
1#
1(
#144264
0"
0)
#144270
1"
1)
0#
0(
#144276
0"
0)
#144277
b1100 0
1#
1(
#144282
1"
1)
#144284
0#
0(
#144288
0"
0)
#144291
b1011 0
1#
1(
#144294
1"
1)
#144298
0#
0(
#144300
0"
0)
#144305
b1010 0
1#
1(
#144306
1"
1)
#144312
0"
0)
0#
0(
#144318
1"
1)
#144319
b1001 0
1#
1(
#144324
0"
0)
#144326
0#
0(
#144330
1"
1)
#144333
b1000 0
1#
1(
#144336
0"
0)
#144340
0#
0(
#144342
1"
1)
#144347
b111 0
1#
1(
#144348
0"
0)
#144354
1"
1)
0#
0(
#144360
0"
0)
#144361
b110 0
1#
1(
#144366
1"
1)
#144368
0#
0(
#144372
0"
0)
#144375
b101 0
1#
1(
#144378
1"
1)
#144382
0#
0(
#144384
0"
0)
#144389
b100 0
1#
1(
#144390
1"
1)
#144396
0"
0)
0#
0(
#144402
1"
1)
#144403
b11 0
1#
1(
#144408
0"
0)
#144410
0#
0(
#144414
1"
1)
#144417
b10 0
1#
1(
#144420
0"
0)
#144424
0#
0(
#144426
1"
1)
#144431
b1 0
1#
1(
#144432
0"
0)
#144438
1"
1)
0#
0(
#144444
0"
0)
#144445
b0 0
1#
1(
#144450
1"
1)
#144452
0#
0(
#144456
0"
0)
#144459
b10 2
b1111 0
1#
1(
#144462
1"
1)
#144466
0#
0(
#144468
0"
0)
#144473
b1 2
b0 /
b11111110 ,
b11111110 -
b11111110 3
b11111110 .
1#
1(
#144474
b11111110 4
1"
1)
#144480
0"
0)
0#
0(
#144486
1"
1)
#144487
b11111111 ,
b11111111 -
b11111111 3
b11111111 .
b1110 0
1#
1(
#144492
0"
0)
#144494
0#
0(
#144498
b11111111 4
1"
1)
#144501
b1101 0
1#
1(
#144504
0"
0)
#144508
0#
0(
#144510
1"
1)
#144515
b1100 0
1#
1(
#144516
0"
0)
#144522
1"
1)
0#
0(
#144528
0"
0)
#144529
b1011 0
1#
1(
#144534
1"
1)
#144536
0#
0(
#144540
0"
0)
#144543
b1010 0
1#
1(
#144546
1"
1)
#144550
0#
0(
#144552
0"
0)
#144557
b1001 0
1#
1(
#144558
1"
1)
#144564
0"
0)
0#
0(
#144570
1"
1)
#144571
b1000 0
1#
1(
#144576
0"
0)
#144578
0#
0(
#144582
1"
1)
#144585
b111 0
1#
1(
#144588
0"
0)
#144592
0#
0(
#144594
1"
1)
#144599
b110 0
1#
1(
#144600
0"
0)
#144606
1"
1)
0#
0(
#144612
0"
0)
#144613
b101 0
1#
1(
#144618
1"
1)
#144620
0#
0(
#144624
0"
0)
#144627
b100 0
1#
1(
#144630
1"
1)
#144634
0#
0(
#144636
0"
0)
#144641
b11 0
1#
1(
#144642
1"
1)
#144648
0"
0)
0#
0(
#144654
1"
1)
#144655
b10 0
1#
1(
#144660
0"
0)
#144662
0#
0(
#144666
1"
1)
#144669
b1 0
1#
1(
#144672
0"
0)
#144676
0#
0(
#144678
1"
1)
#144683
b0 0
1#
1(
#144684
0"
0)
#144690
1"
1)
0#
0(
#144696
0"
0)
#144697
b10 2
b1111 0
1#
1(
#144702
1"
1)
#144704
0#
0(
#144708
0"
0)
#144711
b11 2
b111 /
b11111110 ,
b11111110 -
b11111110 3
b11111110 .
1#
1(
#144714
b11111110 4
1"
1)
#144718
0#
0(
#144720
0"
0)
#144725
b100 2
1#
1(
#144726
1"
1)
#144732
0"
0)
0#
0(
#144738
1"
1)
#144739
0+
01
1#
1(
#144744
0"
0)
#144746
0#
0(
#144750
b1 7
1"
1)
#144753
1#
1(
#144756
0"
0)
#144760
0#
0(
#144762
b10 7
0!
08
0*
06
1"
1)
#144767
b0 2
1#
1(
#144768
0"
0)
#144774
b110 5
b11111100 4
1!
18
1"
1)
0#
0(
#144780
0"
0)
#144781
1+
11
1#
1(
#144786
b101 5
b11111000 4
1"
1)
#144788
0#
0(
#144792
0"
0)
#144795
1#
1(
#144798
b100 5
b11110000 4
1"
1)
#144802
0#
0(
#144804
0"
0)
#144809
1#
1(
#144810
b11 5
b11100000 4
1"
1)
#144816
0"
0)
0#
0(
#144822
b10 5
b11000000 4
1"
1)
#144823
1#
1(
#144828
0"
0)
#144830
0#
0(
#144834
b1 5
b10000000 4
1"
1)
#144837
1#
1(
#144840
0"
0)
#144844
0#
0(
#144846
b0 5
b0 4
1"
1)
#144851
1#
1(
#144852
0"
0)
#144858
b0 7
b111 5
0!
08
1"
1)
0#
0(
#144864
0"
0)
#144865
1#
1(
#144870
1!
18
b11111110 4
1*
16
1"
1)
#144872
0#
0(
#144876
0"
0)
#144879
1#
1(
#144882
1"
1)
#144886
0#
0(
#144888
0"
0)
#144893
1#
1(
#144894
1"
1)
#144900
0"
0)
0#
0(
#144906
1"
1)
#144907
1#
1(
#144912
0"
0)
#144914
0#
0(
#144918
1"
1)
#144921
1#
1(
#144924
0"
0)
#144928
0#
0(
#144930
1"
1)
#144935
1#
1(
#144936
0"
0)
#144942
1"
1)
0#
0(
#144948
0"
0)
#144949
1#
1(
#144954
1"
1)
#144956
0#
0(
#144960
0"
0)
#144963
1#
1(
#144966
1"
1)
#144970
0#
0(
#144972
0"
0)
#144977
1#
1(
#144978
1"
1)
#144984
0"
0)
0#
0(
#144990
1"
1)
#144991
1#
1(
#144996
0"
0)
#144998
0#
0(
#145002
1"
1)
#145005
1#
1(
#145008
0"
0)
#145012
0#
0(
#145014
1"
1)
#145019
1#
1(
#145020
0"
0)
#145026
1"
1)
0#
0(
#145032
0"
0)
#145033
1#
1(
#145038
1"
1)
#145040
0#
0(
#145044
0"
0)
#145047
1#
1(
#145050
1"
1)
#145054
0#
0(
#145056
0"
0)
#145061
1#
1(
#145062
1"
1)
#145068
0"
0)
0#
0(
#145074
1"
1)
#145075
1#
1(
#145080
0"
0)
#145082
0#
0(
#145086
1"
1)
#145089
1#
1(
#145092
0"
0)
#145096
0#
0(
#145098
1"
1)
#145103
1#
1(
#145104
0"
0)
#145110
1"
1)
0#
0(
#145116
0"
0)
#145117
1#
1(
#145122
1"
1)
#145124
0#
0(
#145128
0"
0)
#145131
1#
1(
#145134
1"
1)
#145138
0#
0(
#145140
0"
0)
#145145
1#
1(
#145146
1"
1)
#145152
0"
0)
0#
0(
#145158
1"
1)
#145159
1#
1(
#145164
0"
0)
#145166
0#
0(
#145170
1"
1)
#145173
1#
1(
#145176
0"
0)
#145180
0#
0(
#145182
1"
1)
#145187
1#
1(
#145188
0"
0)
#145194
1"
1)
0#
0(
#145200
0"
0)
#145201
1#
1(
#145206
1"
1)
#145208
0#
0(
#145212
0"
0)
#145215
1#
1(
#145218
1"
1)
#145222
0#
0(
#145224
0"
0)
#145229
1#
1(
#145230
1"
1)
#145236
0"
0)
0#
0(
#145242
1"
1)
#145243
1#
1(
#145248
0"
0)
#145250
0#
0(
#145254
1"
1)
#145257
1#
1(
#145260
0"
0)
#145264
0#
0(
#145266
1"
1)
#145271
1#
1(
#145272
0"
0)
#145278
1"
1)
0#
0(
#145284
0"
0)
#145285
1#
1(
#145290
1"
1)
#145292
0#
0(
#145296
0"
0)
#145299
1#
1(
#145302
1"
1)
#145306
0#
0(
#145308
0"
0)
#145313
1#
1(
#145314
1"
1)
#145320
0"
0)
0#
0(
#145326
1"
1)
#145327
1#
1(
#145332
0"
0)
#145334
0#
0(
#145338
1"
1)
#145341
1#
1(
#145344
0"
0)
#145348
0#
0(
#145350
1"
1)
#145355
1#
1(
#145356
0"
0)
#145362
1"
1)
0#
0(
#145364
b100000 :
#145368
0"
0)
#145369
1#
1(
#145374
1"
1)
#145376
0#
0(
#145380
0"
0)
#145383
1#
1(
#145384
