$date
	Sat Apr 19 23:21:35 2025
$end
$version
	Icarus Verilog
$end
$timescale
	1s
$end
$scope module CR_to_MS $end
$var wire 8 ! x [7:0] $end
$var wire 1 " sgn_x $end
$var wire 8 # abs_x [7:0] $end
$upscope $end
$scope module MS_to_CR $end
$var wire 8 $ abs_x [7:0] $end
$var wire 1 % ow $end
$var wire 1 & sgn_x $end
$var wire 8 ' x [7:0] $end
$upscope $end
$scope module comp_nat $end
$var wire 2 ( a [1:0] $end
$var wire 2 ) b [1:0] $end
$var wire 1 * min $end
$var wire 1 + eq $end
$upscope $end
$scope module diff $end
$var wire 1 , b_in $end
$var wire 8 - x [7:0] $end
$var wire 8 . y [7:0] $end
$var wire 1 / ow $end
$var wire 8 0 d [7:0] $end
$var wire 1 1 b_out $end
$upscope $end
$scope module imul $end
$var wire 1 2 sgn_m $end
$var wire 8 3 x [7:0] $end
$var wire 8 4 y [7:0] $end
$var wire 1 5 sgn_y $end
$var wire 1 6 sgn_x $end
$var wire 16 7 m [15:0] $end
$var wire 8 8 abs_y [7:0] $end
$var wire 8 9 abs_x [7:0] $end
$var wire 16 : abs_m [15:0] $end
$upscope $end
$scope module mul_add_nat $end
$var wire 2 ; c [1:0] $end
$var wire 2 < x [1:0] $end
$var wire 2 = y [1:0] $end
$var wire 4 > m [3:0] $end
$upscope $end
$scope module testbench $end
$var wire 1 ? signal $end
$var wire 1 @ ow $end
$var wire 8 A out [7:0] $end
$var wire 1 B clock $end
$var reg 1 C error $end
$var reg 1 D reset_ $end
$var reg 1 E rxd $end
$scope function get_expected $end
$upscope $end
$scope function get_x_n $end
$upscope $end
$scope module clk $end
$var wire 1 B clock $end
$var reg 1 F CLOCK $end
$upscope $end
$scope module dut $end
$var wire 1 B clock $end
$var wire 1 D reset_ $end
$var wire 1 E rxd $end
$var wire 1 ? signal $end
$var wire 1 @ ow $end
$var wire 8 G out [7:0] $end
$var wire 1 H c1 $end
$var wire 1 I c0 $end
$var wire 1 J b4 $end
$var wire 1 K b3 $end
$var wire 1 L b2 $end
$var wire 1 M b1 $end
$var wire 1 N b0 $end
$scope module PC $end
$var wire 1 B clock $end
$var wire 1 D reset_ $end
$var wire 1 H c1 $end
$var wire 1 I c0 $end
$var wire 1 J b4 $end
$var wire 1 K b3 $end
$var wire 1 L b2 $end
$var wire 1 M b1 $end
$var wire 1 N b0 $end
$var reg 3 O STAR [2:0] $end
$upscope $end
$scope module PO $end
$var wire 1 N b0 $end
$var wire 1 M b1 $end
$var wire 1 L b2 $end
$var wire 1 K b3 $end
$var wire 1 J b4 $end
$var wire 1 I c0 $end
$var wire 1 H c1 $end
$var wire 1 B clock $end
$var wire 8 P out [7:0] $end
$var wire 1 @ ow $end
$var wire 1 D reset_ $end
$var wire 1 E rxd $end
$var wire 1 ? signal $end
$var wire 1 Q sum_ow $end
$var wire 8 R sum [7:0] $end
$var reg 8 S BYTE_CURR [7:0] $end
$var reg 8 T BYTE_PREV [7:0] $end
$var reg 3 U COUNT [2:0] $end
$var reg 4 V COUNT_RXD [3:0] $end
$var reg 8 W OUT [7:0] $end
$var reg 1 X OW $end
$var reg 1 Y SIGNAL $end
$scope module ps $end
$var wire 8 Z x_curr [7:0] $end
$var wire 8 [ x_prev [7:0] $end
$var wire 8 \ s [7:0] $end
$var wire 1 Q ow $end
$scope module summ $end
$var wire 1 ] c_in $end
$var wire 1 Q ow $end
$var wire 8 ^ x [7:0] $end
$var wire 8 _ y [7:0] $end
$var wire 8 ` s [7:0] $end
$var wire 1 a c_out $end
$upscope $end
$upscope $end
$upscope $end
$upscope $end
$scope fork f $end
$scope begin out_correctness $end
$var reg 8 b byte_curr [7:0] $end
$var reg 8 c byte_prev [7:0] $end
$var reg 1 d expected_ow $end
$var reg 8 e expected_sum [7:0] $end
$var reg 6 f i [5:0] $end
$upscope $end
$scope begin transmitter $end
$var reg 4 g bit_idx [3:0] $end
$var reg 4 h bit_len [3:0] $end
$var reg 8 i byte [7:0] $end
$var reg 6 j i [5:0] $end
$upscope $end
$upscope $end
$upscope $end
$enddefinitions $end
#0
$dumpvars
bx j
bx i
bx h
bx g
bx f
bx e
xd
bx c
bx b
xa
bx `
bx _
b0 ^
0]
bx \
bx [
b0 Z
xY
xX
bx W
b0 V
b0 U
bx T
b0 S
bx R
xQ
bx P
b0 O
0N
0M
0L
0K
0J
1I
0H
bx G
0F
1E
0D
0C
0B
bx A
x@
x?
bx >
bz =
bz <
bz ;
bx :
bx 9
bx 8
bx 7
z6
z5
bz 4
bz 3
x2
x1
bx 0
x/
bz .
bz -
z,
x+
x*
bz )
bz (
bx '
z&
x%
bz $
bx #
z"
bz !
$end
#5
1N
1K
0@
0X
0?
0Y
b1 O
1B
1F
0I
0E
b1111 h
b0 g
b1110010 i
b1 j
b1110010 e
0d
b1110010 b
b1 f
b0 c
1D
#10
0B
0F
#15
b1 V
1B
1F
#20
0B
0F
#25
b10 V
1B
1F
#30
0B
0F
#35
b11 V
1B
1F
#40
0B
0F
#45
b100 V
1B
1F
#50
0B
0F
#55
b101 V
1B
1F
#60
0B
0F
#65
b110 V
1B
1F
#70
0B
0F
#75
b111 V
1B
1F
#80
0B
0F
#85
b1000 V
1B
1F
#90
0B
0F
#95
b1001 V
1B
1F
#100
0B
0F
#105
b1010 V
1B
1F
#110
0B
0F
#115
b1011 V
1B
1F
#120
0B
0F
#125
b1100 V
1B
1F
#130
0B
0F
#135
b1101 V
1B
1F
#140
0B
0F
#145
b1110 V
1B
1F
#150
0B
0F
#155
0K
1J
b10 O
b1111 V
1B
1F
1I
1E
#160
0B
0F
#165
0N
0J
b0 V
b1 U
b0 O
1B
1F
#170
0B
0F
#175
1B
1F
#180
0B
0F
#185
1B
1F
#190
0B
0F
#195
1B
1F
#200
0B
0F
#205
1B
1F
#210
0B
0F
#215
1B
1F
#220
0B
0F
#225
1B
1F
#230
0B
0F
#235
1B
1F
#240
0B
0F
#245
1B
1F
#250
0B
0F
#255
1B
1F
#260
0B
0F
#265
1B
1F
#270
0B
0F
#275
1B
1F
#280
0B
0F
#285
1B
1F
#290
0B
0F
#295
1B
1F
#300
0B
0F
#305
1B
1F
#310
0B
0F
#315
1B
1F
#320
0B
0F
#325
1B
1F
#330
0B
0F
#335
1B
1F
#340
0B
0F
#345
1B
1F
#350
0B
0F
#355
1N
1K
b1 O
1B
1F
0I
0E
b11 h
b1 g
#360
0B
0F
#365
b1 V
1B
1F
#370
0B
0F
#375
b10 V
1B
1F
#380
0B
0F
#385
0K
1J
b11 V
b10 O
1B
1F
1I
1E
#390
0B
0F
#395
0N
0J
b0 O
b10000000 S
b10000000 Z
b10000000 ^
b10 U
b0 V
1B
1F
#400
0B
0F
#405
1B
1F
#410
0B
0F
#415
1B
1F
#420
0B
0F
#425
1B
1F
#430
0B
0F
#435
1B
1F
#440
0B
0F
#445
1B
1F
#450
0B
0F
#455
1B
1F
#460
0B
0F
#465
1B
1F
#470
0B
0F
#475
1B
1F
#480
0B
0F
#485
1B
1F
#490
0B
0F
#495
1B
1F
#500
0B
0F
#505
1B
1F
#510
0B
0F
#515
1B
1F
#520
0B
0F
#525
1B
1F
#530
0B
0F
#535
1B
1F
#540
0B
0F
#545
1B
1F
#550
0B
0F
#555
1B
1F
#560
0B
0F
#565
1B
1F
#570
0B
0F
#575
1B
1F
#580
0B
0F
#585
1N
1K
b1 O
1B
1F
0I
0E
b1100 h
b10 g
#590
0B
0F
#595
b1 V
1B
1F
#600
0B
0F
#605
b10 V
1B
1F
#610
0B
0F
#615
b11 V
1B
1F
#620
0B
0F
#625
b100 V
1B
1F
#630
0B
0F
#635
b101 V
1B
1F
#640
0B
0F
#645
b110 V
1B
1F
#650
0B
0F
#655
b111 V
1B
1F
#660
0B
0F
#665
b1000 V
1B
1F
#670
0B
0F
#675
b1001 V
1B
1F
#680
0B
0F
#685
b1010 V
1B
1F
#690
0B
0F
#695
b1011 V
1B
1F
#700
0B
0F
#705
0K
1J
b1100 V
b10 O
1B
1F
1I
1E
#710
0B
0F
#715
0N
0J
b0 O
b1000000 S
b1000000 Z
b1000000 ^
b11 U
b0 V
1B
1F
#720
0B
0F
#725
1B
1F
#730
0B
0F
#735
1B
1F
#740
0B
0F
#745
1B
1F
#750
0B
0F
#755
1B
1F
#760
0B
0F
#765
1B
1F
#770
0B
0F
#775
1B
1F
#780
0B
0F
#785
1B
1F
#790
0B
0F
#795
1B
1F
#800
0B
0F
#805
1B
1F
#810
0B
0F
#815
1B
1F
#820
0B
0F
#825
1B
1F
#830
0B
0F
#835
1B
1F
#840
0B
0F
#845
1B
1F
#850
0B
0F
#855
1B
1F
#860
0B
0F
#865
1B
1F
#870
0B
0F
#875
1B
1F
#880
0B
0F
#885
1B
1F
#890
0B
0F
#895
1B
1F
#900
0B
0F
#905
1N
1K
b1 O
1B
1F
0I
0E
b1101 h
b11 g
#910
0B
0F
#915
b1 V
1B
1F
#920
0B
0F
#925
b10 V
1B
1F
#930
0B
0F
#935
b11 V
1B
1F
#940
0B
0F
#945
b100 V
1B
1F
#950
0B
0F
#955
b101 V
1B
1F
#960
0B
0F
#965
b110 V
1B
1F
#970
0B
0F
#975
b111 V
1B
1F
#980
0B
0F
#985
b1000 V
1B
1F
#990
0B
0F
#995
b1001 V
1B
1F
#1000
0B
0F
#1005
b1010 V
1B
1F
#1010
0B
0F
#1015
b1011 V
1B
1F
#1020
0B
0F
#1025
b1100 V
1B
1F
#1030
0B
0F
#1035
0K
1J
b10 O
b1101 V
1B
1F
1I
1E
#1040
0B
0F
#1045
0N
0J
b0 V
b100 U
b100000 S
b100000 Z
b100000 ^
b0 O
1B
1F
#1050
0B
0F
#1055
1B
1F
#1060
0B
0F
#1065
1B
1F
#1070
0B
0F
#1075
1B
1F
#1080
0B
0F
#1085
1B
1F
#1090
0B
0F
#1095
1B
1F
#1100
0B
0F
#1105
1B
1F
#1110
0B
0F
#1115
1B
1F
#1120
0B
0F
#1125
1B
1F
#1130
0B
0F
#1135
1B
1F
#1140
0B
0F
#1145
1B
1F
#1150
0B
0F
#1155
1B
1F
#1160
0B
0F
#1165
1B
1F
#1170
0B
0F
#1175
1B
1F
#1180
0B
0F
#1185
1B
1F
#1190
0B
0F
#1195
1B
1F
#1200
0B
0F
#1205
1B
1F
#1210
0B
0F
#1215
1B
1F
#1220
0B
0F
#1225
1B
1F
#1230
0B
0F
#1235
1N
1K
b1 O
1B
1F
0I
0E
b110 h
b100 g
#1240
0B
0F
#1245
b1 V
1B
1F
#1250
0B
0F
#1255
b10 V
1B
1F
#1260
0B
0F
#1265
b11 V
1B
1F
#1270
0B
0F
#1275
b100 V
1B
1F
#1280
0B
0F
#1285
b101 V
1B
1F
#1290
0B
0F
#1295
0K
1J
b10 O
b110 V
1B
1F
1I
1E
#1300
0B
0F
#1305
0N
0J
b0 V
b101 U
b10010000 S
b10010000 Z
b10010000 ^
b0 O
1B
1F
#1310
0B
0F
#1315
1B
1F
#1320
0B
0F
#1325
1B
1F
#1330
0B
0F
#1335
1B
1F
#1340
0B
0F
#1345
1B
1F
#1350
0B
0F
#1355
1B
1F
#1360
0B
0F
#1365
1B
1F
#1370
0B
0F
#1375
1B
1F
#1380
0B
0F
#1385
1B
1F
#1390
0B
0F
#1395
1B
1F
#1400
0B
0F
#1405
1B
1F
#1410
0B
0F
#1415
1B
1F
#1420
0B
0F
#1425
1B
1F
#1430
0B
0F
#1435
1B
1F
#1440
0B
0F
#1445
1B
1F
#1450
0B
0F
#1455
1B
1F
#1460
0B
0F
#1465
1B
1F
#1470
0B
0F
#1475
1B
1F
#1480
0B
0F
#1485
1B
1F
#1490
0B
0F
#1495
1N
1K
b1 O
1B
1F
0I
0E
b111 h
b101 g
#1500
0B
0F
#1505
b1 V
1B
1F
#1510
0B
0F
#1515
b10 V
1B
1F
#1520
0B
0F
#1525
b11 V
1B
1F
#1530
0B
0F
#1535
b100 V
1B
1F
#1540
0B
0F
#1545
b101 V
1B
1F
#1550
0B
0F
#1555
b110 V
1B
1F
#1560
0B
0F
#1565
0K
1J
b111 V
b10 O
1B
1F
1I
1E
#1570
0B
0F
#1575
0N
0J
b0 O
b11001000 S
b11001000 Z
b11001000 ^
b110 U
b0 V
1B
1F
#1580
0B
0F
#1585
1B
1F
#1590
0B
0F
#1595
1B
1F
#1600
0B
0F
#1605
1B
1F
#1610
0B
0F
#1615
1B
1F
#1620
0B
0F
#1625
1B
1F
#1630
0B
0F
#1635
1B
1F
#1640
0B
0F
#1645
1B
1F
#1650
0B
0F
#1655
1B
1F
#1660
0B
0F
#1665
1B
1F
#1670
0B
0F
#1675
1B
1F
#1680
0B
0F
#1685
1B
1F
#1690
0B
0F
#1695
1B
1F
#1700
0B
0F
#1705
1B
1F
#1710
0B
0F
#1715
1B
1F
#1720
0B
0F
#1725
1B
1F
#1730
0B
0F
#1735
1B
1F
#1740
0B
0F
#1745
1B
1F
#1750
0B
0F
#1755
1B
1F
#1760
0B
0F
#1765
1N
1K
b1 O
1B
1F
0I
0E
b10 h
b110 g
#1770
0B
0F
#1775
b1 V
1B
1F
#1780
0B
0F
#1785
0K
1J
b10 V
b10 O
1B
1F
1I
1E
#1790
0B
0F
#1795
0N
0J
1H
b0 O
b11100100 S
b11100100 Z
b11100100 ^
b111 U
b0 V
1B
1F
#1800
0B
0F
#1805
1B
1F
#1810
0B
0F
#1815
1B
1F
#1820
0B
0F
#1825
1B
1F
#1830
0B
0F
#1835
1B
1F
#1840
0B
0F
#1845
1B
1F
#1850
0B
0F
#1855
1B
1F
#1860
0B
0F
#1865
1B
1F
#1870
0B
0F
#1875
1B
1F
#1880
0B
0F
#1885
1B
1F
#1890
0B
0F
#1895
1B
1F
#1900
0B
0F
#1905
1B
1F
#1910
0B
0F
#1915
1B
1F
#1920
0B
0F
#1925
1B
1F
#1930
0B
0F
#1935
1B
1F
#1940
0B
0F
#1945
1B
1F
#1950
0B
0F
#1955
1B
1F
#1960
0B
0F
#1965
1B
1F
#1970
0B
0F
#1975
1B
1F
#1980
0B
0F
#1985
1N
1K
b1 O
1B
1F
0I
0E
b1100 h
b111 g
#1990
0B
0F
#1995
b1 V
1B
1F
#2000
0B
0F
#2005
b10 V
1B
1F
#2010
0B
0F
#2015
b11 V
1B
1F
#2020
0B
0F
#2025
b100 V
1B
1F
#2030
0B
0F
#2035
b101 V
1B
1F
#2040
0B
0F
#2045
b110 V
1B
1F
#2050
0B
0F
#2055
b111 V
1B
1F
#2060
0B
0F
#2065
b1000 V
1B
1F
#2070
0B
0F
#2075
b1001 V
1B
1F
#2080
0B
0F
#2085
b1010 V
1B
1F
#2090
0B
0F
#2095
b1011 V
1B
1F
#2100
0B
0F
#2105
0K
1J
b1100 V
b10 O
1B
1F
1I
1E
#2110
0B
0F
#2115
1L
0J
0H
b11 O
b1110010 S
b1110010 Z
b1110010 ^
b0 U
b0 V
1B
1F
#2120
0B
0F
#2125
0N
1M
0L
b0xxx00x0 T
b0xxx00x0 [
b0xxx00x0 _
b100 O
1B
1F
#2130
0B
0F
#2135
0M
1C
b0 O
b0 S
b0 Z
b0 ^
x?
xY
x@
xX
1B
1F
#2136
0C
#2140
0B
0F
#2145
b11110111 e
b10000101 b
b10 f
b1110010 c
0@
0X
0?
0Y
1B
1F
#2150
0B
0F
#2155
1B
1F
#2160
0B
0F
#2165
1B
1F
#2170
0B
0F
#2175
1B
1F
#2180
0B
0F
#2185
1B
1F
#2190
0B
0F
#2195
1B
1F
#2200
0B
0F
#2205
1B
1F
#2210
0B
0F
#2215
1B
1F
#2220
0B
0F
#2225
1B
1F
#2230
0B
0F
#2235
1B
1F
#2240
0B
0F
#2245
1B
1F
#2250
0B
0F
#2255
1B
1F
#2260
0B
0F
#2265
1B
1F
#2270
0B
0F
#2275
1B
1F
#2280
0B
0F
#2285
1B
1F
#2290
0B
0F
#2295
1B
1F
#2300
0B
0F
#2305
1N
1K
b1 O
1B
1F
0I
0E
b110 h
b10000101 i
b10 j
b0 g
#2310
0B
0F
#2315
b1 V
1B
1F
#2320
0B
0F
#2325
b10 V
1B
1F
#2330
0B
0F
#2335
b11 V
1B
1F
#2340
0B
0F
#2345
b100 V
1B
1F
#2350
0B
0F
#2355
b101 V
1B
1F
#2360
0B
0F
#2365
0K
1J
b110 V
b10 O
1B
1F
1I
1E
#2370
0B
0F
#2375
0N
0J
b0 O
b10000000 S
b10000000 Z
b10000000 ^
b1 U
b0 V
1B
1F
#2376
0Q
#2380
0B
0F
#2385
1B
1F
#2390
0B
0F
#2395
1B
1F
#2400
0B
0F
#2405
1B
1F
#2410
0B
0F
#2415
1B
1F
#2420
0B
0F
#2425
1B
1F
#2430
0B
0F
#2435
1B
1F
#2440
0B
0F
#2445
1B
1F
#2450
0B
0F
#2455
1B
1F
#2460
0B
0F
#2465
1B
1F
#2470
0B
0F
#2475
1B
1F
#2480
0B
0F
#2485
1B
1F
#2490
0B
0F
#2495
1B
1F
#2500
0B
0F
#2505
1B
1F
#2510
0B
0F
#2515
1B
1F
#2520
0B
0F
#2525
1B
1F
#2530
0B
0F
#2535
1B
1F
#2540
0B
0F
#2545
1B
1F
#2550
0B
0F
#2555
1B
1F
#2560
0B
0F
#2565
1N
1K
b1 O
1B
1F
0I
0E
b1111 h
b1 g
#2570
0B
0F
#2575
b1 V
1B
1F
#2580
0B
0F
#2585
b10 V
1B
1F
#2590
0B
0F
#2595
b11 V
1B
1F
#2600
0B
0F
#2605
b100 V
1B
1F
#2610
0B
0F
#2615
b101 V
1B
1F
#2620
0B
0F
#2625
b110 V
1B
1F
#2630
0B
0F
#2635
b111 V
1B
1F
#2640
0B
0F
#2645
b1000 V
1B
1F
#2650
0B
0F
#2655
b1001 V
1B
1F
#2660
0B
0F
#2665
b1010 V
1B
1F
#2670
0B
0F
#2675
b1011 V
1B
1F
#2680
0B
0F
#2685
b1100 V
1B
1F
#2690
0B
0F
#2695
b1101 V
1B
1F
#2700
0B
0F
#2705
b1110 V
1B
1F
#2710
0B
0F
#2715
0K
1J
b10 O
b1111 V
1B
1F
1I
1E
#2720
0B
0F
#2725
0N
0J
b0 V
b10 U
b1000000 S
b1000000 Z
b1000000 ^
b0 O
1B
1F
#2726
xQ
#2730
0B
0F
#2735
1B
1F
#2740
0B
0F
#2745
1B
1F
#2750
0B
0F
#2755
1B
1F
#2760
0B
0F
#2765
1B
1F
#2770
0B
0F
#2775
1B
1F
#2780
0B
0F
#2785
1B
1F
#2790
0B
0F
#2795
1B
1F
#2800
0B
0F
#2805
1B
1F
#2810
0B
0F
#2815
1B
1F
#2820
0B
0F
#2825
1B
1F
#2830
0B
0F
#2835
1B
1F
#2840
0B
0F
#2845
1B
1F
#2850
0B
0F
#2855
1B
1F
#2860
0B
0F
#2865
1B
1F
#2870
0B
0F
#2875
1B
1F
#2880
0B
0F
#2885
1B
1F
#2890
0B
0F
#2895
1B
1F
#2900
0B
0F
#2905
1B
1F
#2910
0B
0F
#2915
1N
1K
b1 O
1B
1F
0I
0E
b10 h
b10 g
#2920
0B
0F
#2925
b1 V
1B
1F
#2930
0B
0F
#2935
0K
1J
b10 O
b10 V
1B
1F
1I
1E
#2940
0B
0F
#2945
0N
0J
b0 V
b11 U
b10100000 S
b10100000 Z
b10100000 ^
b0 O
1B
1F
#2946
0Q
#2950
0B
0F
#2955
1B
1F
#2960
0B
0F
#2965
1B
1F
#2970
0B
0F
#2975
1B
1F
#2980
0B
0F
#2985
1B
1F
#2990
0B
0F
#2995
1B
1F
#3000
0B
0F
#3005
1B
1F
#3010
0B
0F
#3015
1B
1F
#3020
0B
0F
#3025
1B
1F
#3030
0B
0F
#3035
1B
1F
#3040
0B
0F
#3045
1B
1F
#3050
0B
0F
#3055
1B
1F
#3060
0B
0F
#3065
1B
1F
#3070
0B
0F
#3075
1B
1F
#3080
0B
0F
#3085
1B
1F
#3090
0B
0F
#3095
1B
1F
#3100
0B
0F
#3105
1B
1F
#3110
0B
0F
#3115
1B
1F
#3120
0B
0F
#3125
1B
1F
#3130
0B
0F
#3135
1N
1K
b1 O
1B
1F
0I
0E
b1100 h
b11 g
#3140
0B
0F
#3145
b1 V
1B
1F
#3150
0B
0F
#3155
b10 V
1B
1F
#3160
0B
0F
#3165
b11 V
1B
1F
#3170
0B
0F
#3175
b100 V
1B
1F
#3180
0B
0F
#3185
b101 V
1B
1F
#3190
0B
0F
#3195
b110 V
1B
1F
#3200
0B
0F
#3205
b111 V
1B
1F
#3210
0B
0F
#3215
b1000 V
1B
1F
#3220
0B
0F
#3225
b1001 V
1B
1F
#3230
0B
0F
#3235
b1010 V
1B
1F
#3240
0B
0F
#3245
b1011 V
1B
1F
#3250
0B
0F
#3255
0K
1J
b10 O
b1100 V
1B
1F
1I
1E
#3260
0B
0F
#3265
0N
0J
b0 V
b100 U
b1010000 S
b1010000 Z
b1010000 ^
b0 O
1B
1F
#3266
xQ
#3270
0B
0F
#3275
1B
1F
#3280
0B
0F
#3285
1B
1F
#3290
0B
0F
#3295
1B
1F
#3300
0B
0F
#3305
1B
1F
#3310
0B
0F
#3315
1B
1F
#3320
0B
0F
#3325
1B
1F
#3330
0B
0F
#3335
1B
1F
#3340
0B
0F
#3345
1B
1F
#3350
0B
0F
#3355
1B
1F
#3360
0B
0F
#3365
1B
1F
#3370
0B
0F
#3375
1B
1F
#3380
0B
0F
#3385
1B
1F
#3390
0B
0F
#3395
1B
1F
#3400
0B
0F
#3405
1B
1F
#3410
0B
0F
#3415
1B
1F
#3420
0B
0F
#3425
1B
1F
#3430
0B
0F
#3435
1B
1F
#3440
0B
0F
#3445
1B
1F
#3450
0B
0F
#3455
1N
1K
b1 O
1B
1F
0I
0E
b1101 h
b100 g
#3460
0B
0F
#3465
b1 V
1B
1F
#3470
0B
0F
#3475
b10 V
1B
1F
#3480
0B
0F
#3485
b11 V
1B
1F
#3490
0B
0F
#3495
b100 V
1B
1F
#3500
0B
0F
#3505
b101 V
1B
1F
#3510
0B
0F
#3515
b110 V
1B
1F
#3520
0B
0F
#3525
b111 V
1B
1F
#3530
0B
0F
#3535
b1000 V
1B
1F
#3540
0B
0F
#3545
b1001 V
1B
1F
#3550
0B
0F
#3555
b1010 V
1B
1F
#3560
0B
0F
#3565
b1011 V
1B
1F
#3570
0B
0F
#3575
b1100 V
1B
1F
#3580
0B
0F
#3585
0K
1J
b1101 V
b10 O
1B
1F
1I
1E
#3590
0B
0F
#3595
0N
0J
b0 O
b101000 S
b101000 Z
b101000 ^
b101 U
b0 V
1B
1F
#3600
0B
0F
#3605
1B
1F
#3610
0B
0F
#3615
1B
1F
#3620
0B
0F
#3625
1B
1F
#3630
0B
0F
#3635
1B
1F
#3640
0B
0F
#3645
1B
1F
#3650
0B
0F
#3655
1B
1F
#3660
0B
0F
#3665
1B
1F
#3670
0B
0F
#3675
1B
1F
#3680
0B
0F
#3685
1B
1F
#3690
0B
0F
#3695
1B
1F
#3700
0B
0F
#3705
1B
1F
#3710
0B
0F
#3715
1B
1F
#3720
0B
0F
#3725
1B
1F
#3730
0B
0F
#3735
1B
1F
#3740
0B
0F
#3745
1B
1F
#3750
0B
0F
#3755
1B
1F
#3760
0B
0F
#3765
1B
1F
#3770
0B
0F
#3775
1B
1F
#3780
0B
0F
#3785
1N
1K
b1 O
1B
1F
0I
0E
b1110 h
b101 g
#3790
0B
0F
#3795
b1 V
1B
1F
#3800
0B
0F
#3805
b10 V
1B
1F
#3810
0B
0F
#3815
b11 V
1B
1F
#3820
0B
0F
#3825
b100 V
1B
1F
#3830
0B
0F
#3835
b101 V
1B
1F
#3840
0B
0F
#3845
b110 V
1B
1F
#3850
0B
0F
#3855
b111 V
1B
1F
#3860
0B
0F
#3865
b1000 V
1B
1F
#3870
0B
0F
#3875
b1001 V
1B
1F
#3880
0B
0F
#3885
b1010 V
1B
1F
#3890
0B
0F
#3895
b1011 V
1B
1F
#3900
0B
0F
#3905
b1100 V
1B
1F
#3910
0B
0F
#3915
b1101 V
1B
1F
#3920
0B
0F
#3925
0K
1J
b1110 V
b10 O
1B
1F
1I
1E
#3930
0B
0F
#3935
0N
0J
b0 O
b10100 S
b10100 Z
b10100 ^
b110 U
b0 V
1B
1F
#3940
0B
0F
#3945
1B
1F
#3950
0B
0F
#3955
1B
1F
#3960
0B
0F
#3965
1B
1F
#3970
0B
0F
#3975
1B
1F
#3980
0B
0F
#3985
1B
1F
#3990
0B
0F
#3995
1B
1F
#4000
0B
0F
#4005
1B
1F
#4010
0B
0F
#4015
1B
1F
#4020
0B
0F
#4025
1B
1F
#4030
0B
0F
#4035
1B
1F
#4040
0B
0F
#4045
1B
1F
#4050
0B
0F
#4055
1B
1F
#4060
0B
0F
#4065
1B
1F
#4070
0B
0F
#4075
1B
1F
#4080
0B
0F
#4085
1B
1F
#4090
0B
0F
#4095
1B
1F
#4100
0B
0F
#4105
1B
1F
#4110
0B
0F
#4115
1B
1F
#4120
0B
0F
#4125
1N
1K
b1 O
1B
1F
0I
0E
b1111 h
b110 g
#4130
0B
0F
#4135
b1 V
1B
1F
#4140
0B
0F
#4145
b10 V
1B
1F
#4150
0B
0F
#4155
b11 V
1B
1F
#4160
0B
0F
#4165
b100 V
1B
1F
#4170
0B
0F
#4175
b101 V
1B
1F
#4180
0B
0F
#4185
b110 V
1B
1F
#4190
0B
0F
#4195
b111 V
1B
1F
#4200
0B
0F
#4205
b1000 V
1B
1F
#4210
0B
0F
#4215
b1001 V
1B
1F
#4220
0B
0F
#4225
b1010 V
1B
1F
#4230
0B
0F
#4235
b1011 V
1B
1F
#4240
0B
0F
#4245
b1100 V
1B
1F
#4250
0B
0F
#4255
b1101 V
1B
1F
#4260
0B
0F
#4265
b1110 V
1B
1F
#4270
0B
0F
#4275
0K
1J
b10 O
b1111 V
1B
1F
1I
1E
#4280
0B
0F
#4285
0N
0J
1H
b0 V
b111 U
b1010 S
b1010 Z
b1010 ^
b0 O
1B
1F
#4290
0B
0F
#4295
1B
1F
#4300
0B
0F
#4305
1B
1F
#4310
0B
0F
#4315
1B
1F
#4320
0B
0F
#4325
1B
1F
#4330
0B
0F
#4335
1B
1F
#4340
0B
0F
#4345
1B
1F
#4350
0B
0F
#4355
1B
1F
#4360
0B
0F
#4365
1B
1F
#4370
0B
0F
#4375
1B
1F
#4380
0B
0F
#4385
1B
1F
#4390
0B
0F
#4395
1B
1F
#4400
0B
0F
#4405
1B
1F
#4410
0B
0F
#4415
1B
1F
#4420
0B
0F
#4425
1B
1F
#4430
0B
0F
#4435
1B
1F
#4440
0B
0F
#4445
1B
1F
#4450
0B
0F
#4455
1B
1F
#4460
0B
0F
#4465
1B
1F
#4470
0B
0F
#4475
1N
1K
b1 O
1B
1F
0I
0E
b111 h
b111 g
#4480
0B
0F
#4485
b1 V
1B
1F
#4490
0B
0F
#4495
b10 V
1B
1F
#4500
0B
0F
#4505
b11 V
1B
1F
#4510
0B
0F
#4515
b100 V
1B
1F
#4520
0B
0F
#4525
b101 V
1B
1F
#4530
0B
0F
#4535
b110 V
1B
1F
#4540
0B
0F
#4545
0K
1J
b111 V
b10 O
1B
1F
1I
1E
#4550
0B
0F
#4555
1L
0J
0H
b11 O
b10000101 S
b10000101 Z
b10000101 ^
b0 U
b0 V
1B
1F
#4556
0Q
#4560
0B
0F
#4565
0N
1M
0L
b10000101 T
b10000101 [
b10000101 _
b100 O
1B
1F
#4566
b1010 R
b1010 \
b1010 `
1a
xQ
#4567
1Q
#4570
0B
0F
#4575
0M
b0 O
b0 S
b0 Z
b0 ^
b1010 A
b1010 G
b1010 P
b1010 W
1@
1X
1B
1F
#4576
b10000101 R
b10000101 \
b10000101 `
0a
0Q
#4580
0B
0F
#4585
0@
0X
b10000101 A
b10000101 G
b10000101 P
b10000101 W
1B
1F
#4590
0B
0F
#4595
1B
1F
#4600
0B
0F
#4605
1B
1F
#4610
0B
0F
#4615
1B
1F
#4620
0B
0F
#4625
1B
1F
#4630
0B
0F
#4635
1B
1F
#4640
0B
0F
#4645
1B
1F
#4650
0B
0F
#4655
1B
1F
#4660
0B
0F
#4665
1B
1F
#4670
0B
0F
#4675
1B
1F
#4680
0B
0F
#4685
1B
1F
#4690
0B
0F
#4695
1B
1F
#4700
0B
0F
#4705
1B
1F
#4710
0B
0F
#4715
1B
1F
#4720
0B
0F
#4725
1B
1F
#4730
0B
0F
#4735
1B
1F
#4740
0B
0F
#4745
1N
1K
b1 O
1B
1F
0I
0E
b1101 h
b10011000 i
b11 j
b0 g
#4750
0B
0F
#4755
b1 V
1B
1F
#4760
0B
0F
#4765
b10 V
1B
1F
#4770
0B
0F
#4775
b11 V
1B
1F
#4780
0B
0F
#4785
b100 V
1B
1F
#4790
0B
0F
#4795
b101 V
1B
1F
#4800
0B
0F
#4805
b110 V
1B
1F
#4810
0B
0F
#4815
b111 V
1B
1F
#4820
0B
0F
#4825
b1000 V
1B
1F
#4830
0B
0F
#4835
b1001 V
1B
1F
#4840
0B
0F
#4845
b1010 V
1B
1F
#4850
0B
0F
#4855
b1011 V
1B
1F
#4860
0B
0F
#4865
b1100 V
1B
1F
#4870
0B
0F
#4875
0K
1J
b10 O
b1101 V
1B
1F
1I
1E
#4880
0B
0F
#4885
0N
0J
b0 V
b1 U
b0 O
1B
1F
#4890
0B
0F
#4895
1B
1F
#4900
0B
0F
#4905
1B
1F
#4910
0B
0F
#4915
1B
1F
#4920
0B
0F
#4925
1B
1F
#4930
0B
0F
#4935
1B
1F
#4940
0B
0F
#4945
1B
1F
#4950
0B
0F
#4955
1B
1F
#4960
0B
0F
#4965
1B
1F
#4970
0B
0F
#4975
1B
1F
#4980
0B
0F
#4985
1B
1F
#4990
0B
0F
#4995
1B
1F
#5000
0B
0F
#5005
1B
1F
#5010
0B
0F
#5015
1B
1F
#5020
0B
0F
#5025
1B
1F
#5030
0B
0F
#5035
1B
1F
#5040
0B
0F
#5045
1B
1F
#5050
0B
0F
#5055
1B
1F
#5060
0B
0F
#5065
1B
1F
#5070
0B
0F
#5075
1N
1K
b1 O
1B
1F
0I
0E
b1110 h
b1 g
#5080
0B
0F
#5085
b1 V
1B
1F
#5090
0B
0F
#5095
b10 V
1B
1F
#5100
0B
0F
#5105
b11 V
1B
1F
#5110
0B
0F
#5115
b100 V
1B
1F
#5120
0B
0F
#5125
b101 V
1B
1F
#5130
0B
0F
#5135
b110 V
1B
1F
#5140
0B
0F
#5145
b111 V
1B
1F
#5150
0B
0F
#5155
b1000 V
1B
1F
#5160
0B
0F
#5165
b1001 V
1B
1F
#5170
0B
0F
#5175
b1010 V
1B
1F
#5180
0B
0F
#5185
b1011 V
1B
1F
#5190
0B
0F
#5195
b1100 V
1B
1F
#5200
0B
0F
#5205
b1101 V
1B
1F
#5210
0B
0F
#5215
0K
1J
b10 O
b1110 V
1B
1F
1I
1E
#5220
0B
0F
#5225
0N
0J
b0 V
b10 U
b0 O
1B
1F
#5230
0B
0F
#5235
1B
1F
#5240
0B
0F
#5245
1B
1F
#5250
0B
0F
#5255
1B
1F
#5260
0B
0F
#5265
1B
1F
#5270
0B
0F
#5275
1B
1F
#5280
0B
0F
#5285
1B
1F
#5290
0B
0F
#5295
1B
1F
#5300
0B
0F
#5305
1B
1F
#5310
0B
0F
#5315
1B
1F
#5320
0B
0F
#5325
1B
1F
#5330
0B
0F
#5335
1B
1F
#5340
0B
0F
#5345
1B
1F
#5350
0B
0F
#5355
1B
1F
#5360
0B
0F
#5365
1B
1F
#5370
0B
0F
#5375
1B
1F
#5380
0B
0F
#5385
1B
1F
#5390
0B
0F
#5395
1B
1F
#5400
0B
0F
#5405
1B
1F
#5410
0B
0F
#5415
1N
1K
b1 O
1B
1F
0I
0E
b1111 h
b10 g
#5420
0B
0F
#5425
b1 V
1B
1F
#5430
0B
0F
#5435
b10 V
1B
1F
#5440
0B
0F
#5445
b11 V
1B
1F
#5450
0B
0F
#5455
b100 V
1B
1F
#5460
0B
0F
#5465
b101 V
1B
1F
#5470
0B
0F
#5475
b110 V
1B
1F
#5480
0B
0F
#5485
b111 V
1B
1F
#5490
0B
0F
#5495
b1000 V
1B
1F
#5500
0B
0F
#5505
b1001 V
1B
1F
#5510
0B
0F
#5515
b1010 V
1B
1F
#5520
0B
0F
#5525
b1011 V
1B
1F
#5530
0B
0F
#5535
b1100 V
1B
1F
#5540
0B
0F
#5545
b1101 V
1B
1F
#5550
0B
0F
#5555
b1110 V
1B
1F
#5560
0B
0F
#5565
0K
1J
b1111 V
b10 O
1B
1F
1I
1E
#5570
0B
0F
#5575
0N
0J
b0 O
b11 U
b0 V
1B
1F
#5580
0B
0F
#5585
1B
1F
#5590
0B
0F
#5595
1B
1F
#5600
0B
0F
#5605
1B
1F
#5610
0B
0F
#5615
1B
1F
#5620
0B
0F
#5625
1B
1F
#5630
0B
0F
#5635
1B
1F
#5640
0B
0F
#5645
1B
1F
#5650
0B
0F
#5655
1B
1F
#5660
0B
0F
#5665
1B
1F
#5670
0B
0F
#5675
1B
1F
#5680
0B
0F
#5685
1B
1F
#5690
0B
0F
#5695
1B
1F
#5700
0B
0F
#5705
1B
1F
#5710
0B
0F
#5715
1B
1F
#5720
0B
0F
#5725
1B
1F
#5730
0B
0F
#5735
1B
1F
#5740
0B
0F
#5745
1B
1F
#5750
0B
0F
#5755
1B
1F
#5760
0B
0F
#5765
1N
1K
b1 O
1B
1F
0I
0E
b111 h
b11 g
#5770
0B
0F
#5775
b1 V
1B
1F
#5780
0B
0F
#5785
b10 V
1B
1F
#5790
0B
0F
#5795
b11 V
1B
1F
#5800
0B
0F
#5805
b100 V
1B
1F
#5810
0B
0F
#5815
b101 V
1B
1F
#5820
0B
0F
#5825
b110 V
1B
1F
#5830
0B
0F
#5835
0K
1J
b10 O
b111 V
1B
1F
1I
1E
#5840
0B
0F
#5845
0N
0J
b0 V
b100 U
b10000000 S
b10000000 Z
b10000000 ^
b0 O
1B
1F
#5846
b101 R
b101 \
b101 `
1a
#5847
1Q
#5850
0B
0F
#5855
b101 A
b101 G
b101 P
b101 W
1B
1F
#5860
0B
0F
#5865
1B
1F
#5870
0B
0F
#5875
1B
1F
#5880
0B
0F
#5885
1B
1F
#5890
0B
0F
#5895
1B
1F
#5900
0B
0F
#5905
1B
1F
#5910
0B
0F
#5915
1B
1F
#5920
0B
0F
#5925
1B
1F
#5930
0B
0F
#5935
1B
1F
#5940
0B
0F
#5945
1B
1F
#5950
0B
0F
#5955
1B
1F
#5960
0B
0F
#5965
1B
1F
#5970
0B
0F
#5975
1B
1F
#5980
0B
0F
#5985
1B
1F
#5990
0B
0F
#5995
1B
1F
#6000
0B
0F
#6005
1B
1F
#6010
0B
0F
#6015
1B
1F
#6020
0B
0F
#6025
1B
1F
#6030
0B
0F
#6035
1N
1K
b1 O
1B
1F
0I
0E
b10 h
b100 g
#6040
0B
0F
#6045
b1 V
1B
1F
#6050
0B
0F
#6055
0K
1J
b10 O
b10 V
1B
1F
1I
1E
#6060
0B
0F
#6065
0N
0J
b0 V
b101 U
b11000000 S
b11000000 Z
b11000000 ^
b0 O
1B
1F
#6066
b1000101 R
b1000101 \
b1000101 `
#6070
0B
0F
#6075
b1000101 A
b1000101 G
b1000101 P
b1000101 W
1B
1F
#6080
0B
0F
#6085
1B
1F
#6090
0B
0F
#6095
1B
1F
#6100
0B
0F
#6105
1B
1F
#6110
0B
0F
#6115
1B
1F
#6120
0B
0F
#6125
1B
1F
#6130
0B
0F
#6135
1B
1F
#6140
0B
0F
#6145
1B
1F
#6150
0B
0F
#6155
1B
1F
#6160
0B
0F
#6165
1B
1F
#6170
0B
0F
#6175
1B
1F
#6180
0B
0F
#6185
1B
1F
#6190
0B
0F
#6195
1B
1F
#6200
0B
0F
#6205
1B
1F
#6210
0B
0F
#6215
1B
1F
#6220
0B
0F
#6225
1B
1F
#6230
0B
0F
#6235
1B
1F
#6240
0B
0F
#6245
1B
1F
#6250
0B
0F
#6255
1N
1K
b1 O
1B
1F
0I
0E
b1101 h
b101 g
#6260
0B
0F
#6265
b1 V
1B
1F
#6270
0B
0F
#6275
b10 V
1B
1F
#6280
0B
0F
#6285
b11 V
1B
1F
#6290
0B
0F
#6295
b100 V
1B
1F
#6300
0B
0F
#6305
b101 V
1B
1F
#6310
0B
0F
#6315
b110 V
1B
1F
#6320
0B
0F
#6325
b111 V
1B
1F
#6330
0B
0F
#6335
b1000 V
1B
1F
#6340
0B
0F
#6345
b1001 V
1B
1F
#6350
0B
0F
#6355
b1010 V
1B
1F
#6360
0B
0F
#6365
b1011 V
1B
1F
#6370
0B
0F
#6375
b1100 V
1B
1F
#6380
0B
0F
#6385
0K
1J
b1101 V
b10 O
1B
1F
1I
1E
#6390
0B
0F
#6395
0N
0J
b0 O
b1100000 S
b1100000 Z
b1100000 ^
b110 U
b0 V
1B
1F
#6396
b11100101 R
b11100101 \
b11100101 `
0a
0Q
#6400
0B
0F
#6405
b11100101 A
b11100101 G
b11100101 P
b11100101 W
1B
1F
#6410
0B
0F
#6415
1B
1F
#6420
0B
0F
#6425
1B
1F
#6430
0B
0F
#6435
1B
1F
#6440
0B
0F
#6445
1B
1F
#6450
0B
0F
#6455
1B
1F
#6460
0B
0F
#6465
1B
1F
#6470
0B
0F
#6475
1B
1F
#6480
0B
0F
#6485
1B
1F
#6490
0B
0F
#6495
1B
1F
#6500
0B
0F
#6505
1B
1F
#6510
0B
0F
#6515
1B
1F
#6520
0B
0F
#6525
1B
1F
#6530
0B
0F
#6535
1B
1F
#6540
0B
0F
#6545
1B
1F
#6550
0B
0F
#6555
1B
1F
#6560
0B
0F
#6565
1B
1F
#6570
0B
0F
#6575
1B
1F
#6580
0B
0F
#6585
1N
1K
b1 O
1B
1F
0I
0E
b1110 h
b110 g
#6590
0B
0F
#6595
b1 V
1B
1F
#6600
0B
0F
#6605
b10 V
1B
1F
#6610
0B
0F
#6615
b11 V
1B
1F
#6620
0B
0F
#6625
b100 V
1B
1F
#6630
0B
0F
#6635
b101 V
1B
1F
#6640
0B
0F
#6645
b110 V
1B
1F
#6650
0B
0F
#6655
b111 V
1B
1F
#6660
0B
0F
#6665
b1000 V
1B
1F
#6670
0B
0F
#6675
b1001 V
1B
1F
#6680
0B
0F
#6685
b1010 V
1B
1F
#6690
0B
0F
#6695
b1011 V
1B
1F
#6700
0B
0F
#6705
b1100 V
1B
1F
#6710
0B
0F
#6715
b1101 V
1B
1F
#6720
0B
0F
#6725
0K
1J
b1110 V
b10 O
1B
1F
1I
1E
#6730
0B
0F
#6735
0N
0J
1H
b0 O
b110000 S
b110000 Z
b110000 ^
b111 U
b0 V
1B
1F
#6736
b10110101 R
b10110101 \
b10110101 `
#6740
0B
0F
#6745
b10110101 A
b10110101 G
b10110101 P
b10110101 W
1B
1F
#6750
0B
0F
#6755
1B
1F
#6760
0B
0F
#6765
1B
1F
#6770
0B
0F
#6775
1B
1F
#6780
0B
0F
#6785
1B
1F
#6790
0B
0F
#6795
1B
1F
#6800
0B
0F
#6805
1B
1F
#6810
0B
0F
#6815
1B
1F
#6820
0B
0F
#6825
1B
1F
#6830
0B
0F
#6835
1B
1F
#6840
0B
0F
#6845
1B
1F
#6850
0B
0F
#6855
1B
1F
#6860
0B
0F
#6865
1B
1F
#6870
0B
0F
#6875
1B
1F
#6880
0B
0F
#6885
1B
1F
#6890
0B
0F
#6895
1B
1F
#6900
0B
0F
#6905
1B
1F
#6910
0B
0F
#6915
1B
1F
#6920
0B
0F
#6925
1N
1K
b1 O
1B
1F
0I
0E
b101 h
b111 g
#6930
0B
0F
#6935
b1 V
1B
1F
#6940
0B
0F
#6945
b10 V
1B
1F
#6950
0B
0F
#6955
b11 V
1B
1F
#6960
0B
0F
#6965
b100 V
1B
1F
#6970
0B
0F
#6975
0K
1J
b10 O
b101 V
1B
1F
1I
1E
#6980
0B
0F
#6985
1L
0J
0H
b0 V
b0 U
b10011000 S
b10011000 Z
b10011000 ^
b11 O
1B
1F
#6986
b11101 R
b11101 \
b11101 `
1a
#6987
1Q
#6990
0B
0F
#6995
0N
1M
0L
b100 O
b0 T
b0 [
b0 _
1B
1F
#6996
b10011000 R
b10011000 \
b10011000 `
0a
0Q
#7000
0B
0F
#7005
0M
1C
1?
1Y
b10011000 A
b10011000 G
b10011000 P
b10011000 W
b0 S
b0 Z
b0 ^
b0 O
1B
1F
#7006
b0 R
b0 \
b0 `
1Q
0C
#7007
0Q
#7010
0B
0F
#7015
b11101 e
1d
b10011000 b
b11 f
b10000101 c
b0 A
b0 G
b0 P
b0 W
0?
0Y
1B
1F
#7020
0B
0F
#7025
1B
1F
#7030
0B
0F
#7035
1B
1F
#7040
0B
0F
#7045
1B
1F
#7050
0B
0F
#7055
1B
1F
#7060
0B
0F
#7065
1B
1F
#7070
0B
0F
#7075
1B
1F
#7080
0B
0F
#7085
1B
1F
#7090
0B
0F
#7095
1B
1F
#7100
0B
0F
#7105
1B
1F
#7110
0B
0F
#7115
1B
1F
#7120
0B
0F
#7125
1B
1F
#7130
0B
0F
#7135
1B
1F
#7140
0B
0F
#7145
1B
1F
#7150
0B
0F
#7155
1B
1F
#7160
0B
0F
#7165
1B
1F
#7170
0B
0F
#7175
1N
1K
b1 O
1B
1F
0I
0E
b10 h
b10101011 i
b100 j
b0 g
#7180
0B
0F
#7185
b1 V
1B
1F
#7190
0B
0F
#7195
0K
1J
b10 O
b10 V
1B
1F
1I
1E
#7200
0B
0F
#7205
0N
0J
b0 V
b1 U
b10000000 S
b10000000 Z
b10000000 ^
b0 O
1B
1F
#7206
b10000000 R
b10000000 \
b10000000 `
#7210
0B
0F
#7215
b10000000 A
b10000000 G
b10000000 P
b10000000 W
1B
1F
#7220
0B
0F
#7225
1B
1F
#7230
0B
0F
#7235
1B
1F
#7240
0B
0F
#7245
1B
1F
#7250
0B
0F
#7255
1B
1F
#7260
0B
0F
#7265
1B
1F
#7270
0B
0F
#7275
1B
1F
#7280
0B
0F
#7285
1B
1F
#7290
0B
0F
#7295
1B
1F
#7300
0B
0F
#7305
1B
1F
#7310
0B
0F
#7315
1B
1F
#7320
0B
0F
#7325
1B
1F
#7330
0B
0F
#7335
1B
1F
#7340
0B
0F
#7345
1B
1F
#7350
0B
0F
#7355
1B
1F
#7360
0B
0F
#7365
1B
1F
#7370
0B
0F
#7375
1B
1F
#7380
0B
0F
#7385
1B
1F
#7390
0B
0F
#7395
1N
1K
b1 O
1B
1F
0I
0E
b11 h
b1 g
#7400
0B
0F
#7405
b1 V
1B
1F
#7410
0B
0F
#7415
b10 V
1B
1F
#7420
0B
0F
#7425
0K
1J
b11 V
b10 O
1B
1F
1I
1E
#7430
0B
0F
#7435
0N
0J
b0 O
b11000000 S
b11000000 Z
b11000000 ^
b10 U
b0 V
1B
1F
#7436
b11000000 R
b11000000 \
b11000000 `
#7440
0B
0F
#7445
b11000000 A
b11000000 G
b11000000 P
b11000000 W
1B
1F
#7450
0B
0F
#7455
1B
1F
#7460
0B
0F
#7465
1B
1F
#7470
0B
0F
#7475
1B
1F
#7480
0B
0F
#7485
1B
1F
#7490
0B
0F
#7495
1B
1F
#7500
0B
0F
#7505
1B
1F
#7510
0B
0F
#7515
1B
1F
#7520
0B
0F
#7525
1B
1F
#7530
0B
0F
#7535
1B
1F
#7540
0B
0F
#7545
1B
1F
#7550
0B
0F
#7555
1B
1F
#7560
0B
0F
#7565
1B
1F
#7570
0B
0F
#7575
1B
1F
#7580
0B
0F
#7585
1B
1F
#7590
0B
0F
#7595
1B
1F
#7600
0B
0F
#7605
1B
1F
#7610
0B
0F
#7615
1B
1F
#7620
0B
0F
#7625
1N
1K
b1 O
1B
1F
0I
0E
b1110 h
b10 g
#7630
0B
0F
#7635
b1 V
1B
1F
#7640
0B
0F
#7645
b10 V
1B
1F
#7650
0B
0F
#7655
b11 V
1B
1F
#7660
0B
0F
#7665
b100 V
1B
1F
#7670
0B
0F
#7675
b101 V
1B
1F
#7680
0B
0F
#7685
b110 V
1B
1F
#7690
0B
0F
#7695
b111 V
1B
1F
#7700
0B
0F
#7705
b1000 V
1B
1F
#7710
0B
0F
#7715
b1001 V
1B
1F
#7720
0B
0F
#7725
b1010 V
1B
1F
#7730
0B
0F
#7735
b1011 V
1B
1F
#7740
0B
0F
#7745
b1100 V
1B
1F
#7750
0B
0F
#7755
b1101 V
1B
1F
#7760
0B
0F
#7765
0K
1J
b1110 V
b10 O
1B
1F
1I
1E
#7770
0B
0F
#7775
0N
0J
b0 O
b1100000 S
b1100000 Z
b1100000 ^
b11 U
b0 V
1B
1F
#7776
b1100000 R
b1100000 \
b1100000 `
1Q
#7777
0Q
#7780
0B
0F
#7785
b1100000 A
b1100000 G
b1100000 P
b1100000 W
1B
1F
#7790
0B
0F
#7795
1B
1F
#7800
0B
0F
#7805
1B
1F
#7810
0B
0F
#7815
1B
1F
#7820
0B
0F
#7825
1B
1F
#7830
0B
0F
#7835
1B
1F
#7840
0B
0F
#7845
1B
1F
#7850
0B
0F
#7855
1B
1F
#7860
0B
0F
#7865
1B
1F
#7870
0B
0F
#7875
1B
1F
#7880
0B
0F
#7885
1B
1F
#7890
0B
0F
#7895
1B
1F
#7900
0B
0F
#7905
1B
1F
#7910
0B
0F
#7915
1B
1F
#7920
0B
0F
#7925
1B
1F
#7930
0B
0F
#7935
1B
1F
#7940
0B
0F
#7945
1B
1F
#7950
0B
0F
#7955
1B
1F
#7960
0B
0F
#7965
1N
1K
b1 O
1B
1F
0I
0E
b101 h
b11 g
#7970
0B
0F
#7975
b1 V
1B
1F
#7980
0B
0F
#7985
b10 V
1B
1F
#7990
0B
0F
#7995
b11 V
1B
1F
#8000
0B
0F
#8005
b100 V
1B
1F
#8010
0B
0F
#8015
0K
1J
b10 O
b101 V
1B
1F
1I
1E
#8020
0B
0F
#8025
0N
0J
b0 V
b100 U
b10110000 S
b10110000 Z
b10110000 ^
b0 O
1B
1F
#8026
b10110000 R
b10110000 \
b10110000 `
#8030
0B
0F
#8035
b10110000 A
b10110000 G
b10110000 P
b10110000 W
1B
1F
#8040
0B
0F
#8045
1B
1F
#8050
0B
0F
#8055
1B
1F
#8060
0B
0F
#8065
1B
1F
#8070
0B
0F
#8075
1B
1F
#8080
0B
0F
#8085
1B
1F
#8090
0B
0F
#8095
1B
1F
#8100
0B
0F
#8105
1B
1F
#8110
0B
0F
#8115
1B
1F
#8120
0B
0F
#8125
1B
1F
#8130
0B
0F
#8135
1B
1F
#8140
0B
0F
#8145
1B
1F
#8150
0B
0F
#8155
1B
1F
#8160
0B
0F
#8165
1B
1F
#8170
0B
0F
#8175
1B
1F
#8180
0B
0F
#8185
1B
1F
#8190
0B
0F
#8195
1B
1F
#8200
0B
0F
#8205
1B
1F
#8210
0B
0F
#8215
1N
1K
b1 O
1B
1F
0I
0E
b1011 h
b100 g
#8220
0B
0F
#8225
b1 V
1B
1F
#8230
0B
0F
#8235
b10 V
1B
1F
#8240
0B
0F
#8245
b11 V
1B
1F
#8250
0B
0F
#8255
b100 V
1B
1F
#8260
0B
0F
#8265
b101 V
1B
1F
#8270
0B
0F
#8275
b110 V
1B
1F
#8280
0B
0F
#8285
b111 V
1B
1F
#8290
0B
0F
#8295
b1000 V
1B
1F
#8300
0B
0F
#8305
b1001 V
1B
1F
#8310
0B
0F
#8315
b1010 V
1B
1F
#8320
0B
0F
#8325
0K
1J
b1011 V
b10 O
1B
1F
1I
1E
#8330
0B
0F
#8335
0N
0J
b0 O
b1011000 S
b1011000 Z
b1011000 ^
b101 U
b0 V
1B
1F
#8336
b1011000 R
b1011000 \
b1011000 `
1Q
#8337
0Q
#8340
0B
0F
#8345
b1011000 A
b1011000 G
b1011000 P
b1011000 W
1B
1F
#8350
0B
0F
#8355
1B
1F
#8360
0B
0F
#8365
1B
1F
#8370
0B
0F
#8375
1B
1F
#8380
0B
0F
#8385
1B
1F
#8390
0B
0F
#8395
1B
1F
#8400
0B
0F
#8405
1B
1F
#8410
0B
0F
#8415
1B
1F
#8420
0B
0F
#8425
1B
1F
#8430
0B
0F
#8435
1B
1F
#8440
0B
0F
#8445
1B
1F
#8450
0B
0F
#8455
1B
1F
#8460
0B
0F
#8465
1B
1F
#8470
0B
0F
#8475
1B
1F
#8480
0B
0F
#8485
1B
1F
#8490
0B
0F
#8495
1B
1F
#8500
0B
0F
#8505
1B
1F
#8510
0B
0F
#8515
1B
1F
#8520
0B
0F
#8525
1N
1K
b1 O
1B
1F
0I
0E
b111 h
b101 g
#8530
0B
0F
#8535
b1 V
1B
1F
#8540
0B
0F
#8545
b10 V
1B
1F
#8550
0B
0F
#8555
b11 V
1B
1F
#8560
0B
0F
#8565
b100 V
1B
1F
#8570
0B
0F
#8575
b101 V
1B
1F
#8580
0B
0F
#8585
b110 V
1B
1F
#8590
0B
0F
#8595
0K
1J
b10 O
b111 V
1B
1F
1I
1E
#8600
0B
0F
#8605
0N
0J
b0 V
b110 U
b10101100 S
b10101100 Z
b10101100 ^
b0 O
1B
1F
#8606
b10101100 R
b10101100 \
b10101100 `
#8610
0B
0F
#8615
b10101100 A
b10101100 G
b10101100 P
b10101100 W
1B
1F
#8620
0B
0F
#8625
1B
1F
#8630
0B
0F
#8635
1B
1F
#8640
0B
0F
#8645
1B
1F
#8650
0B
0F
#8655
1B
1F
#8660
0B
0F
#8665
1B
1F
#8670
0B
0F
#8675
1B
1F
#8680
0B
0F
#8685
1B
1F
#8690
0B
0F
#8695
1B
1F
#8700
0B
0F
#8705
1B
1F
#8710
0B
0F
#8715
1B
1F
#8720
0B
0F
#8725
1B
1F
#8730
0B
0F
#8735
1B
1F
#8740
0B
0F
#8745
1B
1F
#8750
0B
0F
#8755
1B
1F
#8760
0B
0F
#8765
1B
1F
#8770
0B
0F
#8775
1B
1F
#8780
0B
0F
#8785
1B
1F
#8790
0B
0F
#8795
1N
1K
b1 O
1B
1F
0I
0E
b1101 h
b110 g
#8800
0B
0F
#8805
b1 V
1B
1F
#8810
0B
0F
#8815
b10 V
1B
1F
#8820
0B
0F
#8825
b11 V
1B
1F
#8830
0B
0F
#8835
b100 V
1B
1F
#8840
0B
0F
#8845
b101 V
1B
1F
#8850
0B
0F
#8855
b110 V
1B
1F
#8860
0B
0F
#8865
b111 V
1B
1F
#8870
0B
0F
#8875
b1000 V
1B
1F
#8880
0B
0F
#8885
b1001 V
1B
1F
#8890
0B
0F
#8895
b1010 V
1B
1F
#8900
0B
0F
#8905
b1011 V
1B
1F
#8910
0B
0F
#8915
b1100 V
1B
1F
#8920
0B
0F
#8925
0K
1J
b1101 V
b10 O
1B
1F
1I
1E
#8930
0B
0F
#8935
0N
0J
1H
b0 O
b1010110 S
b1010110 Z
b1010110 ^
b111 U
b0 V
1B
1F
#8936
b1010110 R
b1010110 \
b1010110 `
1Q
#8937
0Q
#8940
0B
0F
#8945
b1010110 A
b1010110 G
b1010110 P
b1010110 W
1B
1F
#8950
0B
0F
#8955
1B
1F
#8960
0B
0F
#8965
1B
1F
#8970
0B
0F
#8975
1B
1F
#8980
0B
0F
#8985
1B
1F
#8990
0B
0F
#8995
1B
1F
#9000
0B
0F
#9005
1B
1F
#9010
0B
0F
#9015
1B
1F
#9020
0B
0F
#9025
1B
1F
#9030
0B
0F
#9035
1B
1F
#9040
0B
0F
#9045
1B
1F
#9050
0B
0F
#9055
1B
1F
#9060
0B
0F
#9065
1B
1F
#9070
0B
0F
#9075
1B
1F
#9080
0B
0F
#9085
1B
1F
#9090
0B
0F
#9095
1B
1F
#9100
0B
0F
#9105
1B
1F
#9110
0B
0F
#9115
1B
1F
#9120
0B
0F
#9125
1N
1K
b1 O
1B
1F
0I
0E
b11 h
b111 g
#9130
0B
0F
#9135
b1 V
1B
1F
#9140
0B
0F
#9145
b10 V
1B
1F
#9150
0B
0F
#9155
0K
1J
b10 O
b11 V
1B
1F
1I
1E
#9160
0B
0F
#9165
1L
0J
0H
b0 V
b0 U
b10101011 S
b10101011 Z
b10101011 ^
b11 O
1B
1F
#9166
b10101011 R
b10101011 \
b10101011 `
#9170
0B
0F
#9175
0N
1M
0L
b100 O
b10101011 T
b10101011 [
b10101011 _
1B
1F
#9176
b1010110 R
b1010110 \
b1010110 `
1a
#9177
1Q
#9180
0B
0F
#9185
0M
1@
1X
b0 S
b0 Z
b0 ^
b0 O
1B
1F
#9186
b10101011 R
b10101011 \
b10101011 `
0a
0Q
#9190
0B
0F
#9195
b10101011 e
0d
b10101011 b
b100 f
b0 c
b10101011 A
b10101011 G
b10101011 P
b10101011 W
0@
0X
1B
1F
#9200
0B
0F
#9205
1B
1F
#9210
0B
0F
#9215
1B
1F
#9220
0B
0F
#9225
1B
1F
#9230
0B
0F
#9235
1B
1F
#9240
0B
0F
#9245
1B
1F
#9250
0B
0F
#9255
1B
1F
#9260
0B
0F
#9265
1B
1F
#9270
0B
0F
#9275
1B
1F
#9280
0B
0F
#9285
1B
1F
#9290
0B
0F
#9295
1B
1F
#9300
0B
0F
#9305
1B
1F
#9310
0B
0F
#9315
1B
1F
#9320
0B
0F
#9325
1B
1F
#9330
0B
0F
#9335
1B
1F
#9340
0B
0F
#9345
1B
1F
#9350
0B
0F
#9355
1N
1K
b1 O
1B
1F
0I
0E
b1011 h
b10111110 i
b101 j
b0 g
#9360
0B
0F
#9365
b1 V
1B
1F
#9370
0B
0F
#9375
b10 V
1B
1F
#9380
0B
0F
#9385
b11 V
1B
1F
#9390
0B
0F
#9395
b100 V
1B
1F
#9400
0B
0F
#9405
b101 V
1B
1F
#9410
0B
0F
#9415
b110 V
1B
1F
#9420
0B
0F
#9425
b111 V
1B
1F
#9430
0B
0F
#9435
b1000 V
1B
1F
#9440
0B
0F
#9445
b1001 V
1B
1F
#9450
0B
0F
#9455
b1010 V
1B
1F
#9460
0B
0F
#9465
0K
1J
b1011 V
b10 O
1B
1F
1I
1E
#9470
0B
0F
#9475
0N
0J
b0 O
b1 U
b0 V
1B
1F
#9480
0B
0F
#9485
1B
1F
#9490
0B
0F
#9495
1B
1F
#9500
0B
0F
#9505
1B
1F
#9510
0B
0F
#9515
1B
1F
#9520
0B
0F
#9525
1B
1F
#9530
0B
0F
#9535
1B
1F
#9540
0B
0F
#9545
1B
1F
#9550
0B
0F
#9555
1B
1F
#9560
0B
0F
#9565
1B
1F
#9570
0B
0F
#9575
1B
1F
#9580
0B
0F
#9585
1B
1F
#9590
0B
0F
#9595
1B
1F
#9600
0B
0F
#9605
1B
1F
#9610
0B
0F
#9615
1B
1F
#9620
0B
0F
#9625
1B
1F
#9630
0B
0F
#9635
1B
1F
#9640
0B
0F
#9645
1B
1F
#9650
0B
0F
#9655
1B
1F
#9660
0B
0F
#9665
1N
1K
b1 O
1B
1F
0I
0E
b111 h
b1 g
#9670
0B
0F
#9675
b1 V
1B
1F
#9680
0B
0F
#9685
b10 V
1B
1F
#9690
0B
0F
#9695
b11 V
1B
1F
#9700
0B
0F
#9705
b100 V
1B
1F
#9710
0B
0F
#9715
b101 V
1B
1F
#9720
0B
0F
#9725
b110 V
1B
1F
#9730
0B
0F
#9735
0K
1J
b10 O
b111 V
1B
1F
1I
1E
#9740
0B
0F
#9745
0N
0J
b0 V
b10 U
b10000000 S
b10000000 Z
b10000000 ^
b0 O
1B
1F
#9746
b101011 R
b101011 \
b101011 `
1a
#9747
1Q
#9750
0B
0F
#9755
b101011 A
b101011 G
b101011 P
b101011 W
1B
1F
#9760
0B
0F
#9765
1B
1F
#9770
0B
0F
#9775
1B
1F
#9780
0B
0F
#9785
1B
1F
#9790
0B
0F
#9795
1B
1F
#9800
0B
0F
#9805
1B
1F
#9810
0B
0F
#9815
1B
1F
#9820
0B
0F
#9825
1B
1F
#9830
0B
0F
#9835
1B
1F
#9840
0B
0F
#9845
1B
1F
#9850
0B
0F
#9855
1B
1F
#9860
0B
0F
#9865
1B
1F
#9870
0B
0F
#9875
1B
1F
#9880
0B
0F
#9885
1B
1F
#9890
0B
0F
#9895
1B
1F
#9900
0B
0F
#9905
1B
1F
#9910
0B
0F
#9915
1B
1F
#9920
0B
0F
#9925
1B
1F
#9930
0B
0F
#9935
1N
1K
b1 O
1B
1F
0I
0E
b10 h
b10 g
#9940
0B
0F
#9945
b1 V
1B
1F
#9950
0B
0F
#9955
0K
1J
b10 O
b10 V
1B
1F
1I
1E
#9960
0B
0F
#9965
0N
0J
b0 V
b11 U
b11000000 S
b11000000 Z
b11000000 ^
b0 O
1B
1F
#9966
b1101011 R
b1101011 \
b1101011 `
#9970
0B
0F
#9975
b1101011 A
b1101011 G
b1101011 P
b1101011 W
1B
1F
#9980
0B
0F
#9985
1B
1F
#9990
0B
0F
#9995
1B
1F
#10000
0B
0F
#10005
1B
1F
#10010
0B
0F
#10015
1B
1F
#10020
0B
0F
#10025
1B
1F
#10030
0B
0F
#10035
1B
1F
#10040
0B
0F
#10045
1B
1F
#10050
0B
0F
#10055
1B
1F
#10060
0B
0F
#10065
1B
1F
#10070
0B
0F
#10075
1B
1F
#10080
0B
0F
#10085
1B
1F
#10090
0B
0F
#10095
1B
1F
#10100
0B
0F
#10105
1B
1F
#10110
0B
0F
#10115
1B
1F
#10120
0B
0F
#10125
1B
1F
#10130
0B
0F
#10135
1B
1F
#10140
0B
0F
#10145
1B
1F
#10150
0B
0F
#10155
1N
1K
b1 O
1B
1F
0I
0E
b11 h
b11 g
#10160
0B
0F
#10165
b1 V
1B
1F
#10170
0B
0F
#10175
b10 V
1B
1F
#10180
0B
0F
#10185
0K
1J
b11 V
b10 O
1B
1F
1I
1E
#10190
0B
0F
#10195
0N
0J
b0 O
b11100000 S
b11100000 Z
b11100000 ^
b100 U
b0 V
1B
1F
#10196
b10001011 R
b10001011 \
b10001011 `
#10197
0Q
#10200
0B
0F
#10205
b10001011 A
b10001011 G
b10001011 P
b10001011 W
1B
1F
#10210
0B
0F
#10215
1B
1F
#10220
0B
0F
#10225
1B
1F
#10230
0B
0F
#10235
1B
1F
#10240
0B
0F
#10245
1B
1F
#10250
0B
0F
#10255
1B
1F
#10260
0B
0F
#10265
1B
1F
#10270
0B
0F
#10275
1B
1F
#10280
0B
0F
#10285
1B
1F
#10290
0B
0F
#10295
1B
1F
#10300
0B
0F
#10305
1B
1F
#10310
0B
0F
#10315
1B
1F
#10320
0B
0F
#10325
1B
1F
#10330
0B
0F
#10335
1B
1F
#10340
0B
0F
#10345
1B
1F
#10350
0B
0F
#10355
1B
1F
#10360
0B
0F
#10365
1B
1F
#10370
0B
0F
#10375
1B
1F
#10380
0B
0F
#10385
1N
1K
b1 O
1B
1F
0I
0E
b100 h
b100 g
#10390
0B
0F
#10395
b1 V
1B
1F
#10400
0B
0F
#10405
b10 V
1B
1F
#10410
0B
0F
#10415
b11 V
1B
1F
#10420
0B
0F
#10425
0K
1J
b100 V
b10 O
1B
1F
1I
1E
#10430
0B
0F
#10435
0N
0J
b0 O
b11110000 S
b11110000 Z
b11110000 ^
b101 U
b0 V
1B
1F
#10436
b10011011 R
b10011011 \
b10011011 `
#10440
0B
0F
#10445
b10011011 A
b10011011 G
b10011011 P
b10011011 W
1B
1F
#10450
0B
0F
#10455
1B
1F
#10460
0B
0F
#10465
1B
1F
#10470
0B
0F
#10475
1B
1F
#10480
0B
0F
#10485
1B
1F
#10490
0B
0F
#10495
1B
1F
#10500
0B
0F
#10505
1B
1F
#10510
0B
0F
#10515
1B
1F
#10520
0B
0F
#10525
1B
1F
#10530
0B
0F
#10535
1B
1F
#10540
0B
0F
#10545
1B
1F
#10550
0B
0F
#10555
1B
1F
#10560
0B
0F
#10565
1B
1F
#10570
0B
0F
#10575
1B
1F
#10580
0B
0F
#10585
1B
1F
#10590
0B
0F
#10595
1B
1F
#10600
0B
0F
#10605
1B
1F
#10610
0B
0F
#10615
1B
1F
#10620
0B
0F
#10625
1N
1K
b1 O
1B
1F
0I
0E
b101 h
b101 g
#10630
0B
0F
#10635
b1 V
1B
1F
#10640
0B
0F
#10645
b10 V
1B
1F
#10650
0B
0F
#10655
b11 V
1B
1F
#10660
0B
0F
#10665
b100 V
1B
1F
#10670
0B
0F
#10675
0K
1J
b10 O
b101 V
1B
1F
1I
1E
#10680
0B
0F
#10685
0N
0J
b0 V
b110 U
b11111000 S
b11111000 Z
b11111000 ^
b0 O
1B
1F
#10686
b10100011 R
b10100011 \
b10100011 `
#10690
0B
0F
#10695
b10100011 A
b10100011 G
b10100011 P
b10100011 W
1B
1F
#10700
0B
0F
#10705
1B
1F
#10710
0B
0F
#10715
1B
1F
#10720
0B
0F
#10725
1B
1F
#10730
0B
0F
#10735
1B
1F
#10740
0B
0F
#10745
1B
1F
#10750
0B
0F
#10755
1B
1F
#10760
0B
0F
#10765
1B
1F
#10770
0B
0F
#10775
1B
1F
#10780
0B
0F
#10785
1B
1F
#10790
0B
0F
#10795
1B
1F
#10800
0B
0F
#10805
1B
1F
#10810
0B
0F
#10815
1B
1F
#10820
0B
0F
#10825
1B
1F
#10830
0B
0F
#10835
1B
1F
#10840
0B
0F
#10845
1B
1F
#10850
0B
0F
#10855
1B
1F
#10860
0B
0F
#10865
1B
1F
#10870
0B
0F
#10875
1N
1K
b1 O
1B
1F
0I
0E
b1100 h
b110 g
#10880
0B
0F
#10885
b1 V
1B
1F
#10890
0B
0F
#10895
b10 V
1B
1F
#10900
0B
0F
#10905
b11 V
1B
1F
#10910
0B
0F
#10915
b100 V
1B
1F
#10920
0B
0F
#10925
b101 V
1B
1F
#10930
0B
0F
#10935
b110 V
1B
1F
#10940
0B
0F
#10945
b111 V
1B
1F
#10950
0B
0F
#10955
b1000 V
1B
1F
#10960
0B
0F
#10965
b1001 V
1B
1F
#10970
0B
0F
#10975
b1010 V
1B
1F
#10980
0B
0F
#10985
b1011 V
1B
1F
#10990
0B
0F
#10995
0K
1J
b10 O
b1100 V
1B
1F
1I
1E
#11000
0B
0F
#11005
0N
0J
1H
b0 V
b111 U
b1111100 S
b1111100 Z
b1111100 ^
b0 O
1B
1F
#11006
b100111 R
b100111 \
b100111 `
#11010
0B
0F
#11015
b100111 A
b100111 G
b100111 P
b100111 W
1B
1F
#11020
0B
0F
#11025
1B
1F
#11030
0B
0F
#11035
1B
1F
#11040
0B
0F
#11045
1B
1F
#11050
0B
0F
#11055
1B
1F
#11060
0B
0F
#11065
1B
1F
#11070
0B
0F
#11075
1B
1F
#11080
0B
0F
#11085
1B
1F
#11090
0B
0F
#11095
1B
1F
#11100
0B
0F
#11105
1B
1F
#11110
0B
0F
#11115
1B
1F
#11120
0B
0F
#11125
1B
1F
#11130
0B
0F
#11135
1B
1F
#11140
0B
0F
#11145
1B
1F
#11150
0B
0F
#11155
1B
1F
#11160
0B
0F
#11165
1B
1F
#11170
0B
0F
#11175
1B
1F
#11180
0B
0F
#11185
1B
1F
#11190
0B
0F
#11195
1N
1K
b1 O
1B
1F
0I
0E
b111 h
b111 g
#11200
0B
0F
#11205
b1 V
1B
1F
#11210
0B
0F
#11215
b10 V
1B
1F
#11220
0B
0F
#11225
b11 V
1B
1F
#11230
0B
0F
#11235
b100 V
1B
1F
#11240
0B
0F
#11245
b101 V
1B
1F
#11250
0B
0F
#11255
b110 V
1B
1F
#11260
0B
0F
#11265
0K
1J
b111 V
b10 O
1B
1F
1I
1E
#11270
0B
0F
#11275
1L
0J
0H
b11 O
b10111110 S
b10111110 Z
b10111110 ^
b0 U
b0 V
1B
1F
#11276
b1101001 R
b1101001 \
b1101001 `
1Q
#11280
0B
0F
#11285
0N
1M
0L
b0 T
b0 [
b0 _
b100 O
1B
1F
#11286
b10111110 R
b10111110 \
b10111110 `
0a
0Q
#11290
0B
0F
#11295
0M
1C
b0 O
b0 S
b0 Z
b0 ^
b10111110 A
b10111110 G
b10111110 P
b10111110 W
1?
1Y
1B
1F
#11296
b0 R
b0 \
b0 `
1Q
0C
#11297
0Q
#11300
0B
0F
#11305
b1101001 e
1d
b10111110 b
b101 f
b10101011 c
0?
0Y
b0 A
b0 G
b0 P
b0 W
1B
1F
#11310
0B
0F
#11315
1B
1F
#11320
0B
0F
#11325
1B
1F
#11330
0B
0F
#11335
1B
1F
#11340
0B
0F
#11345
1B
1F
#11350
0B
0F
#11355
1B
1F
#11360
0B
0F
#11365
1B
1F
#11370
0B
0F
#11375
1B
1F
#11380
0B
0F
#11385
1B
1F
#11390
0B
0F
#11395
1B
1F
#11400
0B
0F
#11405
1B
1F
#11410
0B
0F
#11415
1B
1F
#11420
0B
0F
#11425
1B
1F
#11430
0B
0F
#11435
1B
1F
#11440
0B
0F
#11445
1B
1F
#11450
0B
0F
#11455
1B
1F
#11460
0B
0F
#11465
1N
1K
b1 O
1B
1F
0I
0E
b100 h
b11010001 i
b110 j
b0 g
#11470
0B
0F
#11475
b1 V
1B
1F
#11480
0B
0F
#11485
b10 V
1B
1F
#11490
0B
0F
#11495
b11 V
1B
1F
#11500
0B
0F
#11505
0K
1J
b100 V
b10 O
1B
1F
1I
1E
#11510
0B
0F
#11515
0N
0J
b0 O
b10000000 S
b10000000 Z
b10000000 ^
b1 U
b0 V
1B
1F
#11516
b10000000 R
b10000000 \
b10000000 `
#11520
0B
0F
#11525
b10000000 A
b10000000 G
b10000000 P
b10000000 W
1B
1F
#11530
0B
0F
#11535
1B
1F
#11540
0B
0F
#11545
1B
1F
#11550
0B
0F
#11555
1B
1F
#11560
0B
0F
#11565
1B
1F
#11570
0B
0F
#11575
1B
1F
#11580
0B
0F
#11585
1B
1F
#11590
0B
0F
#11595
1B
1F
#11600
0B
0F
#11605
1B
1F
#11610
0B
0F
#11615
1B
1F
#11620
0B
0F
#11625
1B
1F
#11630
0B
0F
#11635
1B
1F
#11640
0B
0F
#11645
1B
1F
#11650
0B
0F
#11655
1B
1F
#11660
0B
0F
#11665
1B
1F
#11670
0B
0F
#11675
1B
1F
#11680
0B
0F
#11685
1B
1F
#11690
0B
0F
#11695
1B
1F
#11700
0B
0F
#11705
1N
1K
b1 O
1B
1F
0I
0E
b1011 h
b1 g
#11710
0B
0F
#11715
b1 V
1B
1F
#11720
0B
0F
#11725
b10 V
1B
1F
#11730
0B
0F
#11735
b11 V
1B
1F
#11740
0B
0F
#11745
b100 V
1B
1F
#11750
0B
0F
#11755
b101 V
1B
1F
#11760
0B
0F
#11765
b110 V
1B
1F
#11770
0B
0F
#11775
b111 V
1B
1F
#11780
0B
0F
#11785
b1000 V
1B
1F
#11790
0B
0F
#11795
b1001 V
1B
1F
#11800
0B
0F
#11805
b1010 V
1B
1F
#11810
0B
0F
#11815
0K
1J
b10 O
b1011 V
1B
1F
1I
1E
#11820
0B
0F
#11825
0N
0J
b0 V
b10 U
b1000000 S
b1000000 Z
b1000000 ^
b0 O
1B
1F
#11826
b1000000 R
b1000000 \
b1000000 `
1Q
#11827
0Q
#11830
0B
0F
#11835
b1000000 A
b1000000 G
b1000000 P
b1000000 W
1B
1F
#11840
0B
0F
#11845
1B
1F
#11850
0B
0F
#11855
1B
1F
#11860
0B
0F
#11865
1B
1F
#11870
0B
0F
#11875
1B
1F
#11880
0B
0F
#11885
1B
1F
#11890
0B
0F
#11895
1B
1F
#11900
0B
0F
#11905
1B
1F
#11910
0B
0F
#11915
1B
1F
#11920
0B
0F
#11925
1B
1F
#11930
0B
0F
#11935
1B
1F
#11940
0B
0F
#11945
1B
1F
#11950
0B
0F
#11955
1B
1F
#11960
0B
0F
#11965
1B
1F
#11970
0B
0F
#11975
1B
1F
#11980
0B
0F
#11985
1B
1F
#11990
0B
0F
#11995
1B
1F
#12000
0B
0F
#12005
1B
1F
#12010
0B
0F
#12015
1N
1K
b1 O
1B
1F
0I
0E
b1100 h
b10 g
#12020
0B
0F
#12025
b1 V
1B
1F
#12030
0B
0F
#12035
b10 V
1B
1F
#12040
0B
0F
#12045
b11 V
1B
1F
#12050
0B
0F
#12055
b100 V
1B
1F
#12060
0B
0F
#12065
b101 V
1B
1F
#12070
0B
0F
#12075
b110 V
1B
1F
#12080
0B
0F
#12085
b111 V
1B
1F
#12090
0B
0F
#12095
b1000 V
1B
1F
#12100
0B
0F
#12105
b1001 V
1B
1F
#12110
0B
0F
#12115
b1010 V
1B
1F
#12120
0B
0F
#12125
b1011 V
1B
1F
#12130
0B
0F
#12135
0K
1J
b10 O
b1100 V
1B
1F
1I
1E
#12140
0B
0F
#12145
0N
0J
b0 V
b11 U
b100000 S
b100000 Z
b100000 ^
b0 O
1B
1F
#12146
b100000 R
b100000 \
b100000 `
#12150
0B
0F
#12155
b100000 A
b100000 G
b100000 P
b100000 W
1B
1F
#12160
0B
0F
#12165
1B
1F
#12170
0B
0F
#12175
1B
1F
#12180
0B
0F
#12185
1B
1F
#12190
0B
0F
#12195
1B
1F
#12200
0B
0F
#12205
1B
1F
#12210
0B
0F
#12215
1B
1F
#12220
0B
0F
#12225
1B
1F
#12230
0B
0F
#12235
1B
1F
#12240
0B
0F
#12245
1B
1F
#12250
0B
0F
#12255
1B
1F
#12260
0B
0F
#12265
1B
1F
#12270
0B
0F
#12275
1B
1F
#12280
0B
0F
#12285
1B
1F
#12290
0B
0F
#12295
1B
1F
#12300
0B
0F
#12305
1B
1F
#12310
0B
0F
#12315
1B
1F
#12320
0B
0F
#12325
1B
1F
#12330
0B
0F
#12335
1N
1K
b1 O
1B
1F
0I
0E
b1101 h
b11 g
#12340
0B
0F
#12345
b1 V
1B
1F
#12350
0B
0F
#12355
b10 V
1B
1F
#12360
0B
0F
#12365
b11 V
1B
1F
#12370
0B
0F
#12375
b100 V
1B
1F
#12380
0B
0F
#12385
b101 V
1B
1F
#12390
0B
0F
#12395
b110 V
1B
1F
#12400
0B
0F
#12405
b111 V
1B
1F
#12410
0B
0F
#12415
b1000 V
1B
1F
#12420
0B
0F
#12425
b1001 V
1B
1F
#12430
0B
0F
#12435
b1010 V
1B
1F
#12440
0B
0F
#12445
b1011 V
1B
1F
#12450
0B
0F
#12455
b1100 V
1B
1F
#12460
0B
0F
#12465
0K
1J
b1101 V
b10 O
1B
1F
1I
1E
#12470
0B
0F
#12475
0N
0J
b0 O
b10000 S
b10000 Z
b10000 ^
b100 U
b0 V
1B
1F
#12476
b10000 R
b10000 \
b10000 `
#12480
0B
0F
#12485
b10000 A
b10000 G
b10000 P
b10000 W
1B
1F
#12490
0B
0F
#12495
1B
1F
#12500
0B
0F
#12505
1B
1F
#12510
0B
0F
#12515
1B
1F
#12520
0B
0F
#12525
1B
1F
#12530
0B
0F
#12535
1B
1F
#12540
0B
0F
#12545
1B
1F
#12550
0B
0F
#12555
1B
1F
#12560
0B
0F
#12565
1B
1F
#12570
0B
0F
#12575
1B
1F
#12580
0B
0F
#12585
1B
1F
#12590
0B
0F
#12595
1B
1F
#12600
0B
0F
#12605
1B
1F
#12610
0B
0F
#12615
1B
1F
#12620
0B
0F
#12625
1B
1F
#12630
0B
0F
#12635
1B
1F
#12640
0B
0F
#12645
1B
1F
#12650
0B
0F
#12655
1B
1F
#12660
0B
0F
#12665
1N
1K
b1 O
1B
1F
0I
0E
b10 h
b100 g
#12670
0B
0F
#12675
b1 V
1B
1F
#12680
0B
0F
#12685
0K
1J
b10 V
b10 O
1B
1F
1I
1E
#12690
0B
0F
#12695
0N
0J
b0 O
b10001000 S
b10001000 Z
b10001000 ^
b101 U
b0 V
1B
1F
#12696
b10001000 R
b10001000 \
b10001000 `
#12700
0B
0F
#12705
b10001000 A
b10001000 G
b10001000 P
b10001000 W
1B
1F
#12710
0B
0F
#12715
1B
1F
#12720
0B
0F
#12725
1B
1F
#12730
0B
0F
#12735
1B
1F
#12740
0B
0F
#12745
1B
1F
#12750
0B
0F
#12755
1B
1F
#12760
0B
0F
#12765
1B
1F
#12770
0B
0F
#12775
1B
1F
#12780
0B
0F
#12785
1B
1F
#12790
0B
0F
#12795
1B
1F
#12800
0B
0F
#12805
1B
1F
#12810
0B
0F
#12815
1B
1F
#12820
0B
0F
#12825
1B
1F
#12830
0B
0F
#12835
1B
1F
#12840
0B
0F
#12845
1B
1F
#12850
0B
0F
#12855
1B
1F
#12860
0B
0F
#12865
1B
1F
#12870
0B
0F
#12875
1B
1F
#12880
0B
0F
#12885
1N
1K
b1 O
1B
1F
0I
0E
b1111 h
b101 g
#12890
0B
0F
#12895
b1 V
1B
1F
#12900
0B
0F
#12905
b10 V
1B
1F
#12910
0B
0F
#12915
b11 V
1B
1F
#12920
0B
0F
#12925
b100 V
1B
1F
#12930
0B
0F
#12935
b101 V
1B
1F
#12940
0B
0F
#12945
b110 V
1B
1F
#12950
0B
0F
#12955
b111 V
1B
1F
#12960
0B
0F
#12965
b1000 V
1B
1F
#12970
0B
0F
#12975
b1001 V
1B
1F
#12980
0B
0F
#12985
b1010 V
1B
1F
#12990
0B
0F
#12995
b1011 V
1B
1F
#13000
0B
0F
#13005
b1100 V
1B
1F
#13010
0B
0F
#13015
b1101 V
1B
1F
#13020
0B
0F
#13025
b1110 V
1B
1F
#13030
0B
0F
#13035
0K
1J
b10 O
b1111 V
1B
1F
1I
1E
#13040
0B
0F
#13045
0N
0J
b0 V
b110 U
b1000100 S
b1000100 Z
b1000100 ^
b0 O
1B
1F
#13046
b1000100 R
b1000100 \
b1000100 `
1Q
#13047
0Q
#13050
0B
0F
#13055
b1000100 A
b1000100 G
b1000100 P
b1000100 W
1B
1F
#13060
0B
0F
#13065
1B
1F
#13070
0B
0F
#13075
1B
1F
#13080
0B
0F
#13085
1B
1F
#13090
0B
0F
#13095
1B
1F
#13100
0B
0F
#13105
1B
1F
#13110
0B
0F
#13115
1B
1F
#13120
0B
0F
#13125
1B
1F
#13130
0B
0F
#13135
1B
1F
#13140
0B
0F
#13145
1B
1F
#13150
0B
0F
#13155
1B
1F
#13160
0B
0F
#13165
1B
1F
#13170
0B
0F
#13175
1B
1F
#13180
0B
0F
#13185
1B
1F
#13190
0B
0F
#13195
1B
1F
#13200
0B
0F
#13205
1B
1F
#13210
0B
0F
#13215
1B
1F
#13220
0B
0F
#13225
1B
1F
#13230
0B
0F
#13235
1N
1K
b1 O
1B
1F
0I
0E
b100 h
b110 g
#13240
0B
0F
#13245
b1 V
1B
1F
#13250
0B
0F
#13255
b10 V
1B
1F
#13260
0B
0F
#13265
b11 V
1B
1F
#13270
0B
0F
#13275
0K
1J
b10 O
b100 V
1B
1F
1I
1E
#13280
0B
0F
#13285
0N
0J
1H
b0 V
b111 U
b10100010 S
b10100010 Z
b10100010 ^
b0 O
1B
1F
#13286
b10100010 R
b10100010 \
b10100010 `
#13290
0B
0F
#13295
b10100010 A
b10100010 G
b10100010 P
b10100010 W
1B
1F
#13300
0B
0F
#13305
1B
1F
#13310
0B
0F
#13315
1B
1F
#13320
0B
0F
#13325
1B
1F
#13330
0B
0F
#13335
1B
1F
#13340
0B
0F
#13345
1B
1F
#13350
0B
0F
#13355
1B
1F
#13360
0B
0F
#13365
1B
1F
#13370
0B
0F
#13375
1B
1F
#13380
0B
0F
#13385
1B
1F
#13390
0B
0F
#13395
1B
1F
#13400
0B
0F
#13405
1B
1F
#13410
0B
0F
#13415
1B
1F
#13420
0B
0F
#13425
1B
1F
#13430
0B
0F
#13435
1B
1F
#13440
0B
0F
#13445
1B
1F
#13450
0B
0F
#13455
1B
1F
#13460
0B
0F
#13465
1B
1F
#13470
0B
0F
#13475
1N
1K
b1 O
1B
1F
0I
0E
b101 h
b111 g
#13480
0B
0F
#13485
b1 V
1B
1F
#13490
0B
0F
#13495
b10 V
1B
1F
#13500
0B
0F
#13505
b11 V
1B
1F
#13510
0B
0F
#13515
b100 V
1B
1F
#13520
0B
0F
#13525
0K
1J
b101 V
b10 O
1B
1F
1I
1E
#13530
0B
0F
#13535
1L
0J
0H
b11 O
b11010001 S
b11010001 Z
b11010001 ^
b0 U
b0 V
1B
1F
#13536
b11010001 R
b11010001 \
b11010001 `
#13540
0B
0F
#13545
0N
1M
0L
b11010001 T
b11010001 [
b11010001 _
b100 O
1B
1F
#13546
b10100010 R
b10100010 \
b10100010 `
1a
#13550
0B
0F
#13555
0M
b0 O
b0 S
b0 Z
b0 ^
1?
1Y
1B
1F
#13556
b11010001 R
b11010001 \
b11010001 `
0a
#13560
0B
0F
#13565
0?
0Y
b11010001 A
b11010001 G
b11010001 P
b11010001 W
1B
1F
#13570
0B
0F
#13575
1B
1F
#13580
0B
0F
#13585
1B
1F
#13590
0B
0F
#13595
1B
1F
#13600
0B
0F
#13605
1B
1F
#13610
0B
0F
#13615
1B
1F
#13620
0B
0F
#13625
1B
1F
#13630
0B
0F
#13635
1B
1F
#13640
0B
0F
#13645
1B
1F
#13650
0B
0F
#13655
1B
1F
#13660
0B
0F
#13665
1B
1F
#13670
0B
0F
#13675
1B
1F
#13680
0B
0F
#13685
1B
1F
#13690
0B
0F
#13695
1B
1F
#13700
0B
0F
#13705
1B
1F
#13710
0B
0F
#13715
1B
1F
#13720
0B
0F
#13725
1N
1K
b1 O
1B
1F
0I
0E
b1110 h
b11100100 i
b111 j
b0 g
#13730
0B
0F
#13735
b1 V
1B
1F
#13740
0B
0F
#13745
b10 V
1B
1F
#13750
0B
0F
#13755
b11 V
1B
1F
#13760
0B
0F
#13765
b100 V
1B
1F
#13770
0B
0F
#13775
b101 V
1B
1F
#13780
0B
0F
#13785
b110 V
1B
1F
#13790
0B
0F
#13795
b111 V
1B
1F
#13800
0B
0F
#13805
b1000 V
1B
1F
#13810
0B
0F
#13815
b1001 V
1B
1F
#13820
0B
0F
#13825
b1010 V
1B
1F
#13830
0B
0F
#13835
b1011 V
1B
1F
#13840
0B
0F
#13845
b1100 V
1B
1F
#13850
0B
0F
#13855
b1101 V
1B
1F
#13860
0B
0F
#13865
0K
1J
b1110 V
b10 O
1B
1F
1I
1E
#13870
0B
0F
#13875
0N
0J
b0 O
b1 U
b0 V
1B
1F
#13880
0B
0F
#13885
1B
1F
#13890
0B
0F
#13895
1B
1F
#13900
0B
0F
#13905
1B
1F
#13910
0B
0F
#13915
1B
1F
#13920
0B
0F
#13925
1B
1F
#13930
0B
0F
#13935
1B
1F
#13940
0B
0F
#13945
1B
1F
#13950
0B
0F
#13955
1B
1F
#13960
0B
0F
#13965
1B
1F
#13970
0B
0F
#13975
1B
1F
#13980
0B
0F
#13985
1B
1F
#13990
0B
0F
#13995
1B
1F
#14000
0B
0F
#14005
1B
1F
#14010
0B
0F
#14015
1B
1F
#14020
0B
0F
#14025
1B
1F
#14030
0B
0F
#14035
1B
1F
#14040
0B
0F
#14045
1B
1F
#14050
0B
0F
#14055
1B
1F
#14060
0B
0F
#14065
1N
1K
b1 O
1B
1F
0I
0E
b1111 h
b1 g
#14070
0B
0F
#14075
b1 V
1B
1F
#14080
0B
0F
#14085
b10 V
1B
1F
#14090
0B
0F
#14095
b11 V
1B
1F
#14100
0B
0F
#14105
b100 V
1B
1F
#14110
0B
0F
#14115
b101 V
1B
1F
#14120
0B
0F
#14125
b110 V
1B
1F
#14130
0B
0F
#14135
b111 V
1B
1F
#14140
0B
0F
#14145
b1000 V
1B
1F
#14150
0B
0F
#14155
b1001 V
1B
1F
#14160
0B
0F
#14165
b1010 V
1B
1F
#14170
0B
0F
#14175
b1011 V
1B
1F
#14180
0B
0F
#14185
b1100 V
1B
1F
#14190
0B
0F
#14195
b1101 V
1B
1F
#14200
0B
0F
#14205
b1110 V
1B
1F
#14210
0B
0F
#14215
0K
1J
b10 O
b1111 V
1B
1F
1I
1E
#14220
0B
0F
#14225
0N
0J
b0 V
b10 U
b0 O
1B
1F
#14230
0B
0F
#14235
1B
1F
#14240
0B
0F
#14245
1B
1F
#14250
0B
0F
#14255
1B
1F
#14260
0B
0F
#14265
1B
1F
#14270
0B
0F
#14275
1B
1F
#14280
0B
0F
#14285
1B
1F
#14290
0B
0F
#14295
1B
1F
#14300
0B
0F
#14305
1B
1F
#14310
0B
0F
#14315
1B
1F
#14320
0B
0F
#14325
1B
1F
#14330
0B
0F
#14335
1B
1F
#14340
0B
0F
#14345
1B
1F
#14350
0B
0F
#14355
1B
1F
#14360
0B
0F
#14365
1B
1F
#14370
0B
0F
#14375
1B
1F
#14380
0B
0F
#14385
1B
1F
#14390
0B
0F
#14395
1B
1F
#14400
0B
0F
#14405
1B
1F
#14410
0B
0F
#14415
1N
1K
b1 O
1B
1F
0I
0E
b100 h
b10 g
#14420
0B
0F
#14425
b1 V
1B
1F
#14430
0B
0F
#14435
b10 V
1B
1F
#14440
0B
0F
#14445
b11 V
1B
1F
#14450
0B
0F
#14455
0K
1J
b10 O
b100 V
1B
1F
1I
1E
#14460
0B
0F
#14465
0N
0J
b0 V
b11 U
b10000000 S
b10000000 Z
b10000000 ^
b0 O
1B
1F
#14466
b1010001 R
b1010001 \
b1010001 `
1a
#14467
1Q
#14470
0B
0F
#14475
b1010001 A
b1010001 G
b1010001 P
b1010001 W
1B
1F
#14480
0B
0F
#14485
1B
1F
#14490
0B
0F
#14495
1B
1F
#14500
0B
0F
#14505
1B
1F
#14510
0B
0F
#14515
1B
1F
#14520
0B
0F
#14525
1B
1F
#14530
0B
0F
#14535
1B
1F
#14540
0B
0F
#14545
1B
1F
#14550
0B
0F
#14555
1B
1F
#14560
0B
0F
#14565
1B
1F
#14570
0B
0F
#14575
1B
1F
#14580
0B
0F
#14585
1B
1F
#14590
0B
0F
#14595
1B
1F
#14600
0B
0F
#14605
1B
1F
#14610
0B
0F
#14615
1B
1F
#14620
0B
0F
#14625
1B
1F
#14630
0B
0F
#14635
1B
1F
#14640
0B
0F
#14645
1B
1F
#14650
0B
0F
#14655
1N
1K
b1 O
1B
1F
0I
0E
b1100 h
b11 g
#14660
0B
0F
#14665
b1 V
1B
1F
#14670
0B
0F
#14675
b10 V
1B
1F
#14680
0B
0F
#14685
b11 V
1B
1F
#14690
0B
0F
#14695
b100 V
1B
1F
#14700
0B
0F
#14705
b101 V
1B
1F
#14710
0B
0F
#14715
b110 V
1B
1F
#14720
0B
0F
#14725
b111 V
1B
1F
#14730
0B
0F
#14735
b1000 V
1B
1F
#14740
0B
0F
#14745
b1001 V
1B
1F
#14750
0B
0F
#14755
b1010 V
1B
1F
#14760
0B
0F
#14765
b1011 V
1B
1F
#14770
0B
0F
#14775
0K
1J
b10 O
b1100 V
1B
1F
1I
1E
#14780
0B
0F
#14785
0N
0J
b0 V
b100 U
b1000000 S
b1000000 Z
b1000000 ^
b0 O
1B
1F
#14786
b10001 R
b10001 \
b10001 `
0Q
#14790
0B
0F
#14795
b10001 A
b10001 G
b10001 P
b10001 W
1B
1F
#14800
0B
0F
#14805
1B
1F
#14810
0B
0F
#14815
1B
1F
#14820
0B
0F
#14825
1B
1F
#14830
0B
0F
#14835
1B
1F
#14840
0B
0F
#14845
1B
1F
#14850
0B
0F
#14855
1B
1F
#14860
0B
0F
#14865
1B
1F
#14870
0B
0F
#14875
1B
1F
#14880
0B
0F
#14885
1B
1F
#14890
0B
0F
#14895
1B
1F
#14900
0B
0F
#14905
1B
1F
#14910
0B
0F
#14915
1B
1F
#14920
0B
0F
#14925
1B
1F
#14930
0B
0F
#14935
1B
1F
#14940
0B
0F
#14945
1B
1F
#14950
0B
0F
#14955
1B
1F
#14960
0B
0F
#14965
1B
1F
#14970
0B
0F
#14975
1N
1K
b1 O
1B
1F
0I
0E
b1101 h
b100 g
#14980
0B
0F
#14985
b1 V
1B
1F
#14990
0B
0F
#14995
b10 V
1B
1F
#15000
0B
0F
#15005
b11 V
1B
1F
#15010
0B
0F
#15015
b100 V
1B
1F
#15020
0B
0F
#15025
b101 V
1B
1F
#15030
0B
0F
#15035
b110 V
1B
1F
#15040
0B
0F
#15045
b111 V
1B
1F
#15050
0B
0F
#15055
b1000 V
1B
1F
#15060
0B
0F
#15065
b1001 V
1B
1F
#15070
0B
0F
#15075
b1010 V
1B
1F
#15080
0B
0F
#15085
b1011 V
1B
1F
#15090
0B
0F
#15095
b1100 V
1B
1F
#15100
0B
0F
#15105
0K
1J
b1101 V
b10 O
1B
1F
1I
1E
#15110
0B
0F
#15115
0N
0J
b0 O
b100000 S
b100000 Z
b100000 ^
b101 U
b0 V
1B
1F
#15116
b11110001 R
b11110001 \
b11110001 `
0a
#15120
0B
0F
#15125
b11110001 A
b11110001 G
b11110001 P
b11110001 W
1B
1F
#15130
0B
0F
#15135
1B
1F
#15140
0B
0F
#15145
1B
1F
#15150
0B
0F
#15155
1B
1F
#15160
0B
0F
#15165
1B
1F
#15170
0B
0F
#15175
1B
1F
#15180
0B
0F
#15185
1B
1F
#15190
0B
0F
#15195
1B
1F
#15200
0B
0F
#15205
1B
1F
#15210
0B
0F
#15215
1B
1F
#15220
0B
0F
#15225
1B
1F
#15230
0B
0F
#15235
1B
1F
#15240
0B
0F
#15245
1B
1F
#15250
0B
0F
#15255
1B
1F
#15260
0B
0F
#15265
1B
1F
#15270
0B
0F
#15275
1B
1F
#15280
0B
0F
#15285
1B
1F
#15290
0B
0F
#15295
1B
1F
#15300
0B
0F
#15305
1N
1K
b1 O
1B
1F
0I
0E
b111 h
b101 g
#15310
0B
0F
#15315
b1 V
1B
1F
#15320
0B
0F
#15325
b10 V
1B
1F
#15330
0B
0F
#15335
b11 V
1B
1F
#15340
0B
0F
#15345
b100 V
1B
1F
#15350
0B
0F
#15355
b101 V
1B
1F
#15360
0B
0F
#15365
b110 V
1B
1F
#15370
0B
0F
#15375
0K
1J
b10 O
b111 V
1B
1F
1I
1E
#15380
0B
0F
#15385
0N
0J
b0 V
b110 U
b10010000 S
b10010000 Z
b10010000 ^
b0 O
1B
1F
#15386
b1100001 R
b1100001 \
b1100001 `
1a
#15387
1Q
#15390
0B
0F
#15395
b1100001 A
b1100001 G
b1100001 P
b1100001 W
1B
1F
#15400
0B
0F
#15405
1B
1F
#15410
0B
0F
#15415
1B
1F
#15420
0B
0F
#15425
1B
1F
#15430
0B
0F
#15435
1B
1F
#15440
0B
0F
#15445
1B
1F
#15450
0B
0F
#15455
1B
1F
#15460
0B
0F
#15465
1B
1F
#15470
0B
0F
#15475
1B
1F
#15480
0B
0F
#15485
1B
1F
#15490
0B
0F
#15495
1B
1F
#15500
0B
0F
#15505
1B
1F
#15510
0B
0F
#15515
1B
1F
#15520
0B
0F
#15525
1B
1F
#15530
0B
0F
#15535
1B
1F
#15540
0B
0F
#15545
1B
1F
#15550
0B
0F
#15555
1B
1F
#15560
0B
0F
#15565
1B
1F
#15570
0B
0F
#15575
1N
1K
b1 O
1B
1F
0I
0E
b10 h
b110 g
#15580
0B
0F
#15585
b1 V
1B
1F
#15590
0B
0F
#15595
0K
1J
b10 O
b10 V
1B
1F
1I
1E
#15600
0B
0F
#15605
0N
0J
1H
b0 V
b111 U
b11001000 S
b11001000 Z
b11001000 ^
b0 O
1B
1F
#15606
b10011001 R
b10011001 \
b10011001 `
#15607
0Q
#15610
0B
0F
#15615
b10011001 A
b10011001 G
b10011001 P
b10011001 W
1B
1F
#15620
0B
0F
#15625
1B
1F
#15630
0B
0F
#15635
1B
1F
#15640
0B
0F
#15645
1B
1F
#15650
0B
0F
#15655
1B
1F
#15660
0B
0F
#15665
1B
1F
#15670
0B
0F
#15675
1B
1F
#15680
0B
0F
#15685
1B
1F
#15690
0B
0F
#15695
1B
1F
#15700
0B
0F
#15705
1B
1F
#15710
0B
0F
#15715
1B
1F
#15720
0B
0F
#15725
1B
1F
#15730
0B
0F
#15735
1B
1F
#15740
0B
0F
#15745
1B
1F
#15750
0B
0F
#15755
1B
1F
#15760
0B
0F
#15765
1B
1F
#15770
0B
0F
#15775
1B
1F
#15780
0B
0F
#15785
1B
1F
#15790
0B
0F
#15795
1N
1K
b1 O
1B
1F
0I
0E
b11 h
b111 g
#15800
0B
0F
#15805
b1 V
1B
1F
#15810
0B
0F
#15815
b10 V
1B
1F
#15820
0B
0F
#15825
0K
1J
b11 V
b10 O
1B
1F
1I
1E
#15830
0B
0F
#15835
1L
0J
0H
b11 O
b11100100 S
b11100100 Z
b11100100 ^
b0 U
b0 V
1B
1F
#15836
b10110101 R
b10110101 \
b10110101 `
#15840
0B
0F
#15845
0N
1M
0L
b11100100 T
b11100100 [
b11100100 _
b100 O
1B
1F
#15846
b11001000 R
b11001000 \
b11001000 `
#15850
0B
0F
#15855
0M
b0 O
b0 S
b0 Z
b0 ^
b11001000 A
b11001000 G
b11001000 P
b11001000 W
1?
1Y
1B
1F
#15856
b11100100 R
b11100100 \
b11100100 `
0a
#15860
0B
0F
#15865
0?
0Y
b11100100 A
b11100100 G
b11100100 P
b11100100 W
1B
1F
#15870
0B
0F
#15875
1B
1F
#15880
0B
0F
#15885
1B
1F
#15890
0B
0F
#15895
1B
1F
#15900
0B
0F
#15905
1B
1F
#15910
0B
0F
#15915
1B
1F
#15920
0B
0F
#15925
1B
1F
#15930
0B
0F
#15935
1B
1F
#15940
0B
0F
#15945
1B
1F
#15950
0B
0F
#15955
1B
1F
#15960
0B
0F
#15965
1B
1F
#15970
0B
0F
#15975
1B
1F
#15980
0B
0F
#15985
1B
1F
#15990
0B
0F
#15995
1B
1F
#16000
0B
0F
#16005
1B
1F
#16010
0B
0F
#16015
1B
1F
#16020
0B
0F
#16025
1N
1K
b1 O
1B
1F
0I
0E
b1110 h
b11101110 i
b1000 j
b0 g
#16030
0B
0F
#16035
b1 V
1B
1F
#16040
0B
0F
#16045
b10 V
1B
1F
#16050
0B
0F
#16055
b11 V
1B
1F
#16060
0B
0F
#16065
b100 V
1B
1F
#16070
0B
0F
#16075
b101 V
1B
1F
#16080
0B
0F
#16085
b110 V
1B
1F
#16090
0B
0F
#16095
b111 V
1B
1F
#16100
0B
0F
#16105
b1000 V
1B
1F
#16110
0B
0F
#16115
b1001 V
1B
1F
#16120
0B
0F
#16125
b1010 V
1B
1F
#16130
0B
0F
#16135
b1011 V
1B
1F
#16140
0B
0F
#16145
b1100 V
1B
1F
#16150
0B
0F
#16155
b1101 V
1B
1F
#16160
0B
0F
#16165
0K
1J
b1110 V
b10 O
1B
1F
1I
1E
#16170
0B
0F
#16175
0N
0J
b0 O
b1 U
b0 V
1B
1F
#16180
0B
0F
#16185
1B
1F
#16190
0B
0F
#16195
1B
1F
#16200
0B
0F
#16205
1B
1F
#16210
0B
0F
#16215
1B
1F
#16220
0B
0F
#16225
1B
1F
#16230
0B
0F
#16235
1B
1F
#16240
0B
0F
#16245
1B
1F
#16250
0B
0F
#16255
1B
1F
#16260
0B
0F
#16265
1B
1F
#16270
0B
0F
#16275
1B
1F
#16280
0B
0F
#16285
1B
1F
#16290
0B
0F
#16295
1B
1F
#16300
0B
0F
#16305
1B
1F
#16310
0B
0F
#16315
1B
1F
#16320
0B
0F
#16325
1B
1F
#16330
0B
0F
#16335
1B
1F
#16340
0B
0F
#16345
1B
1F
#16350
0B
0F
#16355
1B
1F
#16360
0B
0F
#16365
1N
1K
b1 O
1B
1F
0I
0E
b111 h
b1 g
#16370
0B
0F
#16375
b1 V
1B
1F
#16380
0B
0F
#16385
b10 V
1B
1F
#16390
0B
0F
#16395
b11 V
1B
1F
#16400
0B
0F
#16405
b100 V
1B
1F
#16410
0B
0F
#16415
b101 V
1B
1F
#16420
0B
0F
#16425
b110 V
1B
1F
#16430
0B
0F
#16435
0K
1J
b10 O
b111 V
1B
1F
1I
1E
#16440
0B
0F
#16445
0N
0J
b0 V
b10 U
b10000000 S
b10000000 Z
b10000000 ^
b0 O
1B
1F
#16446
b1100100 R
b1100100 \
b1100100 `
1a
#16447
1Q
#16450
0B
0F
#16455
b1100100 A
b1100100 G
b1100100 P
b1100100 W
1B
1F
#16460
0B
0F
#16465
1B
1F
#16470
0B
0F
#16475
1B
1F
#16480
0B
0F
#16485
1B
1F
#16490
0B
0F
#16495
1B
1F
#16500
0B
0F
#16505
1B
1F
#16510
0B
0F
#16515
1B
1F
#16520
0B
0F
#16525
1B
1F
#16530
0B
0F
#16535
1B
1F
#16540
0B
0F
#16545
1B
1F
#16550
0B
0F
#16555
1B
1F
#16560
0B
0F
#16565
1B
1F
#16570
0B
0F
#16575
1B
1F
#16580
0B
0F
#16585
1B
1F
#16590
0B
0F
#16595
1B
1F
#16600
0B
0F
#16605
1B
1F
#16610
0B
0F
#16615
1B
1F
#16620
0B
0F
#16625
1B
1F
#16630
0B
0F
#16635
1N
1K
b1 O
1B
1F
0I
0E
b10 h
b10 g
#16640
0B
0F
#16645
b1 V
1B
1F
#16650
0B
0F
#16655
0K
1J
b10 O
b10 V
1B
1F
1I
1E
#16660
0B
0F
#16665
0N
0J
b0 V
b11 U
b11000000 S
b11000000 Z
b11000000 ^
b0 O
1B
1F
#16666
b10100100 R
b10100100 \
b10100100 `
#16667
0Q
#16670
0B
0F
#16675
b10100100 A
b10100100 G
b10100100 P
b10100100 W
1B
1F
#16680
0B
0F
#16685
1B
1F
#16690
0B
0F
#16695
1B
1F
#16700
0B
0F
#16705
1B
1F
#16710
0B
0F
#16715
1B
1F
#16720
0B
0F
#16725
1B
1F
#16730
0B
0F
#16735
1B
1F
#16740
0B
0F
#16745
1B
1F
#16750
0B
0F
#16755
1B
1F
#16760
0B
0F
#16765
1B
1F
#16770
0B
0F
#16775
1B
1F
#16780
0B
0F
#16785
1B
1F
#16790
0B
0F
#16795
1B
1F
#16800
0B
0F
#16805
1B
1F
#16810
0B
0F
#16815
1B
1F
#16820
0B
0F
#16825
1B
1F
#16830
0B
0F
#16835
1B
1F
#16840
0B
0F
#16845
1B
1F
#16850
0B
0F
#16855
1N
1K
b1 O
1B
1F
0I
0E
b11 h
b11 g
#16860
0B
0F
#16865
b1 V
1B
1F
#16870
0B
0F
#16875
b10 V
1B
1F
#16880
0B
0F
#16885
0K
1J
b11 V
b10 O
1B
1F
1I
1E
#16890
0B
0F
#16895
0N
0J
b0 O
b11100000 S
b11100000 Z
b11100000 ^
b100 U
b0 V
1B
1F
#16896
b11000100 R
b11000100 \
b11000100 `
#16900
0B
0F
#16905
b11000100 A
b11000100 G
b11000100 P
b11000100 W
1B
1F
#16910
0B
0F
#16915
1B
1F
#16920
0B
0F
#16925
1B
1F
#16930
0B
0F
#16935
1B
1F
#16940
0B
0F
#16945
1B
1F
#16950
0B
0F
#16955
1B
1F
#16960
0B
0F
#16965
1B
1F
#16970
0B
0F
#16975
1B
1F
#16980
0B
0F
#16985
1B
1F
#16990
0B
0F
#16995
1B
1F
#17000
0B
0F
#17005
1B
1F
#17010
0B
0F
#17015
1B
1F
#17020
0B
0F
#17025
1B
1F
#17030
0B
0F
#17035
1B
1F
#17040
0B
0F
#17045
1B
1F
#17050
0B
0F
#17055
1B
1F
#17060
0B
0F
#17065
1B
1F
#17070
0B
0F
#17075
1B
1F
#17080
0B
0F
#17085
1N
1K
b1 O
1B
1F
0I
0E
b1101 h
b100 g
#17090
0B
0F
#17095
b1 V
1B
1F
#17100
0B
0F
#17105
b10 V
1B
1F
#17110
0B
0F
#17115
b11 V
1B
1F
#17120
0B
0F
#17125
b100 V
1B
1F
#17130
0B
0F
#17135
b101 V
1B
1F
#17140
0B
0F
#17145
b110 V
1B
1F
#17150
0B
0F
#17155
b111 V
1B
1F
#17160
0B
0F
#17165
b1000 V
1B
1F
#17170
0B
0F
#17175
b1001 V
1B
1F
#17180
0B
0F
#17185
b1010 V
1B
1F
#17190
0B
0F
#17195
b1011 V
1B
1F
#17200
0B
0F
#17205
b1100 V
1B
1F
#17210
0B
0F
#17215
0K
1J
b10 O
b1101 V
1B
1F
1I
1E
#17220
0B
0F
#17225
0N
0J
b0 V
b101 U
b1110000 S
b1110000 Z
b1110000 ^
b0 O
1B
1F
#17226
b1010100 R
b1010100 \
b1010100 `
#17230
0B
0F
#17235
b1010100 A
b1010100 G
b1010100 P
b1010100 W
1B
1F
#17240
0B
0F
#17245
1B
1F
#17250
0B
0F
#17255
1B
1F
#17260
0B
0F
#17265
1B
1F
#17270
0B
0F
#17275
1B
1F
#17280
0B
0F
#17285
1B
1F
#17290
0B
0F
#17295
1B
1F
#17300
0B
0F
#17305
1B
1F
#17310
0B
0F
#17315
1B
1F
#17320
0B
0F
#17325
1B
1F
#17330
0B
0F
#17335
1B
1F
#17340
0B
0F
#17345
1B
1F
#17350
0B
0F
#17355
1B
1F
#17360
0B
0F
#17365
1B
1F
#17370
0B
0F
#17375
1B
1F
#17380
0B
0F
#17385
1B
1F
#17390
0B
0F
#17395
1B
1F
#17400
0B
0F
#17405
1B
1F
#17410
0B
0F
#17415
1N
1K
b1 O
1B
1F
0I
0E
b101 h
b101 g
#17420
0B
0F
#17425
b1 V
1B
1F
#17430
0B
0F
#17435
b10 V
1B
1F
#17440
0B
0F
#17445
b11 V
1B
1F
#17450
0B
0F
#17455
b100 V
1B
1F
#17460
0B
0F
#17465
0K
1J
b101 V
b10 O
1B
1F
1I
1E
#17470
0B
0F
#17475
0N
0J
b0 O
b10111000 S
b10111000 Z
b10111000 ^
b110 U
b0 V
1B
1F
#17476
b10011100 R
b10011100 \
b10011100 `
1Q
#17477
0Q
#17480
0B
0F
#17485
b10011100 A
b10011100 G
b10011100 P
b10011100 W
1B
1F
#17490
0B
0F
#17495
1B
1F
#17500
0B
0F
#17505
1B
1F
#17510
0B
0F
#17515
1B
1F
#17520
0B
0F
#17525
1B
1F
#17530
0B
0F
#17535
1B
1F
#17540
0B
0F
#17545
1B
1F
#17550
0B
0F
#17555
1B
1F
#17560
0B
0F
#17565
1B
1F
#17570
0B
0F
#17575
1B
1F
#17580
0B
0F
#17585
1B
1F
#17590
0B
0F
#17595
1B
1F
#17600
0B
0F
#17605
1B
1F
#17610
0B
0F
#17615
1B
1F
#17620
0B
0F
#17625
1B
1F
#17630
0B
0F
#17635
1B
1F
#17640
0B
0F
#17645
1B
1F
#17650
0B
0F
#17655
1B
1F
#17660
0B
0F
#17665
1N
1K
b1 O
1B
1F
0I
0E
b110 h
b110 g
#17670
0B
0F
#17675
b1 V
1B
1F
#17680
0B
0F
#17685
b10 V
1B
1F
#17690
0B
0F
#17695
b11 V
1B
1F
#17700
0B
0F
#17705
b100 V
1B
1F
#17710
0B
0F
#17715
b101 V
1B
1F
#17720
0B
0F
#17725
0K
1J
b110 V
b10 O
1B
1F
1I
1E
#17730
0B
0F
#17735
0N
0J
1H
b0 O
b11011100 S
b11011100 Z
b11011100 ^
b111 U
b0 V
1B
1F
#17736
b11000000 R
b11000000 \
b11000000 `
#17740
0B
0F
#17745
b11000000 A
b11000000 G
b11000000 P
b11000000 W
1B
1F
#17750
0B
0F
#17755
1B
1F
#17760
0B
0F
#17765
1B
1F
#17770
0B
0F
#17775
1B
1F
#17780
0B
0F
#17785
1B
1F
#17790
0B
0F
#17795
1B
1F
#17800
0B
0F
#17805
1B
1F
#17810
0B
0F
#17815
1B
1F
#17820
0B
0F
#17825
1B
1F
#17830
0B
0F
#17835
1B
1F
#17840
0B
0F
#17845
1B
1F
#17850
0B
0F
#17855
1B
1F
#17860
0B
0F
#17865
1B
1F
#17870
0B
0F
#17875
1B
1F
#17880
0B
0F
#17885
1B
1F
#17890
0B
0F
#17895
1B
1F
#17900
0B
0F
#17905
1B
1F
#17910
0B
0F
#17915
1B
1F
#17920
0B
0F
#17925
1N
1K
b1 O
1B
1F
0I
0E
b111 h
b111 g
#17930
0B
0F
#17935
b1 V
1B
1F
#17940
0B
0F
#17945
b10 V
1B
1F
#17950
0B
0F
#17955
b11 V
1B
1F
#17960
0B
0F
#17965
b100 V
1B
1F
#17970
0B
0F
#17975
b101 V
1B
1F
#17980
0B
0F
#17985
b110 V
1B
1F
#17990
0B
0F
#17995
0K
1J
b10 O
b111 V
1B
1F
1I
1E
#18000
0B
0F
#18005
1L
0J
0H
b0 V
b0 U
b11101110 S
b11101110 Z
b11101110 ^
b11 O
1B
1F
#18006
b11010010 R
b11010010 \
b11010010 `
#18010
0B
0F
#18015
0N
1M
0L
b100 O
b11101110 T
b11101110 [
b11101110 _
1B
1F
#18016
b11011100 R
b11011100 \
b11011100 `
#18020
0B
0F
#18025
0M
1?
1Y
b11011100 A
b11011100 G
b11011100 P
b11011100 W
b0 S
b0 Z
b0 ^
b0 O
1B
1F
#18026
b11101110 R
b11101110 \
b11101110 `
0a
#18030
0B
0F
#18035
b11101110 A
b11101110 G
b11101110 P
b11101110 W
0?
0Y
1B
1F
#18040
0B
0F
#18045
1B
1F
#18050
0B
0F
#18055
1B
1F
#18060
0B
0F
#18065
1B
1F
#18070
0B
0F
#18075
1B
1F
#18080
0B
0F
#18085
1B
1F
#18090
0B
0F
#18095
1B
1F
#18100
0B
0F
#18105
1B
1F
#18110
0B
0F
#18115
1B
1F
#18120
0B
0F
#18125
1B
1F
#18130
0B
0F
#18135
1B
1F
#18140
0B
0F
#18145
1B
1F
#18150
0B
0F
#18155
1B
1F
#18160
0B
0F
#18165
1B
1F
#18170
0B
0F
#18175
1B
1F
#18180
0B
0F
#18185
1B
1F
#18190
0B
0F
#18195
1N
1K
b1 O
1B
1F
0I
0E
b10 h
b11001111 i
b1001 j
b0 g
#18200
0B
0F
#18205
b1 V
1B
1F
#18210
0B
0F
#18215
0K
1J
b10 O
b10 V
1B
1F
1I
1E
#18220
0B
0F
#18225
0N
0J
b0 V
b1 U
b10000000 S
b10000000 Z
b10000000 ^
b0 O
1B
1F
#18226
b1101110 R
b1101110 \
b1101110 `
1a
#18227
1Q
#18230
0B
0F
#18235
b1101110 A
b1101110 G
b1101110 P
b1101110 W
1B
1F
#18240
0B
0F
#18245
1B
1F
#18250
0B
0F
#18255
1B
1F
#18260
0B
0F
#18265
1B
1F
#18270
0B
0F
#18275
1B
1F
#18280
0B
0F
#18285
1B
1F
#18290
0B
0F
#18295
1B
1F
#18300
0B
0F
#18305
1B
1F
#18310
0B
0F
#18315
1B
1F
#18320
0B
0F
#18325
1B
1F
#18330
0B
0F
#18335
1B
1F
#18340
0B
0F
#18345
1B
1F
#18350
0B
0F
#18355
1B
1F
#18360
0B
0F
#18365
1B
1F
#18370
0B
0F
#18375
1B
1F
#18380
0B
0F
#18385
1B
1F
#18390
0B
0F
#18395
1B
1F
#18400
0B
0F
#18405
1B
1F
#18410
0B
0F
#18415
1N
1K
b1 O
1B
1F
0I
0E
b11 h
b1 g
#18420
0B
0F
#18425
b1 V
1B
1F
#18430
0B
0F
#18435
b10 V
1B
1F
#18440
0B
0F
#18445
0K
1J
b11 V
b10 O
1B
1F
1I
1E
#18450
0B
0F
#18455
0N
0J
b0 O
b11000000 S
b11000000 Z
b11000000 ^
b10 U
b0 V
1B
1F
#18456
b10101110 R
b10101110 \
b10101110 `
#18457
0Q
#18460
0B
0F
#18465
b10101110 A
b10101110 G
b10101110 P
b10101110 W
1B
1F
#18470
0B
0F
#18475
1B
1F
#18480
0B
0F
#18485
1B
1F
#18490
0B
0F
#18495
1B
1F
#18500
0B
0F
#18505
1B
1F
#18510
0B
0F
#18515
1B
1F
#18520
0B
0F
#18525
1B
1F
#18530
0B
0F
#18535
1B
1F
#18540
0B
0F
#18545
1B
1F
#18550
0B
0F
#18555
1B
1F
#18560
0B
0F
#18565
1B
1F
#18570
0B
0F
#18575
1B
1F
#18580
0B
0F
#18585
1B
1F
#18590
0B
0F
#18595
1B
1F
#18600
0B
0F
#18605
1B
1F
#18610
0B
0F
#18615
1B
1F
#18620
0B
0F
#18625
1B
1F
#18630
0B
0F
#18635
1B
1F
#18640
0B
0F
#18645
1N
1K
b1 O
1B
1F
0I
0E
b100 h
b10 g
#18650
0B
0F
#18655
b1 V
1B
1F
#18660
0B
0F
#18665
b10 V
1B
1F
#18670
0B
0F
#18675
b11 V
1B
1F
#18680
0B
0F
#18685
0K
1J
b100 V
b10 O
1B
1F
1I
1E
#18690
0B
0F
#18695
0N
0J
b0 O
b11100000 S
b11100000 Z
b11100000 ^
b11 U
b0 V
1B
1F
#18696
b11001110 R
b11001110 \
b11001110 `
#18700
0B
0F
#18705
b11001110 A
b11001110 G
b11001110 P
b11001110 W
1B
1F
#18710
0B
0F
#18715
1B
1F
#18720
0B
0F
#18725
1B
1F
#18730
0B
0F
#18735
1B
1F
#18740
0B
0F
#18745
1B
1F
#18750
0B
0F
#18755
1B
1F
#18760
0B
0F
#18765
1B
1F
#18770
0B
0F
#18775
1B
1F
#18780
0B
0F
#18785
1B
1F
#18790
0B
0F
#18795
1B
1F
#18800
0B
0F
#18805
1B
1F
#18810
0B
0F
#18815
1B
1F
#18820
0B
0F
#18825
1B
1F
#18830
0B
0F
#18835
1B
1F
#18840
0B
0F
#18845
1B
1F
#18850
0B
0F
#18855
1B
1F
#18860
0B
0F
#18865
1B
1F
#18870
0B
0F
#18875
1B
1F
#18880
0B
0F
#18885
1N
1K
b1 O
1B
1F
0I
0E
b101 h
b11 g
#18890
0B
0F
#18895
b1 V
1B
1F
#18900
0B
0F
#18905
b10 V
1B
1F
#18910
0B
0F
#18915
b11 V
1B
1F
#18920
0B
0F
#18925
b100 V
1B
1F
#18930
0B
0F
#18935
0K
1J
b10 O
b101 V
1B
1F
1I
1E
#18940
0B
0F
#18945
0N
0J
b0 V
b100 U
b11110000 S
b11110000 Z
b11110000 ^
b0 O
1B
1F
#18946
b11011110 R
b11011110 \
b11011110 `
#18950
0B
0F
#18955
b11011110 A
b11011110 G
b11011110 P
b11011110 W
1B
1F
#18960
0B
0F
#18965
1B
1F
#18970
0B
0F
#18975
1B
1F
#18980
0B
0F
#18985
1B
1F
#18990
0B
0F
#18995
1B
1F
#19000
0B
0F
#19005
1B
1F
#19010
0B
0F
#19015
1B
1F
#19020
0B
0F
#19025
1B
1F
#19030
0B
0F
#19035
1B
1F
#19040
0B
0F
#19045
1B
1F
#19050
0B
0F
#19055
1B
1F
#19060
0B
0F
#19065
1B
1F
#19070
0B
0F
#19075
1B
1F
#19080
0B
0F
#19085
1B
1F
#19090
0B
0F
#19095
1B
1F
#19100
0B
0F
#19105
1B
1F
#19110
0B
0F
#19115
1B
1F
#19120
0B
0F
#19125
1B
1F
#19130
0B
0F
#19135
1N
1K
b1 O
1B
1F
0I
0E
b1100 h
b100 g
#19140
0B
0F
#19145
b1 V
1B
1F
#19150
0B
0F
#19155
b10 V
1B
1F
#19160
0B
0F
#19165
b11 V
1B
1F
#19170
0B
0F
#19175
b100 V
1B
1F
#19180
0B
0F
#19185
b101 V
1B
1F
#19190
0B
0F
#19195
b110 V
1B
1F
#19200
0B
0F
#19205
b111 V
1B
1F
#19210
0B
0F
#19215
b1000 V
1B
1F
#19220
0B
0F
#19225
b1001 V
1B
1F
#19230
0B
0F
#19235
b1010 V
1B
1F
#19240
0B
0F
#19245
b1011 V
1B
1F
#19250
0B
0F
#19255
0K
1J
b10 O
b1100 V
1B
1F
1I
1E
#19260
0B
0F
#19265
0N
0J
b0 V
b101 U
b1111000 S
b1111000 Z
b1111000 ^
b0 O
1B
1F
#19266
b1100110 R
b1100110 \
b1100110 `
#19270
0B
0F
#19275
b1100110 A
b1100110 G
b1100110 P
b1100110 W
1B
1F
#19280
0B
0F
#19285
1B
1F
#19290
0B
0F
#19295
1B
1F
#19300
0B
0F
#19305
1B
1F
#19310
0B
0F
#19315
1B
1F
#19320
0B
0F
#19325
1B
1F
#19330
0B
0F
#19335
1B
1F
#19340
0B
0F
#19345
1B
1F
#19350
0B
0F
#19355
1B
1F
#19360
0B
0F
#19365
1B
1F
#19370
0B
0F
#19375
1B
1F
#19380
0B
0F
#19385
1B
1F
#19390
0B
0F
#19395
1B
1F
#19400
0B
0F
#19405
1B
1F
#19410
0B
0F
#19415
1B
1F
#19420
0B
0F
#19425
1B
1F
#19430
0B
0F
#19435
1B
1F
#19440
0B
0F
#19445
1B
1F
#19450
0B
0F
#19455
1N
1K
b1 O
1B
1F
0I
0E
b1101 h
b101 g
#19460
0B
0F
#19465
b1 V
1B
1F
#19470
0B
0F
#19475
b10 V
1B
1F
#19480
0B
0F
#19485
b11 V
1B
1F
#19490
0B
0F
#19495
b100 V
1B
1F
#19500
0B
0F
#19505
b101 V
1B
1F
#19510
0B
0F
#19515
b110 V
1B
1F
#19520
0B
0F
#19525
b111 V
1B
1F
#19530
0B
0F
#19535
b1000 V
1B
1F
#19540
0B
0F
#19545
b1001 V
1B
1F
#19550
0B
0F
#19555
b1010 V
1B
1F
#19560
0B
0F
#19565
b1011 V
1B
1F
#19570
0B
0F
#19575
b1100 V
1B
1F
#19580
0B
0F
#19585
0K
1J
b1101 V
b10 O
1B
1F
1I
1E
#19590
0B
0F
#19595
0N
0J
b0 O
b111100 S
b111100 Z
b111100 ^
b110 U
b0 V
1B
1F
#19596
b101010 R
b101010 \
b101010 `
#19600
0B
0F
#19605
b101010 A
b101010 G
b101010 P
b101010 W
1B
1F
#19610
0B
0F
#19615
1B
1F
#19620
0B
0F
#19625
1B
1F
#19630
0B
0F
#19635
1B
1F
#19640
0B
0F
#19645
1B
1F
#19650
0B
0F
#19655
1B
1F
#19660
0B
0F
#19665
1B
1F
#19670
0B
0F
#19675
1B
1F
#19680
0B
0F
#19685
1B
1F
#19690
0B
0F
#19695
1B
1F
#19700
0B
0F
#19705
1B
1F
#19710
0B
0F
#19715
1B
1F
#19720
0B
0F
#19725
1B
1F
#19730
0B
0F
#19735
1B
1F
#19740
0B
0F
#19745
1B
1F
#19750
0B
0F
#19755
1B
1F
#19760
0B
0F
#19765
1B
1F
#19770
0B
0F
#19775
1B
1F
#19780
0B
0F
#19785
1N
1K
b1 O
1B
1F
0I
0E
b10 h
b110 g
#19790
0B
0F
#19795
b1 V
1B
1F
#19800
0B
0F
#19805
0K
1J
b10 V
b10 O
1B
1F
1I
1E
#19810
0B
0F
#19815
0N
0J
1H
b0 O
b10011110 S
b10011110 Z
b10011110 ^
b111 U
b0 V
1B
1F
#19816
b10001100 R
b10001100 \
b10001100 `
1Q
#19817
0Q
#19820
0B
0F
#19825
b10001100 A
b10001100 G
b10001100 P
b10001100 W
1B
1F
#19830
0B
0F
#19835
1B
1F
#19840
0B
0F
#19845
1B
1F
#19850
0B
0F
#19855
1B
1F
#19860
0B
0F
#19865
1B
1F
#19870
0B
0F
#19875
1B
1F
#19880
0B
0F
#19885
1B
1F
#19890
0B
0F
#19895
1B
1F
#19900
0B
0F
#19905
1B
1F
#19910
0B
0F
#19915
1B
1F
#19920
0B
0F
#19925
1B
1F
#19930
0B
0F
#19935
1B
1F
#19940
0B
0F
#19945
1B
1F
#19950
0B
0F
#19955
1B
1F
#19960
0B
0F
#19965
1B
1F
#19970
0B
0F
#19975
1B
1F
#19980
0B
0F
#19985
1B
1F
#19990
0B
0F
#19995
1B
1F
#20000
0B
0F
#20005
1N
1K
b1 O
1B
1F
0I
0E
b11 h
b111 g
#20010
0B
0F
#20015
b1 V
1B
1F
#20020
0B
0F
#20025
b10 V
1B
1F
#20030
0B
0F
#20035
0K
1J
b10 O
b11 V
1B
1F
1I
1E
#20040
0B
0F
#20045
1L
0J
0H
b0 V
b0 U
b11001111 S
b11001111 Z
b11001111 ^
b11 O
1B
1F
#20046
b10111101 R
b10111101 \
b10111101 `
#20050
0B
0F
#20055
0N
1M
0L
b100 O
b11001111 T
b11001111 [
b11001111 _
1B
1F
#20056
b10011110 R
b10011110 \
b10011110 `
#20060
0B
0F
#20065
0M
1?
1Y
b10011110 A
b10011110 G
b10011110 P
b10011110 W
b0 S
b0 Z
b0 ^
b0 O
1B
1F
#20066
b11001111 R
b11001111 \
b11001111 `
0a
#20070
0B
0F
#20075
b11001111 A
b11001111 G
b11001111 P
b11001111 W
0?
0Y
1B
1F
#20080
0B
0F
#20085
1B
1F
#20090
0B
0F
#20095
1B
1F
#20100
0B
0F
#20105
1B
1F
#20110
0B
0F
#20115
1B
1F
#20120
0B
0F
#20125
1B
1F
#20130
0B
0F
#20135
1B
1F
#20140
0B
0F
#20145
1B
1F
#20150
0B
0F
#20155
1B
1F
#20160
0B
0F
#20165
1B
1F
#20170
0B
0F
#20175
1B
1F
#20180
0B
0F
#20185
1B
1F
#20190
0B
0F
#20195
1B
1F
#20200
0B
0F
#20205
1B
1F
#20210
0B
0F
#20215
1B
1F
#20220
0B
0F
#20225
1B
1F
#20230
0B
0F
#20235
1N
1K
b1 O
1B
1F
0I
0E
b1100 h
b10110000 i
b1010 j
b0 g
#20240
0B
0F
#20245
b1 V
1B
1F
#20250
0B
0F
#20255
b10 V
1B
1F
#20260
0B
0F
#20265
b11 V
1B
1F
#20270
0B
0F
#20275
b100 V
1B
1F
#20280
0B
0F
#20285
b101 V
1B
1F
#20290
0B
0F
#20295
b110 V
1B
1F
#20300
0B
0F
#20305
b111 V
1B
1F
#20310
0B
0F
#20315
b1000 V
1B
1F
#20320
0B
0F
#20325
b1001 V
1B
1F
#20330
0B
0F
#20335
b1010 V
1B
1F
#20340
0B
0F
#20345
b1011 V
1B
1F
#20350
0B
0F
#20355
0K
1J
b10 O
b1100 V
1B
1F
1I
1E
#20360
0B
0F
#20365
0N
0J
b0 V
b1 U
b0 O
1B
1F
#20370
0B
0F
#20375
1B
1F
#20380
0B
0F
#20385
1B
1F
#20390
0B
0F
#20395
1B
1F
#20400
0B
0F
#20405
1B
1F
#20410
0B
0F
#20415
1B
1F
#20420
0B
0F
#20425
1B
1F
#20430
0B
0F
#20435
1B
1F
#20440
0B
0F
#20445
1B
1F
#20450
0B
0F
#20455
1B
1F
#20460
0B
0F
#20465
1B
1F
#20470
0B
0F
#20475
1B
1F
#20480
0B
0F
#20485
1B
1F
#20490
0B
0F
#20495
1B
1F
#20500
0B
0F
#20505
1B
1F
#20510
0B
0F
#20515
1B
1F
#20520
0B
0F
#20525
1B
1F
#20530
0B
0F
#20535
1B
1F
#20540
0B
0F
#20545
1B
1F
#20550
0B
0F
#20555
1N
1K
b1 O
1B
1F
0I
0E
b1101 h
b1 g
#20560
0B
0F
#20565
b1 V
1B
1F
#20570
0B
0F
#20575
b10 V
1B
1F
#20580
0B
0F
#20585
b11 V
1B
1F
#20590
0B
0F
#20595
b100 V
1B
1F
#20600
0B
0F
#20605
b101 V
1B
1F
#20610
0B
0F
#20615
b110 V
1B
1F
#20620
0B
0F
#20625
b111 V
1B
1F
#20630
0B
0F
#20635
b1000 V
1B
1F
#20640
0B
0F
#20645
b1001 V
1B
1F
#20650
0B
0F
#20655
b1010 V
1B
1F
#20660
0B
0F
#20665
b1011 V
1B
1F
#20670
0B
0F
#20675
b1100 V
1B
1F
#20680
0B
0F
#20685
0K
1J
b1101 V
b10 O
1B
1F
1I
1E
#20690
0B
0F
#20695
0N
0J
b0 O
b10 U
b0 V
1B
1F
#20700
0B
0F
#20705
1B
1F
#20710
0B
0F
#20715
1B
1F
#20720
0B
0F
#20725
1B
1F
#20730
0B
0F
#20735
1B
1F
#20740
0B
0F
#20745
1B
1F
#20750
0B
0F
#20755
1B
1F
#20760
0B
0F
#20765
1B
1F
#20770
0B
0F
#20775
1B
1F
#20780
0B
0F
#20785
1B
1F
#20790
0B
0F
#20795
1B
1F
#20800
0B
0F
#20805
1B
1F
#20810
0B
0F
#20815
1B
1F
#20820
0B
0F
#20825
1B
1F
#20830
0B
0F
#20835
1B
1F
#20840
0B
0F
#20845
1B
1F
#20850
0B
0F
#20855
1B
1F
#20860
0B
0F
#20865
1B
1F
#20870
0B
0F
#20875
1B
1F
#20880
0B
0F
#20885
1N
1K
b1 O
1B
1F
0I
0E
b1110 h
b10 g
#20890
0B
0F
#20895
b1 V
1B
1F
#20900
0B
0F
#20905
b10 V
1B
1F
#20910
0B
0F
#20915
b11 V
1B
1F
#20920
0B
0F
#20925
b100 V
1B
1F
#20930
0B
0F
#20935
b101 V
1B
1F
#20940
0B
0F
#20945
b110 V
1B
1F
#20950
0B
0F
#20955
b111 V
1B
1F
#20960
0B
0F
#20965
b1000 V
1B
1F
#20970
0B
0F
#20975
b1001 V
1B
1F
#20980
0B
0F
#20985
b1010 V
1B
1F
#20990
0B
0F
#20995
b1011 V
1B
1F
#21000
0B
0F
#21005
b1100 V
1B
1F
#21010
0B
0F
#21015
b1101 V
1B
1F
#21020
0B
0F
#21025
0K
1J
b1110 V
b10 O
1B
1F
1I
1E
#21030
0B
0F
#21035
0N
0J
b0 O
b11 U
b0 V
1B
1F
#21040
0B
0F
#21045
1B
1F
#21050
0B
0F
#21055
1B
1F
#21060
0B
0F
#21065
1B
1F
#21070
0B
0F
#21075
1B
1F
#21080
0B
0F
#21085
1B
1F
#21090
0B
0F
#21095
1B
1F
#21100
0B
0F
#21105
1B
1F
#21110
0B
0F
#21115
1B
1F
#21120
0B
0F
#21125
1B
1F
#21130
0B
0F
#21135
1B
1F
#21140
0B
0F
#21145
1B
1F
#21150
0B
0F
#21155
1B
1F
#21160
0B
0F
#21165
1B
1F
#21170
0B
0F
#21175
1B
1F
#21180
0B
0F
#21185
1B
1F
#21190
0B
0F
#21195
1B
1F
#21200
0B
0F
#21205
1B
1F
#21210
0B
0F
#21215
1B
1F
#21220
0B
0F
#21225
1N
1K
b1 O
1B
1F
0I
0E
b1111 h
b11 g
#21230
0B
0F
#21235
b1 V
1B
1F
#21240
0B
0F
#21245
b10 V
1B
1F
#21250
0B
0F
#21255
b11 V
1B
1F
#21260
0B
0F
#21265
b100 V
1B
1F
#21270
0B
0F
#21275
b101 V
1B
1F
#21280
0B
0F
#21285
b110 V
1B
1F
#21290
0B
0F
#21295
b111 V
1B
1F
#21300
0B
0F
#21305
b1000 V
1B
1F
#21310
0B
0F
#21315
b1001 V
1B
1F
#21320
0B
0F
#21325
b1010 V
1B
1F
#21330
0B
0F
#21335
b1011 V
1B
1F
#21340
0B
0F
#21345
b1100 V
1B
1F
#21350
0B
0F
#21355
b1101 V
1B
1F
#21360
0B
0F
#21365
b1110 V
1B
1F
#21370
0B
0F
#21375
0K
1J
b10 O
b1111 V
1B
1F
1I
1E
#21380
0B
0F
#21385
0N
0J
b0 V
b100 U
b0 O
1B
1F
#21390
0B
0F
#21395
1B
1F
#21400
0B
0F
#21405
1B
1F
#21410
0B
0F
#21415
1B
1F
#21420
0B
0F
#21425
1B
1F
#21430
0B
0F
#21435
1B
1F
#21440
0B
0F
#21445
1B
1F
#21450
0B
0F
#21455
1B
1F
#21460
0B
0F
#21465
1B
1F
#21470
0B
0F
#21475
1B
1F
#21480
0B
0F
#21485
1B
1F
#21490
0B
0F
#21495
1B
1F
#21500
0B
0F
#21505
1B
1F
#21510
0B
0F
#21515
1B
1F
#21520
0B
0F
#21525
1B
1F
#21530
0B
0F
#21535
1B
1F
#21540
0B
0F
#21545
1B
1F
#21550
0B
0F
#21555
1B
1F
#21560
0B
0F
#21565
1B
1F
#21570
0B
0F
#21575
1N
1K
b1 O
1B
1F
0I
0E
b10 h
b100 g
#21580
0B
0F
#21585
b1 V
1B
1F
#21590
0B
0F
#21595
0K
1J
b10 O
b10 V
1B
1F
1I
1E
#21600
0B
0F
#21605
0N
0J
b0 V
b101 U
b10000000 S
b10000000 Z
b10000000 ^
b0 O
1B
1F
#21606
b1001111 R
b1001111 \
b1001111 `
1a
#21607
1Q
#21610
0B
0F
#21615
b1001111 A
b1001111 G
b1001111 P
b1001111 W
1B
1F
#21620
0B
0F
#21625
1B
1F
#21630
0B
0F
#21635
1B
1F
#21640
0B
0F
#21645
1B
1F
#21650
0B
0F
#21655
1B
1F
#21660
0B
0F
#21665
1B
1F
#21670
0B
0F
#21675
1B
1F
#21680
0B
0F
#21685
1B
1F
#21690
0B
0F
#21695
1B
1F
#21700
0B
0F
#21705
1B
1F
#21710
0B
0F
#21715
1B
1F
#21720
0B
0F
#21725
1B
1F
#21730
0B
0F
#21735
1B
1F
#21740
0B
0F
#21745
1B
1F
#21750
0B
0F
#21755
1B
1F
#21760
0B
0F
#21765
1B
1F
#21770
0B
0F
#21775
1B
1F
#21780
0B
0F
#21785
1B
1F
#21790
0B
0F
#21795
1N
1K
b1 O
1B
1F
0I
0E
b11 h
b101 g
#21800
0B
0F
#21805
b1 V
1B
1F
#21810
0B
0F
#21815
b10 V
1B
1F
#21820
0B
0F
#21825
0K
1J
b11 V
b10 O
1B
1F
1I
1E
#21830
0B
0F
#21835
0N
0J
b0 O
b11000000 S
b11000000 Z
b11000000 ^
b110 U
b0 V
1B
1F
#21836
b10001111 R
b10001111 \
b10001111 `
#21837
0Q
#21840
0B
0F
#21845
b10001111 A
b10001111 G
b10001111 P
b10001111 W
1B
1F
#21850
0B
0F
#21855
1B
1F
#21860
0B
0F
#21865
1B
1F
#21870
0B
0F
#21875
1B
1F
#21880
0B
0F
#21885
1B
1F
#21890
0B
0F
#21895
1B
1F
#21900
0B
0F
#21905
1B
1F
#21910
0B
0F
#21915
1B
1F
#21920
0B
0F
#21925
1B
1F
#21930
0B
0F
#21935
1B
1F
#21940
0B
0F
#21945
1B
1F
#21950
0B
0F
#21955
1B
1F
#21960
0B
0F
#21965
1B
1F
#21970
0B
0F
#21975
1B
1F
#21980
0B
0F
#21985
1B
1F
#21990
0B
0F
#21995
1B
1F
#22000
0B
0F
#22005
1B
1F
#22010
0B
0F
#22015
1B
1F
#22020
0B
0F
#22025
1N
1K
b1 O
1B
1F
0I
0E
b1101 h
b110 g
#22030
0B
0F
#22035
b1 V
1B
1F
#22040
0B
0F
#22045
b10 V
1B
1F
#22050
0B
0F
#22055
b11 V
1B
1F
#22060
0B
0F
#22065
b100 V
1B
1F
#22070
0B
0F
#22075
b101 V
1B
1F
#22080
0B
0F
#22085
b110 V
1B
1F
#22090
0B
0F
#22095
b111 V
1B
1F
#22100
0B
0F
#22105
b1000 V
1B
1F
#22110
0B
0F
#22115
b1001 V
1B
1F
#22120
0B
0F
#22125
b1010 V
1B
1F
#22130
0B
0F
#22135
b1011 V
1B
1F
#22140
0B
0F
#22145
b1100 V
1B
1F
#22150
0B
0F
#22155
0K
1J
b10 O
b1101 V
1B
1F
1I
1E
#22160
0B
0F
#22165
0N
0J
1H
b0 V
b111 U
b1100000 S
b1100000 Z
b1100000 ^
b0 O
1B
1F
#22166
b101111 R
b101111 \
b101111 `
#22170
0B
0F
#22175
b101111 A
b101111 G
b101111 P
b101111 W
1B
1F
#22180
0B
0F
#22185
1B
1F
#22190
0B
0F
#22195
1B
1F
#22200
0B
0F
#22205
1B
1F
#22210
0B
0F
#22215
1B
1F
#22220
0B
0F
#22225
1B
1F
#22230
0B
0F
#22235
1B
1F
#22240
0B
0F
#22245
1B
1F
#22250
0B
0F
#22255
1B
1F
#22260
0B
0F
#22265
1B
1F
#22270
0B
0F
#22275
1B
1F
#22280
0B
0F
#22285
1B
1F
#22290
0B
0F
#22295
1B
1F
#22300
0B
0F
#22305
1B
1F
#22310
0B
0F
#22315
1B
1F
#22320
0B
0F
#22325
1B
1F
#22330
0B
0F
#22335
1B
1F
#22340
0B
0F
#22345
1B
1F
#22350
0B
0F
#22355
1N
1K
b1 O
1B
1F
0I
0E
b101 h
b111 g
#22360
0B
0F
#22365
b1 V
1B
1F
#22370
0B
0F
#22375
b10 V
1B
1F
#22380
0B
0F
#22385
b11 V
1B
1F
#22390
0B
0F
#22395
b100 V
1B
1F
#22400
0B
0F
#22405
0K
1J
b101 V
b10 O
1B
1F
1I
1E
#22410
0B
0F
#22415
1L
0J
0H
b11 O
b10110000 S
b10110000 Z
b10110000 ^
b0 U
b0 V
1B
1F
#22416
b1111111 R
b1111111 \
b1111111 `
1Q
#22420
0B
0F
#22425
0N
1M
0L
b0 T
b0 [
b0 _
b100 O
1B
1F
#22426
b10110000 R
b10110000 \
b10110000 `
0a
0Q
#22430
0B
0F
#22435
0M
b0 O
b0 S
b0 Z
b0 ^
b10110000 A
b10110000 G
b10110000 P
b10110000 W
1?
1Y
1B
1F
#22436
b0 R
b0 \
b0 `
1Q
#22437
0Q
#22440
0B
0F
#22445
0?
0Y
b0 A
b0 G
b0 P
b0 W
1B
1F
#22450
0B
0F
#22455
1B
1F
#22460
0B
0F
#22465
1B
1F
#22470
0B
0F
#22475
1B
1F
#22480
0B
0F
#22485
1B
1F
#22490
0B
0F
#22495
1B
1F
#22500
0B
0F
#22505
1B
1F
#22510
0B
0F
#22515
1B
1F
#22520
0B
0F
#22525
1B
1F
#22530
0B
0F
#22535
1B
1F
#22540
0B
0F
#22545
1B
1F
#22550
0B
0F
#22555
1B
1F
#22560
0B
0F
#22565
1B
1F
#22570
0B
0F
#22575
1B
1F
#22580
0B
0F
#22585
1B
1F
#22590
0B
0F
#22595
1B
1F
#22600
0B
0F
#22605
1N
1K
b1 O
1B
1F
0I
0E
b110 h
b10010001 i
b1011 j
b0 g
#22610
0B
0F
#22615
b1 V
1B
1F
#22620
0B
0F
#22625
b10 V
1B
1F
#22630
0B
0F
#22635
b11 V
1B
1F
#22640
0B
0F
#22645
b100 V
1B
1F
#22650
0B
0F
#22655
b101 V
1B
1F
#22660
0B
0F
#22665
0K
1J
b110 V
b10 O
1B
1F
1I
1E
#22670
0B
0F
#22675
0N
0J
b0 O
b10000000 S
b10000000 Z
b10000000 ^
b1 U
b0 V
1B
1F
#22676
b10000000 R
b10000000 \
b10000000 `
#22680
0B
0F
#22685
b10000000 A
b10000000 G
b10000000 P
b10000000 W
1B
1F
#22690
0B
0F
#22695
1B
1F
#22700
0B
0F
#22705
1B
1F
#22710
0B
0F
#22715
1B
1F
#22720
0B
0F
#22725
1B
1F
#22730
0B
0F
#22735
1B
1F
#22740
0B
0F
#22745
1B
1F
#22750
0B
0F
#22755
1B
1F
#22760
0B
0F
#22765
1B
1F
#22770
0B
0F
#22775
1B
1F
#22780
0B
0F
#22785
1B
1F
#22790
0B
0F
#22795
1B
1F
#22800
0B
0F
#22805
1B
1F
#22810
0B
0F
#22815
1B
1F
#22820
0B
0F
#22825
1B
1F
#22830
0B
0F
#22835
1B
1F
#22840
0B
0F
#22845
1B
1F
#22850
0B
0F
#22855
1B
1F
#22860
0B
0F
#22865
1N
1K
b1 O
1B
1F
0I
0E
b1100 h
b1 g
#22870
0B
0F
#22875
b1 V
1B
1F
#22880
0B
0F
#22885
b10 V
1B
1F
#22890
0B
0F
#22895
b11 V
1B
1F
#22900
0B
0F
#22905
b100 V
1B
1F
#22910
0B
0F
#22915
b101 V
1B
1F
#22920
0B
0F
#22925
b110 V
1B
1F
#22930
0B
0F
#22935
b111 V
1B
1F
#22940
0B
0F
#22945
b1000 V
1B
1F
#22950
0B
0F
#22955
b1001 V
1B
1F
#22960
0B
0F
#22965
b1010 V
1B
1F
#22970
0B
0F
#22975
b1011 V
1B
1F
#22980
0B
0F
#22985
0K
1J
b1100 V
b10 O
1B
1F
1I
1E
#22990
0B
0F
#22995
0N
0J
b0 O
b1000000 S
b1000000 Z
b1000000 ^
b10 U
b0 V
1B
1F
#22996
b1000000 R
b1000000 \
b1000000 `
1Q
#22997
0Q
#23000
0B
0F
#23005
b1000000 A
b1000000 G
b1000000 P
b1000000 W
1B
1F
#23010
0B
0F
#23015
1B
1F
#23020
0B
0F
#23025
1B
1F
#23030
0B
0F
#23035
1B
1F
#23040
0B
0F
#23045
1B
1F
#23050
0B
0F
#23055
1B
1F
#23060
0B
0F
#23065
1B
1F
#23070
0B
0F
#23075
1B
1F
#23080
0B
0F
#23085
1B
1F
#23090
0B
0F
#23095
1B
1F
#23100
0B
0F
#23105
1B
1F
#23110
0B
0F
#23115
1B
1F
#23120
0B
0F
#23125
1B
1F
#23130
0B
0F
#23135
1B
1F
#23140
0B
0F
#23145
1B
1F
#23150
0B
0F
#23155
1B
1F
#23160
0B
0F
#23165
1B
1F
#23170
0B
0F
#23175
1B
1F
#23180
0B
0F
#23185
1N
1K
b1 O
1B
1F
0I
0E
b1101 h
b10 g
#23190
0B
0F
#23195
b1 V
1B
1F
#23200
0B
0F
#23205
b10 V
1B
1F
#23210
0B
0F
#23215
b11 V
1B
1F
#23220
0B
0F
#23225
b100 V
1B
1F
#23230
0B
0F
#23235
b101 V
1B
1F
#23240
0B
0F
#23245
b110 V
1B
1F
#23250
0B
0F
#23255
b111 V
1B
1F
#23260
0B
0F
#23265
b1000 V
1B
1F
#23270
0B
0F
#23275
b1001 V
1B
1F
#23280
0B
0F
#23285
b1010 V
1B
1F
#23290
0B
0F
#23295
b1011 V
1B
1F
#23300
0B
0F
#23305
b1100 V
1B
1F
#23310
0B
0F
#23315
0K
1J
b10 O
b1101 V
1B
1F
1I
1E
#23320
0B
0F
#23325
0N
0J
b0 V
b11 U
b100000 S
b100000 Z
b100000 ^
b0 O
1B
1F
#23326
b100000 R
b100000 \
b100000 `
#23330
0B
0F
#23335
b100000 A
b100000 G
b100000 P
b100000 W
1B
1F
#23340
0B
0F
#23345
1B
1F
#23350
0B
0F
#23355
1B
1F
#23360
0B
0F
#23365
1B
1F
#23370
0B
0F
#23375
1B
1F
#23380
0B
0F
#23385
1B
1F
#23390
0B
0F
#23395
1B
1F
#23400
0B
0F
#23405
1B
1F
#23410
0B
0F
#23415
1B
1F
#23420
0B
0F
#23425
1B
1F
#23430
0B
0F
#23435
1B
1F
#23440
0B
0F
#23445
1B
1F
#23450
0B
0F
#23455
1B
1F
#23460
0B
0F
#23465
1B
1F
#23470
0B
0F
#23475
1B
1F
#23480
0B
0F
#23485
1B
1F
#23490
0B
0F
#23495
1B
1F
#23500
0B
0F
#23505
1B
1F
#23510
0B
0F
#23515
1N
1K
b1 O
1B
1F
0I
0E
b1110 h
b11 g
#23520
0B
0F
#23525
b1 V
1B
1F
#23530
0B
0F
#23535
b10 V
1B
1F
#23540
0B
0F
#23545
b11 V
1B
1F
#23550
0B
0F
#23555
b100 V
1B
1F
#23560
0B
0F
#23565
b101 V
1B
1F
#23570
0B
0F
#23575
b110 V
1B
1F
#23580
0B
0F
#23585
b111 V
1B
1F
#23590
0B
0F
#23595
b1000 V
1B
1F
#23600
0B
0F
#23605
b1001 V
1B
1F
#23610
0B
0F
#23615
b1010 V
1B
1F
#23620
0B
0F
#23625
b1011 V
1B
1F
#23630
0B
0F
#23635
b1100 V
1B
1F
#23640
0B
0F
#23645
b1101 V
1B
1F
#23650
0B
0F
#23655
0K
1J
b10 O
b1110 V
1B
1F
1I
1E
#23660
0B
0F
#23665
0N
0J
b0 V
b100 U
b10000 S
b10000 Z
b10000 ^
b0 O
1B
1F
#23666
b10000 R
b10000 \
b10000 `
#23670
0B
0F
#23675
b10000 A
b10000 G
b10000 P
b10000 W
1B
1F
#23680
0B
0F
#23685
1B
1F
#23690
0B
0F
#23695
1B
1F
#23700
0B
0F
#23705
1B
1F
#23710
0B
0F
#23715
1B
1F
#23720
0B
0F
#23725
1B
1F
#23730
0B
0F
#23735
1B
1F
#23740
0B
0F
#23745
1B
1F
#23750
0B
0F
#23755
1B
1F
#23760
0B
0F
#23765
1B
1F
#23770
0B
0F
#23775
1B
1F
#23780
0B
0F
#23785
1B
1F
#23790
0B
0F
#23795
1B
1F
#23800
0B
0F
#23805
1B
1F
#23810
0B
0F
#23815
1B
1F
#23820
0B
0F
#23825
1B
1F
#23830
0B
0F
#23835
1B
1F
#23840
0B
0F
#23845
1B
1F
#23850
0B
0F
#23855
1N
1K
b1 O
1B
1F
0I
0E
b100 h
b100 g
#23860
0B
0F
#23865
b1 V
1B
1F
#23870
0B
0F
#23875
b10 V
1B
1F
#23880
0B
0F
#23885
b11 V
1B
1F
#23890
0B
0F
#23895
0K
1J
b10 O
b100 V
1B
1F
1I
1E
#23900
0B
0F
#23905
0N
0J
b0 V
b101 U
b10001000 S
b10001000 Z
b10001000 ^
b0 O
1B
1F
#23906
b10001000 R
b10001000 \
b10001000 `
#23910
0B
0F
#23915
b10001000 A
b10001000 G
b10001000 P
b10001000 W
1B
1F
#23920
0B
0F
#23925
1B
1F
#23930
0B
0F
#23935
1B
1F
#23940
0B
0F
#23945
1B
1F
#23950
0B
0F
#23955
1B
1F
#23960
0B
0F
#23965
1B
1F
#23970
0B
0F
#23975
1B
1F
#23980
0B
0F
#23985
1B
1F
#23990
0B
0F
#23995
1B
1F
#24000
0B
0F
#24005
1B
1F
#24010
0B
0F
#24015
1B
1F
#24020
0B
0F
#24025
1B
1F
#24030
0B
0F
#24035
1B
1F
#24040
0B
0F
#24045
1B
1F
#24050
0B
0F
#24055
1B
1F
#24060
0B
0F
#24065
1B
1F
#24070
0B
0F
#24075
1B
1F
#24080
0B
0F
#24085
1B
1F
#24090
0B
0F
#24095
1N
1K
b1 O
1B
1F
0I
0E
b1011 h
b101 g
#24100
0B
0F
#24105
b1 V
1B
1F
#24110
0B
0F
#24115
b10 V
1B
1F
#24120
0B
0F
#24125
b11 V
1B
1F
#24130
0B
0F
#24135
b100 V
1B
1F
#24140
0B
0F
#24145
b101 V
1B
1F
#24150
0B
0F
#24155
b110 V
1B
1F
#24160
0B
0F
#24165
b111 V
1B
1F
#24170
0B
0F
#24175
b1000 V
1B
1F
#24180
0B
0F
#24185
b1001 V
1B
1F
#24190
0B
0F
#24195
b1010 V
1B
1F
#24200
0B
0F
#24205
0K
1J
b1011 V
b10 O
1B
1F
1I
1E
#24210
0B
0F
#24215
0N
0J
b0 O
b1000100 S
b1000100 Z
b1000100 ^
b110 U
b0 V
1B
1F
#24216
b1000100 R
b1000100 \
b1000100 `
1Q
#24217
0Q
#24220
0B
0F
#24225
b1000100 A
b1000100 G
b1000100 P
b1000100 W
1B
1F
#24230
0B
0F
#24235
1B
1F
#24240
0B
0F
#24245
1B
1F
#24250
0B
0F
#24255
1B
1F
#24260
0B
0F
#24265
1B
1F
#24270
0B
0F
#24275
1B
1F
#24280
0B
0F
#24285
1B
1F
#24290
0B
0F
#24295
1B
1F
#24300
0B
0F
#24305
1B
1F
#24310
0B
0F
#24315
1B
1F
#24320
0B
0F
#24325
1B
1F
#24330
0B
0F
#24335
1B
1F
#24340
0B
0F
#24345
1B
1F
#24350
0B
0F
#24355
1B
1F
#24360
0B
0F
#24365
1B
1F
#24370
0B
0F
#24375
1B
1F
#24380
0B
0F
#24385
1B
1F
#24390
0B
0F
#24395
1B
1F
#24400
0B
0F
#24405
1N
1K
b1 O
1B
1F
0I
0E
b1100 h
b110 g
#24410
0B
0F
#24415
b1 V
1B
1F
#24420
0B
0F
#24425
b10 V
1B
1F
#24430
0B
0F
#24435
b11 V
1B
1F
#24440
0B
0F
#24445
b100 V
1B
1F
#24450
0B
0F
#24455
b101 V
1B
1F
#24460
0B
0F
#24465
b110 V
1B
1F
#24470
0B
0F
#24475
b111 V
1B
1F
#24480
0B
0F
#24485
b1000 V
1B
1F
#24490
0B
0F
#24495
b1001 V
1B
1F
#24500
0B
0F
#24505
b1010 V
1B
1F
#24510
0B
0F
#24515
b1011 V
1B
1F
#24520
0B
0F
#24525
0K
1J
b1100 V
b10 O
1B
1F
1I
1E
#24530
0B
0F
#24535
0N
0J
1H
b0 O
b100010 S
b100010 Z
b100010 ^
b111 U
b0 V
1B
1F
#24536
b100010 R
b100010 \
b100010 `
#24540
0B
0F
#24545
b100010 A
b100010 G
b100010 P
b100010 W
1B
1F
#24550
0B
0F
#24555
1B
1F
#24560
0B
0F
#24565
1B
1F
#24570
0B
0F
#24575
1B
1F
#24580
0B
0F
#24585
1B
1F
#24590
0B
0F
#24595
1B
1F
#24600
0B
0F
#24605
1B
1F
#24610
0B
0F
#24615
1B
1F
#24620
0B
0F
#24625
1B
1F
#24630
0B
0F
#24635
1B
1F
#24640
0B
0F
#24645
1B
1F
#24650
0B
0F
#24655
1B
1F
#24660
0B
0F
#24665
1B
1F
#24670
0B
0F
#24675
1B
1F
#24680
0B
0F
#24685
1B
1F
#24690
0B
0F
#24695
1B
1F
#24700
0B
0F
#24705
1B
1F
#24710
0B
0F
#24715
1B
1F
#24720
0B
0F
#24725
1N
1K
b1 O
1B
1F
0I
0E
b111 h
b111 g
#24730
0B
0F
#24735
b1 V
1B
1F
#24740
0B
0F
#24745
b10 V
1B
1F
#24750
0B
0F
#24755
b11 V
1B
1F
#24760
0B
0F
#24765
b100 V
1B
1F
#24770
0B
0F
#24775
b101 V
1B
1F
#24780
0B
0F
#24785
b110 V
1B
1F
#24790
0B
0F
#24795
0K
1J
b10 O
b111 V
1B
1F
1I
1E
#24800
0B
0F
#24805
1L
0J
0H
b0 V
b0 U
b10010001 S
b10010001 Z
b10010001 ^
b11 O
1B
1F
#24806
b10010001 R
b10010001 \
b10010001 `
#24810
0B
0F
#24815
0N
1M
0L
b100 O
b10010001 T
b10010001 [
b10010001 _
1B
1F
#24816
b100010 R
b100010 \
b100010 `
1a
#24817
1Q
#24820
0B
0F
#24825
0M
1@
1X
b0 S
b0 Z
b0 ^
b0 O
1B
1F
#24826
b10010001 R
b10010001 \
b10010001 `
0a
0Q
#24830
0B
0F
#24835
b11010001 e
0d
b11010001 b
b110 f
b0 c
b10010001 A
b10010001 G
b10010001 P
b10010001 W
0@
0X
1B
1F
#24840
0B
0F
#24845
1B
1F
#24850
0B
0F
#24855
1B
1F
#24860
0B
0F
#24865
1B
1F
#24870
0B
0F
#24875
1B
1F
#24880
0B
0F
#24885
1B
1F
#24890
0B
0F
#24895
1B
1F
#24900
0B
0F
#24905
1B
1F
#24910
0B
0F
#24915
1B
1F
#24920
0B
0F
#24925
1B
1F
#24930
0B
0F
#24935
1B
1F
#24940
0B
0F
#24945
1B
1F
#24950
0B
0F
#24955
1B
1F
#24960
0B
0F
#24965
1B
1F
#24970
0B
0F
#24975
1B
1F
#24980
0B
0F
#24985
1B
1F
#24990
0B
0F
#24995
1N
1K
b1 O
1B
1F
0I
0E
b1111 h
b1110010 i
b1100 j
b0 g
#25000
0B
0F
#25005
b1 V
1B
1F
#25010
0B
0F
#25015
b10 V
1B
1F
#25020
0B
0F
#25025
b11 V
1B
1F
#25030
0B
0F
#25035
b100 V
1B
1F
#25040
0B
0F
#25045
b101 V
1B
1F
#25050
0B
0F
#25055
b110 V
1B
1F
#25060
0B
0F
#25065
b111 V
1B
1F
#25070
0B
0F
#25075
b1000 V
1B
1F
#25080
0B
0F
#25085
b1001 V
1B
1F
#25090
0B
0F
#25095
b1010 V
1B
1F
#25100
0B
0F
#25105
b1011 V
1B
1F
#25110
0B
0F
#25115
b1100 V
1B
1F
#25120
0B
0F
#25125
b1101 V
1B
1F
#25130
0B
0F
#25135
b1110 V
1B
1F
#25140
0B
0F
#25145
0K
1J
b1111 V
b10 O
1B
1F
1I
1E
#25150
0B
0F
#25155
0N
0J
b0 O
b1 U
b0 V
1B
1F
#25160
0B
0F
#25165
1B
1F
#25170
0B
0F
#25175
1B
1F
#25180
0B
0F
#25185
1B
1F
#25190
0B
0F
#25195
1B
1F
#25200
0B
0F
#25205
1B
1F
#25210
0B
0F
#25215
1B
1F
#25220
0B
0F
#25225
1B
1F
#25230
0B
0F
#25235
1B
1F
#25240
0B
0F
#25245
1B
1F
#25250
0B
0F
#25255
1B
1F
#25260
0B
0F
#25265
1B
1F
#25270
0B
0F
#25275
1B
1F
#25280
0B
0F
#25285
1B
1F
#25290
0B
0F
#25295
1B
1F
#25300
0B
0F
#25305
1B
1F
#25310
0B
0F
#25315
1B
1F
#25320
0B
0F
#25325
1B
1F
#25330
0B
0F
#25335
1B
1F
#25340
0B
0F
#25345
1N
1K
b1 O
1B
1F
0I
0E
b11 h
b1 g
#25350
0B
0F
#25355
b1 V
1B
1F
#25360
0B
0F
#25365
b10 V
1B
1F
#25370
0B
0F
#25375
0K
1J
b10 O
b11 V
1B
1F
1I
1E
#25380
0B
0F
#25385
0N
0J
b0 V
b10 U
b10000000 S
b10000000 Z
b10000000 ^
b0 O
1B
1F
#25386
b10001 R
b10001 \
b10001 `
1a
#25387
1Q
#25390
0B
0F
#25395
b10001 A
b10001 G
b10001 P
b10001 W
1B
1F
#25400
0B
0F
#25405
1B
1F
#25410
0B
0F
#25415
1B
1F
#25420
0B
0F
#25425
1B
1F
#25430
0B
0F
#25435
1B
1F
#25440
0B
0F
#25445
1B
1F
#25450
0B
0F
#25455
1B
1F
#25460
0B
0F
#25465
1B
1F
#25470
0B
0F
#25475
1B
1F
#25480
0B
0F
#25485
1B
1F
#25490
0B
0F
#25495
1B
1F
#25500
0B
0F
#25505
1B
1F
#25510
0B
0F
#25515
1B
1F
#25520
0B
0F
#25525
1B
1F
#25530
0B
0F
#25535
1B
1F
#25540
0B
0F
#25545
1B
1F
#25550
0B
0F
#25555
1B
1F
#25560
0B
0F
#25565
1B
1F
#25570
0B
0F
#25575
1N
1K
b1 O
1B
1F
0I
0E
b1100 h
b10 g
#25580
0B
0F
#25585
b1 V
1B
1F
#25590
0B
0F
#25595
b10 V
1B
1F
#25600
0B
0F
#25605
b11 V
1B
1F
#25610
0B
0F
#25615
b100 V
1B
1F
#25620
0B
0F
#25625
b101 V
1B
1F
#25630
0B
0F
#25635
b110 V
1B
1F
#25640
0B
0F
#25645
b111 V
1B
1F
#25650
0B
0F
#25655
b1000 V
1B
1F
#25660
0B
0F
#25665
b1001 V
1B
1F
#25670
0B
0F
#25675
b1010 V
1B
1F
#25680
0B
0F
#25685
b1011 V
1B
1F
#25690
0B
0F
#25695
0K
1J
b10 O
b1100 V
1B
1F
1I
1E
#25700
0B
0F
#25705
0N
0J
b0 V
b11 U
b1000000 S
b1000000 Z
b1000000 ^
b0 O
1B
1F
#25706
b11010001 R
b11010001 \
b11010001 `
0a
0Q
#25710
0B
0F
#25715
b11010001 A
b11010001 G
b11010001 P
b11010001 W
1B
1F
#25720
0B
0F
#25725
1B
1F
#25730
0B
0F
#25735
1B
1F
#25740
0B
0F
#25745
1B
1F
#25750
0B
0F
#25755
1B
1F
#25760
0B
0F
#25765
1B
1F
#25770
0B
0F
#25775
1B
1F
#25780
0B
0F
#25785
1B
1F
#25790
0B
0F
#25795
1B
1F
#25800
0B
0F
#25805
1B
1F
#25810
0B
0F
#25815
1B
1F
#25820
0B
0F
#25825
1B
1F
#25830
0B
0F
#25835
1B
1F
#25840
0B
0F
#25845
1B
1F
#25850
0B
0F
#25855
1B
1F
#25860
0B
0F
#25865
1B
1F
#25870
0B
0F
#25875
1B
1F
#25880
0B
0F
#25885
1B
1F
#25890
0B
0F
#25895
1N
1K
b1 O
1B
1F
0I
0E
b1101 h
b11 g
#25900
0B
0F
#25905
b1 V
1B
1F
#25910
0B
0F
#25915
b10 V
1B
1F
#25920
0B
0F
#25925
b11 V
1B
1F
#25930
0B
0F
#25935
b100 V
1B
1F
#25940
0B
0F
#25945
b101 V
1B
1F
#25950
0B
0F
#25955
b110 V
1B
1F
#25960
0B
0F
#25965
b111 V
1B
1F
#25970
0B
0F
#25975
b1000 V
1B
1F
#25980
0B
0F
#25985
b1001 V
1B
1F
#25990
0B
0F
#25995
b1010 V
1B
1F
#26000
0B
0F
#26005
b1011 V
1B
1F
#26010
0B
0F
#26015
b1100 V
1B
1F
#26020
0B
0F
#26025
0K
1J
b1101 V
b10 O
1B
1F
1I
1E
#26030
0B
0F
#26035
0N
0J
b0 O
b100000 S
b100000 Z
b100000 ^
b100 U
b0 V
1B
1F
#26036
b10110001 R
b10110001 \
b10110001 `
#26040
0B
0F
#26045
b10110001 A
b10110001 G
b10110001 P
b10110001 W
1B
1F
#26050
0B
0F
#26055
1B
1F
#26060
0B
0F
#26065
1B
1F
#26070
0B
0F
#26075
1B
1F
#26080
0B
0F
#26085
1B
1F
#26090
0B
0F
#26095
1B
1F
#26100
0B
0F
#26105
1B
1F
#26110
0B
0F
#26115
1B
1F
#26120
0B
0F
#26125
1B
1F
#26130
0B
0F
#26135
1B
1F
#26140
0B
0F
#26145
1B
1F
#26150
0B
0F
#26155
1B
1F
#26160
0B
0F
#26165
1B
1F
#26170
0B
0F
#26175
1B
1F
#26180
0B
0F
#26185
1B
1F
#26190
0B
0F
#26195
1B
1F
#26200
0B
0F
#26205
1B
1F
#26210
0B
0F
#26215
1B
1F
#26220
0B
0F
#26225
1N
1K
b1 O
1B
1F
0I
0E
b110 h
b100 g
#26230
0B
0F
#26235
b1 V
1B
1F
#26240
0B
0F
#26245
b10 V
1B
1F
#26250
0B
0F
#26255
b11 V
1B
1F
#26260
0B
0F
#26265
b100 V
1B
1F
#26270
0B
0F
#26275
b101 V
1B
1F
#26280
0B
0F
#26285
0K
1J
b110 V
b10 O
1B
1F
1I
1E
#26290
0B
0F
#26295
0N
0J
b0 O
b10010000 S
b10010000 Z
b10010000 ^
b101 U
b0 V
1B
1F
#26296
b100001 R
b100001 \
b100001 `
1a
#26297
1Q
#26300
0B
0F
#26305
b100001 A
b100001 G
b100001 P
b100001 W
1B
1F
#26310
0B
0F
#26315
1B
1F
#26320
0B
0F
#26325
1B
1F
#26330
0B
0F
#26335
1B
1F
#26340
0B
0F
#26345
1B
1F
#26350
0B
0F
#26355
1B
1F
#26360
0B
0F
#26365
1B
1F
#26370
0B
0F
#26375
1B
1F
#26380
0B
0F
#26385
1B
1F
#26390
0B
0F
#26395
1B
1F
#26400
0B
0F
#26405
1B
1F
#26410
0B
0F
#26415
1B
1F
#26420
0B
0F
#26425
1B
1F
#26430
0B
0F
#26435
1B
1F
#26440
0B
0F
#26445
1B
1F
#26450
0B
0F
#26455
1B
1F
#26460
0B
0F
#26465
1B
1F
#26470
0B
0F
#26475
1B
1F
#26480
0B
0F
#26485
1N
1K
b1 O
1B
1F
0I
0E
b111 h
b101 g
#26490
0B
0F
#26495
b1 V
1B
1F
#26500
0B
0F
#26505
b10 V
1B
1F
#26510
0B
0F
#26515
b11 V
1B
1F
#26520
0B
0F
#26525
b100 V
1B
1F
#26530
0B
0F
#26535
b101 V
1B
1F
#26540
0B
0F
#26545
b110 V
1B
1F
#26550
0B
0F
#26555
0K
1J
b10 O
b111 V
1B
1F
1I
1E
#26560
0B
0F
#26565
0N
0J
b0 V
b110 U
b11001000 S
b11001000 Z
b11001000 ^
b0 O
1B
1F
#26566
b1011001 R
b1011001 \
b1011001 `
#26570
0B
0F
#26575
b1011001 A
b1011001 G
b1011001 P
b1011001 W
1B
1F
#26580
0B
0F
#26585
1B
1F
#26590
0B
0F
#26595
1B
1F
#26600
0B
0F
#26605
1B
1F
#26610
0B
0F
#26615
1B
1F
#26620
0B
0F
#26625
1B
1F
#26630
0B
0F
#26635
1B
1F
#26640
0B
0F
#26645
1B
1F
#26650
0B
0F
#26655
1B
1F
#26660
0B
0F
#26665
1B
1F
#26670
0B
0F
#26675
1B
1F
#26680
0B
0F
#26685
1B
1F
#26690
0B
0F
#26695
1B
1F
#26700
0B
0F
#26705
1B
1F
#26710
0B
0F
#26715
1B
1F
#26720
0B
0F
#26725
1B
1F
#26730
0B
0F
#26735
1B
1F
#26740
0B
0F
#26745
1B
1F
#26750
0B
0F
#26755
1N
1K
b1 O
1B
1F
0I
0E
b10 h
b110 g
#26760
0B
0F
#26765
b1 V
1B
1F
#26770
0B
0F
#26775
0K
1J
b10 O
b10 V
1B
1F
1I
1E
#26780
0B
0F
#26785
0N
0J
1H
b0 V
b111 U
b11100100 S
b11100100 Z
b11100100 ^
b0 O
1B
1F
#26786
b1110101 R
b1110101 \
b1110101 `
#26790
0B
0F
#26795
b1110101 A
b1110101 G
b1110101 P
b1110101 W
1B
1F
#26800
0B
0F
#26805
1B
1F
#26810
0B
0F
#26815
1B
1F
#26820
0B
0F
#26825
1B
1F
#26830
0B
0F
#26835
1B
1F
#26840
0B
0F
#26845
1B
1F
#26850
0B
0F
#26855
1B
1F
#26860
0B
0F
#26865
1B
1F
#26870
0B
0F
#26875
1B
1F
#26880
0B
0F
#26885
1B
1F
#26890
0B
0F
#26895
1B
1F
#26900
0B
0F
#26905
1B
1F
#26910
0B
0F
#26915
1B
1F
#26920
0B
0F
#26925
1B
1F
#26930
0B
0F
#26935
1B
1F
#26940
0B
0F
#26945
1B
1F
#26950
0B
0F
#26955
1B
1F
#26960
0B
0F
#26965
1B
1F
#26970
0B
0F
#26975
1N
1K
b1 O
1B
1F
0I
0E
b1100 h
b111 g
#26980
0B
0F
#26985
b1 V
1B
1F
#26990
0B
0F
#26995
b10 V
1B
1F
#27000
0B
0F
#27005
b11 V
1B
1F
#27010
0B
0F
#27015
b100 V
1B
1F
#27020
0B
0F
#27025
b101 V
1B
1F
#27030
0B
0F
#27035
b110 V
1B
1F
#27040
0B
0F
#27045
b111 V
1B
1F
#27050
0B
0F
#27055
b1000 V
1B
1F
#27060
0B
0F
#27065
b1001 V
1B
1F
#27070
0B
0F
#27075
b1010 V
1B
1F
#27080
0B
0F
#27085
b1011 V
1B
1F
#27090
0B
0F
#27095
0K
1J
b10 O
b1100 V
1B
1F
1I
1E
#27100
0B
0F
#27105
1L
0J
0H
b0 V
b0 U
b1110010 S
b1110010 Z
b1110010 ^
b11 O
1B
1F
#27106
b11 R
b11 \
b11 `
0Q
#27110
0B
0F
#27115
0N
1M
0L
b100 O
b1110010 T
b1110010 [
b1110010 _
1B
1F
#27116
b11100100 R
b11100100 \
b11100100 `
0a
#27117
1Q
#27120
0B
0F
#27125
0M
1@
1X
b11100100 A
b11100100 G
b11100100 P
b11100100 W
b0 S
b0 Z
b0 ^
b0 O
1B
1F
#27126
b1110010 R
b1110010 \
b1110010 `
#27127
0Q
#27130
0B
0F
#27135
b1110010 A
b1110010 G
b1110010 P
b1110010 W
0@
0X
1B
1F
#27140
0B
0F
#27145
1B
1F
#27150
0B
0F
#27155
1B
1F
#27160
0B
0F
#27165
1B
1F
#27170
0B
0F
#27175
1B
1F
#27180
0B
0F
#27185
1B
1F
#27190
0B
0F
#27195
1B
1F
#27200
0B
0F
#27205
1B
1F
#27210
0B
0F
#27215
1B
1F
#27220
0B
0F
#27225
1B
1F
#27230
0B
0F
#27235
1B
1F
#27240
0B
0F
#27245
1B
1F
#27250
0B
0F
#27255
1B
1F
#27260
0B
0F
#27265
1B
1F
#27270
0B
0F
#27275
1B
1F
#27280
0B
0F
#27285
1B
1F
#27290
0B
0F
#27295
1N
1K
b1 O
1B
1F
0I
0E
b100 h
b1010011 i
b1101 j
b0 g
#27300
0B
0F
#27305
b1 V
1B
1F
#27310
0B
0F
#27315
b10 V
1B
1F
#27320
0B
0F
#27325
b11 V
1B
1F
#27330
0B
0F
#27335
0K
1J
b10 O
b100 V
1B
1F
1I
1E
#27340
0B
0F
#27345
0N
0J
b0 V
b1 U
b10000000 S
b10000000 Z
b10000000 ^
b0 O
1B
1F
#27346
b11110010 R
b11110010 \
b11110010 `
#27350
0B
0F
#27355
b11110010 A
b11110010 G
b11110010 P
b11110010 W
1B
1F
#27360
0B
0F
#27365
1B
1F
#27370
0B
0F
#27375
1B
1F
#27380
0B
0F
#27385
1B
1F
#27390
0B
0F
#27395
1B
1F
#27400
0B
0F
#27405
1B
1F
#27410
0B
0F
#27415
1B
1F
#27420
0B
0F
#27425
1B
1F
#27430
0B
0F
#27435
1B
1F
#27440
0B
0F
#27445
1B
1F
#27450
0B
0F
#27455
1B
1F
#27460
0B
0F
#27465
1B
1F
#27470
0B
0F
#27475
1B
1F
#27480
0B
0F
#27485
1B
1F
#27490
0B
0F
#27495
1B
1F
#27500
0B
0F
#27505
1B
1F
#27510
0B
0F
#27515
1B
1F
#27520
0B
0F
#27525
1B
1F
#27530
0B
0F
#27535
1N
1K
b1 O
1B
1F
0I
0E
b101 h
b1 g
#27540
0B
0F
#27545
b1 V
1B
1F
#27550
0B
0F
#27555
b10 V
1B
1F
#27560
0B
0F
#27565
b11 V
1B
1F
#27570
0B
0F
#27575
b100 V
1B
1F
#27580
0B
0F
#27585
0K
1J
b101 V
b10 O
1B
1F
1I
1E
#27590
0B
0F
#27595
0N
0J
b0 O
b11000000 S
b11000000 Z
b11000000 ^
b10 U
b0 V
1B
1F
#27596
b110010 R
b110010 \
b110010 `
1a
#27600
0B
0F
#27605
b110010 A
b110010 G
b110010 P
b110010 W
1B
1F
#27610
0B
0F
#27615
1B
1F
#27620
0B
0F
#27625
1B
1F
#27630
0B
0F
#27635
1B
1F
#27640
0B
0F
#27645
1B
1F
#27650
0B
0F
#27655
1B
1F
#27660
0B
0F
#27665
1B
1F
#27670
0B
0F
#27675
1B
1F
#27680
0B
0F
#27685
1B
1F
#27690
0B
0F
#27695
1B
1F
#27700
0B
0F
#27705
1B
1F
#27710
0B
0F
#27715
1B
1F
#27720
0B
0F
#27725
1B
1F
#27730
0B
0F
#27735
1B
1F
#27740
0B
0F
#27745
1B
1F
#27750
0B
0F
#27755
1B
1F
#27760
0B
0F
#27765
1B
1F
#27770
0B
0F
#27775
1B
1F
#27780
0B
0F
#27785
1N
1K
b1 O
1B
1F
0I
0E
b1011 h
b10 g
#27790
0B
0F
#27795
b1 V
1B
1F
#27800
0B
0F
#27805
b10 V
1B
1F
#27810
0B
0F
#27815
b11 V
1B
1F
#27820
0B
0F
#27825
b100 V
1B
1F
#27830
0B
0F
#27835
b101 V
1B
1F
#27840
0B
0F
#27845
b110 V
1B
1F
#27850
0B
0F
#27855
b111 V
1B
1F
#27860
0B
0F
#27865
b1000 V
1B
1F
#27870
0B
0F
#27875
b1001 V
1B
1F
#27880
0B
0F
#27885
b1010 V
1B
1F
#27890
0B
0F
#27895
0K
1J
b10 O
b1011 V
1B
1F
1I
1E
#27900
0B
0F
#27905
0N
0J
b0 V
b11 U
b1100000 S
b1100000 Z
b1100000 ^
b0 O
1B
1F
#27906
b11010010 R
b11010010 \
b11010010 `
0a
#27907
1Q
#27910
0B
0F
#27915
b11010010 A
b11010010 G
b11010010 P
b11010010 W
1B
1F
#27920
0B
0F
#27925
1B
1F
#27930
0B
0F
#27935
1B
1F
#27940
0B
0F
#27945
1B
1F
#27950
0B
0F
#27955
1B
1F
#27960
0B
0F
#27965
1B
1F
#27970
0B
0F
#27975
1B
1F
#27980
0B
0F
#27985
1B
1F
#27990
0B
0F
#27995
1B
1F
#28000
0B
0F
#28005
1B
1F
#28010
0B
0F
#28015
1B
1F
#28020
0B
0F
#28025
1B
1F
#28030
0B
0F
#28035
1B
1F
#28040
0B
0F
#28045
1B
1F
#28050
0B
0F
#28055
1B
1F
#28060
0B
0F
#28065
1B
1F
#28070
0B
0F
#28075
1B
1F
#28080
0B
0F
#28085
1B
1F
#28090
0B
0F
#28095
1N
1K
b1 O
1B
1F
0I
0E
b1100 h
b11 g
#28100
0B
0F
#28105
b1 V
1B
1F
#28110
0B
0F
#28115
b10 V
1B
1F
#28120
0B
0F
#28125
b11 V
1B
1F
#28130
0B
0F
#28135
b100 V
1B
1F
#28140
0B
0F
#28145
b101 V
1B
1F
#28150
0B
0F
#28155
b110 V
1B
1F
#28160
0B
0F
#28165
b111 V
1B
1F
#28170
0B
0F
#28175
b1000 V
1B
1F
#28180
0B
0F
#28185
b1001 V
1B
1F
#28190
0B
0F
#28195
b1010 V
1B
1F
#28200
0B
0F
#28205
b1011 V
1B
1F
#28210
0B
0F
#28215
0K
1J
b10 O
b1100 V
1B
1F
1I
1E
#28220
0B
0F
#28225
0N
0J
b0 V
b100 U
b110000 S
b110000 Z
b110000 ^
b0 O
1B
1F
#28226
b10100010 R
b10100010 \
b10100010 `
#28230
0B
0F
#28235
b10100010 A
b10100010 G
b10100010 P
b10100010 W
1B
1F
#28240
0B
0F
#28245
1B
1F
#28250
0B
0F
#28255
1B
1F
#28260
0B
0F
#28265
1B
1F
#28270
0B
0F
#28275
1B
1F
#28280
0B
0F
#28285
1B
1F
#28290
0B
0F
#28295
1B
1F
#28300
0B
0F
#28305
1B
1F
#28310
0B
0F
#28315
1B
1F
#28320
0B
0F
#28325
1B
1F
#28330
0B
0F
#28335
1B
1F
#28340
0B
0F
#28345
1B
1F
#28350
0B
0F
#28355
1B
1F
#28360
0B
0F
#28365
1B
1F
#28370
0B
0F
#28375
1B
1F
#28380
0B
0F
#28385
1B
1F
#28390
0B
0F
#28395
1B
1F
#28400
0B
0F
#28405
1B
1F
#28410
0B
0F
#28415
1N
1K
b1 O
1B
1F
0I
0E
b10 h
b100 g
#28420
0B
0F
#28425
b1 V
1B
1F
#28430
0B
0F
#28435
0K
1J
b10 O
b10 V
1B
1F
1I
1E
#28440
0B
0F
#28445
0N
0J
b0 V
b101 U
b10011000 S
b10011000 Z
b10011000 ^
b0 O
1B
1F
#28446
b1010 R
b1010 \
b1010 `
1a
0Q
#28450
0B
0F
#28455
b1010 A
b1010 G
b1010 P
b1010 W
1B
1F
#28460
0B
0F
#28465
1B
1F
#28470
0B
0F
#28475
1B
1F
#28480
0B
0F
#28485
1B
1F
#28490
0B
0F
#28495
1B
1F
#28500
0B
0F
#28505
1B
1F
#28510
0B
0F
#28515
1B
1F
#28520
0B
0F
#28525
1B
1F
#28530
0B
0F
#28535
1B
1F
#28540
0B
0F
#28545
1B
1F
#28550
0B
0F
#28555
1B
1F
#28560
0B
0F
#28565
1B
1F
#28570
0B
0F
#28575
1B
1F
#28580
0B
0F
#28585
1B
1F
#28590
0B
0F
#28595
1B
1F
#28600
0B
0F
#28605
1B
1F
#28610
0B
0F
#28615
1B
1F
#28620
0B
0F
#28625
1B
1F
#28630
0B
0F
#28635
1N
1K
b1 O
1B
1F
0I
0E
b1110 h
b101 g
#28640
0B
0F
#28645
b1 V
1B
1F
#28650
0B
0F
#28655
b10 V
1B
1F
#28660
0B
0F
#28665
b11 V
1B
1F
#28670
0B
0F
#28675
b100 V
1B
1F
#28680
0B
0F
#28685
b101 V
1B
1F
#28690
0B
0F
#28695
b110 V
1B
1F
#28700
0B
0F
#28705
b111 V
1B
1F
#28710
0B
0F
#28715
b1000 V
1B
1F
#28720
0B
0F
#28725
b1001 V
1B
1F
#28730
0B
0F
#28735
b1010 V
1B
1F
#28740
0B
0F
#28745
b1011 V
1B
1F
#28750
0B
0F
#28755
b1100 V
1B
1F
#28760
0B
0F
#28765
b1101 V
1B
1F
#28770
0B
0F
#28775
0K
1J
b10 O
b1110 V
1B
1F
1I
1E
#28780
0B
0F
#28785
0N
0J
b0 V
b110 U
b1001100 S
b1001100 Z
b1001100 ^
b0 O
1B
1F
#28786
b10111110 R
b10111110 \
b10111110 `
0a
#28787
1Q
#28790
0B
0F
#28795
b10111110 A
b10111110 G
b10111110 P
b10111110 W
1B
1F
#28800
0B
0F
#28805
1B
1F
#28810
0B
0F
#28815
1B
1F
#28820
0B
0F
#28825
1B
1F
#28830
0B
0F
#28835
1B
1F
#28840
0B
0F
#28845
1B
1F
#28850
0B
0F
#28855
1B
1F
#28860
0B
0F
#28865
1B
1F
#28870
0B
0F
#28875
1B
1F
#28880
0B
0F
#28885
1B
1F
#28890
0B
0F
#28895
1B
1F
#28900
0B
0F
#28905
1B
1F
#28910
0B
0F
#28915
1B
1F
#28920
0B
0F
#28925
1B
1F
#28930
0B
0F
#28935
1B
1F
#28940
0B
0F
#28945
1B
1F
#28950
0B
0F
#28955
1B
1F
#28960
0B
0F
#28965
1B
1F
#28970
0B
0F
#28975
1N
1K
b1 O
1B
1F
0I
0E
b100 h
b110 g
#28980
0B
0F
#28985
b1 V
1B
1F
#28990
0B
0F
#28995
b10 V
1B
1F
#29000
0B
0F
#29005
b11 V
1B
1F
#29010
0B
0F
#29015
0K
1J
b10 O
b100 V
1B
1F
1I
1E
#29020
0B
0F
#29025
0N
0J
1H
b0 V
b111 U
b10100110 S
b10100110 Z
b10100110 ^
b0 O
1B
1F
#29026
b11000 R
b11000 \
b11000 `
1a
0Q
#29030
0B
0F
#29035
b11000 A
b11000 G
b11000 P
b11000 W
1B
1F
#29040
0B
0F
#29045
1B
1F
#29050
0B
0F
#29055
1B
1F
#29060
0B
0F
#29065
1B
1F
#29070
0B
0F
#29075
1B
1F
#29080
0B
0F
#29085
1B
1F
#29090
0B
0F
#29095
1B
1F
#29100
0B
0F
#29105
1B
1F
#29110
0B
0F
#29115
1B
1F
#29120
0B
0F
#29125
1B
1F
#29130
0B
0F
#29135
1B
1F
#29140
0B
0F
#29145
1B
1F
#29150
0B
0F
#29155
1B
1F
#29160
0B
0F
#29165
1B
1F
#29170
0B
0F
#29175
1B
1F
#29180
0B
0F
#29185
1B
1F
#29190
0B
0F
#29195
1B
1F
#29200
0B
0F
#29205
1B
1F
#29210
0B
0F
#29215
1N
1K
b1 O
1B
1F
0I
0E
b1011 h
b111 g
#29220
0B
0F
#29225
b1 V
1B
1F
#29230
0B
0F
#29235
b10 V
1B
1F
#29240
0B
0F
#29245
b11 V
1B
1F
#29250
0B
0F
#29255
b100 V
1B
1F
#29260
0B
0F
#29265
b101 V
1B
1F
#29270
0B
0F
#29275
b110 V
1B
1F
#29280
0B
0F
#29285
b111 V
1B
1F
#29290
0B
0F
#29295
b1000 V
1B
1F
#29300
0B
0F
#29305
b1001 V
1B
1F
#29310
0B
0F
#29315
b1010 V
1B
1F
#29320
0B
0F
#29325
0K
1J
b1011 V
b10 O
1B
1F
1I
1E
#29330
0B
0F
#29335
1L
0J
0H
b11 O
b1010011 S
b1010011 Z
b1010011 ^
b0 U
b0 V
1B
1F
#29336
b11000101 R
b11000101 \
b11000101 `
0a
#29337
1Q
#29340
0B
0F
#29345
0N
1M
0L
b0 T
b0 [
b0 _
b100 O
1B
1F
#29346
b1010011 R
b1010011 \
b1010011 `
#29347
0Q
#29350
0B
0F
#29355
0M
1C
b0 O
b0 S
b0 Z
b0 ^
b1010011 A
b1010011 G
b1010011 P
b1010011 W
1?
1Y
1B
1F
#29356
b0 R
b0 \
b0 `
0C
#29360
0B
0F
#29365
b10110101 e
b11100100 b
b111 f
b11010001 c
0?
0Y
b0 A
b0 G
b0 P
b0 W
1B
1F
#29370
0B
0F
#29375
1B
1F
#29380
0B
0F
#29385
1B
1F
#29390
0B
0F
#29395
1B
1F
#29400
0B
0F
#29405
1B
1F
#29410
0B
0F
#29415
1B
1F
#29420
0B
0F
#29425
1B
1F
#29430
0B
0F
#29435
1B
1F
#29440
0B
0F
#29445
1B
1F
#29450
0B
0F
#29455
1B
1F
#29460
0B
0F
#29465
1B
1F
#29470
0B
0F
#29475
1B
1F
#29480
0B
0F
#29485
1B
1F
#29490
0B
0F
#29495
1B
1F
#29500
0B
0F
#29505
1B
1F
#29510
0B
0F
#29515
1B
1F
#29520
0B
0F
#29525
1N
1K
b1 O
1B
1F
0I
0E
b1101 h
b110100 i
b1110 j
b0 g
#29530
0B
0F
#29535
b1 V
1B
1F
#29540
0B
0F
#29545
b10 V
1B
1F
#29550
0B
0F
#29555
b11 V
1B
1F
#29560
0B
0F
#29565
b100 V
1B
1F
#29570
0B
0F
#29575
b101 V
1B
1F
#29580
0B
0F
#29585
b110 V
1B
1F
#29590
0B
0F
#29595
b111 V
1B
1F
#29600
0B
0F
#29605
b1000 V
1B
1F
#29610
0B
0F
#29615
b1001 V
1B
1F
#29620
0B
0F
#29625
b1010 V
1B
1F
#29630
0B
0F
#29635
b1011 V
1B
1F
#29640
0B
0F
#29645
b1100 V
1B
1F
#29650
0B
0F
#29655
0K
1J
b10 O
b1101 V
1B
1F
1I
1E
#29660
0B
0F
#29665
0N
0J
b0 V
b1 U
b0 O
1B
1F
#29670
0B
0F
#29675
1B
1F
#29680
0B
0F
#29685
1B
1F
#29690
0B
0F
#29695
1B
1F
#29700
0B
0F
#29705
1B
1F
#29710
0B
0F
#29715
1B
1F
#29720
0B
0F
#29725
1B
1F
#29730
0B
0F
#29735
1B
1F
#29740
0B
0F
#29745
1B
1F
#29750
0B
0F
#29755
1B
1F
#29760
0B
0F
#29765
1B
1F
#29770
0B
0F
#29775
1B
1F
#29780
0B
0F
#29785
1B
1F
#29790
0B
0F
#29795
1B
1F
#29800
0B
0F
#29805
1B
1F
#29810
0B
0F
#29815
1B
1F
#29820
0B
0F
#29825
1B
1F
#29830
0B
0F
#29835
1B
1F
#29840
0B
0F
#29845
1B
1F
#29850
0B
0F
#29855
1N
1K
b1 O
1B
1F
0I
0E
b1110 h
b1 g
#29860
0B
0F
#29865
b1 V
1B
1F
#29870
0B
0F
#29875
b10 V
1B
1F
#29880
0B
0F
#29885
b11 V
1B
1F
#29890
0B
0F
#29895
b100 V
1B
1F
#29900
0B
0F
#29905
b101 V
1B
1F
#29910
0B
0F
#29915
b110 V
1B
1F
#29920
0B
0F
#29925
b111 V
1B
1F
#29930
0B
0F
#29935
b1000 V
1B
1F
#29940
0B
0F
#29945
b1001 V
1B
1F
#29950
0B
0F
#29955
b1010 V
1B
1F
#29960
0B
0F
#29965
b1011 V
1B
1F
#29970
0B
0F
#29975
b1100 V
1B
1F
#29980
0B
0F
#29985
b1101 V
1B
1F
#29990
0B
0F
#29995
0K
1J
b10 O
b1110 V
1B
1F
1I
1E
#30000
0B
0F
#30005
0N
0J
b0 V
b10 U
b0 O
1B
1F
#30010
0B
0F
#30015
1B
1F
#30020
0B
0F
#30025
1B
1F
#30030
0B
0F
#30035
1B
1F
#30040
0B
0F
#30045
1B
1F
#30050
0B
0F
#30055
1B
1F
#30060
0B
0F
#30065
1B
1F
#30070
0B
0F
#30075
1B
1F
#30080
0B
0F
#30085
1B
1F
#30090
0B
0F
#30095
1B
1F
#30100
0B
0F
#30105
1B
1F
#30110
0B
0F
#30115
1B
1F
#30120
0B
0F
#30125
1B
1F
#30130
0B
0F
#30135
1B
1F
#30140
0B
0F
#30145
1B
1F
#30150
0B
0F
#30155
1B
1F
#30160
0B
0F
#30165
1B
1F
#30170
0B
0F
#30175
1B
1F
#30180
0B
0F
#30185
1B
1F
#30190
0B
0F
#30195
1N
1K
b1 O
1B
1F
0I
0E
b10 h
b10 g
#30200
0B
0F
#30205
b1 V
1B
1F
#30210
0B
0F
#30215
0K
1J
b10 O
b10 V
1B
1F
1I
1E
#30220
0B
0F
#30225
0N
0J
b0 V
b11 U
b10000000 S
b10000000 Z
b10000000 ^
b0 O
1B
1F
#30226
b10000000 R
b10000000 \
b10000000 `
#30230
0B
0F
#30235
b10000000 A
b10000000 G
b10000000 P
b10000000 W
1B
1F
#30240
0B
0F
#30245
1B
1F
#30250
0B
0F
#30255
1B
1F
#30260
0B
0F
#30265
1B
1F
#30270
0B
0F
#30275
1B
1F
#30280
0B
0F
#30285
1B
1F
#30290
0B
0F
#30295
1B
1F
#30300
0B
0F
#30305
1B
1F
#30310
0B
0F
#30315
1B
1F
#30320
0B
0F
#30325
1B
1F
#30330
0B
0F
#30335
1B
1F
#30340
0B
0F
#30345
1B
1F
#30350
0B
0F
#30355
1B
1F
#30360
0B
0F
#30365
1B
1F
#30370
0B
0F
#30375
1B
1F
#30380
0B
0F
#30385
1B
1F
#30390
0B
0F
#30395
1B
1F
#30400
0B
0F
#30405
1B
1F
#30410
0B
0F
#30415
1N
1K
b1 O
1B
1F
0I
0E
b1011 h
b11 g
#30420
0B
0F
#30425
b1 V
1B
1F
#30430
0B
0F
#30435
b10 V
1B
1F
#30440
0B
0F
#30445
b11 V
1B
1F
#30450
0B
0F
#30455
b100 V
1B
1F
#30460
0B
0F
#30465
b101 V
1B
1F
#30470
0B
0F
#30475
b110 V
1B
1F
#30480
0B
0F
#30485
b111 V
1B
1F
#30490
0B
0F
#30495
b1000 V
1B
1F
#30500
0B
0F
#30505
b1001 V
1B
1F
#30510
0B
0F
#30515
b1010 V
1B
1F
#30520
0B
0F
#30525
0K
1J
b1011 V
b10 O
1B
1F
1I
1E
#30530
0B
0F
#30535
0N
0J
b0 O
b1000000 S
b1000000 Z
b1000000 ^
b100 U
b0 V
1B
1F
#30536
b1000000 R
b1000000 \
b1000000 `
1Q
#30537
0Q
#30540
0B
0F
#30545
b1000000 A
b1000000 G
b1000000 P
b1000000 W
1B
1F
#30550
0B
0F
#30555
1B
1F
#30560
0B
0F
#30565
1B
1F
#30570
0B
0F
#30575
1B
1F
#30580
0B
0F
#30585
1B
1F
#30590
0B
0F
#30595
1B
1F
#30600
0B
0F
#30605
1B
1F
#30610
0B
0F
#30615
1B
1F
#30620
0B
0F
#30625
1B
1F
#30630
0B
0F
#30635
1B
1F
#30640
0B
0F
#30645
1B
1F
#30650
0B
0F
#30655
1B
1F
#30660
0B
0F
#30665
1B
1F
#30670
0B
0F
#30675
1B
1F
#30680
0B
0F
#30685
1B
1F
#30690
0B
0F
#30695
1B
1F
#30700
0B
0F
#30705
1B
1F
#30710
0B
0F
#30715
1B
1F
#30720
0B
0F
#30725
1N
1K
b1 O
1B
1F
0I
0E
b100 h
b100 g
#30730
0B
0F
#30735
b1 V
1B
1F
#30740
0B
0F
#30745
b10 V
1B
1F
#30750
0B
0F
#30755
b11 V
1B
1F
#30760
0B
0F
#30765
0K
1J
b100 V
b10 O
1B
1F
1I
1E
#30770
0B
0F
#30775
0N
0J
b0 O
b10100000 S
b10100000 Z
b10100000 ^
b101 U
b0 V
1B
1F
#30776
b10100000 R
b10100000 \
b10100000 `
#30780
0B
0F
#30785
b10100000 A
b10100000 G
b10100000 P
b10100000 W
1B
1F
#30790
0B
0F
#30795
1B
1F
#30800
0B
0F
#30805
1B
1F
#30810
0B
0F
#30815
1B
1F
#30820
0B
0F
#30825
1B
1F
#30830
0B
0F
#30835
1B
1F
#30840
0B
0F
#30845
1B
1F
#30850
0B
0F
#30855
1B
1F
#30860
0B
0F
#30865
1B
1F
#30870
0B
0F
#30875
1B
1F
#30880
0B
0F
#30885
1B
1F
#30890
0B
0F
#30895
1B
1F
#30900
0B
0F
#30905
1B
1F
#30910
0B
0F
#30915
1B
1F
#30920
0B
0F
#30925
1B
1F
#30930
0B
0F
#30935
1B
1F
#30940
0B
0F
#30945
1B
1F
#30950
0B
0F
#30955
1B
1F
#30960
0B
0F
#30965
1N
1K
b1 O
1B
1F
0I
0E
b101 h
b101 g
#30970
0B
0F
#30975
b1 V
1B
1F
#30980
0B
0F
#30985
b10 V
1B
1F
#30990
0B
0F
#30995
b11 V
1B
1F
#31000
0B
0F
#31005
b100 V
1B
1F
#31010
0B
0F
#31015
0K
1J
b10 O
b101 V
1B
1F
1I
1E
#31020
0B
0F
#31025
0N
0J
b0 V
b110 U
b11010000 S
b11010000 Z
b11010000 ^
b0 O
1B
1F
#31026
b11010000 R
b11010000 \
b11010000 `
#31030
0B
0F
#31035
b11010000 A
b11010000 G
b11010000 P
b11010000 W
1B
1F
#31040
0B
0F
#31045
1B
1F
#31050
0B
0F
#31055
1B
1F
#31060
0B
0F
#31065
1B
1F
#31070
0B
0F
#31075
1B
1F
#31080
0B
0F
#31085
1B
1F
#31090
0B
0F
#31095
1B
1F
#31100
0B
0F
#31105
1B
1F
#31110
0B
0F
#31115
1B
1F
#31120
0B
0F
#31125
1B
1F
#31130
0B
0F
#31135
1B
1F
#31140
0B
0F
#31145
1B
1F
#31150
0B
0F
#31155
1B
1F
#31160
0B
0F
#31165
1B
1F
#31170
0B
0F
#31175
1B
1F
#31180
0B
0F
#31185
1B
1F
#31190
0B
0F
#31195
1B
1F
#31200
0B
0F
#31205
1B
1F
#31210
0B
0F
#31215
1N
1K
b1 O
1B
1F
0I
0E
b1110 h
b110 g
#31220
0B
0F
#31225
b1 V
1B
1F
#31230
0B
0F
#31235
b10 V
1B
1F
#31240
0B
0F
#31245
b11 V
1B
1F
#31250
0B
0F
#31255
b100 V
1B
1F
#31260
0B
0F
#31265
b101 V
1B
1F
#31270
0B
0F
#31275
b110 V
1B
1F
#31280
0B
0F
#31285
b111 V
1B
1F
#31290
0B
0F
#31295
b1000 V
1B
1F
#31300
0B
0F
#31305
b1001 V
1B
1F
#31310
0B
0F
#31315
b1010 V
1B
1F
#31320
0B
0F
#31325
b1011 V
1B
1F
#31330
0B
0F
#31335
b1100 V
1B
1F
#31340
0B
0F
#31345
b1101 V
1B
1F
#31350
0B
0F
#31355
0K
1J
b10 O
b1110 V
1B
1F
1I
1E
#31360
0B
0F
#31365
0N
0J
1H
b0 V
b111 U
b1101000 S
b1101000 Z
b1101000 ^
b0 O
1B
1F
#31366
b1101000 R
b1101000 \
b1101000 `
1Q
#31367
0Q
#31370
0B
0F
#31375
b1101000 A
b1101000 G
b1101000 P
b1101000 W
1B
1F
#31380
0B
0F
#31385
1B
1F
#31390
0B
0F
#31395
1B
1F
#31400
0B
0F
#31405
1B
1F
#31410
0B
0F
#31415
1B
1F
#31420
0B
0F
#31425
1B
1F
#31430
0B
0F
#31435
1B
1F
#31440
0B
0F
#31445
1B
1F
#31450
0B
0F
#31455
1B
1F
#31460
0B
0F
#31465
1B
1F
#31470
0B
0F
#31475
1B
1F
#31480
0B
0F
#31485
1B
1F
#31490
0B
0F
#31495
1B
1F
#31500
0B
0F
#31505
1B
1F
#31510
0B
0F
#31515
1B
1F
#31520
0B
0F
#31525
1B
1F
#31530
0B
0F
#31535
1B
1F
#31540
0B
0F
#31545
1B
1F
#31550
0B
0F
#31555
1N
1K
b1 O
1B
1F
0I
0E
b1111 h
b111 g
#31560
0B
0F
#31565
b1 V
1B
1F
#31570
0B
0F
#31575
b10 V
1B
1F
#31580
0B
0F
#31585
b11 V
1B
1F
#31590
0B
0F
#31595
b100 V
1B
1F
#31600
0B
0F
#31605
b101 V
1B
1F
#31610
0B
0F
#31615
b110 V
1B
1F
#31620
0B
0F
#31625
b111 V
1B
1F
#31630
0B
0F
#31635
b1000 V
1B
1F
#31640
0B
0F
#31645
b1001 V
1B
1F
#31650
0B
0F
#31655
b1010 V
1B
1F
#31660
0B
0F
#31665
b1011 V
1B
1F
#31670
0B
0F
#31675
b1100 V
1B
1F
#31680
0B
0F
#31685
b1101 V
1B
1F
#31690
0B
0F
#31695
b1110 V
1B
1F
#31700
0B
0F
#31705
0K
1J
b1111 V
b10 O
1B
1F
1I
1E
#31710
0B
0F
#31715
1L
0J
0H
b11 O
b110100 S
b110100 Z
b110100 ^
b0 U
b0 V
1B
1F
#31716
b110100 R
b110100 \
b110100 `
#31720
0B
0F
#31725
0N
1M
0L
b110100 T
b110100 [
b110100 _
b100 O
1B
1F
#31726
b1101000 R
b1101000 \
b1101000 `
#31730
0B
0F
#31735
0M
1C
b0 O
b0 S
b0 Z
b0 ^
1?
1Y
1B
1F
#31736
b110100 R
b110100 \
b110100 `
0C
#31740
0B
0F
#31745
b11010010 e
b11101110 b
b1000 f
b11100100 c
0?
0Y
b110100 A
b110100 G
b110100 P
b110100 W
1B
1F
#31750
0B
0F
#31755
1B
1F
#31760
0B
0F
#31765
1B
1F
#31770
0B
0F
#31775
1B
1F
#31780
0B
0F
#31785
1B
1F
#31790
0B
0F
#31795
1B
1F
#31800
0B
0F
#31805
1B
1F
#31810
0B
0F
#31815
1B
1F
#31820
0B
0F
#31825
1B
1F
#31830
0B
0F
#31835
1B
1F
#31840
0B
0F
#31845
1B
1F
#31850
0B
0F
#31855
1B
1F
#31860
0B
0F
#31865
1B
1F
#31870
0B
0F
#31875
1B
1F
#31880
0B
0F
#31885
1B
1F
#31890
0B
0F
#31895
1B
1F
#31900
0B
0F
#31905
1N
1K
b1 O
1B
1F
0I
0E
b10 h
b10101 i
b1111 j
b0 g
#31910
0B
0F
#31915
b1 V
1B
1F
#31920
0B
0F
#31925
0K
1J
b10 V
b10 O
1B
1F
1I
1E
#31930
0B
0F
#31935
0N
0J
b0 O
b10000000 S
b10000000 Z
b10000000 ^
b1 U
b0 V
1B
1F
#31936
b10110100 R
b10110100 \
b10110100 `
#31940
0B
0F
#31945
b10110100 A
b10110100 G
b10110100 P
b10110100 W
1B
1F
#31950
0B
0F
#31955
1B
1F
#31960
0B
0F
#31965
1B
1F
#31970
0B
0F
#31975
1B
1F
#31980
0B
0F
#31985
1B
1F
#31990
0B
0F
#31995
1B
1F
#32000
0B
0F
#32005
1B
1F
#32010
0B
0F
#32015
1B
1F
#32020
0B
0F
#32025
1B
1F
#32030
0B
0F
#32035
1B
1F
#32040
0B
0F
#32045
1B
1F
#32050
0B
0F
#32055
1B
1F
#32060
0B
0F
#32065
1B
1F
#32070
0B
0F
#32075
1B
1F
#32080
0B
0F
#32085
1B
1F
#32090
0B
0F
#32095
1B
1F
#32100
0B
0F
#32105
1B
1F
#32110
0B
0F
#32115
1B
1F
#32120
0B
0F
#32125
1N
1K
b1 O
1B
1F
0I
0E
b1101 h
b1 g
#32130
0B
0F
#32135
b1 V
1B
1F
#32140
0B
0F
#32145
b10 V
1B
1F
#32150
0B
0F
#32155
b11 V
1B
1F
#32160
0B
0F
#32165
b100 V
1B
1F
#32170
0B
0F
#32175
b101 V
1B
1F
#32180
0B
0F
#32185
b110 V
1B
1F
#32190
0B
0F
#32195
b111 V
1B
1F
#32200
0B
0F
#32205
b1000 V
1B
1F
#32210
0B
0F
#32215
b1001 V
1B
1F
#32220
0B
0F
#32225
b1010 V
1B
1F
#32230
0B
0F
#32235
b1011 V
1B
1F
#32240
0B
0F
#32245
b1100 V
1B
1F
#32250
0B
0F
#32255
0K
1J
b10 O
b1101 V
1B
1F
1I
1E
#32260
0B
0F
#32265
0N
0J
b0 V
b10 U
b1000000 S
b1000000 Z
b1000000 ^
b0 O
1B
1F
#32266
b1110100 R
b1110100 \
b1110100 `
1Q
#32267
0Q
#32270
0B
0F
#32275
b1110100 A
b1110100 G
b1110100 P
b1110100 W
1B
1F
#32280
0B
0F
#32285
1B
1F
#32290
0B
0F
#32295
1B
1F
#32300
0B
0F
#32305
1B
1F
#32310
0B
0F
#32315
1B
1F
#32320
0B
0F
#32325
1B
1F
#32330
0B
0F
#32335
1B
1F
#32340
0B
0F
#32345
1B
1F
#32350
0B
0F
#32355
1B
1F
#32360
0B
0F
#32365
1B
1F
#32370
0B
0F
#32375
1B
1F
#32380
0B
0F
#32385
1B
1F
#32390
0B
0F
#32395
1B
1F
#32400
0B
0F
#32405
1B
1F
#32410
0B
0F
#32415
1B
1F
#32420
0B
0F
#32425
1B
1F
#32430
0B
0F
#32435
1B
1F
#32440
0B
0F
#32445
1B
1F
#32450
0B
0F
#32455
1N
1K
b1 O
1B
1F
0I
0E
b100 h
b10 g
#32460
0B
0F
#32465
b1 V
1B
1F
#32470
0B
0F
#32475
b10 V
1B
1F
#32480
0B
0F
#32485
b11 V
1B
1F
#32490
0B
0F
#32495
0K
1J
b10 O
b100 V
1B
1F
1I
1E
#32500
0B
0F
#32505
0N
0J
b0 V
b11 U
b10100000 S
b10100000 Z
b10100000 ^
b0 O
1B
1F
#32506
b11010100 R
b11010100 \
b11010100 `
#32510
0B
0F
#32515
b11010100 A
b11010100 G
b11010100 P
b11010100 W
1B
1F
#32520
0B
0F
#32525
1B
1F
#32530
0B
0F
#32535
1B
1F
#32540
0B
0F
#32545
1B
1F
#32550
0B
0F
#32555
1B
1F
#32560
0B
0F
#32565
1B
1F
#32570
0B
0F
#32575
1B
1F
#32580
0B
0F
#32585
1B
1F
#32590
0B
0F
#32595
1B
1F
#32600
0B
0F
#32605
1B
1F
#32610
0B
0F
#32615
1B
1F
#32620
0B
0F
#32625
1B
1F
#32630
0B
0F
#32635
1B
1F
#32640
0B
0F
#32645
1B
1F
#32650
0B
0F
#32655
1B
1F
#32660
0B
0F
#32665
1B
1F
#32670
0B
0F
#32675
1B
1F
#32680
0B
0F
#32685
1B
1F
#32690
0B
0F
#32695
1N
1K
b1 O
1B
1F
0I
0E
b1111 h
b11 g
#32700
0B
0F
#32705
b1 V
1B
1F
#32710
0B
0F
#32715
b10 V
1B
1F
#32720
0B
0F
#32725
b11 V
1B
1F
#32730
0B
0F
#32735
b100 V
1B
1F
#32740
0B
0F
#32745
b101 V
1B
1F
#32750
0B
0F
#32755
b110 V
1B
1F
#32760
0B
0F
#32765
b111 V
1B
1F
#32770
0B
0F
#32775
b1000 V
1B
1F
#32780
0B
0F
#32785
b1001 V
1B
1F
#32790
0B
0F
#32795
b1010 V
1B
1F
#32800
0B
0F
#32805
b1011 V
1B
1F
#32810
0B
0F
#32815
b1100 V
1B
1F
#32820
0B
0F
#32825
b1101 V
1B
1F
#32830
0B
0F
#32835
b1110 V
1B
1F
#32840
0B
0F
#32845
0K
1J
b1111 V
b10 O
1B
1F
1I
1E
#32850
0B
0F
#32855
0N
0J
b0 O
b1010000 S
b1010000 Z
b1010000 ^
b100 U
b0 V
1B
1F
#32856
b10000100 R
b10000100 \
b10000100 `
1Q
#32860
0B
0F
#32865
b10000100 A
b10000100 G
b10000100 P
b10000100 W
1B
1F
#32870
0B
0F
#32875
1B
1F
#32880
0B
0F
#32885
1B
1F
#32890
0B
0F
#32895
1B
1F
#32900
0B
0F
#32905
1B
1F
#32910
0B
0F
#32915
1B
1F
#32920
0B
0F
#32925
1B
1F
#32930
0B
0F
#32935
1B
1F
#32940
0B
0F
#32945
1B
1F
#32950
0B
0F
#32955
1B
1F
#32960
0B
0F
#32965
1B
1F
#32970
0B
0F
#32975
1B
1F
#32980
0B
0F
#32985
1B
1F
#32990
0B
0F
#32995
1B
1F
#33000
0B
0F
#33005
1B
1F
#33010
0B
0F
#33015
1B
1F
#33020
0B
0F
#33025
1B
1F
#33030
0B
0F
#33035
1B
1F
#33040
0B
0F
#33045
1N
1K
b1 O
1B
1F
0I
0E
b110 h
b100 g
#33050
0B
0F
#33055
b1 V
1B
1F
#33060
0B
0F
#33065
b10 V
1B
1F
#33070
0B
0F
#33075
b11 V
1B
1F
#33080
0B
0F
#33085
b100 V
1B
1F
#33090
0B
0F
#33095
b101 V
1B
1F
#33100
0B
0F
#33105
0K
1J
b110 V
b10 O
1B
1F
1I
1E
#33110
0B
0F
#33115
0N
0J
b0 O
b10101000 S
b10101000 Z
b10101000 ^
b101 U
b0 V
1B
1F
#33116
b11011100 R
b11011100 \
b11011100 `
0Q
#33120
0B
0F
#33125
b11011100 A
b11011100 G
b11011100 P
b11011100 W
1B
1F
#33130
0B
0F
#33135
1B
1F
#33140
0B
0F
#33145
1B
1F
#33150
0B
0F
#33155
1B
1F
#33160
0B
0F
#33165
1B
1F
#33170
0B
0F
#33175
1B
1F
#33180
0B
0F
#33185
1B
1F
#33190
0B
0F
#33195
1B
1F
#33200
0B
0F
#33205
1B
1F
#33210
0B
0F
#33215
1B
1F
#33220
0B
0F
#33225
1B
1F
#33230
0B
0F
#33235
1B
1F
#33240
0B
0F
#33245
1B
1F
#33250
0B
0F
#33255
1B
1F
#33260
0B
0F
#33265
1B
1F
#33270
0B
0F
#33275
1B
1F
#33280
0B
0F
#33285
1B
1F
#33290
0B
0F
#33295
1B
1F
#33300
0B
0F
#33305
1N
1K
b1 O
1B
1F
0I
0E
b1100 h
b101 g
#33310
0B
0F
#33315
b1 V
1B
1F
#33320
0B
0F
#33325
b10 V
1B
1F
#33330
0B
0F
#33335
b11 V
1B
1F
#33340
0B
0F
#33345
b100 V
1B
1F
#33350
0B
0F
#33355
b101 V
1B
1F
#33360
0B
0F
#33365
b110 V
1B
1F
#33370
0B
0F
#33375
b111 V
1B
1F
#33380
0B
0F
#33385
b1000 V
1B
1F
#33390
0B
0F
#33395
b1001 V
1B
1F
#33400
0B
0F
#33405
b1010 V
1B
1F
#33410
0B
0F
#33415
b1011 V
1B
1F
#33420
0B
0F
#33425
0K
1J
b1100 V
b10 O
1B
1F
1I
1E
#33430
0B
0F
#33435
0N
0J
b0 O
b1010100 S
b1010100 Z
b1010100 ^
b110 U
b0 V
1B
1F
#33436
b10001000 R
b10001000 \
b10001000 `
1Q
#33440
0B
0F
#33445
b10001000 A
b10001000 G
b10001000 P
b10001000 W
1B
1F
#33450
0B
0F
#33455
1B
1F
#33460
0B
0F
#33465
1B
1F
#33470
0B
0F
#33475
1B
1F
#33480
0B
0F
#33485
1B
1F
#33490
0B
0F
#33495
1B
1F
#33500
0B
0F
#33505
1B
1F
#33510
0B
0F
#33515
1B
1F
#33520
0B
0F
#33525
1B
1F
#33530
0B
0F
#33535
1B
1F
#33540
0B
0F
#33545
1B
1F
#33550
0B
0F
#33555
1B
1F
#33560
0B
0F
#33565
1B
1F
#33570
0B
0F
#33575
1B
1F
#33580
0B
0F
#33585
1B
1F
#33590
0B
0F
#33595
1B
1F
#33600
0B
0F
#33605
1B
1F
#33610
0B
0F
#33615
1B
1F
#33620
0B
0F
#33625
1N
1K
b1 O
1B
1F
0I
0E
b1101 h
b110 g
#33630
0B
0F
#33635
b1 V
1B
1F
#33640
0B
0F
#33645
b10 V
1B
1F
#33650
0B
0F
#33655
b11 V
1B
1F
#33660
0B
0F
#33665
b100 V
1B
1F
#33670
0B
0F
#33675
b101 V
1B
1F
#33680
0B
0F
#33685
b110 V
1B
1F
#33690
0B
0F
#33695
b111 V
1B
1F
#33700
0B
0F
#33705
b1000 V
1B
1F
#33710
0B
0F
#33715
b1001 V
1B
1F
#33720
0B
0F
#33725
b1010 V
1B
1F
#33730
0B
0F
#33735
b1011 V
1B
1F
#33740
0B
0F
#33745
b1100 V
1B
1F
#33750
0B
0F
#33755
0K
1J
b10 O
b1101 V
1B
1F
1I
1E
#33760
0B
0F
#33765
0N
0J
1H
b0 V
b111 U
b101010 S
b101010 Z
b101010 ^
b0 O
1B
1F
#33766
b1011110 R
b1011110 \
b1011110 `
#33767
0Q
#33770
0B
0F
#33775
b1011110 A
b1011110 G
b1011110 P
b1011110 W
1B
1F
#33780
0B
0F
#33785
1B
1F
#33790
0B
0F
#33795
1B
1F
#33800
0B
0F
#33805
1B
1F
#33810
0B
0F
#33815
1B
1F
#33820
0B
0F
#33825
1B
1F
#33830
0B
0F
#33835
1B
1F
#33840
0B
0F
#33845
1B
1F
#33850
0B
0F
#33855
1B
1F
#33860
0B
0F
#33865
1B
1F
#33870
0B
0F
#33875
1B
1F
#33880
0B
0F
#33885
1B
1F
#33890
0B
0F
#33895
1B
1F
#33900
0B
0F
#33905
1B
1F
#33910
0B
0F
#33915
1B
1F
#33920
0B
0F
#33925
1B
1F
#33930
0B
0F
#33935
1B
1F
#33940
0B
0F
#33945
1B
1F
#33950
0B
0F
#33955
1N
1K
b1 O
1B
1F
0I
0E
b1110 h
b111 g
#33960
0B
0F
#33965
b1 V
1B
1F
#33970
0B
0F
#33975
b10 V
1B
1F
#33980
0B
0F
#33985
b11 V
1B
1F
#33990
0B
0F
#33995
b100 V
1B
1F
#34000
0B
0F
#34005
b101 V
1B
1F
#34010
0B
0F
#34015
b110 V
1B
1F
#34020
0B
0F
#34025
b111 V
1B
1F
#34030
0B
0F
#34035
b1000 V
1B
1F
#34040
0B
0F
#34045
b1001 V
1B
1F
#34050
0B
0F
#34055
b1010 V
1B
1F
#34060
0B
0F
#34065
b1011 V
1B
1F
#34070
0B
0F
#34075
b1100 V
1B
1F
#34080
0B
0F
#34085
b1101 V
1B
1F
#34090
0B
0F
#34095
0K
1J
b10 O
b1110 V
1B
1F
1I
1E
#34100
0B
0F
#34105
1L
0J
0H
b0 V
b0 U
b10101 S
b10101 Z
b10101 ^
b11 O
1B
1F
#34106
b1001001 R
b1001001 \
b1001001 `
#34110
0B
0F
#34115
0N
1M
0L
b100 O
b10101 T
b10101 [
b10101 _
1B
1F
#34116
b101010 R
b101010 \
b101010 `
#34120
0B
0F
#34125
0M
1C
1?
1Y
b101010 A
b101010 G
b101010 P
b101010 W
b0 S
b0 Z
b0 ^
b0 O
1B
1F
#34126
b10101 R
b10101 \
b10101 `
0C
#34130
0B
0F
#34135
b10111101 e
b11001111 b
b1001 f
b11101110 c
b10101 A
b10101 G
b10101 P
b10101 W
0?
0Y
1B
1F
#34140
0B
0F
#34145
1B
1F
#34150
0B
0F
#34155
1B
1F
#34160
0B
0F
#34165
1B
1F
#34170
0B
0F
#34175
1B
1F
#34180
0B
0F
#34185
1B
1F
#34190
0B
0F
#34195
1B
1F
#34200
0B
0F
#34205
1B
1F
#34210
0B
0F
#34215
1B
1F
#34220
0B
0F
#34225
1B
1F
#34230
0B
0F
#34235
1B
1F
#34240
0B
0F
#34245
1B
1F
#34250
0B
0F
#34255
1B
1F
#34260
0B
0F
#34265
1B
1F
#34270
0B
0F
#34275
1B
1F
#34280
0B
0F
#34285
1B
1F
#34290
0B
0F
#34295
1N
1K
b1 O
1B
1F
0I
0E
b1100 h
b11110110 i
b10000 j
b0 g
#34300
0B
0F
#34305
b1 V
1B
1F
#34310
0B
0F
#34315
b10 V
1B
1F
#34320
0B
0F
#34325
b11 V
1B
1F
#34330
0B
0F
#34335
b100 V
1B
1F
#34340
0B
0F
#34345
b101 V
1B
1F
#34350
0B
0F
#34355
b110 V
1B
1F
#34360
0B
0F
#34365
b111 V
1B
1F
#34370
0B
0F
#34375
b1000 V
1B
1F
#34380
0B
0F
#34385
b1001 V
1B
1F
#34390
0B
0F
#34395
b1010 V
1B
1F
#34400
0B
0F
#34405
b1011 V
1B
1F
#34410
0B
0F
#34415
0K
1J
b10 O
b1100 V
1B
1F
1I
1E
#34420
0B
0F
#34425
0N
0J
b0 V
b1 U
b0 O
1B
1F
#34430
0B
0F
#34435
1B
1F
#34440
0B
0F
#34445
1B
1F
#34450
0B
0F
#34455
1B
1F
#34460
0B
0F
#34465
1B
1F
#34470
0B
0F
#34475
1B
1F
#34480
0B
0F
#34485
1B
1F
#34490
0B
0F
#34495
1B
1F
#34500
0B
0F
#34505
1B
1F
#34510
0B
0F
#34515
1B
1F
#34520
0B
0F
#34525
1B
1F
#34530
0B
0F
#34535
1B
1F
#34540
0B
0F
#34545
1B
1F
#34550
0B
0F
#34555
1B
1F
#34560
0B
0F
#34565
1B
1F
#34570
0B
0F
#34575
1B
1F
#34580
0B
0F
#34585
1B
1F
#34590
0B
0F
#34595
1B
1F
#34600
0B
0F
#34605
1B
1F
#34610
0B
0F
#34615
1N
1K
b1 O
1B
1F
0I
0E
b11 h
b1 g
#34620
0B
0F
#34625
b1 V
1B
1F
#34630
0B
0F
#34635
b10 V
1B
1F
#34640
0B
0F
#34645
0K
1J
b11 V
b10 O
1B
1F
1I
1E
#34650
0B
0F
#34655
0N
0J
b0 O
b10000000 S
b10000000 Z
b10000000 ^
b10 U
b0 V
1B
1F
#34656
b10010101 R
b10010101 \
b10010101 `
#34660
0B
0F
#34665
b10010101 A
b10010101 G
b10010101 P
b10010101 W
1B
1F
#34670
0B
0F
#34675
1B
1F
#34680
0B
0F
#34685
1B
1F
#34690
0B
0F
#34695
1B
1F
#34700
0B
0F
#34705
1B
1F
#34710
0B
0F
#34715
1B
1F
#34720
0B
0F
#34725
1B
1F
#34730
0B
0F
#34735
1B
1F
#34740
0B
0F
#34745
1B
1F
#34750
0B
0F
#34755
1B
1F
#34760
0B
0F
#34765
1B
1F
#34770
0B
0F
#34775
1B
1F
#34780
0B
0F
#34785
1B
1F
#34790
0B
0F
#34795
1B
1F
#34800
0B
0F
#34805
1B
1F
#34810
0B
0F
#34815
1B
1F
#34820
0B
0F
#34825
1B
1F
#34830
0B
0F
#34835
1B
1F
#34840
0B
0F
#34845
1N
1K
b1 O
1B
1F
0I
0E
b100 h
b10 g
#34850
0B
0F
#34855
b1 V
1B
1F
#34860
0B
0F
#34865
b10 V
1B
1F
#34870
0B
0F
#34875
b11 V
1B
1F
#34880
0B
0F
#34885
0K
1J
b100 V
b10 O
1B
1F
1I
1E
#34890
0B
0F
#34895
0N
0J
b0 O
b11000000 S
b11000000 Z
b11000000 ^
b11 U
b0 V
1B
1F
#34896
b11010101 R
b11010101 \
b11010101 `
#34900
0B
0F
#34905
b11010101 A
b11010101 G
b11010101 P
b11010101 W
1B
1F
#34910
0B
0F
#34915
1B
1F
#34920
0B
0F
#34925
1B
1F
#34930
0B
0F
#34935
1B
1F
#34940
0B
0F
#34945
1B
1F
#34950
0B
0F
#34955
1B
1F
#34960
0B
0F
#34965
1B
1F
#34970
0B
0F
#34975
1B
1F
#34980
0B
0F
#34985
1B
1F
#34990
0B
0F
#34995
1B
1F
#35000
0B
0F
#35005
1B
1F
#35010
0B
0F
#35015
1B
1F
#35020
0B
0F
#35025
1B
1F
#35030
0B
0F
#35035
1B
1F
#35040
0B
0F
#35045
1B
1F
#35050
0B
0F
#35055
1B
1F
#35060
0B
0F
#35065
1B
1F
#35070
0B
0F
#35075
1B
1F
#35080
0B
0F
#35085
1N
1K
b1 O
1B
1F
0I
0E
b1111 h
b11 g
#35090
0B
0F
#35095
b1 V
1B
1F
#35100
0B
0F
#35105
b10 V
1B
1F
#35110
0B
0F
#35115
b11 V
1B
1F
#35120
0B
0F
#35125
b100 V
1B
1F
#35130
0B
0F
#35135
b101 V
1B
1F
#35140
0B
0F
#35145
b110 V
1B
1F
#35150
0B
0F
#35155
b111 V
1B
1F
#35160
0B
0F
#35165
b1000 V
1B
1F
#35170
0B
0F
#35175
b1001 V
1B
1F
#35180
0B
0F
#35185
b1010 V
1B
1F
#35190
0B
0F
#35195
b1011 V
1B
1F
#35200
0B
0F
#35205
b1100 V
1B
1F
#35210
0B
0F
#35215
b1101 V
1B
1F
#35220
0B
0F
#35225
b1110 V
1B
1F
#35230
0B
0F
#35235
0K
1J
b10 O
b1111 V
1B
1F
1I
1E
#35240
0B
0F
#35245
0N
0J
b0 V
b100 U
b1100000 S
b1100000 Z
b1100000 ^
b0 O
1B
1F
#35246
b1110101 R
b1110101 \
b1110101 `
1Q
#35247
0Q
#35250
0B
0F
#35255
b1110101 A
b1110101 G
b1110101 P
b1110101 W
1B
1F
#35260
0B
0F
#35265
1B
1F
#35270
0B
0F
#35275
1B
1F
#35280
0B
0F
#35285
1B
1F
#35290
0B
0F
#35295
1B
1F
#35300
0B
0F
#35305
1B
1F
#35310
0B
0F
#35315
1B
1F
#35320
0B
0F
#35325
1B
1F
#35330
0B
0F
#35335
1B
1F
#35340
0B
0F
#35345
1B
1F
#35350
0B
0F
#35355
1B
1F
#35360
0B
0F
#35365
1B
1F
#35370
0B
0F
#35375
1B
1F
#35380
0B
0F
#35385
1B
1F
#35390
0B
0F
#35395
1B
1F
#35400
0B
0F
#35405
1B
1F
#35410
0B
0F
#35415
1B
1F
#35420
0B
0F
#35425
1B
1F
#35430
0B
0F
#35435
1N
1K
b1 O
1B
1F
0I
0E
b110 h
b100 g
#35440
0B
0F
#35445
b1 V
1B
1F
#35450
0B
0F
#35455
b10 V
1B
1F
#35460
0B
0F
#35465
b11 V
1B
1F
#35470
0B
0F
#35475
b100 V
1B
1F
#35480
0B
0F
#35485
b101 V
1B
1F
#35490
0B
0F
#35495
0K
1J
b10 O
b110 V
1B
1F
1I
1E
#35500
0B
0F
#35505
0N
0J
b0 V
b101 U
b10110000 S
b10110000 Z
b10110000 ^
b0 O
1B
1F
#35506
b11000101 R
b11000101 \
b11000101 `
#35510
0B
0F
#35515
b11000101 A
b11000101 G
b11000101 P
b11000101 W
1B
1F
#35520
0B
0F
#35525
1B
1F
#35530
0B
0F
#35535
1B
1F
#35540
0B
0F
#35545
1B
1F
#35550
0B
0F
#35555
1B
1F
#35560
0B
0F
#35565
1B
1F
#35570
0B
0F
#35575
1B
1F
#35580
0B
0F
#35585
1B
1F
#35590
0B
0F
#35595
1B
1F
#35600
0B
0F
#35605
1B
1F
#35610
0B
0F
#35615
1B
1F
#35620
0B
0F
#35625
1B
1F
#35630
0B
0F
#35635
1B
1F
#35640
0B
0F
#35645
1B
1F
#35650
0B
0F
#35655
1B
1F
#35660
0B
0F
#35665
1B
1F
#35670
0B
0F
#35675
1B
1F
#35680
0B
0F
#35685
1B
1F
#35690
0B
0F
#35695
1N
1K
b1 O
1B
1F
0I
0E
b111 h
b101 g
#35700
0B
0F
#35705
b1 V
1B
1F
#35710
0B
0F
#35715
b10 V
1B
1F
#35720
0B
0F
#35725
b11 V
1B
1F
#35730
0B
0F
#35735
b100 V
1B
1F
#35740
0B
0F
#35745
b101 V
1B
1F
#35750
0B
0F
#35755
b110 V
1B
1F
#35760
0B
0F
#35765
0K
1J
b111 V
b10 O
1B
1F
1I
1E
#35770
0B
0F
#35775
0N
0J
b0 O
b11011000 S
b11011000 Z
b11011000 ^
b110 U
b0 V
1B
1F
#35776
b11101101 R
b11101101 \
b11101101 `
#35780
0B
0F
#35785
b11101101 A
b11101101 G
b11101101 P
b11101101 W
1B
1F
#35790
0B
0F
#35795
1B
1F
#35800
0B
0F
#35805
1B
1F
#35810
0B
0F
#35815
1B
1F
#35820
0B
0F
#35825
1B
1F
#35830
0B
0F
#35835
1B
1F
#35840
0B
0F
#35845
1B
1F
#35850
0B
0F
#35855
1B
1F
#35860
0B
0F
#35865
1B
1F
#35870
0B
0F
#35875
1B
1F
#35880
0B
0F
#35885
1B
1F
#35890
0B
0F
#35895
1B
1F
#35900
0B
0F
#35905
1B
1F
#35910
0B
0F
#35915
1B
1F
#35920
0B
0F
#35925
1B
1F
#35930
0B
0F
#35935
1B
1F
#35940
0B
0F
#35945
1B
1F
#35950
0B
0F
#35955
1B
1F
#35960
0B
0F
#35965
1N
1K
b1 O
1B
1F
0I
0E
b10 h
b110 g
#35970
0B
0F
#35975
b1 V
1B
1F
#35980
0B
0F
#35985
0K
1J
b10 V
b10 O
1B
1F
1I
1E
#35990
0B
0F
#35995
0N
0J
1H
b0 O
b11101100 S
b11101100 Z
b11101100 ^
b111 U
b0 V
1B
1F
#35996
b1 R
b1 \
b1 `
1a
#36000
0B
0F
#36005
b1 A
b1 G
b1 P
b1 W
1B
1F
#36010
0B
0F
#36015
1B
1F
#36020
0B
0F
#36025
1B
1F
#36030
0B
0F
#36035
1B
1F
#36040
0B
0F
#36045
1B
1F
#36050
0B
0F
#36055
1B
1F
#36060
0B
0F
#36065
1B
1F
#36070
0B
0F
#36075
1B
1F
#36080
0B
0F
#36085
1B
1F
#36090
0B
0F
#36095
1B
1F
#36100
0B
0F
#36105
1B
1F
#36110
0B
0F
#36115
1B
1F
#36120
0B
0F
#36125
1B
1F
#36130
0B
0F
#36135
1B
1F
#36140
0B
0F
#36145
1B
1F
#36150
0B
0F
#36155
1B
1F
#36160
0B
0F
#36165
1B
1F
#36170
0B
0F
#36175
1B
1F
#36180
0B
0F
#36185
1N
1K
b1 O
1B
1F
0I
0E
b11 h
b111 g
#36190
0B
0F
#36195
b1 V
1B
1F
#36200
0B
0F
#36205
b10 V
1B
1F
#36210
0B
0F
#36215
0K
1J
b10 O
b11 V
1B
1F
1I
1E
#36220
0B
0F
#36225
1L
0J
0H
b0 V
b0 U
b11110110 S
b11110110 Z
b11110110 ^
b11 O
1B
1F
#36226
b1011 R
b1011 \
b1011 `
#36230
0B
0F
#36235
0N
1M
0L
b100 O
b11110110 T
b11110110 [
b11110110 _
1B
1F
#36236
b11101100 R
b11101100 \
b11101100 `
1Q
#36237
0Q
#36240
0B
0F
#36245
0M
1C
1?
1Y
b11101100 A
b11101100 G
b11101100 P
b11101100 W
b0 S
b0 Z
b0 ^
b0 O
1B
1F
#36246
b11110110 R
b11110110 \
b11110110 `
0a
0C
#36250
0B
0F
#36255
b1111111 e
1d
b10110000 b
b1010 f
b11001111 c
b11110110 A
b11110110 G
b11110110 P
b11110110 W
0?
0Y
1B
1F
#36260
0B
0F
#36265
1B
1F
#36270
0B
0F
#36275
1B
1F
#36280
0B
0F
#36285
1B
1F
#36290
0B
0F
#36295
1B
1F
#36300
0B
0F
#36305
1B
1F
#36310
0B
0F
#36315
1B
1F
#36320
0B
0F
#36325
1B
1F
#36330
0B
0F
#36335
1B
1F
#36340
0B
0F
#36345
1B
1F
#36350
0B
0F
#36355
1B
1F
#36360
0B
0F
#36365
1B
1F
#36370
0B
0F
#36375
1B
1F
#36380
0B
0F
#36385
1B
1F
#36390
0B
0F
#36395
1B
1F
#36400
0B
0F
#36405
1B
1F
#36410
0B
0F
#36415
1N
1K
b1 O
1B
1F
0I
0E
b100 h
b11010111 i
b10001 j
b0 g
#36420
0B
0F
#36425
b1 V
1B
1F
#36430
0B
0F
#36435
b10 V
1B
1F
#36440
0B
0F
#36445
b11 V
1B
1F
#36450
0B
0F
#36455
0K
1J
b10 O
b100 V
1B
1F
1I
1E
#36460
0B
0F
#36465
0N
0J
b0 V
b1 U
b10000000 S
b10000000 Z
b10000000 ^
b0 O
1B
1F
#36466
b1110110 R
b1110110 \
b1110110 `
1a
#36467
1Q
#36470
0B
0F
#36475
b1110110 A
b1110110 G
b1110110 P
b1110110 W
1B
1F
#36480
0B
0F
#36485
1B
1F
#36490
0B
0F
#36495
1B
1F
#36500
0B
0F
#36505
1B
1F
#36510
0B
0F
#36515
1B
1F
#36520
0B
0F
#36525
1B
1F
#36530
0B
0F
#36535
1B
1F
#36540
0B
0F
#36545
1B
1F
#36550
0B
0F
#36555
1B
1F
#36560
0B
0F
#36565
1B
1F
#36570
0B
0F
#36575
1B
1F
#36580
0B
0F
#36585
1B
1F
#36590
0B
0F
#36595
1B
1F
#36600
0B
0F
#36605
1B
1F
#36610
0B
0F
#36615
1B
1F
#36620
0B
0F
#36625
1B
1F
#36630
0B
0F
#36635
1B
1F
#36640
0B
0F
#36645
1B
1F
#36650
0B
0F
#36655
1N
1K
b1 O
1B
1F
0I
0E
b101 h
b1 g
#36660
0B
0F
#36665
b1 V
1B
1F
#36670
0B
0F
#36675
b10 V
1B
1F
#36680
0B
0F
#36685
b11 V
1B
1F
#36690
0B
0F
#36695
b100 V
1B
1F
#36700
0B
0F
#36705
0K
1J
b101 V
b10 O
1B
1F
1I
1E
#36710
0B
0F
#36715
0N
0J
b0 O
b11000000 S
b11000000 Z
b11000000 ^
b10 U
b0 V
1B
1F
#36716
b10110110 R
b10110110 \
b10110110 `
#36717
0Q
#36720
0B
0F
#36725
b10110110 A
b10110110 G
b10110110 P
b10110110 W
1B
1F
#36730
0B
0F
#36735
1B
1F
#36740
0B
0F
#36745
1B
1F
#36750
0B
0F
#36755
1B
1F
#36760
0B
0F
#36765
1B
1F
#36770
0B
0F
#36775
1B
1F
#36780
0B
0F
#36785
1B
1F
#36790
0B
0F
#36795
1B
1F
#36800
0B
0F
#36805
1B
1F
#36810
0B
0F
#36815
1B
1F
#36820
0B
0F
#36825
1B
1F
#36830
0B
0F
#36835
1B
1F
#36840
0B
0F
#36845
1B
1F
#36850
0B
0F
#36855
1B
1F
#36860
0B
0F
#36865
1B
1F
#36870
0B
0F
#36875
1B
1F
#36880
0B
0F
#36885
1B
1F
#36890
0B
0F
#36895
1B
1F
#36900
0B
0F
#36905
1N
1K
b1 O
1B
1F
0I
0E
b110 h
b10 g
#36910
0B
0F
#36915
b1 V
1B
1F
#36920
0B
0F
#36925
b10 V
1B
1F
#36930
0B
0F
#36935
b11 V
1B
1F
#36940
0B
0F
#36945
b100 V
1B
1F
#36950
0B
0F
#36955
b101 V
1B
1F
#36960
0B
0F
#36965
0K
1J
b110 V
b10 O
1B
1F
1I
1E
#36970
0B
0F
#36975
0N
0J
b0 O
b11100000 S
b11100000 Z
b11100000 ^
b11 U
b0 V
1B
1F
#36976
b11010110 R
b11010110 \
b11010110 `
#36980
0B
0F
#36985
b11010110 A
b11010110 G
b11010110 P
b11010110 W
1B
1F
#36990
0B
0F
#36995
1B
1F
#37000
0B
0F
#37005
1B
1F
#37010
0B
0F
#37015
1B
1F
#37020
0B
0F
#37025
1B
1F
#37030
0B
0F
#37035
1B
1F
#37040
0B
0F
#37045
1B
1F
#37050
0B
0F
#37055
1B
1F
#37060
0B
0F
#37065
1B
1F
#37070
0B
0F
#37075
1B
1F
#37080
0B
0F
#37085
1B
1F
#37090
0B
0F
#37095
1B
1F
#37100
0B
0F
#37105
1B
1F
#37110
0B
0F
#37115
1B
1F
#37120
0B
0F
#37125
1B
1F
#37130
0B
0F
#37135
1B
1F
#37140
0B
0F
#37145
1B
1F
#37150
0B
0F
#37155
1B
1F
#37160
0B
0F
#37165
1N
1K
b1 O
1B
1F
0I
0E
b1110 h
b11 g
#37170
0B
0F
#37175
b1 V
1B
1F
#37180
0B
0F
#37185
b10 V
1B
1F
#37190
0B
0F
#37195
b11 V
1B
1F
#37200
0B
0F
#37205
b100 V
1B
1F
#37210
0B
0F
#37215
b101 V
1B
1F
#37220
0B
0F
#37225
b110 V
1B
1F
#37230
0B
0F
#37235
b111 V
1B
1F
#37240
0B
0F
#37245
b1000 V
1B
1F
#37250
0B
0F
#37255
b1001 V
1B
1F
#37260
0B
0F
#37265
b1010 V
1B
1F
#37270
0B
0F
#37275
b1011 V
1B
1F
#37280
0B
0F
#37285
b1100 V
1B
1F
#37290
0B
0F
#37295
b1101 V
1B
1F
#37300
0B
0F
#37305
0K
1J
b1110 V
b10 O
1B
1F
1I
1E
#37310
0B
0F
#37315
0N
0J
b0 O
b1110000 S
b1110000 Z
b1110000 ^
b100 U
b0 V
1B
1F
#37316
b1100110 R
b1100110 \
b1100110 `
#37320
0B
0F
#37325
b1100110 A
b1100110 G
b1100110 P
b1100110 W
1B
1F
#37330
0B
0F
#37335
1B
1F
#37340
0B
0F
#37345
1B
1F
#37350
0B
0F
#37355
1B
1F
#37360
0B
0F
#37365
1B
1F
#37370
0B
0F
#37375
1B
1F
#37380
0B
0F
#37385
1B
1F
#37390
0B
0F
#37395
1B
1F
#37400
0B
0F
#37405
1B
1F
#37410
0B
0F
#37415
1B
1F
#37420
0B
0F
#37425
1B
1F
#37430
0B
0F
#37435
1B
1F
#37440
0B
0F
#37445
1B
1F
#37450
0B
0F
#37455
1B
1F
#37460
0B
0F
#37465
1B
1F
#37470
0B
0F
#37475
1B
1F
#37480
0B
0F
#37485
1B
1F
#37490
0B
0F
#37495
1B
1F
#37500
0B
0F
#37505
1N
1K
b1 O
1B
1F
0I
0E
b10 h
b100 g
#37510
0B
0F
#37515
b1 V
1B
1F
#37520
0B
0F
#37525
0K
1J
b10 V
b10 O
1B
1F
1I
1E
#37530
0B
0F
#37535
0N
0J
b0 O
b10111000 S
b10111000 Z
b10111000 ^
b101 U
b0 V
1B
1F
#37536
b10101110 R
b10101110 \
b10101110 `
1Q
#37537
0Q
#37540
0B
0F
#37545
b10101110 A
b10101110 G
b10101110 P
b10101110 W
1B
1F
#37550
0B
0F
#37555
1B
1F
#37560
0B
0F
#37565
1B
1F
#37570
0B
0F
#37575
1B
1F
#37580
0B
0F
#37585
1B
1F
#37590
0B
0F
#37595
1B
1F
#37600
0B
0F
#37605
1B
1F
#37610
0B
0F
#37615
1B
1F
#37620
0B
0F
#37625
1B
1F
#37630
0B
0F
#37635
1B
1F
#37640
0B
0F
#37645
1B
1F
#37650
0B
0F
#37655
1B
1F
#37660
0B
0F
#37665
1B
1F
#37670
0B
0F
#37675
1B
1F
#37680
0B
0F
#37685
1B
1F
#37690
0B
0F
#37695
1B
1F
#37700
0B
0F
#37705
1B
1F
#37710
0B
0F
#37715
1B
1F
#37720
0B
0F
#37725
1N
1K
b1 O
1B
1F
0I
0E
b1011 h
b101 g
#37730
0B
0F
#37735
b1 V
1B
1F
#37740
0B
0F
#37745
b10 V
1B
1F
#37750
0B
0F
#37755
b11 V
1B
1F
#37760
0B
0F
#37765
b100 V
1B
1F
#37770
0B
0F
#37775
b101 V
1B
1F
#37780
0B
0F
#37785
b110 V
1B
1F
#37790
0B
0F
#37795
b111 V
1B
1F
#37800
0B
0F
#37805
b1000 V
1B
1F
#37810
0B
0F
#37815
b1001 V
1B
1F
#37820
0B
0F
#37825
b1010 V
1B
1F
#37830
0B
0F
#37835
0K
1J
b10 O
b1011 V
1B
1F
1I
1E
#37840
0B
0F
#37845
0N
0J
b0 V
b110 U
b1011100 S
b1011100 Z
b1011100 ^
b0 O
1B
1F
#37846
b1010010 R
b1010010 \
b1010010 `
#37850
0B
0F
#37855
b1010010 A
b1010010 G
b1010010 P
b1010010 W
1B
1F
#37860
0B
0F
#37865
1B
1F
#37870
0B
0F
#37875
1B
1F
#37880
0B
0F
#37885
1B
1F
#37890
0B
0F
#37895
1B
1F
#37900
0B
0F
#37905
1B
1F
#37910
0B
0F
#37915
1B
1F
#37920
0B
0F
#37925
1B
1F
#37930
0B
0F
#37935
1B
1F
#37940
0B
0F
#37945
1B
1F
#37950
0B
0F
#37955
1B
1F
#37960
0B
0F
#37965
1B
1F
#37970
0B
0F
#37975
1B
1F
#37980
0B
0F
#37985
1B
1F
#37990
0B
0F
#37995
1B
1F
#38000
0B
0F
#38005
1B
1F
#38010
0B
0F
#38015
1B
1F
#38020
0B
0F
#38025
1B
1F
#38030
0B
0F
#38035
1N
1K
b1 O
1B
1F
0I
0E
b100 h
b110 g
#38040
0B
0F
#38045
b1 V
1B
1F
#38050
0B
0F
#38055
b10 V
1B
1F
#38060
0B
0F
#38065
b11 V
1B
1F
#38070
0B
0F
#38075
0K
1J
b10 O
b100 V
1B
1F
1I
1E
#38080
0B
0F
#38085
0N
0J
1H
b0 V
b111 U
b10101110 S
b10101110 Z
b10101110 ^
b0 O
1B
1F
#38086
b10100100 R
b10100100 \
b10100100 `
1Q
#38087
0Q
#38090
0B
0F
#38095
b10100100 A
b10100100 G
b10100100 P
b10100100 W
1B
1F
#38100
0B
0F
#38105
1B
1F
#38110
0B
0F
#38115
1B
1F
#38120
0B
0F
#38125
1B
1F
#38130
0B
0F
#38135
1B
1F
#38140
0B
0F
#38145
1B
1F
#38150
0B
0F
#38155
1B
1F
#38160
0B
0F
#38165
1B
1F
#38170
0B
0F
#38175
1B
1F
#38180
0B
0F
#38185
1B
1F
#38190
0B
0F
#38195
1B
1F
#38200
0B
0F
#38205
1B
1F
#38210
0B
0F
#38215
1B
1F
#38220
0B
0F
#38225
1B
1F
#38230
0B
0F
#38235
1B
1F
#38240
0B
0F
#38245
1B
1F
#38250
0B
0F
#38255
1B
1F
#38260
0B
0F
#38265
1B
1F
#38270
0B
0F
#38275
1N
1K
b1 O
1B
1F
0I
0E
b101 h
b111 g
#38280
0B
0F
#38285
b1 V
1B
1F
#38290
0B
0F
#38295
b10 V
1B
1F
#38300
0B
0F
#38305
b11 V
1B
1F
#38310
0B
0F
#38315
b100 V
1B
1F
#38320
0B
0F
#38325
0K
1J
b101 V
b10 O
1B
1F
1I
1E
#38330
0B
0F
#38335
1L
0J
0H
b11 O
b11010111 S
b11010111 Z
b11010111 ^
b0 U
b0 V
1B
1F
#38336
b11001101 R
b11001101 \
b11001101 `
#38340
0B
0F
#38345
0N
1M
0L
b11010111 T
b11010111 [
b11010111 _
b100 O
1B
1F
#38346
b10101110 R
b10101110 \
b10101110 `
#38350
0B
0F
#38355
0M
b0 O
b0 S
b0 Z
b0 ^
b10101110 A
b10101110 G
b10101110 P
b10101110 W
1?
1Y
1B
1F
#38356
b11010111 R
b11010111 \
b11010111 `
0a
#38360
0B
0F
#38365
0?
0Y
b11010111 A
b11010111 G
b11010111 P
b11010111 W
1B
1F
#38370
0B
0F
#38375
1B
1F
#38380
0B
0F
#38385
1B
1F
#38390
0B
0F
#38395
1B
1F
#38400
0B
0F
#38405
1B
1F
#38410
0B
0F
#38415
1B
1F
#38420
0B
0F
#38425
1B
1F
#38430
0B
0F
#38435
1B
1F
#38440
0B
0F
#38445
1B
1F
#38450
0B
0F
#38455
1B
1F
#38460
0B
0F
#38465
1B
1F
#38470
0B
0F
#38475
1B
1F
#38480
0B
0F
#38485
1B
1F
#38490
0B
0F
#38495
1B
1F
#38500
0B
0F
#38505
1B
1F
#38510
0B
0F
#38515
1B
1F
#38520
0B
0F
#38525
1N
1K
b1 O
1B
1F
0I
0E
b1111 h
b10111000 i
b10010 j
b0 g
#38530
0B
0F
#38535
b1 V
1B
1F
#38540
0B
0F
#38545
b10 V
1B
1F
#38550
0B
0F
#38555
b11 V
1B
1F
#38560
0B
0F
#38565
b100 V
1B
1F
#38570
0B
0F
#38575
b101 V
1B
1F
#38580
0B
0F
#38585
b110 V
1B
1F
#38590
0B
0F
#38595
b111 V
1B
1F
#38600
0B
0F
#38605
b1000 V
1B
1F
#38610
0B
0F
#38615
b1001 V
1B
1F
#38620
0B
0F
#38625
b1010 V
1B
1F
#38630
0B
0F
#38635
b1011 V
1B
1F
#38640
0B
0F
#38645
b1100 V
1B
1F
#38650
0B
0F
#38655
b1101 V
1B
1F
#38660
0B
0F
#38665
b1110 V
1B
1F
#38670
0B
0F
#38675
0K
1J
b10 O
b1111 V
1B
1F
1I
1E
#38680
0B
0F
#38685
0N
0J
b0 V
b1 U
b0 O
1B
1F
#38690
0B
0F
#38695
1B
1F
#38700
0B
0F
#38705
1B
1F
#38710
0B
0F
#38715
1B
1F
#38720
0B
0F
#38725
1B
1F
#38730
0B
0F
#38735
1B
1F
#38740
0B
0F
#38745
1B
1F
#38750
0B
0F
#38755
1B
1F
#38760
0B
0F
#38765
1B
1F
#38770
0B
0F
#38775
1B
1F
#38780
0B
0F
#38785
1B
1F
#38790
0B
0F
#38795
1B
1F
#38800
0B
0F
#38805
1B
1F
#38810
0B
0F
#38815
1B
1F
#38820
0B
0F
#38825
1B
1F
#38830
0B
0F
#38835
1B
1F
#38840
0B
0F
#38845
1B
1F
#38850
0B
0F
#38855
1B
1F
#38860
0B
0F
#38865
1B
1F
#38870
0B
0F
#38875
1N
1K
b1 O
1B
1F
0I
0E
b1011 h
b1 g
#38880
0B
0F
#38885
b1 V
1B
1F
#38890
0B
0F
#38895
b10 V
1B
1F
#38900
0B
0F
#38905
b11 V
1B
1F
#38910
0B
0F
#38915
b100 V
1B
1F
#38920
0B
0F
#38925
b101 V
1B
1F
#38930
0B
0F
#38935
b110 V
1B
1F
#38940
0B
0F
#38945
b111 V
1B
1F
#38950
0B
0F
#38955
b1000 V
1B
1F
#38960
0B
0F
#38965
b1001 V
1B
1F
#38970
0B
0F
#38975
b1010 V
1B
1F
#38980
0B
0F
#38985
0K
1J
b1011 V
b10 O
1B
1F
1I
1E
#38990
0B
0F
#38995
0N
0J
b0 O
b10 U
b0 V
1B
1F
#39000
0B
0F
#39005
1B
1F
#39010
0B
0F
#39015
1B
1F
#39020
0B
0F
#39025
1B
1F
#39030
0B
0F
#39035
1B
1F
#39040
0B
0F
#39045
1B
1F
#39050
0B
0F
#39055
1B
1F
#39060
0B
0F
#39065
1B
1F
#39070
0B
0F
#39075
1B
1F
#39080
0B
0F
#39085
1B
1F
#39090
0B
0F
#39095
1B
1F
#39100
0B
0F
#39105
1B
1F
#39110
0B
0F
#39115
1B
1F
#39120
0B
0F
#39125
1B
1F
#39130
0B
0F
#39135
1B
1F
#39140
0B
0F
#39145
1B
1F
#39150
0B
0F
#39155
1B
1F
#39160
0B
0F
#39165
1B
1F
#39170
0B
0F
#39175
1B
1F
#39180
0B
0F
#39185
1N
1K
b1 O
1B
1F
0I
0E
b1100 h
b10 g
#39190
0B
0F
#39195
b1 V
1B
1F
#39200
0B
0F
#39205
b10 V
1B
1F
#39210
0B
0F
#39215
b11 V
1B
1F
#39220
0B
0F
#39225
b100 V
1B
1F
#39230
0B
0F
#39235
b101 V
1B
1F
#39240
0B
0F
#39245
b110 V
1B
1F
#39250
0B
0F
#39255
b111 V
1B
1F
#39260
0B
0F
#39265
b1000 V
1B
1F
#39270
0B
0F
#39275
b1001 V
1B
1F
#39280
0B
0F
#39285
b1010 V
1B
1F
#39290
0B
0F
#39295
b1011 V
1B
1F
#39300
0B
0F
#39305
0K
1J
b1100 V
b10 O
1B
1F
1I
1E
#39310
0B
0F
#39315
0N
0J
b0 O
b11 U
b0 V
1B
1F
#39320
0B
0F
#39325
1B
1F
#39330
0B
0F
#39335
1B
1F
#39340
0B
0F
#39345
1B
1F
#39350
0B
0F
#39355
1B
1F
#39360
0B
0F
#39365
1B
1F
#39370
0B
0F
#39375
1B
1F
#39380
0B
0F
#39385
1B
1F
#39390
0B
0F
#39395
1B
1F
#39400
0B
0F
#39405
1B
1F
#39410
0B
0F
#39415
1B
1F
#39420
0B
0F
#39425
1B
1F
#39430
0B
0F
#39435
1B
1F
#39440
0B
0F
#39445
1B
1F
#39450
0B
0F
#39455
1B
1F
#39460
0B
0F
#39465
1B
1F
#39470
0B
0F
#39475
1B
1F
#39480
0B
0F
#39485
1B
1F
#39490
0B
0F
#39495
1B
1F
#39500
0B
0F
#39505
1N
1K
b1 O
1B
1F
0I
0E
b11 h
b11 g
#39510
0B
0F
#39515
b1 V
1B
1F
#39520
0B
0F
#39525
b10 V
1B
1F
#39530
0B
0F
#39535
0K
1J
b10 O
b11 V
1B
1F
1I
1E
#39540
0B
0F
#39545
0N
0J
b0 V
b100 U
b10000000 S
b10000000 Z
b10000000 ^
b0 O
1B
1F
#39546
b1010111 R
b1010111 \
b1010111 `
1a
#39547
1Q
#39550
0B
0F
#39555
b1010111 A
b1010111 G
b1010111 P
b1010111 W
1B
1F
#39560
0B
0F
#39565
1B
1F
#39570
0B
0F
#39575
1B
1F
#39580
0B
0F
#39585
1B
1F
#39590
0B
0F
#39595
1B
1F
#39600
0B
0F
#39605
1B
1F
#39610
0B
0F
#39615
1B
1F
#39620
0B
0F
#39625
1B
1F
#39630
0B
0F
#39635
1B
1F
#39640
0B
0F
#39645
1B
1F
#39650
0B
0F
#39655
1B
1F
#39660
0B
0F
#39665
1B
1F
#39670
0B
0F
#39675
1B
1F
#39680
0B
0F
#39685
1B
1F
#39690
0B
0F
#39695
1B
1F
#39700
0B
0F
#39705
1B
1F
#39710
0B
0F
#39715
1B
1F
#39720
0B
0F
#39725
1B
1F
#39730
0B
0F
#39735
1N
1K
b1 O
1B
1F
0I
0E
b100 h
b100 g
#39740
0B
0F
#39745
b1 V
1B
1F
#39750
0B
0F
#39755
b10 V
1B
1F
#39760
0B
0F
#39765
b11 V
1B
1F
#39770
0B
0F
#39775
0K
1J
b10 O
b100 V
1B
1F
1I
1E
#39780
0B
0F
#39785
0N
0J
b0 V
b101 U
b11000000 S
b11000000 Z
b11000000 ^
b0 O
1B
1F
#39786
b10010111 R
b10010111 \
b10010111 `
#39787
0Q
#39790
0B
0F
#39795
b10010111 A
b10010111 G
b10010111 P
b10010111 W
1B
1F
#39800
0B
0F
#39805
1B
1F
#39810
0B
0F
#39815
1B
1F
#39820
0B
0F
#39825
1B
1F
#39830
0B
0F
#39835
1B
1F
#39840
0B
0F
#39845
1B
1F
#39850
0B
0F
#39855
1B
1F
#39860
0B
0F
#39865
1B
1F
#39870
0B
0F
#39875
1B
1F
#39880
0B
0F
#39885
1B
1F
#39890
0B
0F
#39895
1B
1F
#39900
0B
0F
#39905
1B
1F
#39910
0B
0F
#39915
1B
1F
#39920
0B
0F
#39925
1B
1F
#39930
0B
0F
#39935
1B
1F
#39940
0B
0F
#39945
1B
1F
#39950
0B
0F
#39955
1B
1F
#39960
0B
0F
#39965
1B
1F
#39970
0B
0F
#39975
1N
1K
b1 O
1B
1F
0I
0E
b101 h
b101 g
#39980
0B
0F
#39985
b1 V
1B
1F
#39990
0B
0F
#39995
b10 V
1B
1F
#40000
0B
0F
#40005
b11 V
1B
1F
#40010
0B
0F
#40015
b100 V
1B
1F
#40020
0B
0F
#40025
0K
1J
b101 V
b10 O
1B
1F
1I
1E
#40030
0B
0F
#40035
0N
0J
b0 O
b11100000 S
b11100000 Z
b11100000 ^
b110 U
b0 V
1B
1F
#40036
b10110111 R
b10110111 \
b10110111 `
#40040
0B
0F
#40045
b10110111 A
b10110111 G
b10110111 P
b10110111 W
1B
1F
#40050
0B
0F
#40055
1B
1F
#40060
0B
0F
#40065
1B
1F
#40070
0B
0F
#40075
1B
1F
#40080
0B
0F
#40085
1B
1F
#40090
0B
0F
#40095
1B
1F
#40100
0B
0F
#40105
1B
1F
#40110
0B
0F
#40115
1B
1F
#40120
0B
0F
#40125
1B
1F
#40130
0B
0F
#40135
1B
1F
#40140
0B
0F
#40145
1B
1F
#40150
0B
0F
#40155
1B
1F
#40160
0B
0F
#40165
1B
1F
#40170
0B
0F
#40175
1B
1F
#40180
0B
0F
#40185
1B
1F
#40190
0B
0F
#40195
1B
1F
#40200
0B
0F
#40205
1B
1F
#40210
0B
0F
#40215
1B
1F
#40220
0B
0F
#40225
1N
1K
b1 O
1B
1F
0I
0E
b1011 h
b110 g
#40230
0B
0F
#40235
b1 V
1B
1F
#40240
0B
0F
#40245
b10 V
1B
1F
#40250
0B
0F
#40255
b11 V
1B
1F
#40260
0B
0F
#40265
b100 V
1B
1F
#40270
0B
0F
#40275
b101 V
1B
1F
#40280
0B
0F
#40285
b110 V
1B
1F
#40290
0B
0F
#40295
b111 V
1B
1F
#40300
0B
0F
#40305
b1000 V
1B
1F
#40310
0B
0F
#40315
b1001 V
1B
1F
#40320
0B
0F
#40325
b1010 V
1B
1F
#40330
0B
0F
#40335
0K
1J
b10 O
b1011 V
1B
1F
1I
1E
#40340
0B
0F
#40345
0N
0J
1H
b0 V
b111 U
b1110000 S
b1110000 Z
b1110000 ^
b0 O
1B
1F
#40346
b1000111 R
b1000111 \
b1000111 `
#40350
0B
0F
#40355
b1000111 A
b1000111 G
b1000111 P
b1000111 W
1B
1F
#40360
0B
0F
#40365
1B
1F
#40370
0B
0F
#40375
1B
1F
#40380
0B
0F
#40385
1B
1F
#40390
0B
0F
#40395
1B
1F
#40400
0B
0F
#40405
1B
1F
#40410
0B
0F
#40415
1B
1F
#40420
0B
0F
#40425
1B
1F
#40430
0B
0F
#40435
1B
1F
#40440
0B
0F
#40445
1B
1F
#40450
0B
0F
#40455
1B
1F
#40460
0B
0F
#40465
1B
1F
#40470
0B
0F
#40475
1B
1F
#40480
0B
0F
#40485
1B
1F
#40490
0B
0F
#40495
1B
1F
#40500
0B
0F
#40505
1B
1F
#40510
0B
0F
#40515
1B
1F
#40520
0B
0F
#40525
1B
1F
#40530
0B
0F
#40535
1N
1K
b1 O
1B
1F
0I
0E
b111 h
b111 g
#40540
0B
0F
#40545
b1 V
1B
1F
#40550
0B
0F
#40555
b10 V
1B
1F
#40560
0B
0F
#40565
b11 V
1B
1F
#40570
0B
0F
#40575
b100 V
1B
1F
#40580
0B
0F
#40585
b101 V
1B
1F
#40590
0B
0F
#40595
b110 V
1B
1F
#40600
0B
0F
#40605
0K
1J
b111 V
b10 O
1B
1F
1I
1E
#40610
0B
0F
#40615
1L
0J
0H
b11 O
b10111000 S
b10111000 Z
b10111000 ^
b0 U
b0 V
1B
1F
#40616
b10001111 R
b10001111 \
b10001111 `
1Q
#40617
0Q
#40620
0B
0F
#40625
0N
1M
0L
b10111000 T
b10111000 [
b10111000 _
b100 O
1B
1F
#40626
b1110000 R
b1110000 \
b1110000 `
#40627
1Q
#40630
0B
0F
#40635
0M
b0 O
b0 S
b0 Z
b0 ^
b1110000 A
b1110000 G
b1110000 P
b1110000 W
1@
1X
1B
1F
#40636
b10111000 R
b10111000 \
b10111000 `
0a
0Q
#40640
0B
0F
#40645
b10010001 e
0d
b10010001 b
b1011 f
b0 c
0@
0X
b10111000 A
b10111000 G
b10111000 P
b10111000 W
1B
1F
#40650
0B
0F
#40655
1B
1F
#40660
0B
0F
#40665
1B
1F
#40670
0B
0F
#40675
1B
1F
#40680
0B
0F
#40685
1B
1F
#40690
0B
0F
#40695
1B
1F
#40700
0B
0F
#40705
1B
1F
#40710
0B
0F
#40715
1B
1F
#40720
0B
0F
#40725
1B
1F
#40730
0B
0F
#40735
1B
1F
#40740
0B
0F
#40745
1B
1F
#40750
0B
0F
#40755
1B
1F
#40760
0B
0F
#40765
1B
1F
#40770
0B
0F
#40775
1B
1F
#40780
0B
0F
#40785
1B
1F
#40790
0B
0F
#40795
1B
1F
#40800
0B
0F
#40805
1N
1K
b1 O
1B
1F
0I
0E
b10 h
b10011001 i
b10011 j
b0 g
#40810
0B
0F
#40815
b1 V
1B
1F
#40820
0B
0F
#40825
0K
1J
b10 V
b10 O
1B
1F
1I
1E
#40830
0B
0F
#40835
0N
0J
b0 O
b10000000 S
b10000000 Z
b10000000 ^
b1 U
b0 V
1B
1F
#40836
b111000 R
b111000 \
b111000 `
1a
#40837
1Q
#40840
0B
0F
#40845
b111000 A
b111000 G
b111000 P
b111000 W
1B
1F
#40850
0B
0F
#40855
1B
1F
#40860
0B
0F
#40865
1B
1F
#40870
0B
0F
#40875
1B
1F
#40880
0B
0F
#40885
1B
1F
#40890
0B
0F
#40895
1B
1F
#40900
0B
0F
#40905
1B
1F
#40910
0B
0F
#40915
1B
1F
#40920
0B
0F
#40925
1B
1F
#40930
0B
0F
#40935
1B
1F
#40940
0B
0F
#40945
1B
1F
#40950
0B
0F
#40955
1B
1F
#40960
0B
0F
#40965
1B
1F
#40970
0B
0F
#40975
1B
1F
#40980
0B
0F
#40985
1B
1F
#40990
0B
0F
#40995
1B
1F
#41000
0B
0F
#41005
1B
1F
#41010
0B
0F
#41015
1B
1F
#41020
0B
0F
#41025
1N
1K
b1 O
1B
1F
0I
0E
b1111 h
b1 g
#41030
0B
0F
#41035
b1 V
1B
1F
#41040
0B
0F
#41045
b10 V
1B
1F
#41050
0B
0F
#41055
b11 V
1B
1F
#41060
0B
0F
#41065
b100 V
1B
1F
#41070
0B
0F
#41075
b101 V
1B
1F
#41080
0B
0F
#41085
b110 V
1B
1F
#41090
0B
0F
#41095
b111 V
1B
1F
#41100
0B
0F
#41105
b1000 V
1B
1F
#41110
0B
0F
#41115
b1001 V
1B
1F
#41120
0B
0F
#41125
b1010 V
1B
1F
#41130
0B
0F
#41135
b1011 V
1B
1F
#41140
0B
0F
#41145
b1100 V
1B
1F
#41150
0B
0F
#41155
b1101 V
1B
1F
#41160
0B
0F
#41165
b1110 V
1B
1F
#41170
0B
0F
#41175
0K
1J
b10 O
b1111 V
1B
1F
1I
1E
#41180
0B
0F
#41185
0N
0J
b0 V
b10 U
b1000000 S
b1000000 Z
b1000000 ^
b0 O
1B
1F
#41186
b11111000 R
b11111000 \
b11111000 `
0a
0Q
#41190
0B
0F
#41195
b11111000 A
b11111000 G
b11111000 P
b11111000 W
1B
1F
#41200
0B
0F
#41205
1B
1F
#41210
0B
0F
#41215
1B
1F
#41220
0B
0F
#41225
1B
1F
#41230
0B
0F
#41235
1B
1F
#41240
0B
0F
#41245
1B
1F
#41250
0B
0F
#41255
1B
1F
#41260
0B
0F
#41265
1B
1F
#41270
0B
0F
#41275
1B
1F
#41280
0B
0F
#41285
1B
1F
#41290
0B
0F
#41295
1B
1F
#41300
0B
0F
#41305
1B
1F
#41310
0B
0F
#41315
1B
1F
#41320
0B
0F
#41325
1B
1F
#41330
0B
0F
#41335
1B
1F
#41340
0B
0F
#41345
1B
1F
#41350
0B
0F
#41355
1B
1F
#41360
0B
0F
#41365
1B
1F
#41370
0B
0F
#41375
1N
1K
b1 O
1B
1F
0I
0E
b1011 h
b10 g
#41380
0B
0F
#41385
b1 V
1B
1F
#41390
0B
0F
#41395
b10 V
1B
1F
#41400
0B
0F
#41405
b11 V
1B
1F
#41410
0B
0F
#41415
b100 V
1B
1F
#41420
0B
0F
#41425
b101 V
1B
1F
#41430
0B
0F
#41435
b110 V
1B
1F
#41440
0B
0F
#41445
b111 V
1B
1F
#41450
0B
0F
#41455
b1000 V
1B
1F
#41460
0B
0F
#41465
b1001 V
1B
1F
#41470
0B
0F
#41475
b1010 V
1B
1F
#41480
0B
0F
#41485
0K
1J
b1011 V
b10 O
1B
1F
1I
1E
#41490
0B
0F
#41495
0N
0J
b0 O
b100000 S
b100000 Z
b100000 ^
b11 U
b0 V
1B
1F
#41496
b11011000 R
b11011000 \
b11011000 `
#41500
0B
0F
#41505
b11011000 A
b11011000 G
b11011000 P
b11011000 W
1B
1F
#41510
0B
0F
#41515
1B
1F
#41520
0B
0F
#41525
1B
1F
#41530
0B
0F
#41535
1B
1F
#41540
0B
0F
#41545
1B
1F
#41550
0B
0F
#41555
1B
1F
#41560
0B
0F
#41565
1B
1F
#41570
0B
0F
#41575
1B
1F
#41580
0B
0F
#41585
1B
1F
#41590
0B
0F
#41595
1B
1F
#41600
0B
0F
#41605
1B
1F
#41610
0B
0F
#41615
1B
1F
#41620
0B
0F
#41625
1B
1F
#41630
0B
0F
#41635
1B
1F
#41640
0B
0F
#41645
1B
1F
#41650
0B
0F
#41655
1B
1F
#41660
0B
0F
#41665
1B
1F
#41670
0B
0F
#41675
1B
1F
#41680
0B
0F
#41685
1N
1K
b1 O
1B
1F
0I
0E
b101 h
b11 g
#41690
0B
0F
#41695
b1 V
1B
1F
#41700
0B
0F
#41705
b10 V
1B
1F
#41710
0B
0F
#41715
b11 V
1B
1F
#41720
0B
0F
#41725
b100 V
1B
1F
#41730
0B
0F
#41735
0K
1J
b10 O
b101 V
1B
1F
1I
1E
#41740
0B
0F
#41745
0N
0J
b0 V
b100 U
b10010000 S
b10010000 Z
b10010000 ^
b0 O
1B
1F
#41746
b1001000 R
b1001000 \
b1001000 `
1a
#41747
1Q
#41750
0B
0F
#41755
b1001000 A
b1001000 G
b1001000 P
b1001000 W
1B
1F
#41760
0B
0F
#41765
1B
1F
#41770
0B
0F
#41775
1B
1F
#41780
0B
0F
#41785
1B
1F
#41790
0B
0F
#41795
1B
1F
#41800
0B
0F
#41805
1B
1F
#41810
0B
0F
#41815
1B
1F
#41820
0B
0F
#41825
1B
1F
#41830
0B
0F
#41835
1B
1F
#41840
0B
0F
#41845
1B
1F
#41850
0B
0F
#41855
1B
1F
#41860
0B
0F
#41865
1B
1F
#41870
0B
0F
#41875
1B
1F
#41880
0B
0F
#41885
1B
1F
#41890
0B
0F
#41895
1B
1F
#41900
0B
0F
#41905
1B
1F
#41910
0B
0F
#41915
1B
1F
#41920
0B
0F
#41925
1B
1F
#41930
0B
0F
#41935
1N
1K
b1 O
1B
1F
0I
0E
b110 h
b100 g
#41940
0B
0F
#41945
b1 V
1B
1F
#41950
0B
0F
#41955
b10 V
1B
1F
#41960
0B
0F
#41965
b11 V
1B
1F
#41970
0B
0F
#41975
b100 V
1B
1F
#41980
0B
0F
#41985
b101 V
1B
1F
#41990
0B
0F
#41995
0K
1J
b10 O
b110 V
1B
1F
1I
1E
#42000
0B
0F
#42005
0N
0J
b0 V
b101 U
b11001000 S
b11001000 Z
b11001000 ^
b0 O
1B
1F
#42006
b10000000 R
b10000000 \
b10000000 `
#42007
0Q
#42010
0B
0F
#42015
b10000000 A
b10000000 G
b10000000 P
b10000000 W
1B
1F
#42020
0B
0F
#42025
1B
1F
#42030
0B
0F
#42035
1B
1F
#42040
0B
0F
#42045
1B
1F
#42050
0B
0F
#42055
1B
1F
#42060
0B
0F
#42065
1B
1F
#42070
0B
0F
#42075
1B
1F
#42080
0B
0F
#42085
1B
1F
#42090
0B
0F
#42095
1B
1F
#42100
0B
0F
#42105
1B
1F
#42110
0B
0F
#42115
1B
1F
#42120
0B
0F
#42125
1B
1F
#42130
0B
0F
#42135
1B
1F
#42140
0B
0F
#42145
1B
1F
#42150
0B
0F
#42155
1B
1F
#42160
0B
0F
#42165
1B
1F
#42170
0B
0F
#42175
1B
1F
#42180
0B
0F
#42185
1B
1F
#42190
0B
0F
#42195
1N
1K
b1 O
1B
1F
0I
0E
b1110 h
b101 g
#42200
0B
0F
#42205
b1 V
1B
1F
#42210
0B
0F
#42215
b10 V
1B
1F
#42220
0B
0F
#42225
b11 V
1B
1F
#42230
0B
0F
#42235
b100 V
1B
1F
#42240
0B
0F
#42245
b101 V
1B
1F
#42250
0B
0F
#42255
b110 V
1B
1F
#42260
0B
0F
#42265
b111 V
1B
1F
#42270
0B
0F
#42275
b1000 V
1B
1F
#42280
0B
0F
#42285
b1001 V
1B
1F
#42290
0B
0F
#42295
b1010 V
1B
1F
#42300
0B
0F
#42305
b1011 V
1B
1F
#42310
0B
0F
#42315
b1100 V
1B
1F
#42320
0B
0F
#42325
b1101 V
1B
1F
#42330
0B
0F
#42335
0K
1J
b10 O
b1110 V
1B
1F
1I
1E
#42340
0B
0F
#42345
0N
0J
b0 V
b110 U
b1100100 S
b1100100 Z
b1100100 ^
b0 O
1B
1F
#42346
b11100 R
b11100 \
b11100 `
#42350
0B
0F
#42355
b11100 A
b11100 G
b11100 P
b11100 W
1B
1F
#42360
0B
0F
#42365
1B
1F
#42370
0B
0F
#42375
1B
1F
#42380
0B
0F
#42385
1B
1F
#42390
0B
0F
#42395
1B
1F
#42400
0B
0F
#42405
1B
1F
#42410
0B
0F
#42415
1B
1F
#42420
0B
0F
#42425
1B
1F
#42430
0B
0F
#42435
1B
1F
#42440
0B
0F
#42445
1B
1F
#42450
0B
0F
#42455
1B
1F
#42460
0B
0F
#42465
1B
1F
#42470
0B
0F
#42475
1B
1F
#42480
0B
0F
#42485
1B
1F
#42490
0B
0F
#42495
1B
1F
#42500
0B
0F
#42505
1B
1F
#42510
0B
0F
#42515
1B
1F
#42520
0B
0F
#42525
1B
1F
#42530
0B
0F
#42535
1N
1K
b1 O
1B
1F
0I
0E
b1111 h
b110 g
#42540
0B
0F
#42545
b1 V
1B
1F
#42550
0B
0F
#42555
b10 V
1B
1F
#42560
0B
0F
#42565
b11 V
1B
1F
#42570
0B
0F
#42575
b100 V
1B
1F
#42580
0B
0F
#42585
b101 V
1B
1F
#42590
0B
0F
#42595
b110 V
1B
1F
#42600
0B
0F
#42605
b111 V
1B
1F
#42610
0B
0F
#42615
b1000 V
1B
1F
#42620
0B
0F
#42625
b1001 V
1B
1F
#42630
0B
0F
#42635
b1010 V
1B
1F
#42640
0B
0F
#42645
b1011 V
1B
1F
#42650
0B
0F
#42655
b1100 V
1B
1F
#42660
0B
0F
#42665
b1101 V
1B
1F
#42670
0B
0F
#42675
b1110 V
1B
1F
#42680
0B
0F
#42685
0K
1J
b1111 V
b10 O
1B
1F
1I
1E
#42690
0B
0F
#42695
0N
0J
1H
b0 O
b110010 S
b110010 Z
b110010 ^
b111 U
b0 V
1B
1F
#42696
b11101010 R
b11101010 \
b11101010 `
0a
#42700
0B
0F
#42705
b11101010 A
b11101010 G
b11101010 P
b11101010 W
1B
1F
#42710
0B
0F
#42715
1B
1F
#42720
0B
0F
#42725
1B
1F
#42730
0B
0F
#42735
1B
1F
#42740
0B
0F
#42745
1B
1F
#42750
0B
0F
#42755
1B
1F
#42760
0B
0F
#42765
1B
1F
#42770
0B
0F
#42775
1B
1F
#42780
0B
0F
#42785
1B
1F
#42790
0B
0F
#42795
1B
1F
#42800
0B
0F
#42805
1B
1F
#42810
0B
0F
#42815
1B
1F
#42820
0B
0F
#42825
1B
1F
#42830
0B
0F
#42835
1B
1F
#42840
0B
0F
#42845
1B
1F
#42850
0B
0F
#42855
1B
1F
#42860
0B
0F
#42865
1B
1F
#42870
0B
0F
#42875
1B
1F
#42880
0B
0F
#42885
1N
1K
b1 O
1B
1F
0I
0E
b11 h
b111 g
#42890
0B
0F
#42895
b1 V
1B
1F
#42900
0B
0F
#42905
b10 V
1B
1F
#42910
0B
0F
#42915
0K
1J
b10 O
b11 V
1B
1F
1I
1E
#42920
0B
0F
#42925
1L
0J
0H
b0 V
b0 U
b10011001 S
b10011001 Z
b10011001 ^
b11 O
1B
1F
#42926
b1010001 R
b1010001 \
b1010001 `
1a
#42927
1Q
#42930
0B
0F
#42935
0N
1M
0L
b100 O
b0 T
b0 [
b0 _
1B
1F
#42936
b10011001 R
b10011001 \
b10011001 `
0a
0Q
#42940
0B
0F
#42945
0M
1C
1?
1Y
b10011001 A
b10011001 G
b10011001 P
b10011001 W
b0 S
b0 Z
b0 ^
b0 O
1B
1F
#42946
b0 R
b0 \
b0 `
1Q
0C
#42947
0Q
#42950
0B
0F
#42955
b11 e
b1110010 b
b1100 f
b10010001 c
b0 A
b0 G
b0 P
b0 W
0?
0Y
1B
1F
#42960
0B
0F
#42965
1B
1F
#42970
0B
0F
#42975
1B
1F
#42980
0B
0F
#42985
1B
1F
#42990
0B
0F
#42995
1B
1F
#43000
0B
0F
#43005
1B
1F
#43010
0B
0F
#43015
1B
1F
#43020
0B
0F
#43025
1B
1F
#43030
0B
0F
#43035
1B
1F
#43040
0B
0F
#43045
1B
1F
#43050
0B
0F
#43055
1B
1F
#43060
0B
0F
#43065
1B
1F
#43070
0B
0F
#43075
1B
1F
#43080
0B
0F
#43085
1B
1F
#43090
0B
0F
#43095
1B
1F
#43100
0B
0F
#43105
1B
1F
#43110
0B
0F
#43115
1N
1K
b1 O
1B
1F
0I
0E
b1101 h
b1111010 i
b10100 j
b0 g
#43120
0B
0F
#43125
b1 V
1B
1F
#43130
0B
0F
#43135
b10 V
1B
1F
#43140
0B
0F
#43145
b11 V
1B
1F
#43150
0B
0F
#43155
b100 V
1B
1F
#43160
0B
0F
#43165
b101 V
1B
1F
#43170
0B
0F
#43175
b110 V
1B
1F
#43180
0B
0F
#43185
b111 V
1B
1F
#43190
0B
0F
#43195
b1000 V
1B
1F
#43200
0B
0F
#43205
b1001 V
1B
1F
#43210
0B
0F
#43215
b1010 V
1B
1F
#43220
0B
0F
#43225
b1011 V
1B
1F
#43230
0B
0F
#43235
b1100 V
1B
1F
#43240
0B
0F
#43245
0K
1J
b1101 V
b10 O
1B
1F
1I
1E
#43250
0B
0F
#43255
0N
0J
b0 O
b1 U
b0 V
1B
1F
#43260
0B
0F
#43265
1B
1F
#43270
0B
0F
#43275
1B
1F
#43280
0B
0F
#43285
1B
1F
#43290
0B
0F
#43295
1B
1F
#43300
0B
0F
#43305
1B
1F
#43310
0B
0F
#43315
1B
1F
#43320
0B
0F
#43325
1B
1F
#43330
0B
0F
#43335
1B
1F
#43340
0B
0F
#43345
1B
1F
#43350
0B
0F
#43355
1B
1F
#43360
0B
0F
#43365
1B
1F
#43370
0B
0F
#43375
1B
1F
#43380
0B
0F
#43385
1B
1F
#43390
0B
0F
#43395
1B
1F
#43400
0B
0F
#43405
1B
1F
#43410
0B
0F
#43415
1B
1F
#43420
0B
0F
#43425
1B
1F
#43430
0B
0F
#43435
1B
1F
#43440
0B
0F
#43445
1N
1K
b1 O
1B
1F
0I
0E
b101 h
b1 g
#43450
0B
0F
#43455
b1 V
1B
1F
#43460
0B
0F
#43465
b10 V
1B
1F
#43470
0B
0F
#43475
b11 V
1B
1F
#43480
0B
0F
#43485
b100 V
1B
1F
#43490
0B
0F
#43495
0K
1J
b10 O
b101 V
1B
1F
1I
1E
#43500
0B
0F
#43505
0N
0J
b0 V
b10 U
b10000000 S
b10000000 Z
b10000000 ^
b0 O
1B
1F
#43506
b10000000 R
b10000000 \
b10000000 `
#43510
0B
0F
#43515
b10000000 A
b10000000 G
b10000000 P
b10000000 W
1B
1F
#43520
0B
0F
#43525
1B
1F
#43530
0B
0F
#43535
1B
1F
#43540
0B
0F
#43545
1B
1F
#43550
0B
0F
#43555
1B
1F
#43560
0B
0F
#43565
1B
1F
#43570
0B
0F
#43575
1B
1F
#43580
0B
0F
#43585
1B
1F
#43590
0B
0F
#43595
1B
1F
#43600
0B
0F
#43605
1B
1F
#43610
0B
0F
#43615
1B
1F
#43620
0B
0F
#43625
1B
1F
#43630
0B
0F
#43635
1B
1F
#43640
0B
0F
#43645
1B
1F
#43650
0B
0F
#43655
1B
1F
#43660
0B
0F
#43665
1B
1F
#43670
0B
0F
#43675
1B
1F
#43680
0B
0F
#43685
1B
1F
#43690
0B
0F
#43695
1N
1K
b1 O
1B
1F
0I
0E
b1111 h
b10 g
#43700
0B
0F
#43705
b1 V
1B
1F
#43710
0B
0F
#43715
b10 V
1B
1F
#43720
0B
0F
#43725
b11 V
1B
1F
#43730
0B
0F
#43735
b100 V
1B
1F
#43740
0B
0F
#43745
b101 V
1B
1F
#43750
0B
0F
#43755
b110 V
1B
1F
#43760
0B
0F
#43765
b111 V
1B
1F
#43770
0B
0F
#43775
b1000 V
1B
1F
#43780
0B
0F
#43785
b1001 V
1B
1F
#43790
0B
0F
#43795
b1010 V
1B
1F
#43800
0B
0F
#43805
b1011 V
1B
1F
#43810
0B
0F
#43815
b1100 V
1B
1F
#43820
0B
0F
#43825
b1101 V
1B
1F
#43830
0B
0F
#43835
b1110 V
1B
1F
#43840
0B
0F
#43845
0K
1J
b1111 V
b10 O
1B
1F
1I
1E
#43850
0B
0F
#43855
0N
0J
b0 O
b1000000 S
b1000000 Z
b1000000 ^
b11 U
b0 V
1B
1F
#43856
b1000000 R
b1000000 \
b1000000 `
1Q
#43857
0Q
#43860
0B
0F
#43865
b1000000 A
b1000000 G
b1000000 P
b1000000 W
1B
1F
#43870
0B
0F
#43875
1B
1F
#43880
0B
0F
#43885
1B
1F
#43890
0B
0F
#43895
1B
1F
#43900
0B
0F
#43905
1B
1F
#43910
0B
0F
#43915
1B
1F
#43920
0B
0F
#43925
1B
1F
#43930
0B
0F
#43935
1B
1F
#43940
0B
0F
#43945
1B
1F
#43950
0B
0F
#43955
1B
1F
#43960
0B
0F
#43965
1B
1F
#43970
0B
0F
#43975
1B
1F
#43980
0B
0F
#43985
1B
1F
#43990
0B
0F
#43995
1B
1F
#44000
0B
0F
#44005
1B
1F
#44010
0B
0F
#44015
1B
1F
#44020
0B
0F
#44025
1B
1F
#44030
0B
0F
#44035
1B
1F
#44040
0B
0F
#44045
1N
1K
b1 O
1B
1F
0I
0E
b111 h
b11 g
#44050
0B
0F
#44055
b1 V
1B
1F
#44060
0B
0F
#44065
b10 V
1B
1F
#44070
0B
0F
#44075
b11 V
1B
1F
#44080
0B
0F
#44085
b100 V
1B
1F
#44090
0B
0F
#44095
b101 V
1B
1F
#44100
0B
0F
#44105
b110 V
1B
1F
#44110
0B
0F
#44115
0K
1J
b10 O
b111 V
1B
1F
1I
1E
#44120
0B
0F
#44125
0N
0J
b0 V
b100 U
b10100000 S
b10100000 Z
b10100000 ^
b0 O
1B
1F
#44126
b10100000 R
b10100000 \
b10100000 `
#44130
0B
0F
#44135
b10100000 A
b10100000 G
b10100000 P
b10100000 W
1B
1F
#44140
0B
0F
#44145
1B
1F
#44150
0B
0F
#44155
1B
1F
#44160
0B
0F
#44165
1B
1F
#44170
0B
0F
#44175
1B
1F
#44180
0B
0F
#44185
1B
1F
#44190
0B
0F
#44195
1B
1F
#44200
0B
0F
#44205
1B
1F
#44210
0B
0F
#44215
1B
1F
#44220
0B
0F
#44225
1B
1F
#44230
0B
0F
#44235
1B
1F
#44240
0B
0F
#44245
1B
1F
#44250
0B
0F
#44255
1B
1F
#44260
0B
0F
#44265
1B
1F
#44270
0B
0F
#44275
1B
1F
#44280
0B
0F
#44285
1B
1F
#44290
0B
0F
#44295
1B
1F
#44300
0B
0F
#44305
1B
1F
#44310
0B
0F
#44315
1N
1K
b1 O
1B
1F
0I
0E
b10 h
b100 g
#44320
0B
0F
#44325
b1 V
1B
1F
#44330
0B
0F
#44335
0K
1J
b10 O
b10 V
1B
1F
1I
1E
#44340
0B
0F
#44345
0N
0J
b0 V
b101 U
b11010000 S
b11010000 Z
b11010000 ^
b0 O
1B
1F
#44346
b11010000 R
b11010000 \
b11010000 `
#44350
0B
0F
#44355
b11010000 A
b11010000 G
b11010000 P
b11010000 W
1B
1F
#44360
0B
0F
#44365
1B
1F
#44370
0B
0F
#44375
1B
1F
#44380
0B
0F
#44385
1B
1F
#44390
0B
0F
#44395
1B
1F
#44400
0B
0F
#44405
1B
1F
#44410
0B
0F
#44415
1B
1F
#44420
0B
0F
#44425
1B
1F
#44430
0B
0F
#44435
1B
1F
#44440
0B
0F
#44445
1B
1F
#44450
0B
0F
#44455
1B
1F
#44460
0B
0F
#44465
1B
1F
#44470
0B
0F
#44475
1B
1F
#44480
0B
0F
#44485
1B
1F
#44490
0B
0F
#44495
1B
1F
#44500
0B
0F
#44505
1B
1F
#44510
0B
0F
#44515
1B
1F
#44520
0B
0F
#44525
1B
1F
#44530
0B
0F
#44535
1N
1K
b1 O
1B
1F
0I
0E
b11 h
b101 g
#44540
0B
0F
#44545
b1 V
1B
1F
#44550
0B
0F
#44555
b10 V
1B
1F
#44560
0B
0F
#44565
0K
1J
b11 V
b10 O
1B
1F
1I
1E
#44570
0B
0F
#44575
0N
0J
b0 O
b11101000 S
b11101000 Z
b11101000 ^
b110 U
b0 V
1B
1F
#44576
b11101000 R
b11101000 \
b11101000 `
#44580
0B
0F
#44585
b11101000 A
b11101000 G
b11101000 P
b11101000 W
1B
1F
#44590
0B
0F
#44595
1B
1F
#44600
0B
0F
#44605
1B
1F
#44610
0B
0F
#44615
1B
1F
#44620
0B
0F
#44625
1B
1F
#44630
0B
0F
#44635
1B
1F
#44640
0B
0F
#44645
1B
1F
#44650
0B
0F
#44655
1B
1F
#44660
0B
0F
#44665
1B
1F
#44670
0B
0F
#44675
1B
1F
#44680
0B
0F
#44685
1B
1F
#44690
0B
0F
#44695
1B
1F
#44700
0B
0F
#44705
1B
1F
#44710
0B
0F
#44715
1B
1F
#44720
0B
0F
#44725
1B
1F
#44730
0B
0F
#44735
1B
1F
#44740
0B
0F
#44745
1B
1F
#44750
0B
0F
#44755
1B
1F
#44760
0B
0F
#44765
1N
1K
b1 O
1B
1F
0I
0E
b100 h
b110 g
#44770
0B
0F
#44775
b1 V
1B
1F
#44780
0B
0F
#44785
b10 V
1B
1F
#44790
0B
0F
#44795
b11 V
1B
1F
#44800
0B
0F
#44805
0K
1J
b100 V
b10 O
1B
1F
1I
1E
#44810
0B
0F
#44815
0N
0J
1H
b0 O
b11110100 S
b11110100 Z
b11110100 ^
b111 U
b0 V
1B
1F
#44816
b11110100 R
b11110100 \
b11110100 `
#44820
0B
0F
#44825
b11110100 A
b11110100 G
b11110100 P
b11110100 W
1B
1F
#44830
0B
0F
#44835
1B
1F
#44840
0B
0F
#44845
1B
1F
#44850
0B
0F
#44855
1B
1F
#44860
0B
0F
#44865
1B
1F
#44870
0B
0F
#44875
1B
1F
#44880
0B
0F
#44885
1B
1F
#44890
0B
0F
#44895
1B
1F
#44900
0B
0F
#44905
1B
1F
#44910
0B
0F
#44915
1B
1F
#44920
0B
0F
#44925
1B
1F
#44930
0B
0F
#44935
1B
1F
#44940
0B
0F
#44945
1B
1F
#44950
0B
0F
#44955
1B
1F
#44960
0B
0F
#44965
1B
1F
#44970
0B
0F
#44975
1B
1F
#44980
0B
0F
#44985
1B
1F
#44990
0B
0F
#44995
1B
1F
#45000
0B
0F
#45005
1N
1K
b1 O
1B
1F
0I
0E
b1111 h
b111 g
#45010
0B
0F
#45015
b1 V
1B
1F
#45020
0B
0F
#45025
b10 V
1B
1F
#45030
0B
0F
#45035
b11 V
1B
1F
#45040
0B
0F
#45045
b100 V
1B
1F
#45050
0B
0F
#45055
b101 V
1B
1F
#45060
0B
0F
#45065
b110 V
1B
1F
#45070
0B
0F
#45075
b111 V
1B
1F
#45080
0B
0F
#45085
b1000 V
1B
1F
#45090
0B
0F
#45095
b1001 V
1B
1F
#45100
0B
0F
#45105
b1010 V
1B
1F
#45110
0B
0F
#45115
b1011 V
1B
1F
#45120
0B
0F
#45125
b1100 V
1B
1F
#45130
0B
0F
#45135
b1101 V
1B
1F
#45140
0B
0F
#45145
b1110 V
1B
1F
#45150
0B
0F
#45155
0K
1J
b10 O
b1111 V
1B
1F
1I
1E
#45160
0B
0F
#45165
1L
0J
0H
b0 V
b0 U
b1111010 S
b1111010 Z
b1111010 ^
b11 O
1B
1F
#45166
b1111010 R
b1111010 \
b1111010 `
1Q
#45167
0Q
#45170
0B
0F
#45175
0N
1M
0L
b100 O
b1111010 T
b1111010 [
b1111010 _
1B
1F
#45176
b11110100 R
b11110100 \
b11110100 `
#45177
1Q
#45180
0B
0F
#45185
0M
1@
1X
b0 S
b0 Z
b0 ^
b0 O
1B
1F
#45186
b1111010 R
b1111010 \
b1111010 `
#45187
0Q
#45190
0B
0F
#45195
b1111010 A
b1111010 G
b1111010 P
b1111010 W
0@
0X
1B
1F
#45200
0B
0F
#45205
1B
1F
#45210
0B
0F
#45215
1B
1F
#45220
0B
0F
#45225
1B
1F
#45230
0B
0F
#45235
1B
1F
#45240
0B
0F
#45245
1B
1F
#45250
0B
0F
#45255
1B
1F
#45260
0B
0F
#45265
1B
1F
#45270
0B
0F
#45275
1B
1F
#45280
0B
0F
#45285
1B
1F
#45290
0B
0F
#45295
1B
1F
#45300
0B
0F
#45305
1B
1F
#45310
0B
0F
#45315
1B
1F
#45320
0B
0F
#45325
1B
1F
#45330
0B
0F
#45335
1B
1F
#45340
0B
0F
#45345
1B
1F
#45350
0B
0F
#45355
1N
1K
b1 O
1B
1F
0I
0E
b110 h
b1011011 i
b10101 j
b0 g
#45360
0B
0F
#45365
b1 V
1B
1F
#45370
0B
0F
#45375
b10 V
1B
1F
#45380
0B
0F
#45385
b11 V
1B
1F
#45390
0B
0F
#45395
b100 V
1B
1F
#45400
0B
0F
#45405
b101 V
1B
1F
#45410
0B
0F
#45415
0K
1J
b10 O
b110 V
1B
1F
1I
1E
#45420
0B
0F
#45425
0N
0J
b0 V
b1 U
b10000000 S
b10000000 Z
b10000000 ^
b0 O
1B
1F
#45426
b11111010 R
b11111010 \
b11111010 `
#45430
0B
0F
#45435
b11111010 A
b11111010 G
b11111010 P
b11111010 W
1B
1F
#45440
0B
0F
#45445
1B
1F
#45450
0B
0F
#45455
1B
1F
#45460
0B
0F
#45465
1B
1F
#45470
0B
0F
#45475
1B
1F
#45480
0B
0F
#45485
1B
1F
#45490
0B
0F
#45495
1B
1F
#45500
0B
0F
#45505
1B
1F
#45510
0B
0F
#45515
1B
1F
#45520
0B
0F
#45525
1B
1F
#45530
0B
0F
#45535
1B
1F
#45540
0B
0F
#45545
1B
1F
#45550
0B
0F
#45555
1B
1F
#45560
0B
0F
#45565
1B
1F
#45570
0B
0F
#45575
1B
1F
#45580
0B
0F
#45585
1B
1F
#45590
0B
0F
#45595
1B
1F
#45600
0B
0F
#45605
1B
1F
#45610
0B
0F
#45615
1N
1K
b1 O
1B
1F
0I
0E
b111 h
b1 g
#45620
0B
0F
#45625
b1 V
1B
1F
#45630
0B
0F
#45635
b10 V
1B
1F
#45640
0B
0F
#45645
b11 V
1B
1F
#45650
0B
0F
#45655
b100 V
1B
1F
#45660
0B
0F
#45665
b101 V
1B
1F
#45670
0B
0F
#45675
b110 V
1B
1F
#45680
0B
0F
#45685
0K
1J
b111 V
b10 O
1B
1F
1I
1E
#45690
0B
0F
#45695
0N
0J
b0 O
b11000000 S
b11000000 Z
b11000000 ^
b10 U
b0 V
1B
1F
#45696
b111010 R
b111010 \
b111010 `
1a
#45700
0B
0F
#45705
b111010 A
b111010 G
b111010 P
b111010 W
1B
1F
#45710
0B
0F
#45715
1B
1F
#45720
0B
0F
#45725
1B
1F
#45730
0B
0F
#45735
1B
1F
#45740
0B
0F
#45745
1B
1F
#45750
0B
0F
#45755
1B
1F
#45760
0B
0F
#45765
1B
1F
#45770
0B
0F
#45775
1B
1F
#45780
0B
0F
#45785
1B
1F
#45790
0B
0F
#45795
1B
1F
#45800
0B
0F
#45805
1B
1F
#45810
0B
0F
#45815
1B
1F
#45820
0B
0F
#45825
1B
1F
#45830
0B
0F
#45835
1B
1F
#45840
0B
0F
#45845
1B
1F
#45850
0B
0F
#45855
1B
1F
#45860
0B
0F
#45865
1B
1F
#45870
0B
0F
#45875
1B
1F
#45880
0B
0F
#45885
1N
1K
b1 O
1B
1F
0I
0E
b1110 h
b10 g
#45890
0B
0F
#45895
b1 V
1B
1F
#45900
0B
0F
#45905
b10 V
1B
1F
#45910
0B
0F
#45915
b11 V
1B
1F
#45920
0B
0F
#45925
b100 V
1B
1F
#45930
0B
0F
#45935
b101 V
1B
1F
#45940
0B
0F
#45945
b110 V
1B
1F
#45950
0B
0F
#45955
b111 V
1B
1F
#45960
0B
0F
#45965
b1000 V
1B
1F
#45970
0B
0F
#45975
b1001 V
1B
1F
#45980
0B
0F
#45985
b1010 V
1B
1F
#45990
0B
0F
#45995
b1011 V
1B
1F
#46000
0B
0F
#46005
b1100 V
1B
1F
#46010
0B
0F
#46015
b1101 V
1B
1F
#46020
0B
0F
#46025
0K
1J
b1110 V
b10 O
1B
1F
1I
1E
#46030
0B
0F
#46035
0N
0J
b0 O
b1100000 S
b1100000 Z
b1100000 ^
b11 U
b0 V
1B
1F
#46036
b11011010 R
b11011010 \
b11011010 `
0a
#46037
1Q
#46040
0B
0F
#46045
b11011010 A
b11011010 G
b11011010 P
b11011010 W
1B
1F
#46050
0B
0F
#46055
1B
1F
#46060
0B
0F
#46065
1B
1F
#46070
0B
0F
#46075
1B
1F
#46080
0B
0F
#46085
1B
1F
#46090
0B
0F
#46095
1B
1F
#46100
0B
0F
#46105
1B
1F
#46110
0B
0F
#46115
1B
1F
#46120
0B
0F
#46125
1B
1F
#46130
0B
0F
#46135
1B
1F
#46140
0B
0F
#46145
1B
1F
#46150
0B
0F
#46155
1B
1F
#46160
0B
0F
#46165
1B
1F
#46170
0B
0F
#46175
1B
1F
#46180
0B
0F
#46185
1B
1F
#46190
0B
0F
#46195
1B
1F
#46200
0B
0F
#46205
1B
1F
#46210
0B
0F
#46215
1B
1F
#46220
0B
0F
#46225
1N
1K
b1 O
1B
1F
0I
0E
b11 h
b11 g
#46230
0B
0F
#46235
b1 V
1B
1F
#46240
0B
0F
#46245
b10 V
1B
1F
#46250
0B
0F
#46255
0K
1J
b10 O
b11 V
1B
1F
1I
1E
#46260
0B
0F
#46265
0N
0J
b0 V
b100 U
b10110000 S
b10110000 Z
b10110000 ^
b0 O
1B
1F
#46266
b101010 R
b101010 \
b101010 `
1a
0Q
#46270
0B
0F
#46275
b101010 A
b101010 G
b101010 P
b101010 W
1B
1F
#46280
0B
0F
#46285
1B
1F
#46290
0B
0F
#46295
1B
1F
#46300
0B
0F
#46305
1B
1F
#46310
0B
0F
#46315
1B
1F
#46320
0B
0F
#46325
1B
1F
#46330
0B
0F
#46335
1B
1F
#46340
0B
0F
#46345
1B
1F
#46350
0B
0F
#46355
1B
1F
#46360
0B
0F
#46365
1B
1F
#46370
0B
0F
#46375
1B
1F
#46380
0B
0F
#46385
1B
1F
#46390
0B
0F
#46395
1B
1F
#46400
0B
0F
#46405
1B
1F
#46410
0B
0F
#46415
1B
1F
#46420
0B
0F
#46425
1B
1F
#46430
0B
0F
#46435
1B
1F
#46440
0B
0F
#46445
1B
1F
#46450
0B
0F
#46455
1N
1K
b1 O
1B
1F
0I
0E
b100 h
b100 g
#46460
0B
0F
#46465
b1 V
1B
1F
#46470
0B
0F
#46475
b10 V
1B
1F
#46480
0B
0F
#46485
b11 V
1B
1F
#46490
0B
0F
#46495
0K
1J
b10 O
b100 V
1B
1F
1I
1E
#46500
0B
0F
#46505
0N
0J
b0 V
b101 U
b11011000 S
b11011000 Z
b11011000 ^
b0 O
1B
1F
#46506
b1010010 R
b1010010 \
b1010010 `
#46510
0B
0F
#46515
b1010010 A
b1010010 G
b1010010 P
b1010010 W
1B
1F
#46520
0B
0F
#46525
1B
1F
#46530
0B
0F
#46535
1B
1F
#46540
0B
0F
#46545
1B
1F
#46550
0B
0F
#46555
1B
1F
#46560
0B
0F
#46565
1B
1F
#46570
0B
0F
#46575
1B
1F
#46580
0B
0F
#46585
1B
1F
#46590
0B
0F
#46595
1B
1F
#46600
0B
0F
#46605
1B
1F
#46610
0B
0F
#46615
1B
1F
#46620
0B
0F
#46625
1B
1F
#46630
0B
0F
#46635
1B
1F
#46640
0B
0F
#46645
1B
1F
#46650
0B
0F
#46655
1B
1F
#46660
0B
0F
#46665
1B
1F
#46670
0B
0F
#46675
1B
1F
#46680
0B
0F
#46685
1B
1F
#46690
0B
0F
#46695
1N
1K
b1 O
1B
1F
0I
0E
b1100 h
b101 g
#46700
0B
0F
#46705
b1 V
1B
1F
#46710
0B
0F
#46715
b10 V
1B
1F
#46720
0B
0F
#46725
b11 V
1B
1F
#46730
0B
0F
#46735
b100 V
1B
1F
#46740
0B
0F
#46745
b101 V
1B
1F
#46750
0B
0F
#46755
b110 V
1B
1F
#46760
0B
0F
#46765
b111 V
1B
1F
#46770
0B
0F
#46775
b1000 V
1B
1F
#46780
0B
0F
#46785
b1001 V
1B
1F
#46790
0B
0F
#46795
b1010 V
1B
1F
#46800
0B
0F
#46805
b1011 V
1B
1F
#46810
0B
0F
#46815
0K
1J
b10 O
b1100 V
1B
1F
1I
1E
#46820
0B
0F
#46825
0N
0J
b0 V
b110 U
b1101100 S
b1101100 Z
b1101100 ^
b0 O
1B
1F
#46826
b11100110 R
b11100110 \
b11100110 `
0a
#46827
1Q
#46830
0B
0F
#46835
b11100110 A
b11100110 G
b11100110 P
b11100110 W
1B
1F
#46840
0B
0F
#46845
1B
1F
#46850
0B
0F
#46855
1B
1F
#46860
0B
0F
#46865
1B
1F
#46870
0B
0F
#46875
1B
1F
#46880
0B
0F
#46885
1B
1F
#46890
0B
0F
#46895
1B
1F
#46900
0B
0F
#46905
1B
1F
#46910
0B
0F
#46915
1B
1F
#46920
0B
0F
#46925
1B
1F
#46930
0B
0F
#46935
1B
1F
#46940
0B
0F
#46945
1B
1F
#46950
0B
0F
#46955
1B
1F
#46960
0B
0F
#46965
1B
1F
#46970
0B
0F
#46975
1B
1F
#46980
0B
0F
#46985
1B
1F
#46990
0B
0F
#46995
1B
1F
#47000
0B
0F
#47005
1B
1F
#47010
0B
0F
#47015
1N
1K
b1 O
1B
1F
0I
0E
b110 h
b110 g
#47020
0B
0F
#47025
b1 V
1B
1F
#47030
0B
0F
#47035
b10 V
1B
1F
#47040
0B
0F
#47045
b11 V
1B
1F
#47050
0B
0F
#47055
b100 V
1B
1F
#47060
0B
0F
#47065
b101 V
1B
1F
#47070
0B
0F
#47075
0K
1J
b10 O
b110 V
1B
1F
1I
1E
#47080
0B
0F
#47085
0N
0J
1H
b0 V
b111 U
b10110110 S
b10110110 Z
b10110110 ^
b0 O
1B
1F
#47086
b110000 R
b110000 \
b110000 `
1a
0Q
#47090
0B
0F
#47095
b110000 A
b110000 G
b110000 P
b110000 W
1B
1F
#47100
0B
0F
#47105
1B
1F
#47110
0B
0F
#47115
1B
1F
#47120
0B
0F
#47125
1B
1F
#47130
0B
0F
#47135
1B
1F
#47140
0B
0F
#47145
1B
1F
#47150
0B
0F
#47155
1B
1F
#47160
0B
0F
#47165
1B
1F
#47170
0B
0F
#47175
1B
1F
#47180
0B
0F
#47185
1B
1F
#47190
0B
0F
#47195
1B
1F
#47200
0B
0F
#47205
1B
1F
#47210
0B
0F
#47215
1B
1F
#47220
0B
0F
#47225
1B
1F
#47230
0B
0F
#47235
1B
1F
#47240
0B
0F
#47245
1B
1F
#47250
0B
0F
#47255
1B
1F
#47260
0B
0F
#47265
1B
1F
#47270
0B
0F
#47275
1N
1K
b1 O
1B
1F
0I
0E
b1110 h
b111 g
#47280
0B
0F
#47285
b1 V
1B
1F
#47290
0B
0F
#47295
b10 V
1B
1F
#47300
0B
0F
#47305
b11 V
1B
1F
#47310
0B
0F
#47315
b100 V
1B
1F
#47320
0B
0F
#47325
b101 V
1B
1F
#47330
0B
0F
#47335
b110 V
1B
1F
#47340
0B
0F
#47345
b111 V
1B
1F
#47350
0B
0F
#47355
b1000 V
1B
1F
#47360
0B
0F
#47365
b1001 V
1B
1F
#47370
0B
0F
#47375
b1010 V
1B
1F
#47380
0B
0F
#47385
b1011 V
1B
1F
#47390
0B
0F
#47395
b1100 V
1B
1F
#47400
0B
0F
#47405
b1101 V
1B
1F
#47410
0B
0F
#47415
0K
1J
b10 O
b1110 V
1B
1F
1I
1E
#47420
0B
0F
#47425
1L
0J
0H
b0 V
b0 U
b1011011 S
b1011011 Z
b1011011 ^
b11 O
1B
1F
#47426
b11010101 R
b11010101 \
b11010101 `
0a
#47427
1Q
#47430
0B
0F
#47435
0N
1M
0L
b100 O
b0 T
b0 [
b0 _
1B
1F
#47436
b1011011 R
b1011011 \
b1011011 `
#47437
0Q
#47440
0B
0F
#47445
0M
1C
1?
1Y
b1011011 A
b1011011 G
b1011011 P
b1011011 W
b0 S
b0 Z
b0 ^
b0 O
1B
1F
#47446
b0 R
b0 \
b0 `
0C
#47450
0B
0F
#47455
b11000101 e
1d
b1010011 b
b1101 f
b1110010 c
b0 A
b0 G
b0 P
b0 W
0?
0Y
1B
1F
#47460
0B
0F
#47465
1B
1F
#47470
0B
0F
#47475
1B
1F
#47480
0B
0F
#47485
1B
1F
#47490
0B
0F
#47495
1B
1F
#47500
0B
0F
#47505
1B
1F
#47510
0B
0F
#47515
1B
1F
#47520
0B
0F
#47525
1B
1F
#47530
0B
0F
#47535
1B
1F
#47540
0B
0F
#47545
1B
1F
#47550
0B
0F
#47555
1B
1F
#47560
0B
0F
#47565
1B
1F
#47570
0B
0F
#47575
1B
1F
#47580
0B
0F
#47585
1B
1F
#47590
0B
0F
#47595
1B
1F
#47600
0B
0F
#47605
1B
1F
#47610
0B
0F
#47615
1N
1K
b1 O
1B
1F
0I
0E
b1011 h
b111100 i
b10110 j
b0 g
#47620
0B
0F
#47625
b1 V
1B
1F
#47630
0B
0F
#47635
b10 V
1B
1F
#47640
0B
0F
#47645
b11 V
1B
1F
#47650
0B
0F
#47655
b100 V
1B
1F
#47660
0B
0F
#47665
b101 V
1B
1F
#47670
0B
0F
#47675
b110 V
1B
1F
#47680
0B
0F
#47685
b111 V
1B
1F
#47690
0B
0F
#47695
b1000 V
1B
1F
#47700
0B
0F
#47705
b1001 V
1B
1F
#47710
0B
0F
#47715
b1010 V
1B
1F
#47720
0B
0F
#47725
0K
1J
b1011 V
b10 O
1B
1F
1I
1E
#47730
0B
0F
#47735
0N
0J
b0 O
b1 U
b0 V
1B
1F
#47740
0B
0F
#47745
1B
1F
#47750
0B
0F
#47755
1B
1F
#47760
0B
0F
#47765
1B
1F
#47770
0B
0F
#47775
1B
1F
#47780
0B
0F
#47785
1B
1F
#47790
0B
0F
#47795
1B
1F
#47800
0B
0F
#47805
1B
1F
#47810
0B
0F
#47815
1B
1F
#47820
0B
0F
#47825
1B
1F
#47830
0B
0F
#47835
1B
1F
#47840
0B
0F
#47845
1B
1F
#47850
0B
0F
#47855
1B
1F
#47860
0B
0F
#47865
1B
1F
#47870
0B
0F
#47875
1B
1F
#47880
0B
0F
#47885
1B
1F
#47890
0B
0F
#47895
1B
1F
#47900
0B
0F
#47905
1B
1F
#47910
0B
0F
#47915
1B
1F
#47920
0B
0F
#47925
1N
1K
b1 O
1B
1F
0I
0E
b1100 h
b1 g
#47930
0B
0F
#47935
b1 V
1B
1F
#47940
0B
0F
#47945
b10 V
1B
1F
#47950
0B
0F
#47955
b11 V
1B
1F
#47960
0B
0F
#47965
b100 V
1B
1F
#47970
0B
0F
#47975
b101 V
1B
1F
#47980
0B
0F
#47985
b110 V
1B
1F
#47990
0B
0F
#47995
b111 V
1B
1F
#48000
0B
0F
#48005
b1000 V
1B
1F
#48010
0B
0F
#48015
b1001 V
1B
1F
#48020
0B
0F
#48025
b1010 V
1B
1F
#48030
0B
0F
#48035
b1011 V
1B
1F
#48040
0B
0F
#48045
0K
1J
b1100 V
b10 O
1B
1F
1I
1E
#48050
0B
0F
#48055
0N
0J
b0 O
b10 U
b0 V
1B
1F
#48060
0B
0F
#48065
1B
1F
#48070
0B
0F
#48075
1B
1F
#48080
0B
0F
#48085
1B
1F
#48090
0B
0F
#48095
1B
1F
#48100
0B
0F
#48105
1B
1F
#48110
0B
0F
#48115
1B
1F
#48120
0B
0F
#48125
1B
1F
#48130
0B
0F
#48135
1B
1F
#48140
0B
0F
#48145
1B
1F
#48150
0B
0F
#48155
1B
1F
#48160
0B
0F
#48165
1B
1F
#48170
0B
0F
#48175
1B
1F
#48180
0B
0F
#48185
1B
1F
#48190
0B
0F
#48195
1B
1F
#48200
0B
0F
#48205
1B
1F
#48210
0B
0F
#48215
1B
1F
#48220
0B
0F
#48225
1B
1F
#48230
0B
0F
#48235
1B
1F
#48240
0B
0F
#48245
1N
1K
b1 O
1B
1F
0I
0E
b100 h
b10 g
#48250
0B
0F
#48255
b1 V
1B
1F
#48260
0B
0F
#48265
b10 V
1B
1F
#48270
0B
0F
#48275
b11 V
1B
1F
#48280
0B
0F
#48285
0K
1J
b100 V
b10 O
1B
1F
1I
1E
#48290
0B
0F
#48295
0N
0J
b0 O
b10000000 S
b10000000 Z
b10000000 ^
b11 U
b0 V
1B
1F
#48296
b10000000 R
b10000000 \
b10000000 `
#48300
0B
0F
#48305
b10000000 A
b10000000 G
b10000000 P
b10000000 W
1B
1F
#48310
0B
0F
#48315
1B
1F
#48320
0B
0F
#48325
1B
1F
#48330
0B
0F
#48335
1B
1F
#48340
0B
0F
#48345
1B
1F
#48350
0B
0F
#48355
1B
1F
#48360
0B
0F
#48365
1B
1F
#48370
0B
0F
#48375
1B
1F
#48380
0B
0F
#48385
1B
1F
#48390
0B
0F
#48395
1B
1F
#48400
0B
0F
#48405
1B
1F
#48410
0B
0F
#48415
1B
1F
#48420
0B
0F
#48425
1B
1F
#48430
0B
0F
#48435
1B
1F
#48440
0B
0F
#48445
1B
1F
#48450
0B
0F
#48455
1B
1F
#48460
0B
0F
#48465
1B
1F
#48470
0B
0F
#48475
1B
1F
#48480
0B
0F
#48485
1N
1K
b1 O
1B
1F
0I
0E
b101 h
b11 g
#48490
0B
0F
#48495
b1 V
1B
1F
#48500
0B
0F
#48505
b10 V
1B
1F
#48510
0B
0F
#48515
b11 V
1B
1F
#48520
0B
0F
#48525
b100 V
1B
1F
#48530
0B
0F
#48535
0K
1J
b10 O
b101 V
1B
1F
1I
1E
#48540
0B
0F
#48545
0N
0J
b0 V
b100 U
b11000000 S
b11000000 Z
b11000000 ^
b0 O
1B
1F
#48546
b11000000 R
b11000000 \
b11000000 `
#48550
0B
0F
#48555
b11000000 A
b11000000 G
b11000000 P
b11000000 W
1B
1F
#48560
0B
0F
#48565
1B
1F
#48570
0B
0F
#48575
1B
1F
#48580
0B
0F
#48585
1B
1F
#48590
0B
0F
#48595
1B
1F
#48600
0B
0F
#48605
1B
1F
#48610
0B
0F
#48615
1B
1F
#48620
0B
0F
#48625
1B
1F
#48630
0B
0F
#48635
1B
1F
#48640
0B
0F
#48645
1B
1F
#48650
0B
0F
#48655
1B
1F
#48660
0B
0F
#48665
1B
1F
#48670
0B
0F
#48675
1B
1F
#48680
0B
0F
#48685
1B
1F
#48690
0B
0F
#48695
1B
1F
#48700
0B
0F
#48705
1B
1F
#48710
0B
0F
#48715
1B
1F
#48720
0B
0F
#48725
1B
1F
#48730
0B
0F
#48735
1N
1K
b1 O
1B
1F
0I
0E
b110 h
b100 g
#48740
0B
0F
#48745
b1 V
1B
1F
#48750
0B
0F
#48755
b10 V
1B
1F
#48760
0B
0F
#48765
b11 V
1B
1F
#48770
0B
0F
#48775
b100 V
1B
1F
#48780
0B
0F
#48785
b101 V
1B
1F
#48790
0B
0F
#48795
0K
1J
b10 O
b110 V
1B
1F
1I
1E
#48800
0B
0F
#48805
0N
0J
b0 V
b101 U
b11100000 S
b11100000 Z
b11100000 ^
b0 O
1B
1F
#48806
b11100000 R
b11100000 \
b11100000 `
#48810
0B
0F
#48815
b11100000 A
b11100000 G
b11100000 P
b11100000 W
1B
1F
#48820
0B
0F
#48825
1B
1F
#48830
0B
0F
#48835
1B
1F
#48840
0B
0F
#48845
1B
1F
#48850
0B
0F
#48855
1B
1F
#48860
0B
0F
#48865
1B
1F
#48870
0B
0F
#48875
1B
1F
#48880
0B
0F
#48885
1B
1F
#48890
0B
0F
#48895
1B
1F
#48900
0B
0F
#48905
1B
1F
#48910
0B
0F
#48915
1B
1F
#48920
0B
0F
#48925
1B
1F
#48930
0B
0F
#48935
1B
1F
#48940
0B
0F
#48945
1B
1F
#48950
0B
0F
#48955
1B
1F
#48960
0B
0F
#48965
1B
1F
#48970
0B
0F
#48975
1B
1F
#48980
0B
0F
#48985
1B
1F
#48990
0B
0F
#48995
1N
1K
b1 O
1B
1F
0I
0E
b111 h
b101 g
#49000
0B
0F
#49005
b1 V
1B
1F
#49010
0B
0F
#49015
b10 V
1B
1F
#49020
0B
0F
#49025
b11 V
1B
1F
#49030
0B
0F
#49035
b100 V
1B
1F
#49040
0B
0F
#49045
b101 V
1B
1F
#49050
0B
0F
#49055
b110 V
1B
1F
#49060
0B
0F
#49065
0K
1J
b111 V
b10 O
1B
1F
1I
1E
#49070
0B
0F
#49075
0N
0J
b0 O
b11110000 S
b11110000 Z
b11110000 ^
b110 U
b0 V
1B
1F
#49076
b11110000 R
b11110000 \
b11110000 `
#49080
0B
0F
#49085
b11110000 A
b11110000 G
b11110000 P
b11110000 W
1B
1F
#49090
0B
0F
#49095
1B
1F
#49100
0B
0F
#49105
1B
1F
#49110
0B
0F
#49115
1B
1F
#49120
0B
0F
#49125
1B
1F
#49130
0B
0F
#49135
1B
1F
#49140
0B
0F
#49145
1B
1F
#49150
0B
0F
#49155
1B
1F
#49160
0B
0F
#49165
1B
1F
#49170
0B
0F
#49175
1B
1F
#49180
0B
0F
#49185
1B
1F
#49190
0B
0F
#49195
1B
1F
#49200
0B
0F
#49205
1B
1F
#49210
0B
0F
#49215
1B
1F
#49220
0B
0F
#49225
1B
1F
#49230
0B
0F
#49235
1B
1F
#49240
0B
0F
#49245
1B
1F
#49250
0B
0F
#49255
1B
1F
#49260
0B
0F
#49265
1N
1K
b1 O
1B
1F
0I
0E
b1100 h
b110 g
#49270
0B
0F
#49275
b1 V
1B
1F
#49280
0B
0F
#49285
b10 V
1B
1F
#49290
0B
0F
#49295
b11 V
1B
1F
#49300
0B
0F
#49305
b100 V
1B
1F
#49310
0B
0F
#49315
b101 V
1B
1F
#49320
0B
0F
#49325
b110 V
1B
1F
#49330
0B
0F
#49335
b111 V
1B
1F
#49340
0B
0F
#49345
b1000 V
1B
1F
#49350
0B
0F
#49355
b1001 V
1B
1F
#49360
0B
0F
#49365
b1010 V
1B
1F
#49370
0B
0F
#49375
b1011 V
1B
1F
#49380
0B
0F
#49385
0K
1J
b1100 V
b10 O
1B
1F
1I
1E
#49390
0B
0F
#49395
0N
0J
1H
b0 O
b1111000 S
b1111000 Z
b1111000 ^
b111 U
b0 V
1B
1F
#49396
b1111000 R
b1111000 \
b1111000 `
1Q
#49397
0Q
#49400
0B
0F
#49405
b1111000 A
b1111000 G
b1111000 P
b1111000 W
1B
1F
#49410
0B
0F
#49415
1B
1F
#49420
0B
0F
#49425
1B
1F
#49430
0B
0F
#49435
1B
1F
#49440
0B
0F
#49445
1B
1F
#49450
0B
0F
#49455
1B
1F
#49460
0B
0F
#49465
1B
1F
#49470
0B
0F
#49475
1B
1F
#49480
0B
0F
#49485
1B
1F
#49490
0B
0F
#49495
1B
1F
#49500
0B
0F
#49505
1B
1F
#49510
0B
0F
#49515
1B
1F
#49520
0B
0F
#49525
1B
1F
#49530
0B
0F
#49535
1B
1F
#49540
0B
0F
#49545
1B
1F
#49550
0B
0F
#49555
1B
1F
#49560
0B
0F
#49565
1B
1F
#49570
0B
0F
#49575
1B
1F
#49580
0B
0F
#49585
1N
1K
b1 O
1B
1F
0I
0E
b1101 h
b111 g
#49590
0B
0F
#49595
b1 V
1B
1F
#49600
0B
0F
#49605
b10 V
1B
1F
#49610
0B
0F
#49615
b11 V
1B
1F
#49620
0B
0F
#49625
b100 V
1B
1F
#49630
0B
0F
#49635
b101 V
1B
1F
#49640
0B
0F
#49645
b110 V
1B
1F
#49650
0B
0F
#49655
b111 V
1B
1F
#49660
0B
0F
#49665
b1000 V
1B
1F
#49670
0B
0F
#49675
b1001 V
1B
1F
#49680
0B
0F
#49685
b1010 V
1B
1F
#49690
0B
0F
#49695
b1011 V
1B
1F
#49700
0B
0F
#49705
b1100 V
1B
1F
#49710
0B
0F
#49715
0K
1J
b10 O
b1101 V
1B
1F
1I
1E
#49720
0B
0F
#49725
1L
0J
0H
b0 V
b0 U
b111100 S
b111100 Z
b111100 ^
b11 O
1B
1F
#49726
b111100 R
b111100 \
b111100 `
#49730
0B
0F
#49735
0N
1M
0L
b100 O
b111100 T
b111100 [
b111100 _
1B
1F
#49736
b1111000 R
b1111000 \
b1111000 `
#49740
0B
0F
#49745
0M
1?
1Y
b0 S
b0 Z
b0 ^
b0 O
1B
1F
#49746
b111100 R
b111100 \
b111100 `
#49750
0B
0F
#49755
b111100 A
b111100 G
b111100 P
b111100 W
0?
0Y
1B
1F
#49760
0B
0F
#49765
1B
1F
#49770
0B
0F
#49775
1B
1F
#49780
0B
0F
#49785
1B
1F
#49790
0B
0F
#49795
1B
1F
#49800
0B
0F
#49805
1B
1F
#49810
0B
0F
#49815
1B
1F
#49820
0B
0F
#49825
1B
1F
#49830
0B
0F
#49835
1B
1F
#49840
0B
0F
#49845
1B
1F
#49850
0B
0F
#49855
1B
1F
#49860
0B
0F
#49865
1B
1F
#49870
0B
0F
#49875
1B
1F
#49880
0B
0F
#49885
1B
1F
#49890
0B
0F
#49895
1B
1F
#49900
0B
0F
#49905
1B
1F
#49910
0B
0F
#49915
1N
1K
b1 O
1B
1F
0I
0E
b100 h
b11101 i
b10111 j
b0 g
#49920
0B
0F
#49925
b1 V
1B
1F
#49930
0B
0F
#49935
b10 V
1B
1F
#49940
0B
0F
#49945
b11 V
1B
1F
#49950
0B
0F
#49955
0K
1J
b10 O
b100 V
1B
1F
1I
1E
#49960
0B
0F
#49965
0N
0J
b0 V
b1 U
b10000000 S
b10000000 Z
b10000000 ^
b0 O
1B
1F
#49966
b10111100 R
b10111100 \
b10111100 `
#49970
0B
0F
#49975
b10111100 A
b10111100 G
b10111100 P
b10111100 W
1B
1F
#49980
0B
0F
#49985
1B
1F
#49990
0B
0F
#49995
1B
1F
#50000
0B
0F
#50005
1B
1F
#50010
0B
0F
#50015
1B
1F
#50020
0B
0F
#50025
1B
1F
#50030
0B
0F
#50035
1B
1F
#50040
0B
0F
#50045
1B
1F
#50050
0B
0F
#50055
1B
1F
#50060
0B
0F
#50065
1B
1F
#50070
0B
0F
#50075
1B
1F
#50080
0B
0F
#50085
1B
1F
#50090
0B
0F
#50095
1B
1F
#50100
0B
0F
#50105
1B
1F
#50110
0B
0F
#50115
1B
1F
#50120
0B
0F
#50125
1B
1F
#50130
0B
0F
#50135
1B
1F
#50140
0B
0F
#50145
1B
1F
#50150
0B
0F
#50155
1N
1K
b1 O
1B
1F
0I
0E
b1011 h
b1 g
#50160
0B
0F
#50165
b1 V
1B
1F
#50170
0B
0F
#50175
b10 V
1B
1F
#50180
0B
0F
#50185
b11 V
1B
1F
#50190
0B
0F
#50195
b100 V
1B
1F
#50200
0B
0F
#50205
b101 V
1B
1F
#50210
0B
0F
#50215
b110 V
1B
1F
#50220
0B
0F
#50225
b111 V
1B
1F
#50230
0B
0F
#50235
b1000 V
1B
1F
#50240
0B
0F
#50245
b1001 V
1B
1F
#50250
0B
0F
#50255
b1010 V
1B
1F
#50260
0B
0F
#50265
0K
1J
b1011 V
b10 O
1B
1F
1I
1E
#50270
0B
0F
#50275
0N
0J
b0 O
b1000000 S
b1000000 Z
b1000000 ^
b10 U
b0 V
1B
1F
#50276
b1111100 R
b1111100 \
b1111100 `
1Q
#50277
0Q
#50280
0B
0F
#50285
b1111100 A
b1111100 G
b1111100 P
b1111100 W
1B
1F
#50290
0B
0F
#50295
1B
1F
#50300
0B
0F
#50305
1B
1F
#50310
0B
0F
#50315
1B
1F
#50320
0B
0F
#50325
1B
1F
#50330
0B
0F
#50335
1B
1F
#50340
0B
0F
#50345
1B
1F
#50350
0B
0F
#50355
1B
1F
#50360
0B
0F
#50365
1B
1F
#50370
0B
0F
#50375
1B
1F
#50380
0B
0F
#50385
1B
1F
#50390
0B
0F
#50395
1B
1F
#50400
0B
0F
#50405
1B
1F
#50410
0B
0F
#50415
1B
1F
#50420
0B
0F
#50425
1B
1F
#50430
0B
0F
#50435
1B
1F
#50440
0B
0F
#50445
1B
1F
#50450
0B
0F
#50455
1B
1F
#50460
0B
0F
#50465
1N
1K
b1 O
1B
1F
0I
0E
b110 h
b10 g
#50470
0B
0F
#50475
b1 V
1B
1F
#50480
0B
0F
#50485
b10 V
1B
1F
#50490
0B
0F
#50495
b11 V
1B
1F
#50500
0B
0F
#50505
b100 V
1B
1F
#50510
0B
0F
#50515
b101 V
1B
1F
#50520
0B
0F
#50525
0K
1J
b110 V
b10 O
1B
1F
1I
1E
#50530
0B
0F
#50535
0N
0J
b0 O
b10100000 S
b10100000 Z
b10100000 ^
b11 U
b0 V
1B
1F
#50536
b11011100 R
b11011100 \
b11011100 `
#50540
0B
0F
#50545
b11011100 A
b11011100 G
b11011100 P
b11011100 W
1B
1F
#50550
0B
0F
#50555
1B
1F
#50560
0B
0F
#50565
1B
1F
#50570
0B
0F
#50575
1B
1F
#50580
0B
0F
#50585
1B
1F
#50590
0B
0F
#50595
1B
1F
#50600
0B
0F
#50605
1B
1F
#50610
0B
0F
#50615
1B
1F
#50620
0B
0F
#50625
1B
1F
#50630
0B
0F
#50635
1B
1F
#50640
0B
0F
#50645
1B
1F
#50650
0B
0F
#50655
1B
1F
#50660
0B
0F
#50665
1B
1F
#50670
0B
0F
#50675
1B
1F
#50680
0B
0F
#50685
1B
1F
#50690
0B
0F
#50695
1B
1F
#50700
0B
0F
#50705
1B
1F
#50710
0B
0F
#50715
1B
1F
#50720
0B
0F
#50725
1N
1K
b1 O
1B
1F
0I
0E
b111 h
b11 g
#50730
0B
0F
#50735
b1 V
1B
1F
#50740
0B
0F
#50745
b10 V
1B
1F
#50750
0B
0F
#50755
b11 V
1B
1F
#50760
0B
0F
#50765
b100 V
1B
1F
#50770
0B
0F
#50775
b101 V
1B
1F
#50780
0B
0F
#50785
b110 V
1B
1F
#50790
0B
0F
#50795
0K
1J
b10 O
b111 V
1B
1F
1I
1E
#50800
0B
0F
#50805
0N
0J
b0 V
b100 U
b11010000 S
b11010000 Z
b11010000 ^
b0 O
1B
1F
#50806
b1100 R
b1100 \
b1100 `
1a
#50810
0B
0F
#50815
b1100 A
b1100 G
b1100 P
b1100 W
1B
1F
#50820
0B
0F
#50825
1B
1F
#50830
0B
0F
#50835
1B
1F
#50840
0B
0F
#50845
1B
1F
#50850
0B
0F
#50855
1B
1F
#50860
0B
0F
#50865
1B
1F
#50870
0B
0F
#50875
1B
1F
#50880
0B
0F
#50885
1B
1F
#50890
0B
0F
#50895
1B
1F
#50900
0B
0F
#50905
1B
1F
#50910
0B
0F
#50915
1B
1F
#50920
0B
0F
#50925
1B
1F
#50930
0B
0F
#50935
1B
1F
#50940
0B
0F
#50945
1B
1F
#50950
0B
0F
#50955
1B
1F
#50960
0B
0F
#50965
1B
1F
#50970
0B
0F
#50975
1B
1F
#50980
0B
0F
#50985
1B
1F
#50990
0B
0F
#50995
1N
1K
b1 O
1B
1F
0I
0E
b10 h
b100 g
#51000
0B
0F
#51005
b1 V
1B
1F
#51010
0B
0F
#51015
0K
1J
b10 O
b10 V
1B
1F
1I
1E
#51020
0B
0F
#51025
0N
0J
b0 V
b101 U
b11101000 S
b11101000 Z
b11101000 ^
b0 O
1B
1F
#51026
b100100 R
b100100 \
b100100 `
#51030
0B
0F
#51035
b100100 A
b100100 G
b100100 P
b100100 W
1B
1F
#51040
0B
0F
#51045
1B
1F
#51050
0B
0F
#51055
1B
1F
#51060
0B
0F
#51065
1B
1F
#51070
0B
0F
#51075
1B
1F
#51080
0B
0F
#51085
1B
1F
#51090
0B
0F
#51095
1B
1F
#51100
0B
0F
#51105
1B
1F
#51110
0B
0F
#51115
1B
1F
#51120
0B
0F
#51125
1B
1F
#51130
0B
0F
#51135
1B
1F
#51140
0B
0F
#51145
1B
1F
#51150
0B
0F
#51155
1B
1F
#51160
0B
0F
#51165
1B
1F
#51170
0B
0F
#51175
1B
1F
#51180
0B
0F
#51185
1B
1F
#51190
0B
0F
#51195
1B
1F
#51200
0B
0F
#51205
1B
1F
#51210
0B
0F
#51215
1N
1K
b1 O
1B
1F
0I
0E
b1111 h
b101 g
#51220
0B
0F
#51225
b1 V
1B
1F
#51230
0B
0F
#51235
b10 V
1B
1F
#51240
0B
0F
#51245
b11 V
1B
1F
#51250
0B
0F
#51255
b100 V
1B
1F
#51260
0B
0F
#51265
b101 V
1B
1F
#51270
0B
0F
#51275
b110 V
1B
1F
#51280
0B
0F
#51285
b111 V
1B
1F
#51290
0B
0F
#51295
b1000 V
1B
1F
#51300
0B
0F
#51305
b1001 V
1B
1F
#51310
0B
0F
#51315
b1010 V
1B
1F
#51320
0B
0F
#51325
b1011 V
1B
1F
#51330
0B
0F
#51335
b1100 V
1B
1F
#51340
0B
0F
#51345
b1101 V
1B
1F
#51350
0B
0F
#51355
b1110 V
1B
1F
#51360
0B
0F
#51365
0K
1J
b1111 V
b10 O
1B
1F
1I
1E
#51370
0B
0F
#51375
0N
0J
b0 O
b1110100 S
b1110100 Z
b1110100 ^
b110 U
b0 V
1B
1F
#51376
b10110000 R
b10110000 \
b10110000 `
0a
#51377
1Q
#51380
0B
0F
#51385
b10110000 A
b10110000 G
b10110000 P
b10110000 W
1B
1F
#51390
0B
0F
#51395
1B
1F
#51400
0B
0F
#51405
1B
1F
#51410
0B
0F
#51415
1B
1F
#51420
0B
0F
#51425
1B
1F
#51430
0B
0F
#51435
1B
1F
#51440
0B
0F
#51445
1B
1F
#51450
0B
0F
#51455
1B
1F
#51460
0B
0F
#51465
1B
1F
#51470
0B
0F
#51475
1B
1F
#51480
0B
0F
#51485
1B
1F
#51490
0B
0F
#51495
1B
1F
#51500
0B
0F
#51505
1B
1F
#51510
0B
0F
#51515
1B
1F
#51520
0B
0F
#51525
1B
1F
#51530
0B
0F
#51535
1B
1F
#51540
0B
0F
#51545
1B
1F
#51550
0B
0F
#51555
1B
1F
#51560
0B
0F
#51565
1N
1K
b1 O
1B
1F
0I
0E
b1011 h
b110 g
#51570
0B
0F
#51575
b1 V
1B
1F
#51580
0B
0F
#51585
b10 V
1B
1F
#51590
0B
0F
#51595
b11 V
1B
1F
#51600
0B
0F
#51605
b100 V
1B
1F
#51610
0B
0F
#51615
b101 V
1B
1F
#51620
0B
0F
#51625
b110 V
1B
1F
#51630
0B
0F
#51635
b111 V
1B
1F
#51640
0B
0F
#51645
b1000 V
1B
1F
#51650
0B
0F
#51655
b1001 V
1B
1F
#51660
0B
0F
#51665
b1010 V
1B
1F
#51670
0B
0F
#51675
0K
1J
b10 O
b1011 V
1B
1F
1I
1E
#51680
0B
0F
#51685
0N
0J
1H
b0 V
b111 U
b111010 S
b111010 Z
b111010 ^
b0 O
1B
1F
#51686
b1110110 R
b1110110 \
b1110110 `
#51687
0Q
#51690
0B
0F
#51695
b1110110 A
b1110110 G
b1110110 P
b1110110 W
1B
1F
#51700
0B
0F
#51705
1B
1F
#51710
0B
0F
#51715
1B
1F
#51720
0B
0F
#51725
1B
1F
#51730
0B
0F
#51735
1B
1F
#51740
0B
0F
#51745
1B
1F
#51750
0B
0F
#51755
1B
1F
#51760
0B
0F
#51765
1B
1F
#51770
0B
0F
#51775
1B
1F
#51780
0B
0F
#51785
1B
1F
#51790
0B
0F
#51795
1B
1F
#51800
0B
0F
#51805
1B
1F
#51810
0B
0F
#51815
1B
1F
#51820
0B
0F
#51825
1B
1F
#51830
0B
0F
#51835
1B
1F
#51840
0B
0F
#51845
1B
1F
#51850
0B
0F
#51855
1B
1F
#51860
0B
0F
#51865
1B
1F
#51870
0B
0F
#51875
1N
1K
b1 O
1B
1F
0I
0E
b1100 h
b111 g
#51880
0B
0F
#51885
b1 V
1B
1F
#51890
0B
0F
#51895
b10 V
1B
1F
#51900
0B
0F
#51905
b11 V
1B
1F
#51910
0B
0F
#51915
b100 V
1B
1F
#51920
0B
0F
#51925
b101 V
1B
1F
#51930
0B
0F
#51935
b110 V
1B
1F
#51940
0B
0F
#51945
b111 V
1B
1F
#51950
0B
0F
#51955
b1000 V
1B
1F
#51960
0B
0F
#51965
b1001 V
1B
1F
#51970
0B
0F
#51975
b1010 V
1B
1F
#51980
0B
0F
#51985
b1011 V
1B
1F
#51990
0B
0F
#51995
0K
1J
b10 O
b1100 V
1B
1F
1I
1E
#52000
0B
0F
#52005
1L
0J
0H
b0 V
b0 U
b11101 S
b11101 Z
b11101 ^
b11 O
1B
1F
#52006
b1011001 R
b1011001 \
b1011001 `
#52010
0B
0F
#52015
0N
1M
0L
b100 O
b11101 T
b11101 [
b11101 _
1B
1F
#52016
b111010 R
b111010 \
b111010 `
#52020
0B
0F
#52025
0M
1?
1Y
b111010 A
b111010 G
b111010 P
b111010 W
b0 S
b0 Z
b0 ^
b0 O
1B
1F
#52026
b11101 R
b11101 \
b11101 `
#52030
0B
0F
#52035
b11101 A
b11101 G
b11101 P
b11101 W
0?
0Y
1B
1F
#52040
0B
0F
#52045
1B
1F
#52050
0B
0F
#52055
1B
1F
#52060
0B
0F
#52065
1B
1F
#52070
0B
0F
#52075
1B
1F
#52080
0B
0F
#52085
1B
1F
#52090
0B
0F
#52095
1B
1F
#52100
0B
0F
#52105
1B
1F
#52110
0B
0F
#52115
1B
1F
#52120
0B
0F
#52125
1B
1F
#52130
0B
0F
#52135
1B
1F
#52140
0B
0F
#52145
1B
1F
#52150
0B
0F
#52155
1B
1F
#52160
0B
0F
#52165
1B
1F
#52170
0B
0F
#52175
1B
1F
#52180
0B
0F
#52185
1B
1F
#52190
0B
0F
#52195
1N
1K
b1 O
1B
1F
0I
0E
b1111 h
b11111110 i
b11000 j
b0 g
#52200
0B
0F
#52205
b1 V
1B
1F
#52210
0B
0F
#52215
b10 V
1B
1F
#52220
0B
0F
#52225
b11 V
1B
1F
#52230
0B
0F
#52235
b100 V
1B
1F
#52240
0B
0F
#52245
b101 V
1B
1F
#52250
0B
0F
#52255
b110 V
1B
1F
#52260
0B
0F
#52265
b111 V
1B
1F
#52270
0B
0F
#52275
b1000 V
1B
1F
#52280
0B
0F
#52285
b1001 V
1B
1F
#52290
0B
0F
#52295
b1010 V
1B
1F
#52300
0B
0F
#52305
b1011 V
1B
1F
#52310
0B
0F
#52315
b1100 V
1B
1F
#52320
0B
0F
#52325
b1101 V
1B
1F
#52330
0B
0F
#52335
b1110 V
1B
1F
#52340
0B
0F
#52345
0K
1J
b1111 V
b10 O
1B
1F
1I
1E
#52350
0B
0F
#52355
0N
0J
b0 O
b1 U
b0 V
1B
1F
#52360
0B
0F
#52365
1B
1F
#52370
0B
0F
#52375
1B
1F
#52380
0B
0F
#52385
1B
1F
#52390
0B
0F
#52395
1B
1F
#52400
0B
0F
#52405
1B
1F
#52410
0B
0F
#52415
1B
1F
#52420
0B
0F
#52425
1B
1F
#52430
0B
0F
#52435
1B
1F
#52440
0B
0F
#52445
1B
1F
#52450
0B
0F
#52455
1B
1F
#52460
0B
0F
#52465
1B
1F
#52470
0B
0F
#52475
1B
1F
#52480
0B
0F
#52485
1B
1F
#52490
0B
0F
#52495
1B
1F
#52500
0B
0F
#52505
1B
1F
#52510
0B
0F
#52515
1B
1F
#52520
0B
0F
#52525
1B
1F
#52530
0B
0F
#52535
1B
1F
#52540
0B
0F
#52545
1N
1K
b1 O
1B
1F
0I
0E
b101 h
b1 g
#52550
0B
0F
#52555
b1 V
1B
1F
#52560
0B
0F
#52565
b10 V
1B
1F
#52570
0B
0F
#52575
b11 V
1B
1F
#52580
0B
0F
#52585
b100 V
1B
1F
#52590
0B
0F
#52595
0K
1J
b10 O
b101 V
1B
1F
1I
1E
#52600
0B
0F
#52605
0N
0J
b0 V
b10 U
b10000000 S
b10000000 Z
b10000000 ^
b0 O
1B
1F
#52606
b10011101 R
b10011101 \
b10011101 `
#52610
0B
0F
#52615
b10011101 A
b10011101 G
b10011101 P
b10011101 W
1B
1F
#52620
0B
0F
#52625
1B
1F
#52630
0B
0F
#52635
1B
1F
#52640
0B
0F
#52645
1B
1F
#52650
0B
0F
#52655
1B
1F
#52660
0B
0F
#52665
1B
1F
#52670
0B
0F
#52675
1B
1F
#52680
0B
0F
#52685
1B
1F
#52690
0B
0F
#52695
1B
1F
#52700
0B
0F
#52705
1B
1F
#52710
0B
0F
#52715
1B
1F
#52720
0B
0F
#52725
1B
1F
#52730
0B
0F
#52735
1B
1F
#52740
0B
0F
#52745
1B
1F
#52750
0B
0F
#52755
1B
1F
#52760
0B
0F
#52765
1B
1F
#52770
0B
0F
#52775
1B
1F
#52780
0B
0F
#52785
1B
1F
#52790
0B
0F
#52795
1N
1K
b1 O
1B
1F
0I
0E
b110 h
b10 g
#52800
0B
0F
#52805
b1 V
1B
1F
#52810
0B
0F
#52815
b10 V
1B
1F
#52820
0B
0F
#52825
b11 V
1B
1F
#52830
0B
0F
#52835
b100 V
1B
1F
#52840
0B
0F
#52845
b101 V
1B
1F
#52850
0B
0F
#52855
0K
1J
b10 O
b110 V
1B
1F
1I
1E
#52860
0B
0F
#52865
0N
0J
b0 V
b11 U
b11000000 S
b11000000 Z
b11000000 ^
b0 O
1B
1F
#52866
b11011101 R
b11011101 \
b11011101 `
#52870
0B
0F
#52875
b11011101 A
b11011101 G
b11011101 P
b11011101 W
1B
1F
#52880
0B
0F
#52885
1B
1F
#52890
0B
0F
#52895
1B
1F
#52900
0B
0F
#52905
1B
1F
#52910
0B
0F
#52915
1B
1F
#52920
0B
0F
#52925
1B
1F
#52930
0B
0F
#52935
1B
1F
#52940
0B
0F
#52945
1B
1F
#52950
0B
0F
#52955
1B
1F
#52960
0B
0F
#52965
1B
1F
#52970
0B
0F
#52975
1B
1F
#52980
0B
0F
#52985
1B
1F
#52990
0B
0F
#52995
1B
1F
#53000
0B
0F
#53005
1B
1F
#53010
0B
0F
#53015
1B
1F
#53020
0B
0F
#53025
1B
1F
#53030
0B
0F
#53035
1B
1F
#53040
0B
0F
#53045
1B
1F
#53050
0B
0F
#53055
1N
1K
b1 O
1B
1F
0I
0E
b111 h
b11 g
#53060
0B
0F
#53065
b1 V
1B
1F
#53070
0B
0F
#53075
b10 V
1B
1F
#53080
0B
0F
#53085
b11 V
1B
1F
#53090
0B
0F
#53095
b100 V
1B
1F
#53100
0B
0F
#53105
b101 V
1B
1F
#53110
0B
0F
#53115
b110 V
1B
1F
#53120
0B
0F
#53125
0K
1J
b111 V
b10 O
1B
1F
1I
1E
#53130
0B
0F
#53135
0N
0J
b0 O
b11100000 S
b11100000 Z
b11100000 ^
b100 U
b0 V
1B
1F
#53136
b11111101 R
b11111101 \
b11111101 `
#53140
0B
0F
#53145
b11111101 A
b11111101 G
b11111101 P
b11111101 W
1B
1F
#53150
0B
0F
#53155
1B
1F
#53160
0B
0F
#53165
1B
1F
#53170
0B
0F
#53175
1B
1F
#53180
0B
0F
#53185
1B
1F
#53190
0B
0F
#53195
1B
1F
#53200
0B
0F
#53205
1B
1F
#53210
0B
0F
#53215
1B
1F
#53220
0B
0F
#53225
1B
1F
#53230
0B
0F
#53235
1B
1F
#53240
0B
0F
#53245
1B
1F
#53250
0B
0F
#53255
1B
1F
#53260
0B
0F
#53265
1B
1F
#53270
0B
0F
#53275
1B
1F
#53280
0B
0F
#53285
1B
1F
#53290
0B
0F
#53295
1B
1F
#53300
0B
0F
#53305
1B
1F
#53310
0B
0F
#53315
1B
1F
#53320
0B
0F
#53325
1N
1K
b1 O
1B
1F
0I
0E
b10 h
b100 g
#53330
0B
0F
#53335
b1 V
1B
1F
#53340
0B
0F
#53345
0K
1J
b10 V
b10 O
1B
1F
1I
1E
#53350
0B
0F
#53355
0N
0J
b0 O
b11110000 S
b11110000 Z
b11110000 ^
b101 U
b0 V
1B
1F
#53356
b1101 R
b1101 \
b1101 `
1a
#53360
0B
0F
#53365
b1101 A
b1101 G
b1101 P
b1101 W
1B
1F
#53370
0B
0F
#53375
1B
1F
#53380
0B
0F
#53385
1B
1F
#53390
0B
0F
#53395
1B
1F
#53400
0B
0F
#53405
1B
1F
#53410
0B
0F
#53415
1B
1F
#53420
0B
0F
#53425
1B
1F
#53430
0B
0F
#53435
1B
1F
#53440
0B
0F
#53445
1B
1F
#53450
0B
0F
#53455
1B
1F
#53460
0B
0F
#53465
1B
1F
#53470
0B
0F
#53475
1B
1F
#53480
0B
0F
#53485
1B
1F
#53490
0B
0F
#53495
1B
1F
#53500
0B
0F
#53505
1B
1F
#53510
0B
0F
#53515
1B
1F
#53520
0B
0F
#53525
1B
1F
#53530
0B
0F
#53535
1B
1F
#53540
0B
0F
#53545
1N
1K
b1 O
1B
1F
0I
0E
b11 h
b101 g
#53550
0B
0F
#53555
b1 V
1B
1F
#53560
0B
0F
#53565
b10 V
1B
1F
#53570
0B
0F
#53575
0K
1J
b10 O
b11 V
1B
1F
1I
1E
#53580
0B
0F
#53585
0N
0J
b0 V
b110 U
b11111000 S
b11111000 Z
b11111000 ^
b0 O
1B
1F
#53586
b10101 R
b10101 \
b10101 `
#53590
0B
0F
#53595
b10101 A
b10101 G
b10101 P
b10101 W
1B
1F
#53600
0B
0F
#53605
1B
1F
#53610
0B
0F
#53615
1B
1F
#53620
0B
0F
#53625
1B
1F
#53630
0B
0F
#53635
1B
1F
#53640
0B
0F
#53645
1B
1F
#53650
0B
0F
#53655
1B
1F
#53660
0B
0F
#53665
1B
1F
#53670
0B
0F
#53675
1B
1F
#53680
0B
0F
#53685
1B
1F
#53690
0B
0F
#53695
1B
1F
#53700
0B
0F
#53705
1B
1F
#53710
0B
0F
#53715
1B
1F
#53720
0B
0F
#53725
1B
1F
#53730
0B
0F
#53735
1B
1F
#53740
0B
0F
#53745
1B
1F
#53750
0B
0F
#53755
1B
1F
#53760
0B
0F
#53765
1B
1F
#53770
0B
0F
#53775
1N
1K
b1 O
1B
1F
0I
0E
b100 h
b110 g
#53780
0B
0F
#53785
b1 V
1B
1F
#53790
0B
0F
#53795
b10 V
1B
1F
#53800
0B
0F
#53805
b11 V
1B
1F
#53810
0B
0F
#53815
0K
1J
b10 O
b100 V
1B
1F
1I
1E
#53820
0B
0F
#53825
0N
0J
1H
b0 V
b111 U
b11111100 S
b11111100 Z
b11111100 ^
b0 O
1B
1F
#53826
b11001 R
b11001 \
b11001 `
#53830
0B
0F
#53835
b11001 A
b11001 G
b11001 P
b11001 W
1B
1F
#53840
0B
0F
#53845
1B
1F
#53850
0B
0F
#53855
1B
1F
#53860
0B
0F
#53865
1B
1F
#53870
0B
0F
#53875
1B
1F
#53880
0B
0F
#53885
1B
1F
#53890
0B
0F
#53895
1B
1F
#53900
0B
0F
#53905
1B
1F
#53910
0B
0F
#53915
1B
1F
#53920
0B
0F
#53925
1B
1F
#53930
0B
0F
#53935
1B
1F
#53940
0B
0F
#53945
1B
1F
#53950
0B
0F
#53955
1B
1F
#53960
0B
0F
#53965
1B
1F
#53970
0B
0F
#53975
1B
1F
#53980
0B
0F
#53985
1B
1F
#53990
0B
0F
#53995
1B
1F
#54000
0B
0F
#54005
1B
1F
#54010
0B
0F
#54015
1N
1K
b1 O
1B
1F
0I
0E
b101 h
b111 g
#54020
0B
0F
#54025
b1 V
1B
1F
#54030
0B
0F
#54035
b10 V
1B
1F
#54040
0B
0F
#54045
b11 V
1B
1F
#54050
0B
0F
#54055
b100 V
1B
1F
#54060
0B
0F
#54065
0K
1J
b101 V
b10 O
1B
1F
1I
1E
#54070
0B
0F
#54075
1L
0J
0H
b11 O
b11111110 S
b11111110 Z
b11111110 ^
b0 U
b0 V
1B
1F
#54076
b11011 R
b11011 \
b11011 `
#54080
0B
0F
#54085
0N
1M
0L
b11111110 T
b11111110 [
b11111110 _
b100 O
1B
1F
#54086
b11111100 R
b11111100 \
b11111100 `
1Q
#54087
0Q
#54090
0B
0F
#54095
0M
b0 O
b0 S
b0 Z
b0 ^
b11111100 A
b11111100 G
b11111100 P
b11111100 W
1?
1Y
1B
1F
#54096
b11111110 R
b11111110 \
b11111110 `
0a
#54100
0B
0F
#54105
0?
0Y
b11111110 A
b11111110 G
b11111110 P
b11111110 W
1B
1F
#54110
0B
0F
#54115
1B
1F
#54120
0B
0F
#54125
1B
1F
#54130
0B
0F
#54135
1B
1F
#54140
0B
0F
#54145
1B
1F
#54150
0B
0F
#54155
1B
1F
#54160
0B
0F
#54165
1B
1F
#54170
0B
0F
#54175
1B
1F
#54180
0B
0F
#54185
1B
1F
#54190
0B
0F
#54195
1B
1F
#54200
0B
0F
#54205
1B
1F
#54210
0B
0F
#54215
1B
1F
#54220
0B
0F
#54225
1B
1F
#54230
0B
0F
#54235
1B
1F
#54240
0B
0F
#54245
1B
1F
#54250
0B
0F
#54255
1B
1F
#54260
0B
0F
#54265
1N
1K
b1 O
1B
1F
0I
0E
b110 h
b11011111 i
b11001 j
b0 g
#54270
0B
0F
#54275
b1 V
1B
1F
#54280
0B
0F
#54285
b10 V
1B
1F
#54290
0B
0F
#54295
b11 V
1B
1F
#54300
0B
0F
#54305
b100 V
1B
1F
#54310
0B
0F
#54315
b101 V
1B
1F
#54320
0B
0F
#54325
0K
1J
b110 V
b10 O
1B
1F
1I
1E
#54330
0B
0F
#54335
0N
0J
b0 O
b10000000 S
b10000000 Z
b10000000 ^
b1 U
b0 V
1B
1F
#54336
b1111110 R
b1111110 \
b1111110 `
1a
#54337
1Q
#54340
0B
0F
#54345
b1111110 A
b1111110 G
b1111110 P
b1111110 W
1B
1F
#54350
0B
0F
#54355
1B
1F
#54360
0B
0F
#54365
1B
1F
#54370
0B
0F
#54375
1B
1F
#54380
0B
0F
#54385
1B
1F
#54390
0B
0F
#54395
1B
1F
#54400
0B
0F
#54405
1B
1F
#54410
0B
0F
#54415
1B
1F
#54420
0B
0F
#54425
1B
1F
#54430
0B
0F
#54435
1B
1F
#54440
0B
0F
#54445
1B
1F
#54450
0B
0F
#54455
1B
1F
#54460
0B
0F
#54465
1B
1F
#54470
0B
0F
#54475
1B
1F
#54480
0B
0F
#54485
1B
1F
#54490
0B
0F
#54495
1B
1F
#54500
0B
0F
#54505
1B
1F
#54510
0B
0F
#54515
1B
1F
#54520
0B
0F
#54525
1N
1K
b1 O
1B
1F
0I
0E
b111 h
b1 g
#54530
0B
0F
#54535
b1 V
1B
1F
#54540
0B
0F
#54545
b10 V
1B
1F
#54550
0B
0F
#54555
b11 V
1B
1F
#54560
0B
0F
#54565
b100 V
1B
1F
#54570
0B
0F
#54575
b101 V
1B
1F
#54580
0B
0F
#54585
b110 V
1B
1F
#54590
0B
0F
#54595
0K
1J
b10 O
b111 V
1B
1F
1I
1E
#54600
0B
0F
#54605
0N
0J
b0 V
b10 U
b11000000 S
b11000000 Z
b11000000 ^
b0 O
1B
1F
#54606
b10111110 R
b10111110 \
b10111110 `
#54607
0Q
#54610
0B
0F
#54615
b10111110 A
b10111110 G
b10111110 P
b10111110 W
1B
1F
#54620
0B
0F
#54625
1B
1F
#54630
0B
0F
#54635
1B
1F
#54640
0B
0F
#54645
1B
1F
#54650
0B
0F
#54655
1B
1F
#54660
0B
0F
#54665
1B
1F
#54670
0B
0F
#54675
1B
1F
#54680
0B
0F
#54685
1B
1F
#54690
0B
0F
#54695
1B
1F
#54700
0B
0F
#54705
1B
1F
#54710
0B
0F
#54715
1B
1F
#54720
0B
0F
#54725
1B
1F
#54730
0B
0F
#54735
1B
1F
#54740
0B
0F
#54745
1B
1F
#54750
0B
0F
#54755
1B
1F
#54760
0B
0F
#54765
1B
1F
#54770
0B
0F
#54775
1B
1F
#54780
0B
0F
#54785
1B
1F
#54790
0B
0F
#54795
1N
1K
b1 O
1B
1F
0I
0E
b10 h
b10 g
#54800
0B
0F
#54805
b1 V
1B
1F
#54810
0B
0F
#54815
0K
1J
b10 O
b10 V
1B
1F
1I
1E
#54820
0B
0F
#54825
0N
0J
b0 V
b11 U
b11100000 S
b11100000 Z
b11100000 ^
b0 O
1B
1F
#54826
b11011110 R
b11011110 \
b11011110 `
#54830
0B
0F
#54835
b11011110 A
b11011110 G
b11011110 P
b11011110 W
1B
1F
#54840
0B
0F
#54845
1B
1F
#54850
0B
0F
#54855
1B
1F
#54860
0B
0F
#54865
1B
1F
#54870
0B
0F
#54875
1B
1F
#54880
0B
0F
#54885
1B
1F
#54890
0B
0F
#54895
1B
1F
#54900
0B
0F
#54905
1B
1F
#54910
0B
0F
#54915
1B
1F
#54920
0B
0F
#54925
1B
1F
#54930
0B
0F
#54935
1B
1F
#54940
0B
0F
#54945
1B
1F
#54950
0B
0F
#54955
1B
1F
#54960
0B
0F
#54965
1B
1F
#54970
0B
0F
#54975
1B
1F
#54980
0B
0F
#54985
1B
1F
#54990
0B
0F
#54995
1B
1F
#55000
0B
0F
#55005
1B
1F
#55010
0B
0F
#55015
1N
1K
b1 O
1B
1F
0I
0E
b11 h
b11 g
#55020
0B
0F
#55025
b1 V
1B
1F
#55030
0B
0F
#55035
b10 V
1B
1F
#55040
0B
0F
#55045
0K
1J
b11 V
b10 O
1B
1F
1I
1E
#55050
0B
0F
#55055
0N
0J
b0 O
b11110000 S
b11110000 Z
b11110000 ^
b100 U
b0 V
1B
1F
#55056
b11101110 R
b11101110 \
b11101110 `
#55060
0B
0F
#55065
b11101110 A
b11101110 G
b11101110 P
b11101110 W
1B
1F
#55070
0B
0F
#55075
1B
1F
#55080
0B
0F
#55085
1B
1F
#55090
0B
0F
#55095
1B
1F
#55100
0B
0F
#55105
1B
1F
#55110
0B
0F
#55115
1B
1F
#55120
0B
0F
#55125
1B
1F
#55130
0B
0F
#55135
1B
1F
#55140
0B
0F
#55145
1B
1F
#55150
0B
0F
#55155
1B
1F
#55160
0B
0F
#55165
1B
1F
#55170
0B
0F
#55175
1B
1F
#55180
0B
0F
#55185
1B
1F
#55190
0B
0F
#55195
1B
1F
#55200
0B
0F
#55205
1B
1F
#55210
0B
0F
#55215
1B
1F
#55220
0B
0F
#55225
1B
1F
#55230
0B
0F
#55235
1B
1F
#55240
0B
0F
#55245
1N
1K
b1 O
1B
1F
0I
0E
b100 h
b100 g
#55250
0B
0F
#55255
b1 V
1B
1F
#55260
0B
0F
#55265
b10 V
1B
1F
#55270
0B
0F
#55275
b11 V
1B
1F
#55280
0B
0F
#55285
0K
1J
b100 V
b10 O
1B
1F
1I
1E
#55290
0B
0F
#55295
0N
0J
b0 O
b11111000 S
b11111000 Z
b11111000 ^
b101 U
b0 V
1B
1F
#55296
b11110110 R
b11110110 \
b11110110 `
#55300
0B
0F
#55305
b11110110 A
b11110110 G
b11110110 P
b11110110 W
1B
1F
#55310
0B
0F
#55315
1B
1F
#55320
0B
0F
#55325
1B
1F
#55330
0B
0F
#55335
1B
1F
#55340
0B
0F
#55345
1B
1F
#55350
0B
0F
#55355
1B
1F
#55360
0B
0F
#55365
1B
1F
#55370
0B
0F
#55375
1B
1F
#55380
0B
0F
#55385
1B
1F
#55390
0B
0F
#55395
1B
1F
#55400
0B
0F
#55405
1B
1F
#55410
0B
0F
#55415
1B
1F
#55420
0B
0F
#55425
1B
1F
#55430
0B
0F
#55435
1B
1F
#55440
0B
0F
#55445
1B
1F
#55450
0B
0F
#55455
1B
1F
#55460
0B
0F
#55465
1B
1F
#55470
0B
0F
#55475
1B
1F
#55480
0B
0F
#55485
1N
1K
b1 O
1B
1F
0I
0E
b1110 h
b101 g
#55490
0B
0F
#55495
b1 V
1B
1F
#55500
0B
0F
#55505
b10 V
1B
1F
#55510
0B
0F
#55515
b11 V
1B
1F
#55520
0B
0F
#55525
b100 V
1B
1F
#55530
0B
0F
#55535
b101 V
1B
1F
#55540
0B
0F
#55545
b110 V
1B
1F
#55550
0B
0F
#55555
b111 V
1B
1F
#55560
0B
0F
#55565
b1000 V
1B
1F
#55570
0B
0F
#55575
b1001 V
1B
1F
#55580
0B
0F
#55585
b1010 V
1B
1F
#55590
0B
0F
#55595
b1011 V
1B
1F
#55600
0B
0F
#55605
b1100 V
1B
1F
#55610
0B
0F
#55615
b1101 V
1B
1F
#55620
0B
0F
#55625
0K
1J
b1110 V
b10 O
1B
1F
1I
1E
#55630
0B
0F
#55635
0N
0J
b0 O
b1111100 S
b1111100 Z
b1111100 ^
b110 U
b0 V
1B
1F
#55636
b1111010 R
b1111010 \
b1111010 `
#55640
0B
0F
#55645
b1111010 A
b1111010 G
b1111010 P
b1111010 W
1B
1F
#55650
0B
0F
#55655
1B
1F
#55660
0B
0F
#55665
1B
1F
#55670
0B
0F
#55675
1B
1F
#55680
0B
0F
#55685
1B
1F
#55690
0B
0F
#55695
1B
1F
#55700
0B
0F
#55705
1B
1F
#55710
0B
0F
#55715
1B
1F
#55720
0B
0F
#55725
1B
1F
#55730
0B
0F
#55735
1B
1F
#55740
0B
0F
#55745
1B
1F
#55750
0B
0F
#55755
1B
1F
#55760
0B
0F
#55765
1B
1F
#55770
0B
0F
#55775
1B
1F
#55780
0B
0F
#55785
1B
1F
#55790
0B
0F
#55795
1B
1F
#55800
0B
0F
#55805
1B
1F
#55810
0B
0F
#55815
1B
1F
#55820
0B
0F
#55825
1N
1K
b1 O
1B
1F
0I
0E
b110 h
b110 g
#55830
0B
0F
#55835
b1 V
1B
1F
#55840
0B
0F
#55845
b10 V
1B
1F
#55850
0B
0F
#55855
b11 V
1B
1F
#55860
0B
0F
#55865
b100 V
1B
1F
#55870
0B
0F
#55875
b101 V
1B
1F
#55880
0B
0F
#55885
0K
1J
b110 V
b10 O
1B
1F
1I
1E
#55890
0B
0F
#55895
0N
0J
1H
b0 O
b10111110 S
b10111110 Z
b10111110 ^
b111 U
b0 V
1B
1F
#55896
b10111100 R
b10111100 \
b10111100 `
1Q
#55897
0Q
#55900
0B
0F
#55905
b10111100 A
b10111100 G
b10111100 P
b10111100 W
1B
1F
#55910
0B
0F
#55915
1B
1F
#55920
0B
0F
#55925
1B
1F
#55930
0B
0F
#55935
1B
1F
#55940
0B
0F
#55945
1B
1F
#55950
0B
0F
#55955
1B
1F
#55960
0B
0F
#55965
1B
1F
#55970
0B
0F
#55975
1B
1F
#55980
0B
0F
#55985
1B
1F
#55990
0B
0F
#55995
1B
1F
#56000
0B
0F
#56005
1B
1F
#56010
0B
0F
#56015
1B
1F
#56020
0B
0F
#56025
1B
1F
#56030
0B
0F
#56035
1B
1F
#56040
0B
0F
#56045
1B
1F
#56050
0B
0F
#56055
1B
1F
#56060
0B
0F
#56065
1B
1F
#56070
0B
0F
#56075
1B
1F
#56080
0B
0F
#56085
1N
1K
b1 O
1B
1F
0I
0E
b111 h
b111 g
#56090
0B
0F
#56095
b1 V
1B
1F
#56100
0B
0F
#56105
b10 V
1B
1F
#56110
0B
0F
#56115
b11 V
1B
1F
#56120
0B
0F
#56125
b100 V
1B
1F
#56130
0B
0F
#56135
b101 V
1B
1F
#56140
0B
0F
#56145
b110 V
1B
1F
#56150
0B
0F
#56155
0K
1J
b10 O
b111 V
1B
1F
1I
1E
#56160
0B
0F
#56165
1L
0J
0H
b0 V
b0 U
b11011111 S
b11011111 Z
b11011111 ^
b11 O
1B
1F
#56166
b11011101 R
b11011101 \
b11011101 `
#56170
0B
0F
#56175
0N
1M
0L
b100 O
b11011111 T
b11011111 [
b11011111 _
1B
1F
#56176
b10111110 R
b10111110 \
b10111110 `
#56180
0B
0F
#56185
0M
1?
1Y
b10111110 A
b10111110 G
b10111110 P
b10111110 W
b0 S
b0 Z
b0 ^
b0 O
1B
1F
#56186
b11011111 R
b11011111 \
b11011111 `
0a
#56190
0B
0F
#56195
b11011111 A
b11011111 G
b11011111 P
b11011111 W
0?
0Y
1B
1F
#56200
0B
0F
#56205
1B
1F
#56210
0B
0F
#56215
1B
1F
#56220
0B
0F
#56225
1B
1F
#56230
0B
0F
#56235
1B
1F
#56240
0B
0F
#56245
1B
1F
#56250
0B
0F
#56255
1B
1F
#56260
0B
0F
#56265
1B
1F
#56270
0B
0F
#56275
1B
1F
#56280
0B
0F
#56285
1B
1F
#56290
0B
0F
#56295
1B
1F
#56300
0B
0F
#56305
1B
1F
#56310
0B
0F
#56315
1B
1F
#56320
0B
0F
#56325
1B
1F
#56330
0B
0F
#56335
1B
1F
#56340
0B
0F
#56345
1B
1F
#56350
0B
0F
#56355
1N
1K
b1 O
1B
1F
0I
0E
b1101 h
b11000000 i
b11010 j
b0 g
#56360
0B
0F
#56365
b1 V
1B
1F
#56370
0B
0F
#56375
b10 V
1B
1F
#56380
0B
0F
#56385
b11 V
1B
1F
#56390
0B
0F
#56395
b100 V
1B
1F
#56400
0B
0F
#56405
b101 V
1B
1F
#56410
0B
0F
#56415
b110 V
1B
1F
#56420
0B
0F
#56425
b111 V
1B
1F
#56430
0B
0F
#56435
b1000 V
1B
1F
#56440
0B
0F
#56445
b1001 V
1B
1F
#56450
0B
0F
#56455
b1010 V
1B
1F
#56460
0B
0F
#56465
b1011 V
1B
1F
#56470
0B
0F
#56475
b1100 V
1B
1F
#56480
0B
0F
#56485
0K
1J
b1101 V
b10 O
1B
1F
1I
1E
#56490
0B
0F
#56495
0N
0J
b0 O
b1 U
b0 V
1B
1F
#56500
0B
0F
#56505
1B
1F
#56510
0B
0F
#56515
1B
1F
#56520
0B
0F
#56525
1B
1F
#56530
0B
0F
#56535
1B
1F
#56540
0B
0F
#56545
1B
1F
#56550
0B
0F
#56555
1B
1F
#56560
0B
0F
#56565
1B
1F
#56570
0B
0F
#56575
1B
1F
#56580
0B
0F
#56585
1B
1F
#56590
0B
0F
#56595
1B
1F
#56600
0B
0F
#56605
1B
1F
#56610
0B
0F
#56615
1B
1F
#56620
0B
0F
#56625
1B
1F
#56630
0B
0F
#56635
1B
1F
#56640
0B
0F
#56645
1B
1F
#56650
0B
0F
#56655
1B
1F
#56660
0B
0F
#56665
1B
1F
#56670
0B
0F
#56675
1B
1F
#56680
0B
0F
#56685
1N
1K
b1 O
1B
1F
0I
0E
b1110 h
b1 g
#56690
0B
0F
#56695
b1 V
1B
1F
#56700
0B
0F
#56705
b10 V
1B
1F
#56710
0B
0F
#56715
b11 V
1B
1F
#56720
0B
0F
#56725
b100 V
1B
1F
#56730
0B
0F
#56735
b101 V
1B
1F
#56740
0B
0F
#56745
b110 V
1B
1F
#56750
0B
0F
#56755
b111 V
1B
1F
#56760
0B
0F
#56765
b1000 V
1B
1F
#56770
0B
0F
#56775
b1001 V
1B
1F
#56780
0B
0F
#56785
b1010 V
1B
1F
#56790
0B
0F
#56795
b1011 V
1B
1F
#56800
0B
0F
#56805
b1100 V
1B
1F
#56810
0B
0F
#56815
b1101 V
1B
1F
#56820
0B
0F
#56825
0K
1J
b1110 V
b10 O
1B
1F
1I
1E
#56830
0B
0F
#56835
0N
0J
b0 O
b10 U
b0 V
1B
1F
#56840
0B
0F
#56845
1B
1F
#56850
0B
0F
#56855
1B
1F
#56860
0B
0F
#56865
1B
1F
#56870
0B
0F
#56875
1B
1F
#56880
0B
0F
#56885
1B
1F
#56890
0B
0F
#56895
1B
1F
#56900
0B
0F
#56905
1B
1F
#56910
0B
0F
#56915
1B
1F
#56920
0B
0F
#56925
1B
1F
#56930
0B
0F
#56935
1B
1F
#56940
0B
0F
#56945
1B
1F
#56950
0B
0F
#56955
1B
1F
#56960
0B
0F
#56965
1B
1F
#56970
0B
0F
#56975
1B
1F
#56980
0B
0F
#56985
1B
1F
#56990
0B
0F
#56995
1B
1F
#57000
0B
0F
#57005
1B
1F
#57010
0B
0F
#57015
1B
1F
#57020
0B
0F
#57025
1N
1K
b1 O
1B
1F
0I
0E
b1111 h
b10 g
#57030
0B
0F
#57035
b1 V
1B
1F
#57040
0B
0F
#57045
b10 V
1B
1F
#57050
0B
0F
#57055
b11 V
1B
1F
#57060
0B
0F
#57065
b100 V
1B
1F
#57070
0B
0F
#57075
b101 V
1B
1F
#57080
0B
0F
#57085
b110 V
1B
1F
#57090
0B
0F
#57095
b111 V
1B
1F
#57100
0B
0F
#57105
b1000 V
1B
1F
#57110
0B
0F
#57115
b1001 V
1B
1F
#57120
0B
0F
#57125
b1010 V
1B
1F
#57130
0B
0F
#57135
b1011 V
1B
1F
#57140
0B
0F
#57145
b1100 V
1B
1F
#57150
0B
0F
#57155
b1101 V
1B
1F
#57160
0B
0F
#57165
b1110 V
1B
1F
#57170
0B
0F
#57175
0K
1J
b10 O
b1111 V
1B
1F
1I
1E
#57180
0B
0F
#57185
0N
0J
b0 V
b11 U
b0 O
1B
1F
#57190
0B
0F
#57195
1B
1F
#57200
0B
0F
#57205
1B
1F
#57210
0B
0F
#57215
1B
1F
#57220
0B
0F
#57225
1B
1F
#57230
0B
0F
#57235
1B
1F
#57240
0B
0F
#57245
1B
1F
#57250
0B
0F
#57255
1B
1F
#57260
0B
0F
#57265
1B
1F
#57270
0B
0F
#57275
1B
1F
#57280
0B
0F
#57285
1B
1F
#57290
0B
0F
#57295
1B
1F
#57300
0B
0F
#57305
1B
1F
#57310
0B
0F
#57315
1B
1F
#57320
0B
0F
#57325
1B
1F
#57330
0B
0F
#57335
1B
1F
#57340
0B
0F
#57345
1B
1F
#57350
0B
0F
#57355
1B
1F
#57360
0B
0F
#57365
1B
1F
#57370
0B
0F
#57375
1N
1K
b1 O
1B
1F
0I
0E
b1011 h
b11 g
#57380
0B
0F
#57385
b1 V
1B
1F
#57390
0B
0F
#57395
b10 V
1B
1F
#57400
0B
0F
#57405
b11 V
1B
1F
#57410
0B
0F
#57415
b100 V
1B
1F
#57420
0B
0F
#57425
b101 V
1B
1F
#57430
0B
0F
#57435
b110 V
1B
1F
#57440
0B
0F
#57445
b111 V
1B
1F
#57450
0B
0F
#57455
b1000 V
1B
1F
#57460
0B
0F
#57465
b1001 V
1B
1F
#57470
0B
0F
#57475
b1010 V
1B
1F
#57480
0B
0F
#57485
0K
1J
b1011 V
b10 O
1B
1F
1I
1E
#57490
0B
0F
#57495
0N
0J
b0 O
b100 U
b0 V
1B
1F
#57500
0B
0F
#57505
1B
1F
#57510
0B
0F
#57515
1B
1F
#57520
0B
0F
#57525
1B
1F
#57530
0B
0F
#57535
1B
1F
#57540
0B
0F
#57545
1B
1F
#57550
0B
0F
#57555
1B
1F
#57560
0B
0F
#57565
1B
1F
#57570
0B
0F
#57575
1B
1F
#57580
0B
0F
#57585
1B
1F
#57590
0B
0F
#57595
1B
1F
#57600
0B
0F
#57605
1B
1F
#57610
0B
0F
#57615
1B
1F
#57620
0B
0F
#57625
1B
1F
#57630
0B
0F
#57635
1B
1F
#57640
0B
0F
#57645
1B
1F
#57650
0B
0F
#57655
1B
1F
#57660
0B
0F
#57665
1B
1F
#57670
0B
0F
#57675
1B
1F
#57680
0B
0F
#57685
1N
1K
b1 O
1B
1F
0I
0E
b1100 h
b100 g
#57690
0B
0F
#57695
b1 V
1B
1F
#57700
0B
0F
#57705
b10 V
1B
1F
#57710
0B
0F
#57715
b11 V
1B
1F
#57720
0B
0F
#57725
b100 V
1B
1F
#57730
0B
0F
#57735
b101 V
1B
1F
#57740
0B
0F
#57745
b110 V
1B
1F
#57750
0B
0F
#57755
b111 V
1B
1F
#57760
0B
0F
#57765
b1000 V
1B
1F
#57770
0B
0F
#57775
b1001 V
1B
1F
#57780
0B
0F
#57785
b1010 V
1B
1F
#57790
0B
0F
#57795
b1011 V
1B
1F
#57800
0B
0F
#57805
0K
1J
b1100 V
b10 O
1B
1F
1I
1E
#57810
0B
0F
#57815
0N
0J
b0 O
b101 U
b0 V
1B
1F
#57820
0B
0F
#57825
1B
1F
#57830
0B
0F
#57835
1B
1F
#57840
0B
0F
#57845
1B
1F
#57850
0B
0F
#57855
1B
1F
#57860
0B
0F
#57865
1B
1F
#57870
0B
0F
#57875
1B
1F
#57880
0B
0F
#57885
1B
1F
#57890
0B
0F
#57895
1B
1F
#57900
0B
0F
#57905
1B
1F
#57910
0B
0F
#57915
1B
1F
#57920
0B
0F
#57925
1B
1F
#57930
0B
0F
#57935
1B
1F
#57940
0B
0F
#57945
1B
1F
#57950
0B
0F
#57955
1B
1F
#57960
0B
0F
#57965
1B
1F
#57970
0B
0F
#57975
1B
1F
#57980
0B
0F
#57985
1B
1F
#57990
0B
0F
#57995
1B
1F
#58000
0B
0F
#58005
1N
1K
b1 O
1B
1F
0I
0E
b1101 h
b101 g
#58010
0B
0F
#58015
b1 V
1B
1F
#58020
0B
0F
#58025
b10 V
1B
1F
#58030
0B
0F
#58035
b11 V
1B
1F
#58040
0B
0F
#58045
b100 V
1B
1F
#58050
0B
0F
#58055
b101 V
1B
1F
#58060
0B
0F
#58065
b110 V
1B
1F
#58070
0B
0F
#58075
b111 V
1B
1F
#58080
0B
0F
#58085
b1000 V
1B
1F
#58090
0B
0F
#58095
b1001 V
1B
1F
#58100
0B
0F
#58105
b1010 V
1B
1F
#58110
0B
0F
#58115
b1011 V
1B
1F
#58120
0B
0F
#58125
b1100 V
1B
1F
#58130
0B
0F
#58135
0K
1J
b10 O
b1101 V
1B
1F
1I
1E
#58140
0B
0F
#58145
0N
0J
b0 V
b110 U
b0 O
1B
1F
#58150
0B
0F
#58155
1B
1F
#58160
0B
0F
#58165
1B
1F
#58170
0B
0F
#58175
1B
1F
#58180
0B
0F
#58185
1B
1F
#58190
0B
0F
#58195
1B
1F
#58200
0B
0F
#58205
1B
1F
#58210
0B
0F
#58215
1B
1F
#58220
0B
0F
#58225
1B
1F
#58230
0B
0F
#58235
1B
1F
#58240
0B
0F
#58245
1B
1F
#58250
0B
0F
#58255
1B
1F
#58260
0B
0F
#58265
1B
1F
#58270
0B
0F
#58275
1B
1F
#58280
0B
0F
#58285
1B
1F
#58290
0B
0F
#58295
1B
1F
#58300
0B
0F
#58305
1B
1F
#58310
0B
0F
#58315
1B
1F
#58320
0B
0F
#58325
1B
1F
#58330
0B
0F
#58335
1N
1K
b1 O
1B
1F
0I
0E
b10 h
b110 g
#58340
0B
0F
#58345
b1 V
1B
1F
#58350
0B
0F
#58355
0K
1J
b10 O
b10 V
1B
1F
1I
1E
#58360
0B
0F
#58365
0N
0J
1H
b0 V
b111 U
b10000000 S
b10000000 Z
b10000000 ^
b0 O
1B
1F
#58366
b1011111 R
b1011111 \
b1011111 `
1a
#58367
1Q
#58370
0B
0F
#58375
b1011111 A
b1011111 G
b1011111 P
b1011111 W
1B
1F
#58380
0B
0F
#58385
1B
1F
#58390
0B
0F
#58395
1B
1F
#58400
0B
0F
#58405
1B
1F
#58410
0B
0F
#58415
1B
1F
#58420
0B
0F
#58425
1B
1F
#58430
0B
0F
#58435
1B
1F
#58440
0B
0F
#58445
1B
1F
#58450
0B
0F
#58455
1B
1F
#58460
0B
0F
#58465
1B
1F
#58470
0B
0F
#58475
1B
1F
#58480
0B
0F
#58485
1B
1F
#58490
0B
0F
#58495
1B
1F
#58500
0B
0F
#58505
1B
1F
#58510
0B
0F
#58515
1B
1F
#58520
0B
0F
#58525
1B
1F
#58530
0B
0F
#58535
1B
1F
#58540
0B
0F
#58545
1B
1F
#58550
0B
0F
#58555
1N
1K
b1 O
1B
1F
0I
0E
b11 h
b111 g
#58560
0B
0F
#58565
b1 V
1B
1F
#58570
0B
0F
#58575
b10 V
1B
1F
#58580
0B
0F
#58585
0K
1J
b11 V
b10 O
1B
1F
1I
1E
#58590
0B
0F
#58595
1L
0J
0H
b11 O
b11000000 S
b11000000 Z
b11000000 ^
b0 U
b0 V
1B
1F
#58596
b10011111 R
b10011111 \
b10011111 `
#58597
0Q
#58600
0B
0F
#58605
0N
1M
0L
b11000000 T
b11000000 [
b11000000 _
b100 O
1B
1F
#58606
b10000000 R
b10000000 \
b10000000 `
#58610
0B
0F
#58615
0M
b0 O
b0 S
b0 Z
b0 ^
b10000000 A
b10000000 G
b10000000 P
b10000000 W
1?
1Y
1B
1F
#58616
b11000000 R
b11000000 \
b11000000 `
0a
#58620
0B
0F
#58625
0?
0Y
b11000000 A
b11000000 G
b11000000 P
b11000000 W
1B
1F
#58630
0B
0F
#58635
1B
1F
#58640
0B
0F
#58645
1B
1F
#58650
0B
0F
#58655
1B
1F
#58660
0B
0F
#58665
1B
1F
#58670
0B
0F
#58675
1B
1F
#58680
0B
0F
#58685
1B
1F
#58690
0B
0F
#58695
1B
1F
#58700
0B
0F
#58705
1B
1F
#58710
0B
0F
#58715
1B
1F
#58720
0B
0F
#58725
1B
1F
#58730
0B
0F
#58735
1B
1F
#58740
0B
0F
#58745
1B
1F
#58750
0B
0F
#58755
1B
1F
#58760
0B
0F
#58765
1B
1F
#58770
0B
0F
#58775
1B
1F
#58780
0B
0F
#58785
1N
1K
b1 O
1B
1F
0I
0E
b100 h
b10100001 i
b11011 j
b0 g
#58790
0B
0F
#58795
b1 V
1B
1F
#58800
0B
0F
#58805
b10 V
1B
1F
#58810
0B
0F
#58815
b11 V
1B
1F
#58820
0B
0F
#58825
0K
1J
b100 V
b10 O
1B
1F
1I
1E
#58830
0B
0F
#58835
0N
0J
b0 O
b10000000 S
b10000000 Z
b10000000 ^
b1 U
b0 V
1B
1F
#58836
b1000000 R
b1000000 \
b1000000 `
1a
#58837
1Q
#58840
0B
0F
#58845
b1000000 A
b1000000 G
b1000000 P
b1000000 W
1B
1F
#58850
0B
0F
#58855
1B
1F
#58860
0B
0F
#58865
1B
1F
#58870
0B
0F
#58875
1B
1F
#58880
0B
0F
#58885
1B
1F
#58890
0B
0F
#58895
1B
1F
#58900
0B
0F
#58905
1B
1F
#58910
0B
0F
#58915
1B
1F
#58920
0B
0F
#58925
1B
1F
#58930
0B
0F
#58935
1B
1F
#58940
0B
0F
#58945
1B
1F
#58950
0B
0F
#58955
1B
1F
#58960
0B
0F
#58965
1B
1F
#58970
0B
0F
#58975
1B
1F
#58980
0B
0F
#58985
1B
1F
#58990
0B
0F
#58995
1B
1F
#59000
0B
0F
#59005
1B
1F
#59010
0B
0F
#59015
1B
1F
#59020
0B
0F
#59025
1N
1K
b1 O
1B
1F
0I
0E
b1101 h
b1 g
#59030
0B
0F
#59035
b1 V
1B
1F
#59040
0B
0F
#59045
b10 V
1B
1F
#59050
0B
0F
#59055
b11 V
1B
1F
#59060
0B
0F
#59065
b100 V
1B
1F
#59070
0B
0F
#59075
b101 V
1B
1F
#59080
0B
0F
#59085
b110 V
1B
1F
#59090
0B
0F
#59095
b111 V
1B
1F
#59100
0B
0F
#59105
b1000 V
1B
1F
#59110
0B
0F
#59115
b1001 V
1B
1F
#59120
0B
0F
#59125
b1010 V
1B
1F
#59130
0B
0F
#59135
b1011 V
1B
1F
#59140
0B
0F
#59145
b1100 V
1B
1F
#59150
0B
0F
#59155
0K
1J
b10 O
b1101 V
1B
1F
1I
1E
#59160
0B
0F
#59165
0N
0J
b0 V
b10 U
b1000000 S
b1000000 Z
b1000000 ^
b0 O
1B
1F
#59166
b0 R
b0 \
b0 `
0Q
#59170
0B
0F
#59175
b0 A
b0 G
b0 P
b0 W
1B
1F
#59180
0B
0F
#59185
1B
1F
#59190
0B
0F
#59195
1B
1F
#59200
0B
0F
#59205
1B
1F
#59210
0B
0F
#59215
1B
1F
#59220
0B
0F
#59225
1B
1F
#59230
0B
0F
#59235
1B
1F
#59240
0B
0F
#59245
1B
1F
#59250
0B
0F
#59255
1B
1F
#59260
0B
0F
#59265
1B
1F
#59270
0B
0F
#59275
1B
1F
#59280
0B
0F
#59285
1B
1F
#59290
0B
0F
#59295
1B
1F
#59300
0B
0F
#59305
1B
1F
#59310
0B
0F
#59315
1B
1F
#59320
0B
0F
#59325
1B
1F
#59330
0B
0F
#59335
1B
1F
#59340
0B
0F
#59345
1B
1F
#59350
0B
0F
#59355
1N
1K
b1 O
1B
1F
0I
0E
b1110 h
b10 g
#59360
0B
0F
#59365
b1 V
1B
1F
#59370
0B
0F
#59375
b10 V
1B
1F
#59380
0B
0F
#59385
b11 V
1B
1F
#59390
0B
0F
#59395
b100 V
1B
1F
#59400
0B
0F
#59405
b101 V
1B
1F
#59410
0B
0F
#59415
b110 V
1B
1F
#59420
0B
0F
#59425
b111 V
1B
1F
#59430
0B
0F
#59435
b1000 V
1B
1F
#59440
0B
0F
#59445
b1001 V
1B
1F
#59450
0B
0F
#59455
b1010 V
1B
1F
#59460
0B
0F
#59465
b1011 V
1B
1F
#59470
0B
0F
#59475
b1100 V
1B
1F
#59480
0B
0F
#59485
b1101 V
1B
1F
#59490
0B
0F
#59495
0K
1J
b10 O
b1110 V
1B
1F
1I
1E
#59500
0B
0F
#59505
0N
0J
b0 V
b11 U
b100000 S
b100000 Z
b100000 ^
b0 O
1B
1F
#59506
b11100000 R
b11100000 \
b11100000 `
0a
#59510
0B
0F
#59515
b11100000 A
b11100000 G
b11100000 P
b11100000 W
1B
1F
#59520
0B
0F
#59525
1B
1F
#59530
0B
0F
#59535
1B
1F
#59540
0B
0F
#59545
1B
1F
#59550
0B
0F
#59555
1B
1F
#59560
0B
0F
#59565
1B
1F
#59570
0B
0F
#59575
1B
1F
#59580
0B
0F
#59585
1B
1F
#59590
0B
0F
#59595
1B
1F
#59600
0B
0F
#59605
1B
1F
#59610
0B
0F
#59615
1B
1F
#59620
0B
0F
#59625
1B
1F
#59630
0B
0F
#59635
1B
1F
#59640
0B
0F
#59645
1B
1F
#59650
0B
0F
#59655
1B
1F
#59660
0B
0F
#59665
1B
1F
#59670
0B
0F
#59675
1B
1F
#59680
0B
0F
#59685
1B
1F
#59690
0B
0F
#59695
1N
1K
b1 O
1B
1F
0I
0E
b1111 h
b11 g
#59700
0B
0F
#59705
b1 V
1B
1F
#59710
0B
0F
#59715
b10 V
1B
1F
#59720
0B
0F
#59725
b11 V
1B
1F
#59730
0B
0F
#59735
b100 V
1B
1F
#59740
0B
0F
#59745
b101 V
1B
1F
#59750
0B
0F
#59755
b110 V
1B
1F
#59760
0B
0F
#59765
b111 V
1B
1F
#59770
0B
0F
#59775
b1000 V
1B
1F
#59780
0B
0F
#59785
b1001 V
1B
1F
#59790
0B
0F
#59795
b1010 V
1B
1F
#59800
0B
0F
#59805
b1011 V
1B
1F
#59810
0B
0F
#59815
b1100 V
1B
1F
#59820
0B
0F
#59825
b1101 V
1B
1F
#59830
0B
0F
#59835
b1110 V
1B
1F
#59840
0B
0F
#59845
0K
1J
b1111 V
b10 O
1B
1F
1I
1E
#59850
0B
0F
#59855
0N
0J
b0 O
b10000 S
b10000 Z
b10000 ^
b100 U
b0 V
1B
1F
#59856
b11010000 R
b11010000 \
b11010000 `
#59860
0B
0F
#59865
b11010000 A
b11010000 G
b11010000 P
b11010000 W
1B
1F
#59870
0B
0F
#59875
1B
1F
#59880
0B
0F
#59885
1B
1F
#59890
0B
0F
#59895
1B
1F
#59900
0B
0F
#59905
1B
1F
#59910
0B
0F
#59915
1B
1F
#59920
0B
0F
#59925
1B
1F
#59930
0B
0F
#59935
1B
1F
#59940
0B
0F
#59945
1B
1F
#59950
0B
0F
#59955
1B
1F
#59960
0B
0F
#59965
1B
1F
#59970
0B
0F
#59975
1B
1F
#59980
0B
0F
#59985
1B
1F
#59990
0B
0F
#59995
1B
1F
#60000
0B
0F
#60005
1B
1F
#60010
0B
0F
#60015
1B
1F
#60020
0B
0F
#60025
1B
1F
#60030
0B
0F
#60035
1B
1F
#60040
0B
0F
#60045
1N
1K
b1 O
1B
1F
0I
0E
b1011 h
b100 g
#60050
0B
0F
#60055
b1 V
1B
1F
#60060
0B
0F
#60065
b10 V
1B
1F
#60070
0B
0F
#60075
b11 V
1B
1F
#60080
0B
0F
#60085
b100 V
1B
1F
#60090
0B
0F
#60095
b101 V
1B
1F
#60100
0B
0F
#60105
b110 V
1B
1F
#60110
0B
0F
#60115
b111 V
1B
1F
#60120
0B
0F
#60125
b1000 V
1B
1F
#60130
0B
0F
#60135
b1001 V
1B
1F
#60140
0B
0F
#60145
b1010 V
1B
1F
#60150
0B
0F
#60155
0K
1J
b10 O
b1011 V
1B
1F
1I
1E
#60160
0B
0F
#60165
0N
0J
b0 V
b101 U
b1000 S
b1000 Z
b1000 ^
b0 O
1B
1F
#60166
b11001000 R
b11001000 \
b11001000 `
#60170
0B
0F
#60175
b11001000 A
b11001000 G
b11001000 P
b11001000 W
1B
1F
#60180
0B
0F
#60185
1B
1F
#60190
0B
0F
#60195
1B
1F
#60200
0B
0F
#60205
1B
1F
#60210
0B
0F
#60215
1B
1F
#60220
0B
0F
#60225
1B
1F
#60230
0B
0F
#60235
1B
1F
#60240
0B
0F
#60245
1B
1F
#60250
0B
0F
#60255
1B
1F
#60260
0B
0F
#60265
1B
1F
#60270
0B
0F
#60275
1B
1F
#60280
0B
0F
#60285
1B
1F
#60290
0B
0F
#60295
1B
1F
#60300
0B
0F
#60305
1B
1F
#60310
0B
0F
#60315
1B
1F
#60320
0B
0F
#60325
1B
1F
#60330
0B
0F
#60335
1B
1F
#60340
0B
0F
#60345
1B
1F
#60350
0B
0F
#60355
1N
1K
b1 O
1B
1F
0I
0E
b11 h
b101 g
#60360
0B
0F
#60365
b1 V
1B
1F
#60370
0B
0F
#60375
b10 V
1B
1F
#60380
0B
0F
#60385
0K
1J
b11 V
b10 O
1B
1F
1I
1E
#60390
0B
0F
#60395
0N
0J
b0 O
b10000100 S
b10000100 Z
b10000100 ^
b110 U
b0 V
1B
1F
#60396
b1000100 R
b1000100 \
b1000100 `
1a
#60397
1Q
#60400
0B
0F
#60405
b1000100 A
b1000100 G
b1000100 P
b1000100 W
1B
1F
#60410
0B
0F
#60415
1B
1F
#60420
0B
0F
#60425
1B
1F
#60430
0B
0F
#60435
1B
1F
#60440
0B
0F
#60445
1B
1F
#60450
0B
0F
#60455
1B
1F
#60460
0B
0F
#60465
1B
1F
#60470
0B
0F
#60475
1B
1F
#60480
0B
0F
#60485
1B
1F
#60490
0B
0F
#60495
1B
1F
#60500
0B
0F
#60505
1B
1F
#60510
0B
0F
#60515
1B
1F
#60520
0B
0F
#60525
1B
1F
#60530
0B
0F
#60535
1B
1F
#60540
0B
0F
#60545
1B
1F
#60550
0B
0F
#60555
1B
1F
#60560
0B
0F
#60565
1B
1F
#60570
0B
0F
#60575
1B
1F
#60580
0B
0F
#60585
1N
1K
b1 O
1B
1F
0I
0E
b1101 h
b110 g
#60590
0B
0F
#60595
b1 V
1B
1F
#60600
0B
0F
#60605
b10 V
1B
1F
#60610
0B
0F
#60615
b11 V
1B
1F
#60620
0B
0F
#60625
b100 V
1B
1F
#60630
0B
0F
#60635
b101 V
1B
1F
#60640
0B
0F
#60645
b110 V
1B
1F
#60650
0B
0F
#60655
b111 V
1B
1F
#60660
0B
0F
#60665
b1000 V
1B
1F
#60670
0B
0F
#60675
b1001 V
1B
1F
#60680
0B
0F
#60685
b1010 V
1B
1F
#60690
0B
0F
#60695
b1011 V
1B
1F
#60700
0B
0F
#60705
b1100 V
1B
1F
#60710
0B
0F
#60715
0K
1J
b10 O
b1101 V
1B
1F
1I
1E
#60720
0B
0F
#60725
0N
0J
1H
b0 V
b111 U
b1000010 S
b1000010 Z
b1000010 ^
b0 O
1B
1F
#60726
b10 R
b10 \
b10 `
0Q
#60730
0B
0F
#60735
b10 A
b10 G
b10 P
b10 W
1B
1F
#60740
0B
0F
#60745
1B
1F
#60750
0B
0F
#60755
1B
1F
#60760
0B
0F
#60765
1B
1F
#60770
0B
0F
#60775
1B
1F
#60780
0B
0F
#60785
1B
1F
#60790
0B
0F
#60795
1B
1F
#60800
0B
0F
#60805
1B
1F
#60810
0B
0F
#60815
1B
1F
#60820
0B
0F
#60825
1B
1F
#60830
0B
0F
#60835
1B
1F
#60840
0B
0F
#60845
1B
1F
#60850
0B
0F
#60855
1B
1F
#60860
0B
0F
#60865
1B
1F
#60870
0B
0F
#60875
1B
1F
#60880
0B
0F
#60885
1B
1F
#60890
0B
0F
#60895
1B
1F
#60900
0B
0F
#60905
1B
1F
#60910
0B
0F
#60915
1N
1K
b1 O
1B
1F
0I
0E
b101 h
b111 g
#60920
0B
0F
#60925
b1 V
1B
1F
#60930
0B
0F
#60935
b10 V
1B
1F
#60940
0B
0F
#60945
b11 V
1B
1F
#60950
0B
0F
#60955
b100 V
1B
1F
#60960
0B
0F
#60965
0K
1J
b101 V
b10 O
1B
1F
1I
1E
#60970
0B
0F
#60975
1L
0J
0H
b11 O
b10100001 S
b10100001 Z
b10100001 ^
b0 U
b0 V
1B
1F
#60976
b1100001 R
b1100001 \
b1100001 `
1Q
#60980
0B
0F
#60985
0N
1M
0L
b0 T
b0 [
b0 _
b100 O
1B
1F
#60986
b10100001 R
b10100001 \
b10100001 `
0a
0Q
#60990
0B
0F
#60995
0M
b0 O
b0 S
b0 Z
b0 ^
b10100001 A
b10100001 G
b10100001 P
b10100001 W
1?
1Y
1B
1F
#60996
b0 R
b0 \
b0 `
1Q
#60997
0Q
#61000
0B
0F
#61005
0?
0Y
b0 A
b0 G
b0 P
b0 W
1B
1F
#61010
0B
0F
#61015
1B
1F
#61020
0B
0F
#61025
1B
1F
#61030
0B
0F
#61035
1B
1F
#61040
0B
0F
#61045
1B
1F
#61050
0B
0F
#61055
1B
1F
#61060
0B
0F
#61065
1B
1F
#61070
0B
0F
#61075
1B
1F
#61080
0B
0F
#61085
1B
1F
#61090
0B
0F
#61095
1B
1F
#61100
0B
0F
#61105
1B
1F
#61110
0B
0F
#61115
1B
1F
#61120
0B
0F
#61125
1B
1F
#61130
0B
0F
#61135
1B
1F
#61140
0B
0F
#61145
1B
1F
#61150
0B
0F
#61155
1B
1F
#61160
0B
0F
#61165
1N
1K
b1 O
1B
1F
0I
0E
b1011 h
b10000010 i
b11100 j
b0 g
#61170
0B
0F
#61175
b1 V
1B
1F
#61180
0B
0F
#61185
b10 V
1B
1F
#61190
0B
0F
#61195
b11 V
1B
1F
#61200
0B
0F
#61205
b100 V
1B
1F
#61210
0B
0F
#61215
b101 V
1B
1F
#61220
0B
0F
#61225
b110 V
1B
1F
#61230
0B
0F
#61235
b111 V
1B
1F
#61240
0B
0F
#61245
b1000 V
1B
1F
#61250
0B
0F
#61255
b1001 V
1B
1F
#61260
0B
0F
#61265
b1010 V
1B
1F
#61270
0B
0F
#61275
0K
1J
b10 O
b1011 V
1B
1F
1I
1E
#61280
0B
0F
#61285
0N
0J
b0 V
b1 U
b0 O
1B
1F
#61290
0B
0F
#61295
1B
1F
#61300
0B
0F
#61305
1B
1F
#61310
0B
0F
#61315
1B
1F
#61320
0B
0F
#61325
1B
1F
#61330
0B
0F
#61335
1B
1F
#61340
0B
0F
#61345
1B
1F
#61350
0B
0F
#61355
1B
1F
#61360
0B
0F
#61365
1B
1F
#61370
0B
0F
#61375
1B
1F
#61380
0B
0F
#61385
1B
1F
#61390
0B
0F
#61395
1B
1F
#61400
0B
0F
#61405
1B
1F
#61410
0B
0F
#61415
1B
1F
#61420
0B
0F
#61425
1B
1F
#61430
0B
0F
#61435
1B
1F
#61440
0B
0F
#61445
1B
1F
#61450
0B
0F
#61455
1B
1F
#61460
0B
0F
#61465
1B
1F
#61470
0B
0F
#61475
1N
1K
b1 O
1B
1F
0I
0E
b111 h
b1 g
#61480
0B
0F
#61485
b1 V
1B
1F
#61490
0B
0F
#61495
b10 V
1B
1F
#61500
0B
0F
#61505
b11 V
1B
1F
#61510
0B
0F
#61515
b100 V
1B
1F
#61520
0B
0F
#61525
b101 V
1B
1F
#61530
0B
0F
#61535
b110 V
1B
1F
#61540
0B
0F
#61545
0K
1J
b111 V
b10 O
1B
1F
1I
1E
#61550
0B
0F
#61555
0N
0J
b0 O
b10000000 S
b10000000 Z
b10000000 ^
b10 U
b0 V
1B
1F
#61556
b10000000 R
b10000000 \
b10000000 `
#61560
0B
0F
#61565
b10000000 A
b10000000 G
b10000000 P
b10000000 W
1B
1F
#61570
0B
0F
#61575
1B
1F
#61580
0B
0F
#61585
1B
1F
#61590
0B
0F
#61595
1B
1F
#61600
0B
0F
#61605
1B
1F
#61610
0B
0F
#61615
1B
1F
#61620
0B
0F
#61625
1B
1F
#61630
0B
0F
#61635
1B
1F
#61640
0B
0F
#61645
1B
1F
#61650
0B
0F
#61655
1B
1F
#61660
0B
0F
#61665
1B
1F
#61670
0B
0F
#61675
1B
1F
#61680
0B
0F
#61685
1B
1F
#61690
0B
0F
#61695
1B
1F
#61700
0B
0F
#61705
1B
1F
#61710
0B
0F
#61715
1B
1F
#61720
0B
0F
#61725
1B
1F
#61730
0B
0F
#61735
1B
1F
#61740
0B
0F
#61745
1N
1K
b1 O
1B
1F
0I
0E
b1101 h
b10 g
#61750
0B
0F
#61755
b1 V
1B
1F
#61760
0B
0F
#61765
b10 V
1B
1F
#61770
0B
0F
#61775
b11 V
1B
1F
#61780
0B
0F
#61785
b100 V
1B
1F
#61790
0B
0F
#61795
b101 V
1B
1F
#61800
0B
0F
#61805
b110 V
1B
1F
#61810
0B
0F
#61815
b111 V
1B
1F
#61820
0B
0F
#61825
b1000 V
1B
1F
#61830
0B
0F
#61835
b1001 V
1B
1F
#61840
0B
0F
#61845
b1010 V
1B
1F
#61850
0B
0F
#61855
b1011 V
1B
1F
#61860
0B
0F
#61865
b1100 V
1B
1F
#61870
0B
0F
#61875
0K
1J
b10 O
b1101 V
1B
1F
1I
1E
#61880
0B
0F
#61885
0N
0J
b0 V
b11 U
b1000000 S
b1000000 Z
b1000000 ^
b0 O
1B
1F
#61886
b1000000 R
b1000000 \
b1000000 `
1Q
#61887
0Q
#61890
0B
0F
#61895
b1000000 A
b1000000 G
b1000000 P
b1000000 W
1B
1F
#61900
0B
0F
#61905
1B
1F
#61910
0B
0F
#61915
1B
1F
#61920
0B
0F
#61925
1B
1F
#61930
0B
0F
#61935
1B
1F
#61940
0B
0F
#61945
1B
1F
#61950
0B
0F
#61955
1B
1F
#61960
0B
0F
#61965
1B
1F
#61970
0B
0F
#61975
1B
1F
#61980
0B
0F
#61985
1B
1F
#61990
0B
0F
#61995
1B
1F
#62000
0B
0F
#62005
1B
1F
#62010
0B
0F
#62015
1B
1F
#62020
0B
0F
#62025
1B
1F
#62030
0B
0F
#62035
1B
1F
#62040
0B
0F
#62045
1B
1F
#62050
0B
0F
#62055
1B
1F
#62060
0B
0F
#62065
1B
1F
#62070
0B
0F
#62075
1N
1K
b1 O
1B
1F
0I
0E
b1110 h
b11 g
#62080
0B
0F
#62085
b1 V
1B
1F
#62090
0B
0F
#62095
b10 V
1B
1F
#62100
0B
0F
#62105
b11 V
1B
1F
#62110
0B
0F
#62115
b100 V
1B
1F
#62120
0B
0F
#62125
b101 V
1B
1F
#62130
0B
0F
#62135
b110 V
1B
1F
#62140
0B
0F
#62145
b111 V
1B
1F
#62150
0B
0F
#62155
b1000 V
1B
1F
#62160
0B
0F
#62165
b1001 V
1B
1F
#62170
0B
0F
#62175
b1010 V
1B
1F
#62180
0B
0F
#62185
b1011 V
1B
1F
#62190
0B
0F
#62195
b1100 V
1B
1F
#62200
0B
0F
#62205
b1101 V
1B
1F
#62210
0B
0F
#62215
0K
1J
b10 O
b1110 V
1B
1F
1I
1E
#62220
0B
0F
#62225
0N
0J
b0 V
b100 U
b100000 S
b100000 Z
b100000 ^
b0 O
1B
1F
#62226
b100000 R
b100000 \
b100000 `
#62230
0B
0F
#62235
b100000 A
b100000 G
b100000 P
b100000 W
1B
1F
#62240
0B
0F
#62245
1B
1F
#62250
0B
0F
#62255
1B
1F
#62260
0B
0F
#62265
1B
1F
#62270
0B
0F
#62275
1B
1F
#62280
0B
0F
#62285
1B
1F
#62290
0B
0F
#62295
1B
1F
#62300
0B
0F
#62305
1B
1F
#62310
0B
0F
#62315
1B
1F
#62320
0B
0F
#62325
1B
1F
#62330
0B
0F
#62335
1B
1F
#62340
0B
0F
#62345
1B
1F
#62350
0B
0F
#62355
1B
1F
#62360
0B
0F
#62365
1B
1F
#62370
0B
0F
#62375
1B
1F
#62380
0B
0F
#62385
1B
1F
#62390
0B
0F
#62395
1B
1F
#62400
0B
0F
#62405
1B
1F
#62410
0B
0F
#62415
1N
1K
b1 O
1B
1F
0I
0E
b1111 h
b100 g
#62420
0B
0F
#62425
b1 V
1B
1F
#62430
0B
0F
#62435
b10 V
1B
1F
#62440
0B
0F
#62445
b11 V
1B
1F
#62450
0B
0F
#62455
b100 V
1B
1F
#62460
0B
0F
#62465
b101 V
1B
1F
#62470
0B
0F
#62475
b110 V
1B
1F
#62480
0B
0F
#62485
b111 V
1B
1F
#62490
0B
0F
#62495
b1000 V
1B
1F
#62500
0B
0F
#62505
b1001 V
1B
1F
#62510
0B
0F
#62515
b1010 V
1B
1F
#62520
0B
0F
#62525
b1011 V
1B
1F
#62530
0B
0F
#62535
b1100 V
1B
1F
#62540
0B
0F
#62545
b1101 V
1B
1F
#62550
0B
0F
#62555
b1110 V
1B
1F
#62560
0B
0F
#62565
0K
1J
b1111 V
b10 O
1B
1F
1I
1E
#62570
0B
0F
#62575
0N
0J
b0 O
b10000 S
b10000 Z
b10000 ^
b101 U
b0 V
1B
1F
#62576
b10000 R
b10000 \
b10000 `
#62580
0B
0F
#62585
b10000 A
b10000 G
b10000 P
b10000 W
1B
1F
#62590
0B
0F
#62595
1B
1F
#62600
0B
0F
#62605
1B
1F
#62610
0B
0F
#62615
1B
1F
#62620
0B
0F
#62625
1B
1F
#62630
0B
0F
#62635
1B
1F
#62640
0B
0F
#62645
1B
1F
#62650
0B
0F
#62655
1B
1F
#62660
0B
0F
#62665
1B
1F
#62670
0B
0F
#62675
1B
1F
#62680
0B
0F
#62685
1B
1F
#62690
0B
0F
#62695
1B
1F
#62700
0B
0F
#62705
1B
1F
#62710
0B
0F
#62715
1B
1F
#62720
0B
0F
#62725
1B
1F
#62730
0B
0F
#62735
1B
1F
#62740
0B
0F
#62745
1B
1F
#62750
0B
0F
#62755
1B
1F
#62760
0B
0F
#62765
1N
1K
b1 O
1B
1F
0I
0E
b1011 h
b101 g
#62770
0B
0F
#62775
b1 V
1B
1F
#62780
0B
0F
#62785
b10 V
1B
1F
#62790
0B
0F
#62795
b11 V
1B
1F
#62800
0B
0F
#62805
b100 V
1B
1F
#62810
0B
0F
#62815
b101 V
1B
1F
#62820
0B
0F
#62825
b110 V
1B
1F
#62830
0B
0F
#62835
b111 V
1B
1F
#62840
0B
0F
#62845
b1000 V
1B
1F
#62850
0B
0F
#62855
b1001 V
1B
1F
#62860
0B
0F
#62865
b1010 V
1B
1F
#62870
0B
0F
#62875
0K
1J
b10 O
b1011 V
1B
1F
1I
1E
#62880
0B
0F
#62885
0N
0J
b0 V
b110 U
b1000 S
b1000 Z
b1000 ^
b0 O
1B
1F
#62886
b1000 R
b1000 \
b1000 `
#62890
0B
0F
#62895
b1000 A
b1000 G
b1000 P
b1000 W
1B
1F
#62900
0B
0F
#62905
1B
1F
#62910
0B
0F
#62915
1B
1F
#62920
0B
0F
#62925
1B
1F
#62930
0B
0F
#62935
1B
1F
#62940
0B
0F
#62945
1B
1F
#62950
0B
0F
#62955
1B
1F
#62960
0B
0F
#62965
1B
1F
#62970
0B
0F
#62975
1B
1F
#62980
0B
0F
#62985
1B
1F
#62990
0B
0F
#62995
1B
1F
#63000
0B
0F
#63005
1B
1F
#63010
0B
0F
#63015
1B
1F
#63020
0B
0F
#63025
1B
1F
#63030
0B
0F
#63035
1B
1F
#63040
0B
0F
#63045
1B
1F
#63050
0B
0F
#63055
1B
1F
#63060
0B
0F
#63065
1B
1F
#63070
0B
0F
#63075
1N
1K
b1 O
1B
1F
0I
0E
b1100 h
b110 g
#63080
0B
0F
#63085
b1 V
1B
1F
#63090
0B
0F
#63095
b10 V
1B
1F
#63100
0B
0F
#63105
b11 V
1B
1F
#63110
0B
0F
#63115
b100 V
1B
1F
#63120
0B
0F
#63125
b101 V
1B
1F
#63130
0B
0F
#63135
b110 V
1B
1F
#63140
0B
0F
#63145
b111 V
1B
1F
#63150
0B
0F
#63155
b1000 V
1B
1F
#63160
0B
0F
#63165
b1001 V
1B
1F
#63170
0B
0F
#63175
b1010 V
1B
1F
#63180
0B
0F
#63185
b1011 V
1B
1F
#63190
0B
0F
#63195
0K
1J
b10 O
b1100 V
1B
1F
1I
1E
#63200
0B
0F
#63205
0N
0J
1H
b0 V
b111 U
b100 S
b100 Z
b100 ^
b0 O
1B
1F
#63206
b100 R
b100 \
b100 `
#63210
0B
0F
#63215
b100 A
b100 G
b100 P
b100 W
1B
1F
#63220
0B
0F
#63225
1B
1F
#63230
0B
0F
#63235
1B
1F
#63240
0B
0F
#63245
1B
1F
#63250
0B
0F
#63255
1B
1F
#63260
0B
0F
#63265
1B
1F
#63270
0B
0F
#63275
1B
1F
#63280
0B
0F
#63285
1B
1F
#63290
0B
0F
#63295
1B
1F
#63300
0B
0F
#63305
1B
1F
#63310
0B
0F
#63315
1B
1F
#63320
0B
0F
#63325
1B
1F
#63330
0B
0F
#63335
1B
1F
#63340
0B
0F
#63345
1B
1F
#63350
0B
0F
#63355
1B
1F
#63360
0B
0F
#63365
1B
1F
#63370
0B
0F
#63375
1B
1F
#63380
0B
0F
#63385
1B
1F
#63390
0B
0F
#63395
1N
1K
b1 O
1B
1F
0I
0E
b111 h
b111 g
#63400
0B
0F
#63405
b1 V
1B
1F
#63410
0B
0F
#63415
b10 V
1B
1F
#63420
0B
0F
#63425
b11 V
1B
1F
#63430
0B
0F
#63435
b100 V
1B
1F
#63440
0B
0F
#63445
b101 V
1B
1F
#63450
0B
0F
#63455
b110 V
1B
1F
#63460
0B
0F
#63465
0K
1J
b111 V
b10 O
1B
1F
1I
1E
#63470
0B
0F
#63475
1L
0J
0H
b11 O
b10000010 S
b10000010 Z
b10000010 ^
b0 U
b0 V
1B
1F
#63476
b10000010 R
b10000010 \
b10000010 `
#63480
0B
0F
#63485
0N
1M
0L
b10000010 T
b10000010 [
b10000010 _
b100 O
1B
1F
#63486
b100 R
b100 \
b100 `
1a
#63487
1Q
#63490
0B
0F
#63495
0M
b0 O
b0 S
b0 Z
b0 ^
1@
1X
1B
1F
#63496
b10000010 R
b10000010 \
b10000010 `
0a
0Q
#63500
0B
0F
#63505
b110100 e
0d
b110100 b
b1110 f
b0 c
0@
0X
b10000010 A
b10000010 G
b10000010 P
b10000010 W
1B
1F
#63510
0B
0F
#63515
1B
1F
#63520
0B
0F
#63525
1B
1F
#63530
0B
0F
#63535
1B
1F
#63540
0B
0F
#63545
1B
1F
#63550
0B
0F
#63555
1B
1F
#63560
0B
0F
#63565
1B
1F
#63570
0B
0F
#63575
1B
1F
#63580
0B
0F
#63585
1B
1F
#63590
0B
0F
#63595
1B
1F
#63600
0B
0F
#63605
1B
1F
#63610
0B
0F
#63615
1B
1F
#63620
0B
0F
#63625
1B
1F
#63630
0B
0F
#63635
1B
1F
#63640
0B
0F
#63645
1B
1F
#63650
0B
0F
#63655
1B
1F
#63660
0B
0F
#63665
1N
1K
b1 O
1B
1F
0I
0E
b10 h
b1100011 i
b11101 j
b0 g
#63670
0B
0F
#63675
b1 V
1B
1F
#63680
0B
0F
#63685
0K
1J
b10 V
b10 O
1B
1F
1I
1E
#63690
0B
0F
#63695
0N
0J
b0 O
b10000000 S
b10000000 Z
b10000000 ^
b1 U
b0 V
1B
1F
#63696
b10 R
b10 \
b10 `
1a
#63697
1Q
#63700
0B
0F
#63705
b10 A
b10 G
b10 P
b10 W
1B
1F
#63710
0B
0F
#63715
1B
1F
#63720
0B
0F
#63725
1B
1F
#63730
0B
0F
#63735
1B
1F
#63740
0B
0F
#63745
1B
1F
#63750
0B
0F
#63755
1B
1F
#63760
0B
0F
#63765
1B
1F
#63770
0B
0F
#63775
1B
1F
#63780
0B
0F
#63785
1B
1F
#63790
0B
0F
#63795
1B
1F
#63800
0B
0F
#63805
1B
1F
#63810
0B
0F
#63815
1B
1F
#63820
0B
0F
#63825
1B
1F
#63830
0B
0F
#63835
1B
1F
#63840
0B
0F
#63845
1B
1F
#63850
0B
0F
#63855
1B
1F
#63860
0B
0F
#63865
1B
1F
#63870
0B
0F
#63875
1B
1F
#63880
0B
0F
#63885
1N
1K
b1 O
1B
1F
0I
0E
b11 h
b1 g
#63890
0B
0F
#63895
b1 V
1B
1F
#63900
0B
0F
#63905
b10 V
1B
1F
#63910
0B
0F
#63915
0K
1J
b10 O
b11 V
1B
1F
1I
1E
#63920
0B
0F
#63925
0N
0J
b0 V
b10 U
b11000000 S
b11000000 Z
b11000000 ^
b0 O
1B
1F
#63926
b1000010 R
b1000010 \
b1000010 `
#63930
0B
0F
#63935
b1000010 A
b1000010 G
b1000010 P
b1000010 W
1B
1F
#63940
0B
0F
#63945
1B
1F
#63950
0B
0F
#63955
1B
1F
#63960
0B
0F
#63965
1B
1F
#63970
0B
0F
#63975
1B
1F
#63980
0B
0F
#63985
1B
1F
#63990
0B
0F
#63995
1B
1F
#64000
0B
0F
#64005
1B
1F
#64010
0B
0F
#64015
1B
1F
#64020
0B
0F
#64025
1B
1F
#64030
0B
0F
#64035
1B
1F
#64040
0B
0F
#64045
1B
1F
#64050
0B
0F
#64055
1B
1F
#64060
0B
0F
#64065
1B
1F
#64070
0B
0F
#64075
1B
1F
#64080
0B
0F
#64085
1B
1F
#64090
0B
0F
#64095
1B
1F
#64100
0B
0F
#64105
1B
1F
#64110
0B
0F
#64115
1N
1K
b1 O
1B
1F
0I
0E
b1100 h
b10 g
#64120
0B
0F
#64125
b1 V
1B
1F
#64130
0B
0F
#64135
b10 V
1B
1F
#64140
0B
0F
#64145
b11 V
1B
1F
#64150
0B
0F
#64155
b100 V
1B
1F
#64160
0B
0F
#64165
b101 V
1B
1F
#64170
0B
0F
#64175
b110 V
1B
1F
#64180
0B
0F
#64185
b111 V
1B
1F
#64190
0B
0F
#64195
b1000 V
1B
1F
#64200
0B
0F
#64205
b1001 V
1B
1F
#64210
0B
0F
#64215
b1010 V
1B
1F
#64220
0B
0F
#64225
b1011 V
1B
1F
#64230
0B
0F
#64235
0K
1J
b10 O
b1100 V
1B
1F
1I
1E
#64240
0B
0F
#64245
0N
0J
b0 V
b11 U
b1100000 S
b1100000 Z
b1100000 ^
b0 O
1B
1F
#64246
b11100010 R
b11100010 \
b11100010 `
0a
0Q
#64250
0B
0F
#64255
b11100010 A
b11100010 G
b11100010 P
b11100010 W
1B
1F
#64260
0B
0F
#64265
1B
1F
#64270
0B
0F
#64275
1B
1F
#64280
0B
0F
#64285
1B
1F
#64290
0B
0F
#64295
1B
1F
#64300
0B
0F
#64305
1B
1F
#64310
0B
0F
#64315
1B
1F
#64320
0B
0F
#64325
1B
1F
#64330
0B
0F
#64335
1B
1F
#64340
0B
0F
#64345
1B
1F
#64350
0B
0F
#64355
1B
1F
#64360
0B
0F
#64365
1B
1F
#64370
0B
0F
#64375
1B
1F
#64380
0B
0F
#64385
1B
1F
#64390
0B
0F
#64395
1B
1F
#64400
0B
0F
#64405
1B
1F
#64410
0B
0F
#64415
1B
1F
#64420
0B
0F
#64425
1B
1F
#64430
0B
0F
#64435
1N
1K
b1 O
1B
1F
0I
0E
b1101 h
b11 g
#64440
0B
0F
#64445
b1 V
1B
1F
#64450
0B
0F
#64455
b10 V
1B
1F
#64460
0B
0F
#64465
b11 V
1B
1F
#64470
0B
0F
#64475
b100 V
1B
1F
#64480
0B
0F
#64485
b101 V
1B
1F
#64490
0B
0F
#64495
b110 V
1B
1F
#64500
0B
0F
#64505
b111 V
1B
1F
#64510
0B
0F
#64515
b1000 V
1B
1F
#64520
0B
0F
#64525
b1001 V
1B
1F
#64530
0B
0F
#64535
b1010 V
1B
1F
#64540
0B
0F
#64545
b1011 V
1B
1F
#64550
0B
0F
#64555
b1100 V
1B
1F
#64560
0B
0F
#64565
0K
1J
b1101 V
b10 O
1B
1F
1I
1E
#64570
0B
0F
#64575
0N
0J
b0 O
b110000 S
b110000 Z
b110000 ^
b100 U
b0 V
1B
1F
#64576
b10110010 R
b10110010 \
b10110010 `
#64580
0B
0F
#64585
b10110010 A
b10110010 G
b10110010 P
b10110010 W
1B
1F
#64590
0B
0F
#64595
1B
1F
#64600
0B
0F
#64605
1B
1F
#64610
0B
0F
#64615
1B
1F
#64620
0B
0F
#64625
1B
1F
#64630
0B
0F
#64635
1B
1F
#64640
0B
0F
#64645
1B
1F
#64650
0B
0F
#64655
1B
1F
#64660
0B
0F
#64665
1B
1F
#64670
0B
0F
#64675
1B
1F
#64680
0B
0F
#64685
1B
1F
#64690
0B
0F
#64695
1B
1F
#64700
0B
0F
#64705
1B
1F
#64710
0B
0F
#64715
1B
1F
#64720
0B
0F
#64725
1B
1F
#64730
0B
0F
#64735
1B
1F
#64740
0B
0F
#64745
1B
1F
#64750
0B
0F
#64755
1B
1F
#64760
0B
0F
#64765
1N
1K
b1 O
1B
1F
0I
0E
b1110 h
b100 g
#64770
0B
0F
#64775
b1 V
1B
1F
#64780
0B
0F
#64785
b10 V
1B
1F
#64790
0B
0F
#64795
b11 V
1B
1F
#64800
0B
0F
#64805
b100 V
1B
1F
#64810
0B
0F
#64815
b101 V
1B
1F
#64820
0B
0F
#64825
b110 V
1B
1F
#64830
0B
0F
#64835
b111 V
1B
1F
#64840
0B
0F
#64845
b1000 V
1B
1F
#64850
0B
0F
#64855
b1001 V
1B
1F
#64860
0B
0F
#64865
b1010 V
1B
1F
#64870
0B
0F
#64875
b1011 V
1B
1F
#64880
0B
0F
#64885
b1100 V
1B
1F
#64890
0B
0F
#64895
b1101 V
1B
1F
#64900
0B
0F
#64905
0K
1J
b1110 V
b10 O
1B
1F
1I
1E
#64910
0B
0F
#64915
0N
0J
b0 O
b11000 S
b11000 Z
b11000 ^
b101 U
b0 V
1B
1F
#64916
b10011010 R
b10011010 \
b10011010 `
#64920
0B
0F
#64925
b10011010 A
b10011010 G
b10011010 P
b10011010 W
1B
1F
#64930
0B
0F
#64935
1B
1F
#64940
0B
0F
#64945
1B
1F
#64950
0B
0F
#64955
1B
1F
#64960
0B
0F
#64965
1B
1F
#64970
0B
0F
#64975
1B
1F
#64980
0B
0F
#64985
1B
1F
#64990
0B
0F
#64995
1B
1F
#65000
0B
0F
#65005
1B
1F
#65010
0B
0F
#65015
1B
1F
#65020
0B
0F
#65025
1B
1F
#65030
0B
0F
#65035
1B
1F
#65040
0B
0F
#65045
1B
1F
#65050
0B
0F
#65055
1B
1F
#65060
0B
0F
#65065
1B
1F
#65070
0B
0F
#65075
1B
1F
#65080
0B
0F
#65085
1B
1F
#65090
0B
0F
#65095
1B
1F
#65100
0B
0F
#65105
1N
1K
b1 O
1B
1F
0I
0E
b111 h
b101 g
#65110
0B
0F
#65115
b1 V
1B
1F
#65120
0B
0F
#65125
b10 V
1B
1F
#65130
0B
0F
#65135
b11 V
1B
1F
#65140
0B
0F
#65145
b100 V
1B
1F
#65150
0B
0F
#65155
b101 V
1B
1F
#65160
0B
0F
#65165
b110 V
1B
1F
#65170
0B
0F
#65175
0K
1J
b10 O
b111 V
1B
1F
1I
1E
#65180
0B
0F
#65185
0N
0J
b0 V
b110 U
b10001100 S
b10001100 Z
b10001100 ^
b0 O
1B
1F
#65186
b1110 R
b1110 \
b1110 `
1a
#65187
1Q
#65190
0B
0F
#65195
b1110 A
b1110 G
b1110 P
b1110 W
1B
1F
#65200
0B
0F
#65205
1B
1F
#65210
0B
0F
#65215
1B
1F
#65220
0B
0F
#65225
1B
1F
#65230
0B
0F
#65235
1B
1F
#65240
0B
0F
#65245
1B
1F
#65250
0B
0F
#65255
1B
1F
#65260
0B
0F
#65265
1B
1F
#65270
0B
0F
#65275
1B
1F
#65280
0B
0F
#65285
1B
1F
#65290
0B
0F
#65295
1B
1F
#65300
0B
0F
#65305
1B
1F
#65310
0B
0F
#65315
1B
1F
#65320
0B
0F
#65325
1B
1F
#65330
0B
0F
#65335
1B
1F
#65340
0B
0F
#65345
1B
1F
#65350
0B
0F
#65355
1B
1F
#65360
0B
0F
#65365
1B
1F
#65370
0B
0F
#65375
1N
1K
b1 O
1B
1F
0I
0E
b10 h
b110 g
#65380
0B
0F
#65385
b1 V
1B
1F
#65390
0B
0F
#65395
0K
1J
b10 O
b10 V
1B
1F
1I
1E
#65400
0B
0F
#65405
0N
0J
1H
b0 V
b111 U
b11000110 S
b11000110 Z
b11000110 ^
b0 O
1B
1F
#65406
b1001000 R
b1001000 \
b1001000 `
#65410
0B
0F
#65415
b1001000 A
b1001000 G
b1001000 P
b1001000 W
1B
1F
#65420
0B
0F
#65425
1B
1F
#65430
0B
0F
#65435
1B
1F
#65440
0B
0F
#65445
1B
1F
#65450
0B
0F
#65455
1B
1F
#65460
0B
0F
#65465
1B
1F
#65470
0B
0F
#65475
1B
1F
#65480
0B
0F
#65485
1B
1F
#65490
0B
0F
#65495
1B
1F
#65500
0B
0F
#65505
1B
1F
#65510
0B
0F
#65515
1B
1F
#65520
0B
0F
#65525
1B
1F
#65530
0B
0F
#65535
1B
1F
#65540
0B
0F
#65545
1B
1F
#65550
0B
0F
#65555
1B
1F
#65560
0B
0F
#65565
1B
1F
#65570
0B
0F
#65575
1B
1F
#65580
0B
0F
#65585
1B
1F
#65590
0B
0F
#65595
1N
1K
b1 O
1B
1F
0I
0E
b1100 h
b111 g
#65600
0B
0F
#65605
b1 V
1B
1F
#65610
0B
0F
#65615
b10 V
1B
1F
#65620
0B
0F
#65625
b11 V
1B
1F
#65630
0B
0F
#65635
b100 V
1B
1F
#65640
0B
0F
#65645
b101 V
1B
1F
#65650
0B
0F
#65655
b110 V
1B
1F
#65660
0B
0F
#65665
b111 V
1B
1F
#65670
0B
0F
#65675
b1000 V
1B
1F
#65680
0B
0F
#65685
b1001 V
1B
1F
#65690
0B
0F
#65695
b1010 V
1B
1F
#65700
0B
0F
#65705
b1011 V
1B
1F
#65710
0B
0F
#65715
0K
1J
b10 O
b1100 V
1B
1F
1I
1E
#65720
0B
0F
#65725
1L
0J
0H
b0 V
b0 U
b1100011 S
b1100011 Z
b1100011 ^
b11 O
1B
1F
#65726
b11100101 R
b11100101 \
b11100101 `
0a
0Q
#65730
0B
0F
#65735
0N
1M
0L
b100 O
b1100011 T
b1100011 [
b1100011 _
1B
1F
#65736
b11000110 R
b11000110 \
b11000110 `
1Q
#65740
0B
0F
#65745
0M
1@
1X
b11000110 A
b11000110 G
b11000110 P
b11000110 W
b0 S
b0 Z
b0 ^
b0 O
1B
1F
#65746
b1100011 R
b1100011 \
b1100011 `
#65747
0Q
#65750
0B
0F
#65755
b1100011 A
b1100011 G
b1100011 P
b1100011 W
0@
0X
1B
1F
#65760
0B
0F
#65765
1B
1F
#65770
0B
0F
#65775
1B
1F
#65780
0B
0F
#65785
1B
1F
#65790
0B
0F
#65795
1B
1F
#65800
0B
0F
#65805
1B
1F
#65810
0B
0F
#65815
1B
1F
#65820
0B
0F
#65825
1B
1F
#65830
0B
0F
#65835
1B
1F
#65840
0B
0F
#65845
1B
1F
#65850
0B
0F
#65855
1B
1F
#65860
0B
0F
#65865
1B
1F
#65870
0B
0F
#65875
1B
1F
#65880
0B
0F
#65885
1B
1F
#65890
0B
0F
#65895
1B
1F
#65900
0B
0F
#65905
1B
1F
#65910
0B
0F
#65915
1N
1K
b1 O
1B
1F
0I
0E
b1110 h
b1000100 i
b11110 j
b0 g
#65920
0B
0F
#65925
b1 V
1B
1F
#65930
0B
0F
#65935
b10 V
1B
1F
#65940
0B
0F
#65945
b11 V
1B
1F
#65950
0B
0F
#65955
b100 V
1B
1F
#65960
0B
0F
#65965
b101 V
1B
1F
#65970
0B
0F
#65975
b110 V
1B
1F
#65980
0B
0F
#65985
b111 V
1B
1F
#65990
0B
0F
#65995
b1000 V
1B
1F
#66000
0B
0F
#66005
b1001 V
1B
1F
#66010
0B
0F
#66015
b1010 V
1B
1F
#66020
0B
0F
#66025
b1011 V
1B
1F
#66030
0B
0F
#66035
b1100 V
1B
1F
#66040
0B
0F
#66045
b1101 V
1B
1F
#66050
0B
0F
#66055
0K
1J
b10 O
b1110 V
1B
1F
1I
1E
#66060
0B
0F
#66065
0N
0J
b0 V
b1 U
b0 O
1B
1F
#66070
0B
0F
#66075
1B
1F
#66080
0B
0F
#66085
1B
1F
#66090
0B
0F
#66095
1B
1F
#66100
0B
0F
#66105
1B
1F
#66110
0B
0F
#66115
1B
1F
#66120
0B
0F
#66125
1B
1F
#66130
0B
0F
#66135
1B
1F
#66140
0B
0F
#66145
1B
1F
#66150
0B
0F
#66155
1B
1F
#66160
0B
0F
#66165
1B
1F
#66170
0B
0F
#66175
1B
1F
#66180
0B
0F
#66185
1B
1F
#66190
0B
0F
#66195
1B
1F
#66200
0B
0F
#66205
1B
1F
#66210
0B
0F
#66215
1B
1F
#66220
0B
0F
#66225
1B
1F
#66230
0B
0F
#66235
1B
1F
#66240
0B
0F
#66245
1B
1F
#66250
0B
0F
#66255
1N
1K
b1 O
1B
1F
0I
0E
b1111 h
b1 g
#66260
0B
0F
#66265
b1 V
1B
1F
#66270
0B
0F
#66275
b10 V
1B
1F
#66280
0B
0F
#66285
b11 V
1B
1F
#66290
0B
0F
#66295
b100 V
1B
1F
#66300
0B
0F
#66305
b101 V
1B
1F
#66310
0B
0F
#66315
b110 V
1B
1F
#66320
0B
0F
#66325
b111 V
1B
1F
#66330
0B
0F
#66335
b1000 V
1B
1F
#66340
0B
0F
#66345
b1001 V
1B
1F
#66350
0B
0F
#66355
b1010 V
1B
1F
#66360
0B
0F
#66365
b1011 V
1B
1F
#66370
0B
0F
#66375
b1100 V
1B
1F
#66380
0B
0F
#66385
b1101 V
1B
1F
#66390
0B
0F
#66395
b1110 V
1B
1F
#66400
0B
0F
#66405
0K
1J
b1111 V
b10 O
1B
1F
1I
1E
#66410
0B
0F
#66415
0N
0J
b0 O
b10 U
b0 V
1B
1F
#66420
0B
0F
#66425
1B
1F
#66430
0B
0F
#66435
1B
1F
#66440
0B
0F
#66445
1B
1F
#66450
0B
0F
#66455
1B
1F
#66460
0B
0F
#66465
1B
1F
#66470
0B
0F
#66475
1B
1F
#66480
0B
0F
#66485
1B
1F
#66490
0B
0F
#66495
1B
1F
#66500
0B
0F
#66505
1B
1F
#66510
0B
0F
#66515
1B
1F
#66520
0B
0F
#66525
1B
1F
#66530
0B
0F
#66535
1B
1F
#66540
0B
0F
#66545
1B
1F
#66550
0B
0F
#66555
1B
1F
#66560
0B
0F
#66565
1B
1F
#66570
0B
0F
#66575
1B
1F
#66580
0B
0F
#66585
1B
1F
#66590
0B
0F
#66595
1B
1F
#66600
0B
0F
#66605
1N
1K
b1 O
1B
1F
0I
0E
b110 h
b10 g
#66610
0B
0F
#66615
b1 V
1B
1F
#66620
0B
0F
#66625
b10 V
1B
1F
#66630
0B
0F
#66635
b11 V
1B
1F
#66640
0B
0F
#66645
b100 V
1B
1F
#66650
0B
0F
#66655
b101 V
1B
1F
#66660
0B
0F
#66665
0K
1J
b110 V
b10 O
1B
1F
1I
1E
#66670
0B
0F
#66675
0N
0J
b0 O
b10000000 S
b10000000 Z
b10000000 ^
b11 U
b0 V
1B
1F
#66676
b11100011 R
b11100011 \
b11100011 `
#66680
0B
0F
#66685
b11100011 A
b11100011 G
b11100011 P
b11100011 W
1B
1F
#66690
0B
0F
#66695
1B
1F
#66700
0B
0F
#66705
1B
1F
#66710
0B
0F
#66715
1B
1F
#66720
0B
0F
#66725
1B
1F
#66730
0B
0F
#66735
1B
1F
#66740
0B
0F
#66745
1B
1F
#66750
0B
0F
#66755
1B
1F
#66760
0B
0F
#66765
1B
1F
#66770
0B
0F
#66775
1B
1F
#66780
0B
0F
#66785
1B
1F
#66790
0B
0F
#66795
1B
1F
#66800
0B
0F
#66805
1B
1F
#66810
0B
0F
#66815
1B
1F
#66820
0B
0F
#66825
1B
1F
#66830
0B
0F
#66835
1B
1F
#66840
0B
0F
#66845
1B
1F
#66850
0B
0F
#66855
1B
1F
#66860
0B
0F
#66865
1N
1K
b1 O
1B
1F
0I
0E
b1100 h
b11 g
#66870
0B
0F
#66875
b1 V
1B
1F
#66880
0B
0F
#66885
b10 V
1B
1F
#66890
0B
0F
#66895
b11 V
1B
1F
#66900
0B
0F
#66905
b100 V
1B
1F
#66910
0B
0F
#66915
b101 V
1B
1F
#66920
0B
0F
#66925
b110 V
1B
1F
#66930
0B
0F
#66935
b111 V
1B
1F
#66940
0B
0F
#66945
b1000 V
1B
1F
#66950
0B
0F
#66955
b1001 V
1B
1F
#66960
0B
0F
#66965
b1010 V
1B
1F
#66970
0B
0F
#66975
b1011 V
1B
1F
#66980
0B
0F
#66985
0K
1J
b1100 V
b10 O
1B
1F
1I
1E
#66990
0B
0F
#66995
0N
0J
b0 O
b1000000 S
b1000000 Z
b1000000 ^
b100 U
b0 V
1B
1F
#66996
b10100011 R
b10100011 \
b10100011 `
1Q
#67000
0B
0F
#67005
b10100011 A
b10100011 G
b10100011 P
b10100011 W
1B
1F
#67010
0B
0F
#67015
1B
1F
#67020
0B
0F
#67025
1B
1F
#67030
0B
0F
#67035
1B
1F
#67040
0B
0F
#67045
1B
1F
#67050
0B
0F
#67055
1B
1F
#67060
0B
0F
#67065
1B
1F
#67070
0B
0F
#67075
1B
1F
#67080
0B
0F
#67085
1B
1F
#67090
0B
0F
#67095
1B
1F
#67100
0B
0F
#67105
1B
1F
#67110
0B
0F
#67115
1B
1F
#67120
0B
0F
#67125
1B
1F
#67130
0B
0F
#67135
1B
1F
#67140
0B
0F
#67145
1B
1F
#67150
0B
0F
#67155
1B
1F
#67160
0B
0F
#67165
1B
1F
#67170
0B
0F
#67175
1B
1F
#67180
0B
0F
#67185
1N
1K
b1 O
1B
1F
0I
0E
b1101 h
b100 g
#67190
0B
0F
#67195
b1 V
1B
1F
#67200
0B
0F
#67205
b10 V
1B
1F
#67210
0B
0F
#67215
b11 V
1B
1F
#67220
0B
0F
#67225
b100 V
1B
1F
#67230
0B
0F
#67235
b101 V
1B
1F
#67240
0B
0F
#67245
b110 V
1B
1F
#67250
0B
0F
#67255
b111 V
1B
1F
#67260
0B
0F
#67265
b1000 V
1B
1F
#67270
0B
0F
#67275
b1001 V
1B
1F
#67280
0B
0F
#67285
b1010 V
1B
1F
#67290
0B
0F
#67295
b1011 V
1B
1F
#67300
0B
0F
#67305
b1100 V
1B
1F
#67310
0B
0F
#67315
0K
1J
b10 O
b1101 V
1B
1F
1I
1E
#67320
0B
0F
#67325
0N
0J
b0 V
b101 U
b100000 S
b100000 Z
b100000 ^
b0 O
1B
1F
#67326
b10000011 R
b10000011 \
b10000011 `
#67330
0B
0F
#67335
b10000011 A
b10000011 G
b10000011 P
b10000011 W
1B
1F
#67340
0B
0F
#67345
1B
1F
#67350
0B
0F
#67355
1B
1F
#67360
0B
0F
#67365
1B
1F
#67370
0B
0F
#67375
1B
1F
#67380
0B
0F
#67385
1B
1F
#67390
0B
0F
#67395
1B
1F
#67400
0B
0F
#67405
1B
1F
#67410
0B
0F
#67415
1B
1F
#67420
0B
0F
#67425
1B
1F
#67430
0B
0F
#67435
1B
1F
#67440
0B
0F
#67445
1B
1F
#67450
0B
0F
#67455
1B
1F
#67460
0B
0F
#67465
1B
1F
#67470
0B
0F
#67475
1B
1F
#67480
0B
0F
#67485
1B
1F
#67490
0B
0F
#67495
1B
1F
#67500
0B
0F
#67505
1B
1F
#67510
0B
0F
#67515
1N
1K
b1 O
1B
1F
0I
0E
b1110 h
b101 g
#67520
0B
0F
#67525
b1 V
1B
1F
#67530
0B
0F
#67535
b10 V
1B
1F
#67540
0B
0F
#67545
b11 V
1B
1F
#67550
0B
0F
#67555
b100 V
1B
1F
#67560
0B
0F
#67565
b101 V
1B
1F
#67570
0B
0F
#67575
b110 V
1B
1F
#67580
0B
0F
#67585
b111 V
1B
1F
#67590
0B
0F
#67595
b1000 V
1B
1F
#67600
0B
0F
#67605
b1001 V
1B
1F
#67610
0B
0F
#67615
b1010 V
1B
1F
#67620
0B
0F
#67625
b1011 V
1B
1F
#67630
0B
0F
#67635
b1100 V
1B
1F
#67640
0B
0F
#67645
b1101 V
1B
1F
#67650
0B
0F
#67655
0K
1J
b10 O
b1110 V
1B
1F
1I
1E
#67660
0B
0F
#67665
0N
0J
b0 V
b110 U
b10000 S
b10000 Z
b10000 ^
b0 O
1B
1F
#67666
b1110011 R
b1110011 \
b1110011 `
#67667
0Q
#67670
0B
0F
#67675
b1110011 A
b1110011 G
b1110011 P
b1110011 W
1B
1F
#67680
0B
0F
#67685
1B
1F
#67690
0B
0F
#67695
1B
1F
#67700
0B
0F
#67705
1B
1F
#67710
0B
0F
#67715
1B
1F
#67720
0B
0F
#67725
1B
1F
#67730
0B
0F
#67735
1B
1F
#67740
0B
0F
#67745
1B
1F
#67750
0B
0F
#67755
1B
1F
#67760
0B
0F
#67765
1B
1F
#67770
0B
0F
#67775
1B
1F
#67780
0B
0F
#67785
1B
1F
#67790
0B
0F
#67795
1B
1F
#67800
0B
0F
#67805
1B
1F
#67810
0B
0F
#67815
1B
1F
#67820
0B
0F
#67825
1B
1F
#67830
0B
0F
#67835
1B
1F
#67840
0B
0F
#67845
1B
1F
#67850
0B
0F
#67855
1N
1K
b1 O
1B
1F
0I
0E
b100 h
b110 g
#67860
0B
0F
#67865
b1 V
1B
1F
#67870
0B
0F
#67875
b10 V
1B
1F
#67880
0B
0F
#67885
b11 V
1B
1F
#67890
0B
0F
#67895
0K
1J
b10 O
b100 V
1B
1F
1I
1E
#67900
0B
0F
#67905
0N
0J
1H
b0 V
b111 U
b10001000 S
b10001000 Z
b10001000 ^
b0 O
1B
1F
#67906
b11101011 R
b11101011 \
b11101011 `
#67910
0B
0F
#67915
b11101011 A
b11101011 G
b11101011 P
b11101011 W
1B
1F
#67920
0B
0F
#67925
1B
1F
#67930
0B
0F
#67935
1B
1F
#67940
0B
0F
#67945
1B
1F
#67950
0B
0F
#67955
1B
1F
#67960
0B
0F
#67965
1B
1F
#67970
0B
0F
#67975
1B
1F
#67980
0B
0F
#67985
1B
1F
#67990
0B
0F
#67995
1B
1F
#68000
0B
0F
#68005
1B
1F
#68010
0B
0F
#68015
1B
1F
#68020
0B
0F
#68025
1B
1F
#68030
0B
0F
#68035
1B
1F
#68040
0B
0F
#68045
1B
1F
#68050
0B
0F
#68055
1B
1F
#68060
0B
0F
#68065
1B
1F
#68070
0B
0F
#68075
1B
1F
#68080
0B
0F
#68085
1B
1F
#68090
0B
0F
#68095
1N
1K
b1 O
1B
1F
0I
0E
b1011 h
b111 g
#68100
0B
0F
#68105
b1 V
1B
1F
#68110
0B
0F
#68115
b10 V
1B
1F
#68120
0B
0F
#68125
b11 V
1B
1F
#68130
0B
0F
#68135
b100 V
1B
1F
#68140
0B
0F
#68145
b101 V
1B
1F
#68150
0B
0F
#68155
b110 V
1B
1F
#68160
0B
0F
#68165
b111 V
1B
1F
#68170
0B
0F
#68175
b1000 V
1B
1F
#68180
0B
0F
#68185
b1001 V
1B
1F
#68190
0B
0F
#68195
b1010 V
1B
1F
#68200
0B
0F
#68205
0K
1J
b1011 V
b10 O
1B
1F
1I
1E
#68210
0B
0F
#68215
1L
0J
0H
b11 O
b1000100 S
b1000100 Z
b1000100 ^
b0 U
b0 V
1B
1F
#68216
b10100111 R
b10100111 \
b10100111 `
1Q
#68220
0B
0F
#68225
0N
1M
0L
b0 T
b0 [
b0 _
b100 O
1B
1F
#68226
b1000100 R
b1000100 \
b1000100 `
#68227
0Q
#68230
0B
0F
#68235
0M
1C
b0 O
b0 S
b0 Z
b0 ^
b1000100 A
b1000100 G
b1000100 P
b1000100 W
1?
1Y
1B
1F
#68236
b0 R
b0 \
b0 `
0C
#68240
0B
0F
#68245
b1001001 e
b10101 b
b1111 f
b110100 c
0?
0Y
b0 A
b0 G
b0 P
b0 W
1B
1F
#68250
0B
0F
#68255
1B
1F
#68260
0B
0F
#68265
1B
1F
#68270
0B
0F
#68275
1B
1F
#68280
0B
0F
#68285
1B
1F
#68290
0B
0F
#68295
1B
1F
#68300
0B
0F
#68305
1B
1F
#68310
0B
0F
#68315
1B
1F
#68320
0B
0F
#68325
1B
1F
#68330
0B
0F
#68335
1B
1F
#68340
0B
0F
#68345
1B
1F
#68350
0B
0F
#68355
1B
1F
#68360
0B
0F
#68365
1B
1F
#68370
0B
0F
#68375
1B
1F
#68380
0B
0F
#68385
1B
1F
#68390
0B
0F
#68395
1B
1F
#68400
0B
0F
#68405
1N
1K
b1 O
1B
1F
0I
0E
b110 h
b100101 i
b11111 j
b0 g
#68410
0B
0F
#68415
b1 V
1B
1F
#68420
0B
0F
#68425
b10 V
1B
1F
#68430
0B
0F
#68435
b11 V
1B
1F
#68440
0B
0F
#68445
b100 V
1B
1F
#68450
0B
0F
#68455
b101 V
1B
1F
#68460
0B
0F
#68465
0K
1J
b110 V
b10 O
1B
1F
1I
1E
#68470
0B
0F
#68475
0N
0J
b0 O
b10000000 S
b10000000 Z
b10000000 ^
b1 U
b0 V
1B
1F
#68476
b10000000 R
b10000000 \
b10000000 `
#68480
0B
0F
#68485
b10000000 A
b10000000 G
b10000000 P
b10000000 W
1B
1F
#68490
0B
0F
#68495
1B
1F
#68500
0B
0F
#68505
1B
1F
#68510
0B
0F
#68515
1B
1F
#68520
0B
0F
#68525
1B
1F
#68530
0B
0F
#68535
1B
1F
#68540
0B
0F
#68545
1B
1F
#68550
0B
0F
#68555
1B
1F
#68560
0B
0F
#68565
1B
1F
#68570
0B
0F
#68575
1B
1F
#68580
0B
0F
#68585
1B
1F
#68590
0B
0F
#68595
1B
1F
#68600
0B
0F
#68605
1B
1F
#68610
0B
0F
#68615
1B
1F
#68620
0B
0F
#68625
1B
1F
#68630
0B
0F
#68635
1B
1F
#68640
0B
0F
#68645
1B
1F
#68650
0B
0F
#68655
1B
1F
#68660
0B
0F
#68665
1N
1K
b1 O
1B
1F
0I
0E
b1110 h
b1 g
#68670
0B
0F
#68675
b1 V
1B
1F
#68680
0B
0F
#68685
b10 V
1B
1F
#68690
0B
0F
#68695
b11 V
1B
1F
#68700
0B
0F
#68705
b100 V
1B
1F
#68710
0B
0F
#68715
b101 V
1B
1F
#68720
0B
0F
#68725
b110 V
1B
1F
#68730
0B
0F
#68735
b111 V
1B
1F
#68740
0B
0F
#68745
b1000 V
1B
1F
#68750
0B
0F
#68755
b1001 V
1B
1F
#68760
0B
0F
#68765
b1010 V
1B
1F
#68770
0B
0F
#68775
b1011 V
1B
1F
#68780
0B
0F
#68785
b1100 V
1B
1F
#68790
0B
0F
#68795
b1101 V
1B
1F
#68800
0B
0F
#68805
0K
1J
b1110 V
b10 O
1B
1F
1I
1E
#68810
0B
0F
#68815
0N
0J
b0 O
b1000000 S
b1000000 Z
b1000000 ^
b10 U
b0 V
1B
1F
#68816
b1000000 R
b1000000 \
b1000000 `
1Q
#68817
0Q
#68820
0B
0F
#68825
b1000000 A
b1000000 G
b1000000 P
b1000000 W
1B
1F
#68830
0B
0F
#68835
1B
1F
#68840
0B
0F
#68845
1B
1F
#68850
0B
0F
#68855
1B
1F
#68860
0B
0F
#68865
1B
1F
#68870
0B
0F
#68875
1B
1F
#68880
0B
0F
#68885
1B
1F
#68890
0B
0F
#68895
1B
1F
#68900
0B
0F
#68905
1B
1F
#68910
0B
0F
#68915
1B
1F
#68920
0B
0F
#68925
1B
1F
#68930
0B
0F
#68935
1B
1F
#68940
0B
0F
#68945
1B
1F
#68950
0B
0F
#68955
1B
1F
#68960
0B
0F
#68965
1B
1F
#68970
0B
0F
#68975
1B
1F
#68980
0B
0F
#68985
1B
1F
#68990
0B
0F
#68995
1B
1F
#69000
0B
0F
#69005
1N
1K
b1 O
1B
1F
0I
0E
b10 h
b10 g
#69010
0B
0F
#69015
b1 V
1B
1F
#69020
0B
0F
#69025
0K
1J
b10 V
b10 O
1B
1F
1I
1E
#69030
0B
0F
#69035
0N
0J
b0 O
b10100000 S
b10100000 Z
b10100000 ^
b11 U
b0 V
1B
1F
#69036
b10100000 R
b10100000 \
b10100000 `
#69040
0B
0F
#69045
b10100000 A
b10100000 G
b10100000 P
b10100000 W
1B
1F
#69050
0B
0F
#69055
1B
1F
#69060
0B
0F
#69065
1B
1F
#69070
0B
0F
#69075
1B
1F
#69080
0B
0F
#69085
1B
1F
#69090
0B
0F
#69095
1B
1F
#69100
0B
0F
#69105
1B
1F
#69110
0B
0F
#69115
1B
1F
#69120
0B
0F
#69125
1B
1F
#69130
0B
0F
#69135
1B
1F
#69140
0B
0F
#69145
1B
1F
#69150
0B
0F
#69155
1B
1F
#69160
0B
0F
#69165
1B
1F
#69170
0B
0F
#69175
1B
1F
#69180
0B
0F
#69185
1B
1F
#69190
0B
0F
#69195
1B
1F
#69200
0B
0F
#69205
1B
1F
#69210
0B
0F
#69215
1B
1F
#69220
0B
0F
#69225
1N
1K
b1 O
1B
1F
0I
0E
b1011 h
b11 g
#69230
0B
0F
#69235
b1 V
1B
1F
#69240
0B
0F
#69245
b10 V
1B
1F
#69250
0B
0F
#69255
b11 V
1B
1F
#69260
0B
0F
#69265
b100 V
1B
1F
#69270
0B
0F
#69275
b101 V
1B
1F
#69280
0B
0F
#69285
b110 V
1B
1F
#69290
0B
0F
#69295
b111 V
1B
1F
#69300
0B
0F
#69305
b1000 V
1B
1F
#69310
0B
0F
#69315
b1001 V
1B
1F
#69320
0B
0F
#69325
b1010 V
1B
1F
#69330
0B
0F
#69335
0K
1J
b10 O
b1011 V
1B
1F
1I
1E
#69340
0B
0F
#69345
0N
0J
b0 V
b100 U
b1010000 S
b1010000 Z
b1010000 ^
b0 O
1B
1F
#69346
b1010000 R
b1010000 \
b1010000 `
1Q
#69347
0Q
#69350
0B
0F
#69355
b1010000 A
b1010000 G
b1010000 P
b1010000 W
1B
1F
#69360
0B
0F
#69365
1B
1F
#69370
0B
0F
#69375
1B
1F
#69380
0B
0F
#69385
1B
1F
#69390
0B
0F
#69395
1B
1F
#69400
0B
0F
#69405
1B
1F
#69410
0B
0F
#69415
1B
1F
#69420
0B
0F
#69425
1B
1F
#69430
0B
0F
#69435
1B
1F
#69440
0B
0F
#69445
1B
1F
#69450
0B
0F
#69455
1B
1F
#69460
0B
0F
#69465
1B
1F
#69470
0B
0F
#69475
1B
1F
#69480
0B
0F
#69485
1B
1F
#69490
0B
0F
#69495
1B
1F
#69500
0B
0F
#69505
1B
1F
#69510
0B
0F
#69515
1B
1F
#69520
0B
0F
#69525
1B
1F
#69530
0B
0F
#69535
1N
1K
b1 O
1B
1F
0I
0E
b1100 h
b100 g
#69540
0B
0F
#69545
b1 V
1B
1F
#69550
0B
0F
#69555
b10 V
1B
1F
#69560
0B
0F
#69565
b11 V
1B
1F
#69570
0B
0F
#69575
b100 V
1B
1F
#69580
0B
0F
#69585
b101 V
1B
1F
#69590
0B
0F
#69595
b110 V
1B
1F
#69600
0B
0F
#69605
b111 V
1B
1F
#69610
0B
0F
#69615
b1000 V
1B
1F
#69620
0B
0F
#69625
b1001 V
1B
1F
#69630
0B
0F
#69635
b1010 V
1B
1F
#69640
0B
0F
#69645
b1011 V
1B
1F
#69650
0B
0F
#69655
0K
1J
b10 O
b1100 V
1B
1F
1I
1E
#69660
0B
0F
#69665
0N
0J
b0 V
b101 U
b101000 S
b101000 Z
b101000 ^
b0 O
1B
1F
#69666
b101000 R
b101000 \
b101000 `
#69670
0B
0F
#69675
b101000 A
b101000 G
b101000 P
b101000 W
1B
1F
#69680
0B
0F
#69685
1B
1F
#69690
0B
0F
#69695
1B
1F
#69700
0B
0F
#69705
1B
1F
#69710
0B
0F
#69715
1B
1F
#69720
0B
0F
#69725
1B
1F
#69730
0B
0F
#69735
1B
1F
#69740
0B
0F
#69745
1B
1F
#69750
0B
0F
#69755
1B
1F
#69760
0B
0F
#69765
1B
1F
#69770
0B
0F
#69775
1B
1F
#69780
0B
0F
#69785
1B
1F
#69790
0B
0F
#69795
1B
1F
#69800
0B
0F
#69805
1B
1F
#69810
0B
0F
#69815
1B
1F
#69820
0B
0F
#69825
1B
1F
#69830
0B
0F
#69835
1B
1F
#69840
0B
0F
#69845
1B
1F
#69850
0B
0F
#69855
1N
1K
b1 O
1B
1F
0I
0E
b101 h
b101 g
#69860
0B
0F
#69865
b1 V
1B
1F
#69870
0B
0F
#69875
b10 V
1B
1F
#69880
0B
0F
#69885
b11 V
1B
1F
#69890
0B
0F
#69895
b100 V
1B
1F
#69900
0B
0F
#69905
0K
1J
b101 V
b10 O
1B
1F
1I
1E
#69910
0B
0F
#69915
0N
0J
b0 O
b10010100 S
b10010100 Z
b10010100 ^
b110 U
b0 V
1B
1F
#69916
b10010100 R
b10010100 \
b10010100 `
#69920
0B
0F
#69925
b10010100 A
b10010100 G
b10010100 P
b10010100 W
1B
1F
#69930
0B
0F
#69935
1B
1F
#69940
0B
0F
#69945
1B
1F
#69950
0B
0F
#69955
1B
1F
#69960
0B
0F
#69965
1B
1F
#69970
0B
0F
#69975
1B
1F
#69980
0B
0F
#69985
1B
1F
#69990
0B
0F
#69995
1B
1F
#70000
0B
0F
#70005
1B
1F
#70010
0B
0F
#70015
1B
1F
#70020
0B
0F
#70025
1B
1F
#70030
0B
0F
#70035
1B
1F
#70040
0B
0F
#70045
1B
1F
#70050
0B
0F
#70055
1B
1F
#70060
0B
0F
#70065
1B
1F
#70070
0B
0F
#70075
1B
1F
#70080
0B
0F
#70085
1B
1F
#70090
0B
0F
#70095
1B
1F
#70100
0B
0F
#70105
1N
1K
b1 O
1B
1F
0I
0E
b1110 h
b110 g
#70110
0B
0F
#70115
b1 V
1B
1F
#70120
0B
0F
#70125
b10 V
1B
1F
#70130
0B
0F
#70135
b11 V
1B
1F
#70140
0B
0F
#70145
b100 V
1B
1F
#70150
0B
0F
#70155
b101 V
1B
1F
#70160
0B
0F
#70165
b110 V
1B
1F
#70170
0B
0F
#70175
b111 V
1B
1F
#70180
0B
0F
#70185
b1000 V
1B
1F
#70190
0B
0F
#70195
b1001 V
1B
1F
#70200
0B
0F
#70205
b1010 V
1B
1F
#70210
0B
0F
#70215
b1011 V
1B
1F
#70220
0B
0F
#70225
b1100 V
1B
1F
#70230
0B
0F
#70235
b1101 V
1B
1F
#70240
0B
0F
#70245
0K
1J
b1110 V
b10 O
1B
1F
1I
1E
#70250
0B
0F
#70255
0N
0J
1H
b0 O
b1001010 S
b1001010 Z
b1001010 ^
b111 U
b0 V
1B
1F
#70256
b1001010 R
b1001010 \
b1001010 `
1Q
#70257
0Q
#70260
0B
0F
#70265
b1001010 A
b1001010 G
b1001010 P
b1001010 W
1B
1F
#70270
0B
0F
#70275
1B
1F
#70280
0B
0F
#70285
1B
1F
#70290
0B
0F
#70295
1B
1F
#70300
0B
0F
#70305
1B
1F
#70310
0B
0F
#70315
1B
1F
#70320
0B
0F
#70325
1B
1F
#70330
0B
0F
#70335
1B
1F
#70340
0B
0F
#70345
1B
1F
#70350
0B
0F
#70355
1B
1F
#70360
0B
0F
#70365
1B
1F
#70370
0B
0F
#70375
1B
1F
#70380
0B
0F
#70385
1B
1F
#70390
0B
0F
#70395
1B
1F
#70400
0B
0F
#70405
1B
1F
#70410
0B
0F
#70415
1B
1F
#70420
0B
0F
#70425
1B
1F
#70430
0B
0F
#70435
1B
1F
#70440
0B
0F
#70445
1N
1K
b1 O
1B
1F
0I
0E
b1111 h
b111 g
#70450
0B
0F
#70455
b1 V
1B
1F
#70460
0B
0F
#70465
b10 V
1B
1F
#70470
0B
0F
#70475
b11 V
1B
1F
#70480
0B
0F
#70485
b100 V
1B
1F
#70490
0B
0F
#70495
b101 V
1B
1F
#70500
0B
0F
#70505
b110 V
1B
1F
#70510
0B
0F
#70515
b111 V
1B
1F
#70520
0B
0F
#70525
b1000 V
1B
1F
#70530
0B
0F
#70535
b1001 V
1B
1F
#70540
0B
0F
#70545
b1010 V
1B
1F
#70550
0B
0F
#70555
b1011 V
1B
1F
#70560
0B
0F
#70565
b1100 V
1B
1F
#70570
0B
0F
#70575
b1101 V
1B
1F
#70580
0B
0F
#70585
b1110 V
1B
1F
#70590
0B
0F
#70595
0K
1J
b10 O
b1111 V
1B
1F
1I
1E
#70600
0B
0F
#70605
1L
0J
0H
b0 V
b0 U
b100101 S
b100101 Z
b100101 ^
b11 O
1B
1F
#70606
b100101 R
b100101 \
b100101 `
#70610
0B
0F
#70615
0N
1M
0L
b100 O
b100101 T
b100101 [
b100101 _
1B
1F
#70616
b1001010 R
b1001010 \
b1001010 `
#70620
0B
0F
#70625
0M
1C
1?
1Y
b0 S
b0 Z
b0 ^
b0 O
1B
1F
#70626
b100101 R
b100101 \
b100101 `
0C
#70630
0B
0F
#70635
b1011 e
b11110110 b
b10000 f
b10101 c
b100101 A
b100101 G
b100101 P
b100101 W
0?
0Y
1B
1F
#70640
0B
0F
#70645
1B
1F
#70650
0B
0F
#70655
1B
1F
#70660
0B
0F
#70665
1B
1F
#70670
0B
0F
#70675
1B
1F
#70680
0B
0F
#70685
1B
1F
#70690
0B
0F
#70695
1B
1F
#70700
0B
0F
#70705
1B
1F
#70710
0B
0F
#70715
1B
1F
#70720
0B
0F
#70725
1B
1F
#70730
0B
0F
#70735
1B
1F
#70740
0B
0F
#70745
1B
1F
#70750
0B
0F
#70755
1B
1F
#70760
0B
0F
#70765
1B
1F
#70770
0B
0F
#70775
1B
1F
#70780
0B
0F
#70785
1B
1F
#70790
0B
0F
#70795
1B
1F
b100000 j
b1000 g
#70800
0B
0F
#70805
1B
1F
#70810
0B
0F
#70815
1B
1F
#70820
0B
0F
#70825
1B
1F
#70830
0B
0F
#70835
1B
1F
#70840
0B
0F
#70845
1B
1F
#70850
0B
0F
#70855
1B
1F
#70860
0B
0F
#70865
1B
1F
#70870
0B
0F
#70875
1B
1F
#70880
0B
0F
#70885
1B
1F
#70890
0B
0F
#70895
1B
1F
#70900
0B
0F
#70905
1B
1F
#70910
0B
0F
#70915
1B
1F
#70920
0B
0F
#70925
1B
1F
#70930
0B
0F
#70935
1B
1F
#70940
0B
0F
#70945
1B
1F
#70950
0B
0F
#70955
1B
1F
#70960
0B
0F
#70965
1B
1F
#70970
0B
0F
#70975
1B
1F
#70980
0B
0F
#70985
1B
1F
#70990
0B
0F
#70995
1B
1F
#71000
0B
0F
#71005
1B
1F
#71010
0B
0F
#71015
1B
1F
#71020
0B
0F
#71025
1B
1F
#71030
0B
0F
#71035
1B
1F
#71040
0B
0F
#71045
1B
1F
#71050
0B
0F
#71055
1B
1F
#71060
0B
0F
#71065
1B
1F
#71070
0B
0F
#71075
1B
1F
#71080
0B
0F
#71085
1B
1F
#71090
0B
0F
#71095
1B
1F
#71100
0B
0F
#71105
1B
1F
#71110
0B
0F
#71115
1B
1F
#71120
0B
0F
#71125
1B
1F
#71130
0B
0F
#71135
1B
1F
#71140
0B
0F
#71145
1B
1F
#71150
0B
0F
#71155
1B
1F
#71160
0B
0F
#71165
1B
1F
#71170
0B
0F
#71175
1B
1F
#71180
0B
0F
#71185
1B
1F
#71190
0B
0F
#71195
1B
1F
#71200
0B
0F
#71205
1B
1F
#71210
0B
0F
#71215
1B
1F
#71220
0B
0F
#71225
1B
1F
#71230
0B
0F
#71235
1B
1F
#71240
0B
0F
#71245
1B
1F
#71250
0B
0F
#71255
1B
1F
#71260
0B
0F
#71265
1B
1F
#71270
0B
0F
#71275
1B
1F
#71280
0B
0F
#71285
1B
1F
#71290
0B
0F
#71295
1B
1F
#71300
0B
0F
#71305
1B
1F
#71310
0B
0F
#71315
1B
1F
#71320
0B
0F
#71325
1B
1F
#71330
0B
0F
#71335
1B
1F
#71340
0B
0F
#71345
1B
1F
#71350
0B
0F
#71355
1B
1F
#71360
0B
0F
#71365
1B
1F
#71370
0B
0F
#71375
1B
1F
#71380
0B
0F
#71385
1B
1F
#71390
0B
0F
#71395
1B
1F
#71400
0B
0F
#71405
1B
1F
#71410
0B
0F
#71415
1B
1F
#71420
0B
0F
#71425
1B
1F
#71430
0B
0F
#71435
1B
1F
#71440
0B
0F
#71445
1B
1F
#71450
0B
0F
#71455
1B
1F
#71460
0B
0F
#71465
1B
1F
#71470
0B
0F
#71475
1B
1F
#71480
0B
0F
#71485
1B
1F
#71490
0B
0F
#71495
1B
1F
#71500
0B
0F
#71505
1B
1F
#71510
0B
0F
#71515
1B
1F
#71520
0B
0F
#71525
1B
1F
#71530
0B
0F
#71535
1B
1F
#71540
0B
0F
#71545
1B
1F
#71550
0B
0F
#71555
1B
1F
#71560
0B
0F
#71565
1B
1F
#71570
0B
0F
#71575
1B
1F
#71580
0B
0F
#71585
1B
1F
#71590
0B
0F
#71595
1B
1F
#71600
0B
0F
#71605
1B
1F
#71610
0B
0F
#71615
1B
1F
#71620
0B
0F
#71625
1B
1F
#71630
0B
0F
#71635
1B
1F
#71640
0B
0F
#71645
1B
1F
#71650
0B
0F
#71655
1B
1F
#71660
0B
0F
#71665
1B
1F
#71670
0B
0F
#71675
1B
1F
#71680
0B
0F
#71685
1B
1F
#71690
0B
0F
#71695
1B
1F
#71700
0B
0F
#71705
1B
1F
#71710
0B
0F
#71715
1B
1F
#71720
0B
0F
#71725
1B
1F
#71730
0B
0F
#71735
1B
1F
#71740
0B
0F
#71745
1B
1F
#71750
0B
0F
#71755
1B
1F
#71760
0B
0F
#71765
1B
1F
#71770
0B
0F
#71775
1B
1F
#71780
0B
0F
#71785
1B
1F
#71790
0B
0F
#71795
1B
1F
#71800
0B
0F
#71805
1B
1F
#71810
0B
0F
#71815
1B
1F
#71820
0B
0F
#71825
1B
1F
#71830
0B
0F
#71835
1B
1F
#71840
0B
0F
#71845
1B
1F
#71850
0B
0F
#71855
1B
1F
#71860
0B
0F
#71865
1B
1F
#71870
0B
0F
#71875
1B
1F
#71880
0B
0F
#71885
1B
1F
#71890
0B
0F
#71895
1B
1F
#71900
0B
0F
#71905
1B
1F
#71910
0B
0F
#71915
1B
1F
#71920
0B
0F
#71925
1B
1F
#71930
0B
0F
#71935
1B
1F
#71940
0B
0F
#71945
1B
1F
#71950
0B
0F
#71955
1B
1F
#71960
0B
0F
#71965
1B
1F
#71970
0B
0F
#71975
1B
1F
#71980
0B
0F
#71985
1B
1F
#71990
0B
0F
#71995
1B
1F
#72000
0B
0F
#72005
1B
1F
#72010
0B
0F
#72015
1B
1F
#72020
0B
0F
#72025
1B
1F
#72030
0B
0F
#72035
1B
1F
#72040
0B
0F
#72045
1B
1F
#72050
0B
0F
#72055
1B
1F
#72060
0B
0F
#72065
1B
1F
#72070
0B
0F
#72075
1B
1F
#72080
0B
0F
#72085
1B
1F
#72090
0B
0F
#72095
1B
1F
#72100
0B
0F
#72105
1B
1F
#72110
0B
0F
#72115
1B
1F
#72120
0B
0F
#72125
1B
1F
#72130
0B
0F
#72135
1B
1F
#72140
0B
0F
#72145
1B
1F
#72150
0B
0F
#72155
1B
1F
#72160
0B
0F
#72165
1B
1F
#72170
0B
0F
#72175
1B
1F
#72180
0B
0F
#72185
1B
1F
#72190
0B
0F
#72195
1B
1F
#72200
0B
0F
#72205
1B
1F
#72210
0B
0F
#72215
1B
1F
#72220
0B
0F
#72225
1B
1F
#72230
0B
0F
#72235
1B
1F
#72240
0B
0F
#72245
1B
1F
#72250
0B
0F
#72255
1B
1F
#72260
0B
0F
#72265
1B
1F
#72270
0B
0F
#72275
1B
1F
#72280
0B
0F
#72285
1B
1F
#72290
0B
0F
#72295
1B
1F
#72300
0B
0F
#72305
1B
1F
#72310
0B
0F
#72315
1B
1F
#72320
0B
0F
#72325
1B
1F
#72330
0B
0F
#72335
1B
1F
#72340
0B
0F
#72345
1B
1F
#72350
0B
0F
#72355
1B
1F
#72360
0B
0F
#72365
1B
1F
#72370
0B
0F
#72375
1B
1F
#72380
0B
0F
#72385
1B
1F
#72390
0B
0F
#72395
1B
1F
#72400
0B
0F
#72405
1B
1F
#72410
0B
0F
#72415
1B
1F
#72420
0B
0F
#72425
1B
1F
#72430
0B
0F
#72435
1B
1F
#72440
0B
0F
#72445
1B
1F
#72450
0B
0F
#72455
1B
1F
#72460
0B
0F
#72465
1B
1F
#72470
0B
0F
#72475
1B
1F
#72480
0B
0F
#72485
1B
1F
#72490
0B
0F
#72495
1B
1F
#72500
0B
0F
#72505
1B
1F
#72510
0B
0F
#72515
1B
1F
#72520
0B
0F
#72525
1B
1F
#72530
0B
0F
#72535
1B
1F
#72540
0B
0F
#72545
1B
1F
#72550
0B
0F
#72555
1B
1F
#72560
0B
0F
#72565
1B
1F
#72570
0B
0F
#72575
1B
1F
#72580
0B
0F
#72585
1B
1F
#72590
0B
0F
#72595
1B
1F
#72600
0B
0F
#72605
1B
1F
#72610
0B
0F
#72615
1B
1F
#72620
0B
0F
#72625
1B
1F
#72630
0B
0F
#72635
1B
1F
#72640
0B
0F
#72645
1B
1F
#72650
0B
0F
#72655
1B
1F
#72660
0B
0F
#72665
1B
1F
#72670
0B
0F
#72675
1B
1F
#72680
0B
0F
#72685
1B
1F
#72690
0B
0F
#72695
1B
1F
#72700
0B
0F
#72705
1B
1F
#72710
0B
0F
#72715
1B
1F
#72720
0B
0F
#72725
1B
1F
#72730
0B
0F
#72735
1B
1F
#72740
0B
0F
#72745
1B
1F
#72750
0B
0F
#72755
1B
1F
#72760
0B
0F
#72765
1B
1F
#72770
0B
0F
#72775
1B
1F
#72780
0B
0F
#72785
1B
1F
#72790
0B
0F
#72795
1B
1F
#72800
0B
0F
#72805
1B
1F
#72810
0B
0F
#72815
1B
1F
#72820
0B
0F
#72825
1B
1F
#72830
0B
0F
#72835
1B
1F
#72840
0B
0F
#72845
1B
1F
#72850
0B
0F
#72855
1B
1F
#72860
0B
0F
#72865
1B
1F
#72870
0B
0F
#72875
1B
1F
#72880
0B
0F
#72885
1B
1F
#72890
0B
0F
#72895
1B
1F
#72900
0B
0F
#72905
1B
1F
#72910
0B
0F
#72915
1B
1F
#72920
0B
0F
#72925
1B
1F
#72930
0B
0F
#72935
1B
1F
#72940
0B
0F
#72945
1B
1F
#72950
0B
0F
#72955
1B
1F
#72960
0B
0F
#72965
1B
1F
#72970
0B
0F
#72975
1B
1F
#72980
0B
0F
#72985
1B
1F
#72990
0B
0F
#72995
1B
1F
#73000
0B
0F
#73005
1B
1F
#73010
0B
0F
#73015
1B
1F
#73020
0B
0F
#73025
1B
1F
#73030
0B
0F
#73035
1B
1F
#73040
0B
0F
#73045
1B
1F
#73050
0B
0F
#73055
1B
1F
#73060
0B
0F
#73065
1B
1F
#73070
0B
0F
#73075
1B
1F
#73080
0B
0F
#73085
1B
1F
#73090
0B
0F
#73095
1B
1F
#73100
0B
0F
#73105
1B
1F
#73110
0B
0F
#73115
1B
1F
#73120
0B
0F
#73125
1B
1F
#73130
0B
0F
#73135
1B
1F
#73140
0B
0F
#73145
1B
1F
#73150
0B
0F
#73155
1B
1F
#73160
0B
0F
#73165
1B
1F
#73170
0B
0F
#73175
1B
1F
#73180
0B
0F
#73185
1B
1F
#73190
0B
0F
#73195
1B
1F
#73200
0B
0F
#73205
1B
1F
#73210
0B
0F
#73215
1B
1F
#73220
0B
0F
#73225
1B
1F
#73230
0B
0F
#73235
1B
1F
#73240
0B
0F
#73245
1B
1F
#73250
0B
0F
#73255
1B
1F
#73260
0B
0F
#73265
1B
1F
#73270
0B
0F
#73275
1B
1F
#73280
0B
0F
#73285
1B
1F
#73290
0B
0F
#73295
1B
1F
#73300
0B
0F
#73305
1B
1F
#73310
0B
0F
#73315
1B
1F
#73320
0B
0F
#73325
1B
1F
#73330
0B
0F
#73335
1B
1F
#73340
0B
0F
#73345
1B
1F
#73350
0B
0F
#73355
1B
1F
#73360
0B
0F
#73365
1B
1F
#73370
0B
0F
#73375
1B
1F
#73380
0B
0F
#73385
1B
1F
#73390
0B
0F
#73395
1B
1F
#73400
0B
0F
#73405
1B
1F
#73410
0B
0F
#73415
1B
1F
#73420
0B
0F
#73425
1B
1F
#73430
0B
0F
#73435
1B
1F
#73440
0B
0F
#73445
1B
1F
#73450
0B
0F
#73455
1B
1F
#73460
0B
0F
#73465
1B
1F
#73470
0B
0F
#73475
1B
1F
#73480
0B
0F
#73485
1B
1F
#73490
0B
0F
#73495
1B
1F
#73500
0B
0F
#73505
1B
1F
#73510
0B
0F
#73515
1B
1F
#73520
0B
0F
#73525
1B
1F
#73530
0B
0F
#73535
1B
1F
#73540
0B
0F
#73545
1B
1F
#73550
0B
0F
#73555
1B
1F
#73560
0B
0F
#73565
1B
1F
#73570
0B
0F
#73575
1B
1F
#73580
0B
0F
#73585
1B
1F
#73590
0B
0F
#73595
1B
1F
#73600
0B
0F
#73605
1B
1F
#73610
0B
0F
#73615
1B
1F
#73620
0B
0F
#73625
1B
1F
#73630
0B
0F
#73635
1B
1F
#73640
0B
0F
#73645
1B
1F
#73650
0B
0F
#73655
1B
1F
#73660
0B
0F
#73665
1B
1F
#73670
0B
0F
#73675
1B
1F
#73680
0B
0F
#73685
1B
1F
#73690
0B
0F
#73695
1B
1F
#73700
0B
0F
#73705
1B
1F
#73710
0B
0F
#73715
1B
1F
#73720
0B
0F
#73725
1B
1F
#73730
0B
0F
#73735
1B
1F
#73740
0B
0F
#73745
1B
1F
#73750
0B
0F
#73755
1B
1F
#73760
0B
0F
#73765
1B
1F
#73770
0B
0F
#73775
1B
1F
#73780
0B
0F
#73785
1B
1F
#73790
0B
0F
#73795
1B
1F
#73800
0B
0F
#73805
1B
1F
#73810
0B
0F
#73815
1B
1F
#73820
0B
0F
#73825
1B
1F
#73830
0B
0F
#73835
1B
1F
#73840
0B
0F
#73845
1B
1F
#73850
0B
0F
#73855
1B
1F
#73860
0B
0F
#73865
1B
1F
#73870
0B
0F
#73875
1B
1F
#73880
0B
0F
#73885
1B
1F
#73890
0B
0F
#73895
1B
1F
#73900
0B
0F
#73905
1B
1F
#73910
0B
0F
#73915
1B
1F
#73920
0B
0F
#73925
1B
1F
#73930
0B
0F
#73935
1B
1F
#73940
0B
0F
#73945
1B
1F
#73950
0B
0F
#73955
1B
1F
#73960
0B
0F
#73965
1B
1F
#73970
0B
0F
#73975
1B
1F
#73980
0B
0F
#73985
1B
1F
#73990
0B
0F
#73995
1B
1F
#74000
0B
0F
#74005
1B
1F
#74010
0B
0F
#74015
1B
1F
#74020
0B
0F
#74025
1B
1F
#74030
0B
0F
#74035
1B
1F
#74040
0B
0F
#74045
1B
1F
#74050
0B
0F
#74055
1B
1F
#74060
0B
0F
#74065
1B
1F
#74070
0B
0F
#74075
1B
1F
#74080
0B
0F
#74085
1B
1F
#74090
0B
0F
#74095
1B
1F
#74100
0B
0F
#74105
1B
1F
#74110
0B
0F
#74115
1B
1F
#74120
0B
0F
#74125
1B
1F
#74130
0B
0F
#74135
1B
1F
#74140
0B
0F
#74145
1B
1F
#74150
0B
0F
#74155
1B
1F
#74160
0B
0F
#74165
1B
1F
#74170
0B
0F
#74175
1B
1F
#74180
0B
0F
#74185
1B
1F
#74190
0B
0F
#74195
1B
1F
#74200
0B
0F
#74205
1B
1F
#74210
0B
0F
#74215
1B
1F
#74220
0B
0F
#74225
1B
1F
#74230
0B
0F
#74235
1B
1F
#74240
0B
0F
#74245
1B
1F
#74250
0B
0F
#74255
1B
1F
#74260
0B
0F
#74265
1B
1F
#74270
0B
0F
#74275
1B
1F
#74280
0B
0F
#74285
1B
1F
#74290
0B
0F
#74295
1B
1F
#74300
0B
0F
#74305
1B
1F
#74310
0B
0F
#74315
1B
1F
#74320
0B
0F
#74325
1B
1F
#74330
0B
0F
#74335
1B
1F
#74340
0B
0F
#74345
1B
1F
#74350
0B
0F
#74355
1B
1F
#74360
0B
0F
#74365
1B
1F
#74370
0B
0F
#74375
1B
1F
#74380
0B
0F
#74385
1B
1F
#74390
0B
0F
#74395
1B
1F
#74400
0B
0F
#74405
1B
1F
#74410
0B
0F
#74415
1B
1F
#74420
0B
0F
#74425
1B
1F
#74430
0B
0F
#74435
1B
1F
#74440
0B
0F
#74445
1B
1F
#74450
0B
0F
#74455
1B
1F
#74460
0B
0F
#74465
1B
1F
#74470
0B
0F
#74475
1B
1F
#74480
0B
0F
#74485
1B
1F
#74490
0B
0F
#74495
1B
1F
#74500
0B
0F
#74505
1B
1F
#74510
0B
0F
#74515
1B
1F
#74520
0B
0F
#74525
1B
1F
#74530
0B
0F
#74535
1B
1F
#74540
0B
0F
#74545
1B
1F
#74550
0B
0F
#74555
1B
1F
#74560
0B
0F
#74565
1B
1F
#74570
0B
0F
#74575
1B
1F
#74580
0B
0F
#74585
1B
1F
#74590
0B
0F
#74595
1B
1F
#74600
0B
0F
#74605
1B
1F
#74610
0B
0F
#74615
1B
1F
#74620
0B
0F
#74625
1B
1F
#74630
0B
0F
#74635
1B
1F
#74640
0B
0F
#74645
1B
1F
#74650
0B
0F
#74655
1B
1F
#74660
0B
0F
#74665
1B
1F
#74670
0B
0F
#74675
1B
1F
#74680
0B
0F
#74685
1B
1F
#74690
0B
0F
#74695
1B
1F
#74700
0B
0F
#74705
1B
1F
#74710
0B
0F
#74715
1B
1F
#74720
0B
0F
#74725
1B
1F
#74730
0B
0F
#74735
1B
1F
#74740
0B
0F
#74745
1B
1F
#74750
0B
0F
#74755
1B
1F
#74760
0B
0F
#74765
1B
1F
#74770
0B
0F
#74775
1B
1F
#74780
0B
0F
#74785
1B
1F
#74790
0B
0F
#74795
1B
1F
#74800
0B
0F
#74805
1B
1F
#74810
0B
0F
#74815
1B
1F
#74820
0B
0F
#74825
1B
1F
#74830
0B
0F
#74835
1B
1F
#74840
0B
0F
#74845
1B
1F
#74850
0B
0F
#74855
1B
1F
#74860
0B
0F
#74865
1B
1F
#74870
0B
0F
#74875
1B
1F
#74880
0B
0F
#74885
1B
1F
#74890
0B
0F
#74895
1B
1F
#74900
0B
0F
#74905
1B
1F
#74910
0B
0F
#74915
1B
1F
#74920
0B
0F
#74925
1B
1F
#74930
0B
0F
#74935
1B
1F
#74940
0B
0F
#74945
1B
1F
#74950
0B
0F
#74955
1B
1F
#74960
0B
0F
#74965
1B
1F
#74970
0B
0F
#74975
1B
1F
#74980
0B
0F
#74985
1B
1F
#74990
0B
0F
#74995
1B
1F
#75000
0B
0F
#75005
1B
1F
#75010
0B
0F
#75015
1B
1F
#75020
0B
0F
#75025
1B
1F
#75030
0B
0F
#75035
1B
1F
#75040
0B
0F
#75045
1B
1F
#75050
0B
0F
#75055
1B
1F
#75060
0B
0F
#75065
1B
1F
#75070
0B
0F
#75075
1B
1F
#75080
0B
0F
#75085
1B
1F
#75090
0B
0F
#75095
1B
1F
#75100
0B
0F
#75105
1B
1F
#75110
0B
0F
#75115
1B
1F
#75120
0B
0F
#75125
1B
1F
#75130
0B
0F
#75135
1B
1F
#75140
0B
0F
#75145
1B
1F
#75150
0B
0F
#75155
1B
1F
#75160
0B
0F
#75165
1B
1F
#75170
0B
0F
#75175
1B
1F
#75180
0B
0F
#75185
1B
1F
#75190
0B
0F
#75195
1B
1F
#75200
0B
0F
#75205
1B
1F
#75210
0B
0F
#75215
1B
1F
#75220
0B
0F
#75225
1B
1F
#75230
0B
0F
#75235
1B
1F
#75240
0B
0F
#75245
1B
1F
#75250
0B
0F
#75255
1B
1F
#75260
0B
0F
#75265
1B
1F
#75270
0B
0F
#75275
1B
1F
#75280
0B
0F
#75285
1B
1F
#75290
0B
0F
#75295
1B
1F
#75300
0B
0F
#75305
1B
1F
#75310
0B
0F
#75315
1B
1F
#75320
0B
0F
#75325
1B
1F
#75330
0B
0F
#75335
1B
1F
#75340
0B
0F
#75345
1B
1F
#75350
0B
0F
#75355
1B
1F
#75360
0B
0F
#75365
1B
1F
#75370
0B
0F
#75375
1B
1F
#75380
0B
0F
#75385
1B
1F
#75390
0B
0F
#75395
1B
1F
#75400
0B
0F
#75405
1B
1F
#75410
0B
0F
#75415
1B
1F
#75420
0B
0F
#75425
1B
1F
#75430
0B
0F
#75435
1B
1F
#75440
0B
0F
#75445
1B
1F
#75450
0B
0F
#75455
1B
1F
#75460
0B
0F
#75465
1B
1F
#75470
0B
0F
#75475
1B
1F
#75480
0B
0F
#75485
1B
1F
#75490
0B
0F
#75495
1B
1F
#75500
0B
0F
#75505
1B
1F
#75510
0B
0F
#75515
1B
1F
#75520
0B
0F
#75525
1B
1F
#75530
0B
0F
#75535
1B
1F
#75540
0B
0F
#75545
1B
1F
#75550
0B
0F
#75555
1B
1F
#75560
0B
0F
#75565
1B
1F
#75570
0B
0F
#75575
1B
1F
#75580
0B
0F
#75585
1B
1F
#75590
0B
0F
#75595
1B
1F
#75600
0B
0F
#75605
1B
1F
#75610
0B
0F
#75615
1B
1F
#75620
0B
0F
#75625
1B
1F
#75630
0B
0F
#75635
1B
1F
#75640
0B
0F
#75645
1B
1F
#75650
0B
0F
#75655
1B
1F
#75660
0B
0F
#75665
1B
1F
#75670
0B
0F
#75675
1B
1F
#75680
0B
0F
#75685
1B
1F
#75690
0B
0F
#75695
1B
1F
#75700
0B
0F
#75705
1B
1F
#75710
0B
0F
#75715
1B
1F
#75720
0B
0F
#75725
1B
1F
#75730
0B
0F
#75735
1B
1F
#75740
0B
0F
#75745
1B
1F
#75750
0B
0F
#75755
1B
1F
#75760
0B
0F
#75765
1B
1F
#75770
0B
0F
#75775
1B
1F
#75780
0B
0F
#75785
1B
1F
#75790
0B
0F
#75795
1B
1F
#75800
0B
0F
#75805
1B
1F
#75810
0B
0F
#75815
1B
1F
#75820
0B
0F
#75825
1B
1F
#75830
0B
0F
#75835
1B
1F
#75840
0B
0F
#75845
1B
1F
#75850
0B
0F
#75855
1B
1F
#75860
0B
0F
#75865
1B
1F
#75870
0B
0F
#75875
1B
1F
#75880
0B
0F
#75885
1B
1F
#75890
0B
0F
#75895
1B
1F
#75900
0B
0F
#75905
1B
1F
#75910
0B
0F
#75915
1B
1F
#75920
0B
0F
#75925
1B
1F
#75930
0B
0F
#75935
1B
1F
#75940
0B
0F
#75945
1B
1F
#75950
0B
0F
#75955
1B
1F
#75960
0B
0F
#75965
1B
1F
#75970
0B
0F
#75975
1B
1F
#75980
0B
0F
#75985
1B
1F
#75990
0B
0F
#75995
1B
1F
#76000
0B
0F
#76005
1B
1F
#76010
0B
0F
#76015
1B
1F
#76020
0B
0F
#76025
1B
1F
#76030
0B
0F
#76035
1B
1F
#76040
0B
0F
#76045
1B
1F
#76050
0B
0F
#76055
1B
1F
#76060
0B
0F
#76065
1B
1F
#76070
0B
0F
#76075
1B
1F
#76080
0B
0F
#76085
1B
1F
#76090
0B
0F
#76095
1B
1F
#76100
0B
0F
#76105
1B
1F
#76110
0B
0F
#76115
1B
1F
#76120
0B
0F
#76125
1B
1F
#76130
0B
0F
#76135
1B
1F
#76140
0B
0F
#76145
1B
1F
#76150
0B
0F
#76155
1B
1F
#76160
0B
0F
#76165
1B
1F
#76170
0B
0F
#76175
1B
1F
#76180
0B
0F
#76185
1B
1F
#76190
0B
0F
#76195
1B
1F
#76200
0B
0F
#76205
1B
1F
#76210
0B
0F
#76215
1B
1F
#76220
0B
0F
#76225
1B
1F
#76230
0B
0F
#76235
1B
1F
#76240
0B
0F
#76245
1B
1F
#76250
0B
0F
#76255
1B
1F
#76260
0B
0F
#76265
1B
1F
#76270
0B
0F
#76275
1B
1F
#76280
0B
0F
#76285
1B
1F
#76290
0B
0F
#76295
1B
1F
#76300
0B
0F
#76305
1B
1F
#76310
0B
0F
#76315
1B
1F
#76320
0B
0F
#76325
1B
1F
#76330
0B
0F
#76335
1B
1F
#76340
0B
0F
#76345
1B
1F
#76350
0B
0F
#76355
1B
1F
#76360
0B
0F
#76365
1B
1F
#76370
0B
0F
#76375
1B
1F
#76380
0B
0F
#76385
1B
1F
#76390
0B
0F
#76395
1B
1F
#76400
0B
0F
#76405
1B
1F
#76410
0B
0F
#76415
1B
1F
#76420
0B
0F
#76425
1B
1F
#76430
0B
0F
#76435
1B
1F
#76440
0B
0F
#76445
1B
1F
#76450
0B
0F
#76455
1B
1F
#76460
0B
0F
#76465
1B
1F
#76470
0B
0F
#76475
1B
1F
#76480
0B
0F
#76485
1B
1F
#76490
0B
0F
#76495
1B
1F
#76500
0B
0F
#76505
1B
1F
#76510
0B
0F
#76515
1B
1F
#76520
0B
0F
#76525
1B
1F
#76530
0B
0F
#76535
1B
1F
#76540
0B
0F
#76545
1B
1F
#76550
0B
0F
#76555
1B
1F
#76560
0B
0F
#76565
1B
1F
#76570
0B
0F
#76575
1B
1F
#76580
0B
0F
#76585
1B
1F
#76590
0B
0F
#76595
1B
1F
#76600
0B
0F
#76605
1B
1F
#76610
0B
0F
#76615
1B
1F
#76620
0B
0F
#76625
1B
1F
#76630
0B
0F
#76635
1B
1F
#76640
0B
0F
#76645
1B
1F
#76650
0B
0F
#76655
1B
1F
#76660
0B
0F
#76665
1B
1F
#76670
0B
0F
#76675
1B
1F
#76680
0B
0F
#76685
1B
1F
#76690
0B
0F
#76695
1B
1F
#76700
0B
0F
#76705
1B
1F
#76710
0B
0F
#76715
1B
1F
#76720
0B
0F
#76725
1B
1F
#76730
0B
0F
#76735
1B
1F
#76740
0B
0F
#76745
1B
1F
#76750
0B
0F
#76755
1B
1F
#76760
0B
0F
#76765
1B
1F
#76770
0B
0F
#76775
1B
1F
#76780
0B
0F
#76785
1B
1F
#76790
0B
0F
#76795
1B
1F
#76800
0B
0F
#76805
1B
1F
#76810
0B
0F
#76815
1B
1F
#76820
0B
0F
#76825
1B
1F
#76830
0B
0F
#76835
1B
1F
#76840
0B
0F
#76845
1B
1F
#76850
0B
0F
#76855
1B
1F
#76860
0B
0F
#76865
1B
1F
#76870
0B
0F
#76875
1B
1F
#76880
0B
0F
#76885
1B
1F
#76890
0B
0F
#76895
1B
1F
#76900
0B
0F
#76905
1B
1F
#76910
0B
0F
#76915
1B
1F
#76920
0B
0F
#76925
1B
1F
#76930
0B
0F
#76935
1B
1F
#76940
0B
0F
#76945
1B
1F
#76950
0B
0F
#76955
1B
1F
#76960
0B
0F
#76965
1B
1F
#76970
0B
0F
#76975
1B
1F
#76980
0B
0F
#76985
1B
1F
#76990
0B
0F
#76995
1B
1F
#77000
0B
0F
#77005
1B
1F
#77010
0B
0F
#77015
1B
1F
#77020
0B
0F
#77025
1B
1F
#77030
0B
0F
#77035
1B
1F
#77040
0B
0F
#77045
1B
1F
#77050
0B
0F
#77055
1B
1F
#77060
0B
0F
#77065
1B
1F
#77070
0B
0F
#77075
1B
1F
#77080
0B
0F
#77085
1B
1F
#77090
0B
0F
#77095
1B
1F
#77100
0B
0F
#77105
1B
1F
#77110
0B
0F
#77115
1B
1F
#77120
0B
0F
#77125
1B
1F
#77130
0B
0F
#77135
1B
1F
#77140
0B
0F
#77145
1B
1F
#77150
0B
0F
#77155
1B
1F
#77160
0B
0F
#77165
1B
1F
#77170
0B
0F
#77175
1B
1F
#77180
0B
0F
#77185
1B
1F
#77190
0B
0F
#77195
1B
1F
#77200
0B
0F
#77205
1B
1F
#77210
0B
0F
#77215
1B
1F
#77220
0B
0F
#77225
1B
1F
#77230
0B
0F
#77235
1B
1F
#77240
0B
0F
#77245
1B
1F
#77250
0B
0F
#77255
1B
1F
#77260
0B
0F
#77265
1B
1F
#77270
0B
0F
#77275
1B
1F
#77280
0B
0F
#77285
1B
1F
#77290
0B
0F
#77295
1B
1F
#77300
0B
0F
#77305
1B
1F
#77310
0B
0F
#77315
1B
1F
#77320
0B
0F
#77325
1B
1F
#77330
0B
0F
#77335
1B
1F
#77340
0B
0F
#77345
1B
1F
#77350
0B
0F
#77355
1B
1F
#77360
0B
0F
#77365
1B
1F
#77370
0B
0F
#77375
1B
1F
#77380
0B
0F
#77385
1B
1F
#77390
0B
0F
#77395
1B
1F
#77400
0B
0F
#77405
1B
1F
#77410
0B
0F
#77415
1B
1F
#77420
0B
0F
#77425
1B
1F
#77430
0B
0F
#77435
1B
1F
#77440
0B
0F
#77445
1B
1F
#77450
0B
0F
#77455
1B
1F
#77460
0B
0F
#77465
1B
1F
#77470
0B
0F
#77475
1B
1F
#77480
0B
0F
#77485
1B
1F
#77490
0B
0F
#77495
1B
1F
#77500
0B
0F
#77505
1B
1F
#77510
0B
0F
#77515
1B
1F
#77520
0B
0F
#77525
1B
1F
#77530
0B
0F
#77535
1B
1F
#77540
0B
0F
#77545
1B
1F
#77550
0B
0F
#77555
1B
1F
#77560
0B
0F
#77565
1B
1F
#77570
0B
0F
#77575
1B
1F
#77580
0B
0F
#77585
1B
1F
#77590
0B
0F
#77595
1B
1F
#77600
0B
0F
#77605
1B
1F
#77610
0B
0F
#77615
1B
1F
#77620
0B
0F
#77625
1B
1F
#77630
0B
0F
#77635
1B
1F
#77640
0B
0F
#77645
1B
1F
#77650
0B
0F
#77655
1B
1F
#77660
0B
0F
#77665
1B
1F
#77670
0B
0F
#77675
1B
1F
#77680
0B
0F
#77685
1B
1F
#77690
0B
0F
#77695
1B
1F
#77700
0B
0F
#77705
1B
1F
#77710
0B
0F
#77715
1B
1F
#77720
0B
0F
#77725
1B
1F
#77730
0B
0F
#77735
1B
1F
#77740
0B
0F
#77745
1B
1F
#77750
0B
0F
#77755
1B
1F
#77760
0B
0F
#77765
1B
1F
#77770
0B
0F
#77775
1B
1F
#77780
0B
0F
#77785
1B
1F
#77790
0B
0F
#77795
1B
1F
#77800
0B
0F
#77805
1B
1F
#77810
0B
0F
#77815
1B
1F
#77820
0B
0F
#77825
1B
1F
#77830
0B
0F
#77835
1B
1F
#77840
0B
0F
#77845
1B
1F
#77850
0B
0F
#77855
1B
1F
#77860
0B
0F
#77865
1B
1F
#77870
0B
0F
#77875
1B
1F
#77880
0B
0F
#77885
1B
1F
#77890
0B
0F
#77895
1B
1F
#77900
0B
0F
#77905
1B
1F
#77910
0B
0F
#77915
1B
1F
#77920
0B
0F
#77925
1B
1F
#77930
0B
0F
#77935
1B
1F
#77940
0B
0F
#77945
1B
1F
#77950
0B
0F
#77955
1B
1F
#77960
0B
0F
#77965
1B
1F
#77970
0B
0F
#77975
1B
1F
#77980
0B
0F
#77985
1B
1F
#77990
0B
0F
#77995
1B
1F
#78000
0B
0F
#78005
1B
1F
#78010
0B
0F
#78015
1B
1F
#78020
0B
0F
#78025
1B
1F
#78030
0B
0F
#78035
1B
1F
#78040
0B
0F
#78045
1B
1F
#78050
0B
0F
#78055
1B
1F
#78060
0B
0F
#78065
1B
1F
#78070
0B
0F
#78075
1B
1F
#78080
0B
0F
#78085
1B
1F
#78090
0B
0F
#78095
1B
1F
#78100
0B
0F
#78105
1B
1F
#78110
0B
0F
#78115
1B
1F
#78120
0B
0F
#78125
1B
1F
#78130
0B
0F
#78135
1B
1F
#78140
0B
0F
#78145
1B
1F
#78150
0B
0F
#78155
1B
1F
#78160
0B
0F
#78165
1B
1F
#78170
0B
0F
#78175
1B
1F
#78180
0B
0F
#78185
1B
1F
#78190
0B
0F
#78195
1B
1F
#78200
0B
0F
#78205
1B
1F
#78210
0B
0F
#78215
1B
1F
#78220
0B
0F
#78225
1B
1F
#78230
0B
0F
#78235
1B
1F
#78240
0B
0F
#78245
1B
1F
#78250
0B
0F
#78255
1B
1F
#78260
0B
0F
#78265
1B
1F
#78270
0B
0F
#78275
1B
1F
#78280
0B
0F
#78285
1B
1F
#78290
0B
0F
#78295
1B
1F
#78300
0B
0F
#78305
1B
1F
#78310
0B
0F
#78315
1B
1F
#78320
0B
0F
#78325
1B
1F
#78330
0B
0F
#78335
1B
1F
#78340
0B
0F
#78345
1B
1F
#78350
0B
0F
#78355
1B
1F
#78360
0B
0F
#78365
1B
1F
#78370
0B
0F
#78375
1B
1F
#78380
0B
0F
#78385
1B
1F
#78390
0B
0F
#78395
1B
1F
#78400
0B
0F
#78405
1B
1F
#78410
0B
0F
#78415
1B
1F
#78420
0B
0F
#78425
1B
1F
#78430
0B
0F
#78435
1B
1F
#78440
0B
0F
#78445
1B
1F
#78450
0B
0F
#78455
1B
1F
#78460
0B
0F
#78465
1B
1F
#78470
0B
0F
#78475
1B
1F
#78480
0B
0F
#78485
1B
1F
#78490
0B
0F
#78495
1B
1F
#78500
0B
0F
#78505
1B
1F
#78510
0B
0F
#78515
1B
1F
#78520
0B
0F
#78525
1B
1F
#78530
0B
0F
#78535
1B
1F
#78540
0B
0F
#78545
1B
1F
#78550
0B
0F
#78555
1B
1F
#78560
0B
0F
#78565
1B
1F
#78570
0B
0F
#78575
1B
1F
#78580
0B
0F
#78585
1B
1F
#78590
0B
0F
#78595
1B
1F
#78600
0B
0F
#78605
1B
1F
#78610
0B
0F
#78615
1B
1F
#78620
0B
0F
#78625
1B
1F
#78630
0B
0F
#78635
1B
1F
#78640
0B
0F
#78645
1B
1F
#78650
0B
0F
#78655
1B
1F
#78660
0B
0F
#78665
1B
1F
#78670
0B
0F
#78675
1B
1F
#78680
0B
0F
#78685
1B
1F
#78690
0B
0F
#78695
1B
1F
#78700
0B
0F
#78705
1B
1F
#78710
0B
0F
#78715
1B
1F
#78720
0B
0F
#78725
1B
1F
#78730
0B
0F
#78735
1B
1F
#78740
0B
0F
#78745
1B
1F
#78750
0B
0F
#78755
1B
1F
#78760
0B
0F
#78765
1B
1F
#78770
0B
0F
#78775
1B
1F
#78780
0B
0F
#78785
1B
1F
#78790
0B
0F
#78795
1B
1F
#78800
0B
0F
#78805
1B
1F
#78810
0B
0F
#78815
1B
1F
#78820
0B
0F
#78825
1B
1F
#78830
0B
0F
#78835
1B
1F
#78840
0B
0F
#78845
1B
1F
#78850
0B
0F
#78855
1B
1F
#78860
0B
0F
#78865
1B
1F
#78870
0B
0F
#78875
1B
1F
#78880
0B
0F
#78885
1B
1F
#78890
0B
0F
#78895
1B
1F
#78900
0B
0F
#78905
1B
1F
#78910
0B
0F
#78915
1B
1F
#78920
0B
0F
#78925
1B
1F
#78930
0B
0F
#78935
1B
1F
#78940
0B
0F
#78945
1B
1F
#78950
0B
0F
#78955
1B
1F
#78960
0B
0F
#78965
1B
1F
#78970
0B
0F
#78975
1B
1F
#78980
0B
0F
#78985
1B
1F
#78990
0B
0F
#78995
1B
1F
#79000
0B
0F
#79005
1B
1F
#79010
0B
0F
#79015
1B
1F
#79020
0B
0F
#79025
1B
1F
#79030
0B
0F
#79035
1B
1F
#79040
0B
0F
#79045
1B
1F
#79050
0B
0F
#79055
1B
1F
#79060
0B
0F
#79065
1B
1F
#79070
0B
0F
#79075
1B
1F
#79080
0B
0F
#79085
1B
1F
#79090
0B
0F
#79095
1B
1F
#79100
0B
0F
#79105
1B
1F
#79110
0B
0F
#79115
1B
1F
#79120
0B
0F
#79125
1B
1F
#79130
0B
0F
#79135
1B
1F
#79140
0B
0F
#79145
1B
1F
#79150
0B
0F
#79155
1B
1F
#79160
0B
0F
#79165
1B
1F
#79170
0B
0F
#79175
1B
1F
#79180
0B
0F
#79185
1B
1F
#79190
0B
0F
#79195
1B
1F
#79200
0B
0F
#79205
1B
1F
#79210
0B
0F
#79215
1B
1F
#79220
0B
0F
#79225
1B
1F
#79230
0B
0F
#79235
1B
1F
#79240
0B
0F
#79245
1B
1F
#79250
0B
0F
#79255
1B
1F
#79260
0B
0F
#79265
1B
1F
#79270
0B
0F
#79275
1B
1F
#79280
0B
0F
#79285
1B
1F
#79290
0B
0F
#79295
1B
1F
#79300
0B
0F
#79305
1B
1F
#79310
0B
0F
#79315
1B
1F
#79320
0B
0F
#79325
1B
1F
#79330
0B
0F
#79335
1B
1F
#79340
0B
0F
#79345
1B
1F
#79350
0B
0F
#79355
1B
1F
#79360
0B
0F
#79365
1B
1F
#79370
0B
0F
#79375
1B
1F
#79380
0B
0F
#79385
1B
1F
#79390
0B
0F
#79395
1B
1F
#79400
0B
0F
#79405
1B
1F
#79410
0B
0F
#79415
1B
1F
#79420
0B
0F
#79425
1B
1F
#79430
0B
0F
#79435
1B
1F
#79440
0B
0F
#79445
1B
1F
#79450
0B
0F
#79455
1B
1F
#79460
0B
0F
#79465
1B
1F
#79470
0B
0F
#79475
1B
1F
#79480
0B
0F
#79485
1B
1F
#79490
0B
0F
#79495
1B
1F
#79500
0B
0F
#79505
1B
1F
#79510
0B
0F
#79515
1B
1F
#79520
0B
0F
#79525
1B
1F
#79530
0B
0F
#79535
1B
1F
#79540
0B
0F
#79545
1B
1F
#79550
0B
0F
#79555
1B
1F
#79560
0B
0F
#79565
1B
1F
#79570
0B
0F
#79575
1B
1F
#79580
0B
0F
#79585
1B
1F
#79590
0B
0F
#79595
1B
1F
#79600
0B
0F
#79605
1B
1F
#79610
0B
0F
#79615
1B
1F
#79620
0B
0F
#79625
1B
1F
#79630
0B
0F
#79635
1B
1F
#79640
0B
0F
#79645
1B
1F
#79650
0B
0F
#79655
1B
1F
#79660
0B
0F
#79665
1B
1F
#79670
0B
0F
#79675
1B
1F
#79680
0B
0F
#79685
1B
1F
#79690
0B
0F
#79695
1B
1F
#79700
0B
0F
#79705
1B
1F
#79710
0B
0F
#79715
1B
1F
#79720
0B
0F
#79725
1B
1F
#79730
0B
0F
#79735
1B
1F
#79740
0B
0F
#79745
1B
1F
#79750
0B
0F
#79755
1B
1F
#79760
0B
0F
#79765
1B
1F
#79770
0B
0F
#79775
1B
1F
#79780
0B
0F
#79785
1B
1F
#79790
0B
0F
#79795
1B
1F
#79800
0B
0F
#79805
1B
1F
#79810
0B
0F
#79815
1B
1F
#79820
0B
0F
#79825
1B
1F
#79830
0B
0F
#79835
1B
1F
#79840
0B
0F
#79845
1B
1F
#79850
0B
0F
#79855
1B
1F
#79860
0B
0F
#79865
1B
1F
#79870
0B
0F
#79875
1B
1F
#79880
0B
0F
#79885
1B
1F
#79890
0B
0F
#79895
1B
1F
#79900
0B
0F
#79905
1B
1F
#79910
0B
0F
#79915
1B
1F
#79920
0B
0F
#79925
1B
1F
#79930
0B
0F
#79935
1B
1F
#79940
0B
0F
#79945
1B
1F
#79950
0B
0F
#79955
1B
1F
#79960
0B
0F
#79965
1B
1F
#79970
0B
0F
#79975
1B
1F
#79980
0B
0F
#79985
1B
1F
#79990
0B
0F
#79995
1B
1F
#80000
0B
0F
#80005
1B
1F
#80010
0B
0F
#80015
1B
1F
#80020
0B
0F
#80025
1B
1F
#80030
0B
0F
#80035
1B
1F
#80040
0B
0F
#80045
1B
1F
#80050
0B
0F
#80055
1B
1F
#80060
0B
0F
#80065
1B
1F
#80070
0B
0F
#80075
1B
1F
#80080
0B
0F
#80085
1B
1F
#80090
0B
0F
#80095
1B
1F
#80100
0B
0F
#80105
1B
1F
#80110
0B
0F
#80115
1B
1F
#80120
0B
0F
#80125
1B
1F
#80130
0B
0F
#80135
1B
1F
#80140
0B
0F
#80145
1B
1F
#80150
0B
0F
#80155
1B
1F
#80160
0B
0F
#80165
1B
1F
#80170
0B
0F
#80175
1B
1F
#80180
0B
0F
#80185
1B
1F
#80190
0B
0F
#80195
1B
1F
#80200
0B
0F
#80205
1B
1F
#80210
0B
0F
#80215
1B
1F
#80220
0B
0F
#80225
1B
1F
#80230
0B
0F
#80235
1B
1F
#80240
0B
0F
#80245
1B
1F
#80250
0B
0F
#80255
1B
1F
#80260
0B
0F
#80265
1B
1F
#80270
0B
0F
#80275
1B
1F
#80280
0B
0F
#80285
1B
1F
#80290
0B
0F
#80295
1B
1F
#80300
0B
0F
#80305
1B
1F
#80310
0B
0F
#80315
1B
1F
#80320
0B
0F
#80325
1B
1F
#80330
0B
0F
#80335
1B
1F
#80340
0B
0F
#80345
1B
1F
#80350
0B
0F
#80355
1B
1F
#80360
0B
0F
#80365
1B
1F
#80370
0B
0F
#80375
1B
1F
#80380
0B
0F
#80385
1B
1F
#80390
0B
0F
#80395
1B
1F
#80400
0B
0F
#80405
1B
1F
#80410
0B
0F
#80415
1B
1F
#80420
0B
0F
#80425
1B
1F
#80430
0B
0F
#80435
1B
1F
#80440
0B
0F
#80445
1B
1F
#80450
0B
0F
#80455
1B
1F
#80460
0B
0F
#80465
1B
1F
#80470
0B
0F
#80475
1B
1F
#80480
0B
0F
#80485
1B
1F
#80490
0B
0F
#80495
1B
1F
#80500
0B
0F
#80505
1B
1F
#80510
0B
0F
#80515
1B
1F
#80520
0B
0F
#80525
1B
1F
#80530
0B
0F
#80535
1B
1F
#80540
0B
0F
#80545
1B
1F
#80550
0B
0F
#80555
1B
1F
#80560
0B
0F
#80565
1B
1F
#80570
0B
0F
#80575
1B
1F
#80580
0B
0F
#80585
1B
1F
#80590
0B
0F
#80595
1B
1F
#80600
0B
0F
#80605
1B
1F
#80610
0B
0F
#80615
1B
1F
#80620
0B
0F
#80625
1B
1F
#80630
0B
0F
#80635
1B
1F
#80640
0B
0F
#80645
1B
1F
#80650
0B
0F
#80655
1B
1F
#80660
0B
0F
#80665
1B
1F
#80670
0B
0F
#80675
1B
1F
#80680
0B
0F
#80685
1B
1F
#80690
0B
0F
#80695
1B
1F
#80700
0B
0F
#80705
1B
1F
#80710
0B
0F
#80715
1B
1F
#80720
0B
0F
#80725
1B
1F
#80730
0B
0F
#80735
1B
1F
#80740
0B
0F
#80745
1B
1F
#80750
0B
0F
#80755
1B
1F
#80760
0B
0F
#80765
1B
1F
#80770
0B
0F
#80775
1B
1F
#80780
0B
0F
#80785
1B
1F
#80790
0B
0F
#80795
1B
1F
#80800
0B
0F
#80805
1B
1F
#80810
0B
0F
#80815
1B
1F
#80820
0B
0F
#80825
1B
1F
#80830
0B
0F
#80835
1B
1F
#80840
0B
0F
#80845
1B
1F
#80850
0B
0F
#80855
1B
1F
#80860
0B
0F
#80865
1B
1F
#80870
0B
0F
#80875
1B
1F
#80880
0B
0F
#80885
1B
1F
#80890
0B
0F
#80895
1B
1F
#80900
0B
0F
#80905
1B
1F
#80910
0B
0F
#80915
1B
1F
#80920
0B
0F
#80925
1B
1F
#80930
0B
0F
#80935
1B
1F
#80940
0B
0F
#80945
1B
1F
#80950
0B
0F
#80955
1B
1F
#80960
0B
0F
#80965
1B
1F
#80970
0B
0F
#80975
1B
1F
#80980
0B
0F
#80985
1B
1F
#80990
0B
0F
#80995
1B
1F
#81000
0B
0F
#81005
1B
1F
#81010
0B
0F
#81015
1B
1F
#81020
0B
0F
#81025
1B
1F
#81030
0B
0F
#81035
1B
1F
#81040
0B
0F
#81045
1B
1F
#81050
0B
0F
#81055
1B
1F
#81060
0B
0F
#81065
1B
1F
#81070
0B
0F
#81075
1B
1F
#81080
0B
0F
#81085
1B
1F
#81090
0B
0F
#81095
1B
1F
#81100
0B
0F
#81105
1B
1F
#81110
0B
0F
#81115
1B
1F
#81120
0B
0F
#81125
1B
1F
#81130
0B
0F
#81135
1B
1F
#81140
0B
0F
#81145
1B
1F
#81150
0B
0F
#81155
1B
1F
#81160
0B
0F
#81165
1B
1F
#81170
0B
0F
#81175
1B
1F
#81180
0B
0F
#81185
1B
1F
#81190
0B
0F
#81195
1B
1F
#81200
0B
0F
#81205
1B
1F
#81210
0B
0F
#81215
1B
1F
#81220
0B
0F
#81225
1B
1F
#81230
0B
0F
#81235
1B
1F
#81240
0B
0F
#81245
1B
1F
#81250
0B
0F
#81255
1B
1F
#81260
0B
0F
#81265
1B
1F
#81270
0B
0F
#81275
1B
1F
#81280
0B
0F
#81285
1B
1F
#81290
0B
0F
#81295
1B
1F
#81300
0B
0F
#81305
1B
1F
#81310
0B
0F
#81315
1B
1F
#81320
0B
0F
#81325
1B
1F
#81330
0B
0F
#81335
1B
1F
#81340
0B
0F
#81345
1B
1F
#81350
0B
0F
#81355
1B
1F
#81360
0B
0F
#81365
1B
1F
#81370
0B
0F
#81375
1B
1F
#81380
0B
0F
#81385
1B
1F
#81390
0B
0F
#81395
1B
1F
#81400
0B
0F
#81405
1B
1F
#81410
0B
0F
#81415
1B
1F
#81420
0B
0F
#81425
1B
1F
#81430
0B
0F
#81435
1B
1F
#81440
0B
0F
#81445
1B
1F
#81450
0B
0F
#81455
1B
1F
#81460
0B
0F
#81465
1B
1F
#81470
0B
0F
#81475
1B
1F
#81480
0B
0F
#81485
1B
1F
#81490
0B
0F
#81495
1B
1F
#81500
0B
0F
#81505
1B
1F
#81510
0B
0F
#81515
1B
1F
#81520
0B
0F
#81525
1B
1F
#81530
0B
0F
#81535
1B
1F
#81540
0B
0F
#81545
1B
1F
#81550
0B
0F
#81555
1B
1F
#81560
0B
0F
#81565
1B
1F
#81570
0B
0F
#81575
1B
1F
#81580
0B
0F
#81585
1B
1F
#81590
0B
0F
#81595
1B
1F
#81600
0B
0F
#81605
1B
1F
#81610
0B
0F
#81615
1B
1F
#81620
0B
0F
#81625
1B
1F
#81630
0B
0F
#81635
1B
1F
#81640
0B
0F
#81645
1B
1F
#81650
0B
0F
#81655
1B
1F
#81660
0B
0F
#81665
1B
1F
#81670
0B
0F
#81675
1B
1F
#81680
0B
0F
#81685
1B
1F
#81690
0B
0F
#81695
1B
1F
#81700
0B
0F
#81705
1B
1F
#81710
0B
0F
#81715
1B
1F
#81720
0B
0F
#81725
1B
1F
#81730
0B
0F
#81735
1B
1F
#81740
0B
0F
#81745
1B
1F
#81750
0B
0F
#81755
1B
1F
#81760
0B
0F
#81765
1B
1F
#81770
0B
0F
#81775
1B
1F
#81780
0B
0F
#81785
1B
1F
#81790
0B
0F
#81795
1B
1F
#81800
0B
0F
#81805
1B
1F
#81810
0B
0F
#81815
1B
1F
#81820
0B
0F
#81825
1B
1F
#81830
0B
0F
#81835
1B
1F
#81840
0B
0F
#81845
1B
1F
#81850
0B
0F
#81855
1B
1F
#81860
0B
0F
#81865
1B
1F
#81870
0B
0F
#81875
1B
1F
#81880
0B
0F
#81885
1B
1F
#81890
0B
0F
#81895
1B
1F
#81900
0B
0F
#81905
1B
1F
#81910
0B
0F
#81915
1B
1F
#81920
0B
0F
#81925
1B
1F
#81930
0B
0F
#81935
1B
1F
#81940
0B
0F
#81945
1B
1F
#81950
0B
0F
#81955
1B
1F
#81960
0B
0F
#81965
1B
1F
#81970
0B
0F
#81975
1B
1F
#81980
0B
0F
#81985
1B
1F
#81990
0B
0F
#81995
1B
1F
#82000
0B
0F
#82005
1B
1F
#82010
0B
0F
#82015
1B
1F
#82020
0B
0F
#82025
1B
1F
#82030
0B
0F
#82035
1B
1F
#82040
0B
0F
#82045
1B
1F
#82050
0B
0F
#82055
1B
1F
#82060
0B
0F
#82065
1B
1F
#82070
0B
0F
#82075
1B
1F
#82080
0B
0F
#82085
1B
1F
#82090
0B
0F
#82095
1B
1F
#82100
0B
0F
#82105
1B
1F
#82110
0B
0F
#82115
1B
1F
#82120
0B
0F
#82125
1B
1F
#82130
0B
0F
#82135
1B
1F
#82140
0B
0F
#82145
1B
1F
#82150
0B
0F
#82155
1B
1F
#82160
0B
0F
#82165
1B
1F
#82170
0B
0F
#82175
1B
1F
#82180
0B
0F
#82185
1B
1F
#82190
0B
0F
#82195
1B
1F
#82200
0B
0F
#82205
1B
1F
#82210
0B
0F
#82215
1B
1F
#82220
0B
0F
#82225
1B
1F
#82230
0B
0F
#82235
1B
1F
#82240
0B
0F
#82245
1B
1F
#82250
0B
0F
#82255
1B
1F
#82260
0B
0F
#82265
1B
1F
#82270
0B
0F
#82275
1B
1F
#82280
0B
0F
#82285
1B
1F
#82290
0B
0F
#82295
1B
1F
#82300
0B
0F
#82305
1B
1F
#82310
0B
0F
#82315
1B
1F
#82320
0B
0F
#82325
1B
1F
#82330
0B
0F
#82335
1B
1F
#82340
0B
0F
#82345
1B
1F
#82350
0B
0F
#82355
1B
1F
#82360
0B
0F
#82365
1B
1F
#82370
0B
0F
#82375
1B
1F
#82380
0B
0F
#82385
1B
1F
#82390
0B
0F
#82395
1B
1F
#82400
0B
0F
#82405
1B
1F
#82410
0B
0F
#82415
1B
1F
#82420
0B
0F
#82425
1B
1F
#82430
0B
0F
#82435
1B
1F
#82440
0B
0F
#82445
1B
1F
#82450
0B
0F
#82455
1B
1F
#82460
0B
0F
#82465
1B
1F
#82470
0B
0F
#82475
1B
1F
#82480
0B
0F
#82485
1B
1F
#82490
0B
0F
#82495
1B
1F
#82500
0B
0F
#82505
1B
1F
#82510
0B
0F
#82515
1B
1F
#82520
0B
0F
#82525
1B
1F
#82530
0B
0F
#82535
1B
1F
#82540
0B
0F
#82545
1B
1F
#82550
0B
0F
#82555
1B
1F
#82560
0B
0F
#82565
1B
1F
#82570
0B
0F
#82575
1B
1F
#82580
0B
0F
#82585
1B
1F
#82590
0B
0F
#82595
1B
1F
#82600
0B
0F
#82605
1B
1F
#82610
0B
0F
#82615
1B
1F
#82620
0B
0F
#82625
1B
1F
#82630
0B
0F
#82635
1B
1F
#82640
0B
0F
#82645
1B
1F
#82650
0B
0F
#82655
1B
1F
#82660
0B
0F
#82665
1B
1F
#82670
0B
0F
#82675
1B
1F
#82680
0B
0F
#82685
1B
1F
#82690
0B
0F
#82695
1B
1F
#82700
0B
0F
#82705
1B
1F
#82710
0B
0F
#82715
1B
1F
#82720
0B
0F
#82725
1B
1F
#82730
0B
0F
#82735
1B
1F
#82740
0B
0F
#82745
1B
1F
#82750
0B
0F
#82755
1B
1F
#82760
0B
0F
#82765
1B
1F
#82770
0B
0F
#82775
1B
1F
#82780
0B
0F
#82785
1B
1F
#82790
0B
0F
#82795
1B
1F
#82800
0B
0F
#82805
1B
1F
#82810
0B
0F
#82815
1B
1F
#82820
0B
0F
#82825
1B
1F
#82830
0B
0F
#82835
1B
1F
#82840
0B
0F
#82845
1B
1F
#82850
0B
0F
#82855
1B
1F
#82860
0B
0F
#82865
1B
1F
#82870
0B
0F
#82875
1B
1F
#82880
0B
0F
#82885
1B
1F
#82890
0B
0F
#82895
1B
1F
#82900
0B
0F
#82905
1B
1F
#82910
0B
0F
#82915
1B
1F
#82920
0B
0F
#82925
1B
1F
#82930
0B
0F
#82935
1B
1F
#82940
0B
0F
#82945
1B
1F
#82950
0B
0F
#82955
1B
1F
#82960
0B
0F
#82965
1B
1F
#82970
0B
0F
#82975
1B
1F
#82980
0B
0F
#82985
1B
1F
#82990
0B
0F
#82995
1B
1F
#83000
0B
0F
#83005
1B
1F
#83010
0B
0F
#83015
1B
1F
#83020
0B
0F
#83025
1B
1F
#83030
0B
0F
#83035
1B
1F
#83040
0B
0F
#83045
1B
1F
#83050
0B
0F
#83055
1B
1F
#83060
0B
0F
#83065
1B
1F
#83070
0B
0F
#83075
1B
1F
#83080
0B
0F
#83085
1B
1F
#83090
0B
0F
#83095
1B
1F
#83100
0B
0F
#83105
1B
1F
#83110
0B
0F
#83115
1B
1F
#83120
0B
0F
#83125
1B
1F
#83130
0B
0F
#83135
1B
1F
#83140
0B
0F
#83145
1B
1F
#83150
0B
0F
#83155
1B
1F
#83160
0B
0F
#83165
1B
1F
#83170
0B
0F
#83175
1B
1F
#83180
0B
0F
#83185
1B
1F
#83190
0B
0F
#83195
1B
1F
#83200
0B
0F
#83205
1B
1F
#83210
0B
0F
#83215
1B
1F
#83220
0B
0F
#83225
1B
1F
#83230
0B
0F
#83235
1B
1F
#83240
0B
0F
#83245
1B
1F
#83250
0B
0F
#83255
1B
1F
#83260
0B
0F
#83265
1B
1F
#83270
0B
0F
#83275
1B
1F
#83280
0B
0F
#83285
1B
1F
#83290
0B
0F
#83295
1B
1F
#83300
0B
0F
#83305
1B
1F
#83310
0B
0F
#83315
1B
1F
#83320
0B
0F
#83325
1B
1F
#83330
0B
0F
#83335
1B
1F
#83340
0B
0F
#83345
1B
1F
#83350
0B
0F
#83355
1B
1F
#83360
0B
0F
#83365
1B
1F
#83370
0B
0F
#83375
1B
1F
#83380
0B
0F
#83385
1B
1F
#83390
0B
0F
#83395
1B
1F
#83400
0B
0F
#83405
1B
1F
#83410
0B
0F
#83415
1B
1F
#83420
0B
0F
#83425
1B
1F
#83430
0B
0F
#83435
1B
1F
#83440
0B
0F
#83445
1B
1F
#83450
0B
0F
#83455
1B
1F
#83460
0B
0F
#83465
1B
1F
#83470
0B
0F
#83475
1B
1F
#83480
0B
0F
#83485
1B
1F
#83490
0B
0F
#83495
1B
1F
#83500
0B
0F
#83505
1B
1F
#83510
0B
0F
#83515
1B
1F
#83520
0B
0F
#83525
1B
1F
#83530
0B
0F
#83535
1B
1F
#83540
0B
0F
#83545
1B
1F
#83550
0B
0F
#83555
1B
1F
#83560
0B
0F
#83565
1B
1F
#83570
0B
0F
#83575
1B
1F
#83580
0B
0F
#83585
1B
1F
#83590
0B
0F
#83595
1B
1F
#83600
0B
0F
#83605
1B
1F
#83610
0B
0F
#83615
1B
1F
#83620
0B
0F
#83625
1B
1F
#83630
0B
0F
#83635
1B
1F
#83640
0B
0F
#83645
1B
1F
#83650
0B
0F
#83655
1B
1F
#83660
0B
0F
#83665
1B
1F
#83670
0B
0F
#83675
1B
1F
#83680
0B
0F
#83685
1B
1F
#83690
0B
0F
#83695
1B
1F
#83700
0B
0F
#83705
1B
1F
#83710
0B
0F
#83715
1B
1F
#83720
0B
0F
#83725
1B
1F
#83730
0B
0F
#83735
1B
1F
#83740
0B
0F
#83745
1B
1F
#83750
0B
0F
#83755
1B
1F
#83760
0B
0F
#83765
1B
1F
#83770
0B
0F
#83775
1B
1F
#83780
0B
0F
#83785
1B
1F
#83790
0B
0F
#83795
1B
1F
#83800
0B
0F
#83805
1B
1F
#83810
0B
0F
#83815
1B
1F
#83820
0B
0F
#83825
1B
1F
#83830
0B
0F
#83835
1B
1F
#83840
0B
0F
#83845
1B
1F
#83850
0B
0F
#83855
1B
1F
#83860
0B
0F
#83865
1B
1F
#83870
0B
0F
#83875
1B
1F
#83880
0B
0F
#83885
1B
1F
#83890
0B
0F
#83895
1B
1F
#83900
0B
0F
#83905
1B
1F
#83910
0B
0F
#83915
1B
1F
#83920
0B
0F
#83925
1B
1F
#83930
0B
0F
#83935
1B
1F
#83940
0B
0F
#83945
1B
1F
#83950
0B
0F
#83955
1B
1F
#83960
0B
0F
#83965
1B
1F
#83970
0B
0F
#83975
1B
1F
#83980
0B
0F
#83985
1B
1F
#83990
0B
0F
#83995
1B
1F
#84000
0B
0F
#84005
1B
1F
#84010
0B
0F
#84015
1B
1F
#84020
0B
0F
#84025
1B
1F
#84030
0B
0F
#84035
1B
1F
#84040
0B
0F
#84045
1B
1F
#84050
0B
0F
#84055
1B
1F
#84060
0B
0F
#84065
1B
1F
#84070
0B
0F
#84075
1B
1F
#84080
0B
0F
#84085
1B
1F
#84090
0B
0F
#84095
1B
1F
#84100
0B
0F
#84105
1B
1F
#84110
0B
0F
#84115
1B
1F
#84120
0B
0F
#84125
1B
1F
#84130
0B
0F
#84135
1B
1F
#84140
0B
0F
#84145
1B
1F
#84150
0B
0F
#84155
1B
1F
#84160
0B
0F
#84165
1B
1F
#84170
0B
0F
#84175
1B
1F
#84180
0B
0F
#84185
1B
1F
#84190
0B
0F
#84195
1B
1F
#84200
0B
0F
#84205
1B
1F
#84210
0B
0F
#84215
1B
1F
#84220
0B
0F
#84225
1B
1F
#84230
0B
0F
#84235
1B
1F
#84240
0B
0F
#84245
1B
1F
#84250
0B
0F
#84255
1B
1F
#84260
0B
0F
#84265
1B
1F
#84270
0B
0F
#84275
1B
1F
#84280
0B
0F
#84285
1B
1F
#84290
0B
0F
#84295
1B
1F
#84300
0B
0F
#84305
1B
1F
#84310
0B
0F
#84315
1B
1F
#84320
0B
0F
#84325
1B
1F
#84330
0B
0F
#84335
1B
1F
#84340
0B
0F
#84345
1B
1F
#84350
0B
0F
#84355
1B
1F
#84360
0B
0F
#84365
1B
1F
#84370
0B
0F
#84375
1B
1F
#84380
0B
0F
#84385
1B
1F
#84390
0B
0F
#84395
1B
1F
#84400
0B
0F
#84405
1B
1F
#84410
0B
0F
#84415
1B
1F
#84420
0B
0F
#84425
1B
1F
#84430
0B
0F
#84435
1B
1F
#84440
0B
0F
#84445
1B
1F
#84450
0B
0F
#84455
1B
1F
#84460
0B
0F
#84465
1B
1F
#84470
0B
0F
#84475
1B
1F
#84480
0B
0F
#84485
1B
1F
#84490
0B
0F
#84495
1B
1F
#84500
0B
0F
#84505
1B
1F
#84510
0B
0F
#84515
1B
1F
#84520
0B
0F
#84525
1B
1F
#84530
0B
0F
#84535
1B
1F
#84540
0B
0F
#84545
1B
1F
#84550
0B
0F
#84555
1B
1F
#84560
0B
0F
#84565
1B
1F
#84570
0B
0F
#84575
1B
1F
#84580
0B
0F
#84585
1B
1F
#84590
0B
0F
#84595
1B
1F
#84600
0B
0F
#84605
1B
1F
#84610
0B
0F
#84615
1B
1F
#84620
0B
0F
#84625
1B
1F
#84630
0B
0F
#84635
1B
1F
#84640
0B
0F
#84645
1B
1F
#84650
0B
0F
#84655
1B
1F
#84660
0B
0F
#84665
1B
1F
#84670
0B
0F
#84675
1B
1F
#84680
0B
0F
#84685
1B
1F
#84690
0B
0F
#84695
1B
1F
#84700
0B
0F
#84705
1B
1F
#84710
0B
0F
#84715
1B
1F
#84720
0B
0F
#84725
1B
1F
#84730
0B
0F
#84735
1B
1F
#84740
0B
0F
#84745
1B
1F
#84750
0B
0F
#84755
1B
1F
#84760
0B
0F
#84765
1B
1F
#84770
0B
0F
#84775
1B
1F
#84780
0B
0F
#84785
1B
1F
#84790
0B
0F
#84795
1B
1F
#84800
0B
0F
#84805
1B
1F
#84810
0B
0F
#84815
1B
1F
#84820
0B
0F
#84825
1B
1F
#84830
0B
0F
#84835
1B
1F
#84840
0B
0F
#84845
1B
1F
#84850
0B
0F
#84855
1B
1F
#84860
0B
0F
#84865
1B
1F
#84870
0B
0F
#84875
1B
1F
#84880
0B
0F
#84885
1B
1F
#84890
0B
0F
#84895
1B
1F
#84900
0B
0F
#84905
1B
1F
#84910
0B
0F
#84915
1B
1F
#84920
0B
0F
#84925
1B
1F
#84930
0B
0F
#84935
1B
1F
#84940
0B
0F
#84945
1B
1F
#84950
0B
0F
#84955
1B
1F
#84960
0B
0F
#84965
1B
1F
#84970
0B
0F
#84975
1B
1F
#84980
0B
0F
#84985
1B
1F
#84990
0B
0F
#84995
1B
1F
#85000
0B
0F
#85005
1B
1F
#85010
0B
0F
#85015
1B
1F
#85020
0B
0F
#85025
1B
1F
#85030
0B
0F
#85035
1B
1F
#85040
0B
0F
#85045
1B
1F
#85050
0B
0F
#85055
1B
1F
#85060
0B
0F
#85065
1B
1F
#85070
0B
0F
#85075
1B
1F
#85080
0B
0F
#85085
1B
1F
#85090
0B
0F
#85095
1B
1F
#85100
0B
0F
#85105
1B
1F
#85110
0B
0F
#85115
1B
1F
#85120
0B
0F
#85125
1B
1F
#85130
0B
0F
#85135
1B
1F
#85140
0B
0F
#85145
1B
1F
#85150
0B
0F
#85155
1B
1F
#85160
0B
0F
#85165
1B
1F
#85170
0B
0F
#85175
1B
1F
#85180
0B
0F
#85185
1B
1F
#85190
0B
0F
#85195
1B
1F
#85200
0B
0F
#85205
1B
1F
#85210
0B
0F
#85215
1B
1F
#85220
0B
0F
#85225
1B
1F
#85230
0B
0F
#85235
1B
1F
#85240
0B
0F
#85245
1B
1F
#85250
0B
0F
#85255
1B
1F
#85260
0B
0F
#85265
1B
1F
#85270
0B
0F
#85275
1B
1F
#85280
0B
0F
#85285
1B
1F
#85290
0B
0F
#85295
1B
1F
#85300
0B
0F
#85305
1B
1F
#85310
0B
0F
#85315
1B
1F
#85320
0B
0F
#85325
1B
1F
#85330
0B
0F
#85335
1B
1F
#85340
0B
0F
#85345
1B
1F
#85350
0B
0F
#85355
1B
1F
#85360
0B
0F
#85365
1B
1F
#85370
0B
0F
#85375
1B
1F
#85380
0B
0F
#85385
1B
1F
#85390
0B
0F
#85395
1B
1F
#85400
0B
0F
#85405
1B
1F
#85410
0B
0F
#85415
1B
1F
#85420
0B
0F
#85425
1B
1F
#85430
0B
0F
#85435
1B
1F
#85440
0B
0F
#85445
1B
1F
#85450
0B
0F
#85455
1B
1F
#85460
0B
0F
#85465
1B
1F
#85470
0B
0F
#85475
1B
1F
#85480
0B
0F
#85485
1B
1F
#85490
0B
0F
#85495
1B
1F
#85500
0B
0F
#85505
1B
1F
#85510
0B
0F
#85515
1B
1F
#85520
0B
0F
#85525
1B
1F
#85530
0B
0F
#85535
1B
1F
#85540
0B
0F
#85545
1B
1F
#85550
0B
0F
#85555
1B
1F
#85560
0B
0F
#85565
1B
1F
#85570
0B
0F
#85575
1B
1F
#85580
0B
0F
#85585
1B
1F
#85590
0B
0F
#85595
1B
1F
#85600
0B
0F
#85605
1B
1F
#85610
0B
0F
#85615
1B
1F
#85620
0B
0F
#85625
1B
1F
#85630
0B
0F
#85635
1B
1F
#85640
0B
0F
#85645
1B
1F
#85650
0B
0F
#85655
1B
1F
#85660
0B
0F
#85665
1B
1F
#85670
0B
0F
#85675
1B
1F
#85680
0B
0F
#85685
1B
1F
#85690
0B
0F
#85695
1B
1F
#85700
0B
0F
#85705
1B
1F
#85710
0B
0F
#85715
1B
1F
#85720
0B
0F
#85725
1B
1F
#85730
0B
0F
#85735
1B
1F
#85740
0B
0F
#85745
1B
1F
#85750
0B
0F
#85755
1B
1F
#85760
0B
0F
#85765
1B
1F
#85770
0B
0F
#85775
1B
1F
#85780
0B
0F
#85785
1B
1F
#85790
0B
0F
#85795
1B
1F
#85800
0B
0F
#85805
1B
1F
#85810
0B
0F
#85815
1B
1F
#85820
0B
0F
#85825
1B
1F
#85830
0B
0F
#85835
1B
1F
#85840
0B
0F
#85845
1B
1F
#85850
0B
0F
#85855
1B
1F
#85860
0B
0F
#85865
1B
1F
#85870
0B
0F
#85875
1B
1F
#85880
0B
0F
#85885
1B
1F
#85890
0B
0F
#85895
1B
1F
#85900
0B
0F
#85905
1B
1F
#85910
0B
0F
#85915
1B
1F
#85920
0B
0F
#85925
1B
1F
#85930
0B
0F
#85935
1B
1F
#85940
0B
0F
#85945
1B
1F
#85950
0B
0F
#85955
1B
1F
#85960
0B
0F
#85965
1B
1F
#85970
0B
0F
#85975
1B
1F
#85980
0B
0F
#85985
1B
1F
#85990
0B
0F
#85995
1B
1F
#86000
0B
0F
#86005
1B
1F
#86010
0B
0F
#86015
1B
1F
#86020
0B
0F
#86025
1B
1F
#86030
0B
0F
#86035
1B
1F
#86040
0B
0F
#86045
1B
1F
#86050
0B
0F
#86055
1B
1F
#86060
0B
0F
#86065
1B
1F
#86070
0B
0F
#86075
1B
1F
#86080
0B
0F
#86085
1B
1F
#86090
0B
0F
#86095
1B
1F
#86100
0B
0F
#86105
1B
1F
#86110
0B
0F
#86115
1B
1F
#86120
0B
0F
#86125
1B
1F
#86130
0B
0F
#86135
1B
1F
#86140
0B
0F
#86145
1B
1F
#86150
0B
0F
#86155
1B
1F
#86160
0B
0F
#86165
1B
1F
#86170
0B
0F
#86175
1B
1F
#86180
0B
0F
#86185
1B
1F
#86190
0B
0F
#86195
1B
1F
#86200
0B
0F
#86205
1B
1F
#86210
0B
0F
#86215
1B
1F
#86220
0B
0F
#86225
1B
1F
#86230
0B
0F
#86235
1B
1F
#86240
0B
0F
#86245
1B
1F
#86250
0B
0F
#86255
1B
1F
#86260
0B
0F
#86265
1B
1F
#86270
0B
0F
#86275
1B
1F
#86280
0B
0F
#86285
1B
1F
#86290
0B
0F
#86295
1B
1F
#86300
0B
0F
#86305
1B
1F
#86310
0B
0F
#86315
1B
1F
#86320
0B
0F
#86325
1B
1F
#86330
0B
0F
#86335
1B
1F
#86340
0B
0F
#86345
1B
1F
#86350
0B
0F
#86355
1B
1F
#86360
0B
0F
#86365
1B
1F
#86370
0B
0F
#86375
1B
1F
#86380
0B
0F
#86385
1B
1F
#86390
0B
0F
#86395
1B
1F
#86400
0B
0F
#86405
1B
1F
#86410
0B
0F
#86415
1B
1F
#86420
0B
0F
#86425
1B
1F
#86430
0B
0F
#86435
1B
1F
#86440
0B
0F
#86445
1B
1F
#86450
0B
0F
#86455
1B
1F
#86460
0B
0F
#86465
1B
1F
#86470
0B
0F
#86475
1B
1F
#86480
0B
0F
#86485
1B
1F
#86490
0B
0F
#86495
1B
1F
#86500
0B
0F
#86505
1B
1F
#86510
0B
0F
#86515
1B
1F
#86520
0B
0F
#86525
1B
1F
#86530
0B
0F
#86535
1B
1F
#86540
0B
0F
#86545
1B
1F
#86550
0B
0F
#86555
1B
1F
#86560
0B
0F
#86565
1B
1F
#86570
0B
0F
#86575
1B
1F
#86580
0B
0F
#86585
1B
1F
#86590
0B
0F
#86595
1B
1F
#86600
0B
0F
#86605
1B
1F
#86610
0B
0F
#86615
1B
1F
#86620
0B
0F
#86625
1B
1F
#86630
0B
0F
#86635
1B
1F
#86640
0B
0F
#86645
1B
1F
#86650
0B
0F
#86655
1B
1F
#86660
0B
0F
#86665
1B
1F
#86670
0B
0F
#86675
1B
1F
#86680
0B
0F
#86685
1B
1F
#86690
0B
0F
#86695
1B
1F
#86700
0B
0F
#86705
1B
1F
#86710
0B
0F
#86715
1B
1F
#86720
0B
0F
#86725
1B
1F
#86730
0B
0F
#86735
1B
1F
#86740
0B
0F
#86745
1B
1F
#86750
0B
0F
#86755
1B
1F
#86760
0B
0F
#86765
1B
1F
#86770
0B
0F
#86775
1B
1F
#86780
0B
0F
#86785
1B
1F
#86790
0B
0F
#86795
1B
1F
#86800
0B
0F
#86805
1B
1F
#86810
0B
0F
#86815
1B
1F
#86820
0B
0F
#86825
1B
1F
#86830
0B
0F
#86835
1B
1F
#86840
0B
0F
#86845
1B
1F
#86850
0B
0F
#86855
1B
1F
#86860
0B
0F
#86865
1B
1F
#86870
0B
0F
#86875
1B
1F
#86880
0B
0F
#86885
1B
1F
#86890
0B
0F
#86895
1B
1F
#86900
0B
0F
#86905
1B
1F
#86910
0B
0F
#86915
1B
1F
#86920
0B
0F
#86925
1B
1F
#86930
0B
0F
#86935
1B
1F
#86940
0B
0F
#86945
1B
1F
#86950
0B
0F
#86955
1B
1F
#86960
0B
0F
#86965
1B
1F
#86970
0B
0F
#86975
1B
1F
#86980
0B
0F
#86985
1B
1F
#86990
0B
0F
#86995
1B
1F
#87000
0B
0F
#87005
1B
1F
#87010
0B
0F
#87015
1B
1F
#87020
0B
0F
#87025
1B
1F
#87030
0B
0F
#87035
1B
1F
#87040
0B
0F
#87045
1B
1F
#87050
0B
0F
#87055
1B
1F
#87060
0B
0F
#87065
1B
1F
#87070
0B
0F
#87075
1B
1F
#87080
0B
0F
#87085
1B
1F
#87090
0B
0F
#87095
1B
1F
#87100
0B
0F
#87105
1B
1F
#87110
0B
0F
#87115
1B
1F
#87120
0B
0F
#87125
1B
1F
#87130
0B
0F
#87135
1B
1F
#87140
0B
0F
#87145
1B
1F
#87150
0B
0F
#87155
1B
1F
#87160
0B
0F
#87165
1B
1F
#87170
0B
0F
#87175
1B
1F
#87180
0B
0F
#87185
1B
1F
#87190
0B
0F
#87195
1B
1F
#87200
0B
0F
#87205
1B
1F
#87210
0B
0F
#87215
1B
1F
#87220
0B
0F
#87225
1B
1F
#87230
0B
0F
#87235
1B
1F
#87240
0B
0F
#87245
1B
1F
#87250
0B
0F
#87255
1B
1F
#87260
0B
0F
#87265
1B
1F
#87270
0B
0F
#87275
1B
1F
#87280
0B
0F
#87285
1B
1F
#87290
0B
0F
#87295
1B
1F
#87300
0B
0F
#87305
1B
1F
#87310
0B
0F
#87315
1B
1F
#87320
0B
0F
#87325
1B
1F
#87330
0B
0F
#87335
1B
1F
#87340
0B
0F
#87345
1B
1F
#87350
0B
0F
#87355
1B
1F
#87360
0B
0F
#87365
1B
1F
#87370
0B
0F
#87375
1B
1F
#87380
0B
0F
#87385
1B
1F
#87390
0B
0F
#87395
1B
1F
#87400
0B
0F
#87405
1B
1F
#87410
0B
0F
#87415
1B
1F
#87420
0B
0F
#87425
1B
1F
#87430
0B
0F
#87435
1B
1F
#87440
0B
0F
#87445
1B
1F
#87450
0B
0F
#87455
1B
1F
#87460
0B
0F
#87465
1B
1F
#87470
0B
0F
#87475
1B
1F
#87480
0B
0F
#87485
1B
1F
#87490
0B
0F
#87495
1B
1F
#87500
0B
0F
#87505
1B
1F
#87510
0B
0F
#87515
1B
1F
#87520
0B
0F
#87525
1B
1F
#87530
0B
0F
#87535
1B
1F
#87540
0B
0F
#87545
1B
1F
#87550
0B
0F
#87555
1B
1F
#87560
0B
0F
#87565
1B
1F
#87570
0B
0F
#87575
1B
1F
#87580
0B
0F
#87585
1B
1F
#87590
0B
0F
#87595
1B
1F
#87600
0B
0F
#87605
1B
1F
#87610
0B
0F
#87615
1B
1F
#87620
0B
0F
#87625
1B
1F
#87630
0B
0F
#87635
1B
1F
#87640
0B
0F
#87645
1B
1F
#87650
0B
0F
#87655
1B
1F
#87660
0B
0F
#87665
1B
1F
#87670
0B
0F
#87675
1B
1F
#87680
0B
0F
#87685
1B
1F
#87690
0B
0F
#87695
1B
1F
#87700
0B
0F
#87705
1B
1F
#87710
0B
0F
#87715
1B
1F
#87720
0B
0F
#87725
1B
1F
#87730
0B
0F
#87735
1B
1F
#87740
0B
0F
#87745
1B
1F
#87750
0B
0F
#87755
1B
1F
#87760
0B
0F
#87765
1B
1F
#87770
0B
0F
#87775
1B
1F
#87780
0B
0F
#87785
1B
1F
#87790
0B
0F
#87795
1B
1F
#87800
0B
0F
#87805
1B
1F
#87810
0B
0F
#87815
1B
1F
#87820
0B
0F
#87825
1B
1F
#87830
0B
0F
#87835
1B
1F
#87840
0B
0F
#87845
1B
1F
#87850
0B
0F
#87855
1B
1F
#87860
0B
0F
#87865
1B
1F
#87870
0B
0F
#87875
1B
1F
#87880
0B
0F
#87885
1B
1F
#87890
0B
0F
#87895
1B
1F
#87900
0B
0F
#87905
1B
1F
#87910
0B
0F
#87915
1B
1F
#87920
0B
0F
#87925
1B
1F
#87930
0B
0F
#87935
1B
1F
#87940
0B
0F
#87945
1B
1F
#87950
0B
0F
#87955
1B
1F
#87960
0B
0F
#87965
1B
1F
#87970
0B
0F
#87975
1B
1F
#87980
0B
0F
#87985
1B
1F
#87990
0B
0F
#87995
1B
1F
#88000
0B
0F
#88005
1B
1F
#88010
0B
0F
#88015
1B
1F
#88020
0B
0F
#88025
1B
1F
#88030
0B
0F
#88035
1B
1F
#88040
0B
0F
#88045
1B
1F
#88050
0B
0F
#88055
1B
1F
#88060
0B
0F
#88065
1B
1F
#88070
0B
0F
#88075
1B
1F
#88080
0B
0F
#88085
1B
1F
#88090
0B
0F
#88095
1B
1F
#88100
0B
0F
#88105
1B
1F
#88110
0B
0F
#88115
1B
1F
#88120
0B
0F
#88125
1B
1F
#88130
0B
0F
#88135
1B
1F
#88140
0B
0F
#88145
1B
1F
#88150
0B
0F
#88155
1B
1F
#88160
0B
0F
#88165
1B
1F
#88170
0B
0F
#88175
1B
1F
#88180
0B
0F
#88185
1B
1F
#88190
0B
0F
#88195
1B
1F
#88200
0B
0F
#88205
1B
1F
#88210
0B
0F
#88215
1B
1F
#88220
0B
0F
#88225
1B
1F
#88230
0B
0F
#88235
1B
1F
#88240
0B
0F
#88245
1B
1F
#88250
0B
0F
#88255
1B
1F
#88260
0B
0F
#88265
1B
1F
#88270
0B
0F
#88275
1B
1F
#88280
0B
0F
#88285
1B
1F
#88290
0B
0F
#88295
1B
1F
#88300
0B
0F
#88305
1B
1F
#88310
0B
0F
#88315
1B
1F
#88320
0B
0F
#88325
1B
1F
#88330
0B
0F
#88335
1B
1F
#88340
0B
0F
#88345
1B
1F
#88350
0B
0F
#88355
1B
1F
#88360
0B
0F
#88365
1B
1F
#88370
0B
0F
#88375
1B
1F
#88380
0B
0F
#88385
1B
1F
#88390
0B
0F
#88395
1B
1F
#88400
0B
0F
#88405
1B
1F
#88410
0B
0F
#88415
1B
1F
#88420
0B
0F
#88425
1B
1F
#88430
0B
0F
#88435
1B
1F
#88440
0B
0F
#88445
1B
1F
#88450
0B
0F
#88455
1B
1F
#88460
0B
0F
#88465
1B
1F
#88470
0B
0F
#88475
1B
1F
#88480
0B
0F
#88485
1B
1F
#88490
0B
0F
#88495
1B
1F
#88500
0B
0F
#88505
1B
1F
#88510
0B
0F
#88515
1B
1F
#88520
0B
0F
#88525
1B
1F
#88530
0B
0F
#88535
1B
1F
#88540
0B
0F
#88545
1B
1F
#88550
0B
0F
#88555
1B
1F
#88560
0B
0F
#88565
1B
1F
#88570
0B
0F
#88575
1B
1F
#88580
0B
0F
#88585
1B
1F
#88590
0B
0F
#88595
1B
1F
#88600
0B
0F
#88605
1B
1F
#88610
0B
0F
#88615
1B
1F
#88620
0B
0F
#88625
1B
1F
#88630
0B
0F
#88635
1B
1F
#88640
0B
0F
#88645
1B
1F
#88650
0B
0F
#88655
1B
1F
#88660
0B
0F
#88665
1B
1F
#88670
0B
0F
#88675
1B
1F
#88680
0B
0F
#88685
1B
1F
#88690
0B
0F
#88695
1B
1F
#88700
0B
0F
#88705
1B
1F
#88710
0B
0F
#88715
1B
1F
#88720
0B
0F
#88725
1B
1F
#88730
0B
0F
#88735
1B
1F
#88740
0B
0F
#88745
1B
1F
#88750
0B
0F
#88755
1B
1F
#88760
0B
0F
#88765
1B
1F
#88770
0B
0F
#88775
1B
1F
#88780
0B
0F
#88785
1B
1F
#88790
0B
0F
#88795
1B
1F
#88800
0B
0F
#88805
1B
1F
#88810
0B
0F
#88815
1B
1F
#88820
0B
0F
#88825
1B
1F
#88830
0B
0F
#88835
1B
1F
#88840
0B
0F
#88845
1B
1F
#88850
0B
0F
#88855
1B
1F
#88860
0B
0F
#88865
1B
1F
#88870
0B
0F
#88875
1B
1F
#88880
0B
0F
#88885
1B
1F
#88890
0B
0F
#88895
1B
1F
#88900
0B
0F
#88905
1B
1F
#88910
0B
0F
#88915
1B
1F
#88920
0B
0F
#88925
1B
1F
#88930
0B
0F
#88935
1B
1F
#88940
0B
0F
#88945
1B
1F
#88950
0B
0F
#88955
1B
1F
#88960
0B
0F
#88965
1B
1F
#88970
0B
0F
#88975
1B
1F
#88980
0B
0F
#88985
1B
1F
#88990
0B
0F
#88995
1B
1F
#89000
0B
0F
#89005
1B
1F
#89010
0B
0F
#89015
1B
1F
#89020
0B
0F
#89025
1B
1F
#89030
0B
0F
#89035
1B
1F
#89040
0B
0F
#89045
1B
1F
#89050
0B
0F
#89055
1B
1F
#89060
0B
0F
#89065
1B
1F
#89070
0B
0F
#89075
1B
1F
#89080
0B
0F
#89085
1B
1F
#89090
0B
0F
#89095
1B
1F
#89100
0B
0F
#89105
1B
1F
#89110
0B
0F
#89115
1B
1F
#89120
0B
0F
#89125
1B
1F
#89130
0B
0F
#89135
1B
1F
#89140
0B
0F
#89145
1B
1F
#89150
0B
0F
#89155
1B
1F
#89160
0B
0F
#89165
1B
1F
#89170
0B
0F
#89175
1B
1F
#89180
0B
0F
#89185
1B
1F
#89190
0B
0F
#89195
1B
1F
#89200
0B
0F
#89205
1B
1F
#89210
0B
0F
#89215
1B
1F
#89220
0B
0F
#89225
1B
1F
#89230
0B
0F
#89235
1B
1F
#89240
0B
0F
#89245
1B
1F
#89250
0B
0F
#89255
1B
1F
#89260
0B
0F
#89265
1B
1F
#89270
0B
0F
#89275
1B
1F
#89280
0B
0F
#89285
1B
1F
#89290
0B
0F
#89295
1B
1F
#89300
0B
0F
#89305
1B
1F
#89310
0B
0F
#89315
1B
1F
#89320
0B
0F
#89325
1B
1F
#89330
0B
0F
#89335
1B
1F
#89340
0B
0F
#89345
1B
1F
#89350
0B
0F
#89355
1B
1F
#89360
0B
0F
#89365
1B
1F
#89370
0B
0F
#89375
1B
1F
#89380
0B
0F
#89385
1B
1F
#89390
0B
0F
#89395
1B
1F
#89400
0B
0F
#89405
1B
1F
#89410
0B
0F
#89415
1B
1F
#89420
0B
0F
#89425
1B
1F
#89430
0B
0F
#89435
1B
1F
#89440
0B
0F
#89445
1B
1F
#89450
0B
0F
#89455
1B
1F
#89460
0B
0F
#89465
1B
1F
#89470
0B
0F
#89475
1B
1F
#89480
0B
0F
#89485
1B
1F
#89490
0B
0F
#89495
1B
1F
#89500
0B
0F
#89505
1B
1F
#89510
0B
0F
#89515
1B
1F
#89520
0B
0F
#89525
1B
1F
#89530
0B
0F
#89535
1B
1F
#89540
0B
0F
#89545
1B
1F
#89550
0B
0F
#89555
1B
1F
#89560
0B
0F
#89565
1B
1F
#89570
0B
0F
#89575
1B
1F
#89580
0B
0F
#89585
1B
1F
#89590
0B
0F
#89595
1B
1F
#89600
0B
0F
#89605
1B
1F
#89610
0B
0F
#89615
1B
1F
#89620
0B
0F
#89625
1B
1F
#89630
0B
0F
#89635
1B
1F
#89640
0B
0F
#89645
1B
1F
#89650
0B
0F
#89655
1B
1F
#89660
0B
0F
#89665
1B
1F
#89670
0B
0F
#89675
1B
1F
#89680
0B
0F
#89685
1B
1F
#89690
0B
0F
#89695
1B
1F
#89700
0B
0F
#89705
1B
1F
#89710
0B
0F
#89715
1B
1F
#89720
0B
0F
#89725
1B
1F
#89730
0B
0F
#89735
1B
1F
#89740
0B
0F
#89745
1B
1F
#89750
0B
0F
#89755
1B
1F
#89760
0B
0F
#89765
1B
1F
#89770
0B
0F
#89775
1B
1F
#89780
0B
0F
#89785
1B
1F
#89790
0B
0F
#89795
1B
1F
#89800
0B
0F
#89805
1B
1F
#89810
0B
0F
#89815
1B
1F
#89820
0B
0F
#89825
1B
1F
#89830
0B
0F
#89835
1B
1F
#89840
0B
0F
#89845
1B
1F
#89850
0B
0F
#89855
1B
1F
#89860
0B
0F
#89865
1B
1F
#89870
0B
0F
#89875
1B
1F
#89880
0B
0F
#89885
1B
1F
#89890
0B
0F
#89895
1B
1F
#89900
0B
0F
#89905
1B
1F
#89910
0B
0F
#89915
1B
1F
#89920
0B
0F
#89925
1B
1F
#89930
0B
0F
#89935
1B
1F
#89940
0B
0F
#89945
1B
1F
#89950
0B
0F
#89955
1B
1F
#89960
0B
0F
#89965
1B
1F
#89970
0B
0F
#89975
1B
1F
#89980
0B
0F
#89985
1B
1F
#89990
0B
0F
#89995
1B
1F
#90000
0B
0F
#90005
1B
1F
#90010
0B
0F
#90015
1B
1F
#90020
0B
0F
#90025
1B
1F
#90030
0B
0F
#90035
1B
1F
#90040
0B
0F
#90045
1B
1F
#90050
0B
0F
#90055
1B
1F
#90060
0B
0F
#90065
1B
1F
#90070
0B
0F
#90075
1B
1F
#90080
0B
0F
#90085
1B
1F
#90090
0B
0F
#90095
1B
1F
#90100
0B
0F
#90105
1B
1F
#90110
0B
0F
#90115
1B
1F
#90120
0B
0F
#90125
1B
1F
#90130
0B
0F
#90135
1B
1F
#90140
0B
0F
#90145
1B
1F
#90150
0B
0F
#90155
1B
1F
#90160
0B
0F
#90165
1B
1F
#90170
0B
0F
#90175
1B
1F
#90180
0B
0F
#90185
1B
1F
#90190
0B
0F
#90195
1B
1F
#90200
0B
0F
#90205
1B
1F
#90210
0B
0F
#90215
1B
1F
#90220
0B
0F
#90225
1B
1F
#90230
0B
0F
#90235
1B
1F
#90240
0B
0F
#90245
1B
1F
#90250
0B
0F
#90255
1B
1F
#90260
0B
0F
#90265
1B
1F
#90270
0B
0F
#90275
1B
1F
#90280
0B
0F
#90285
1B
1F
#90290
0B
0F
#90295
1B
1F
#90300
0B
0F
#90305
1B
1F
#90310
0B
0F
#90315
1B
1F
#90320
0B
0F
#90325
1B
1F
#90330
0B
0F
#90335
1B
1F
#90340
0B
0F
#90345
1B
1F
#90350
0B
0F
#90355
1B
1F
#90360
0B
0F
#90365
1B
1F
#90370
0B
0F
#90375
1B
1F
#90380
0B
0F
#90385
1B
1F
#90390
0B
0F
#90395
1B
1F
#90400
0B
0F
#90405
1B
1F
#90410
0B
0F
#90415
1B
1F
#90420
0B
0F
#90425
1B
1F
#90430
0B
0F
#90435
1B
1F
#90440
0B
0F
#90445
1B
1F
#90450
0B
0F
#90455
1B
1F
#90460
0B
0F
#90465
1B
1F
#90470
0B
0F
#90475
1B
1F
#90480
0B
0F
#90485
1B
1F
#90490
0B
0F
#90495
1B
1F
#90500
0B
0F
#90505
1B
1F
#90510
0B
0F
#90515
1B
1F
#90520
0B
0F
#90525
1B
1F
#90530
0B
0F
#90535
1B
1F
#90540
0B
0F
#90545
1B
1F
#90550
0B
0F
#90555
1B
1F
#90560
0B
0F
#90565
1B
1F
#90570
0B
0F
#90575
1B
1F
#90580
0B
0F
#90585
1B
1F
#90590
0B
0F
#90595
1B
1F
#90600
0B
0F
#90605
1B
1F
#90610
0B
0F
#90615
1B
1F
#90620
0B
0F
#90625
1B
1F
#90630
0B
0F
#90635
1B
1F
#90640
0B
0F
#90645
1B
1F
#90650
0B
0F
#90655
1B
1F
#90660
0B
0F
#90665
1B
1F
#90670
0B
0F
#90675
1B
1F
#90680
0B
0F
#90685
1B
1F
#90690
0B
0F
#90695
1B
1F
#90700
0B
0F
#90705
1B
1F
#90710
0B
0F
#90715
1B
1F
#90720
0B
0F
#90725
1B
1F
#90730
0B
0F
#90735
1B
1F
#90740
0B
0F
#90745
1B
1F
#90750
0B
0F
#90755
1B
1F
#90760
0B
0F
#90765
1B
1F
#90770
0B
0F
#90775
1B
1F
#90780
0B
0F
#90785
1B
1F
#90790
0B
0F
#90795
1B
1F
#90800
0B
0F
#90805
1B
1F
#90810
0B
0F
#90815
1B
1F
#90820
0B
0F
#90825
1B
1F
#90830
0B
0F
#90835
1B
1F
#90840
0B
0F
#90845
1B
1F
#90850
0B
0F
#90855
1B
1F
#90860
0B
0F
#90865
1B
1F
#90870
0B
0F
#90875
1B
1F
#90880
0B
0F
#90885
1B
1F
#90890
0B
0F
#90895
1B
1F
#90900
0B
0F
#90905
1B
1F
#90910
0B
0F
#90915
1B
1F
#90920
0B
0F
#90925
1B
1F
#90930
0B
0F
#90935
1B
1F
#90940
0B
0F
#90945
1B
1F
#90950
0B
0F
#90955
1B
1F
#90960
0B
0F
#90965
1B
1F
#90970
0B
0F
#90975
1B
1F
#90980
0B
0F
#90985
1B
1F
#90990
0B
0F
#90995
1B
1F
#91000
0B
0F
#91005
1B
1F
#91010
0B
0F
#91015
1B
1F
#91020
0B
0F
#91025
1B
1F
#91030
0B
0F
#91035
1B
1F
#91040
0B
0F
#91045
1B
1F
#91050
0B
0F
#91055
1B
1F
#91060
0B
0F
#91065
1B
1F
#91070
0B
0F
#91075
1B
1F
#91080
0B
0F
#91085
1B
1F
#91090
0B
0F
#91095
1B
1F
#91100
0B
0F
#91105
1B
1F
#91110
0B
0F
#91115
1B
1F
#91120
0B
0F
#91125
1B
1F
#91130
0B
0F
#91135
1B
1F
#91140
0B
0F
#91145
1B
1F
#91150
0B
0F
#91155
1B
1F
#91160
0B
0F
#91165
1B
1F
#91170
0B
0F
#91175
1B
1F
#91180
0B
0F
#91185
1B
1F
#91190
0B
0F
#91195
1B
1F
#91200
0B
0F
#91205
1B
1F
#91210
0B
0F
#91215
1B
1F
#91220
0B
0F
#91225
1B
1F
#91230
0B
0F
#91235
1B
1F
#91240
0B
0F
#91245
1B
1F
#91250
0B
0F
#91255
1B
1F
#91260
0B
0F
#91265
1B
1F
#91270
0B
0F
#91275
1B
1F
#91280
0B
0F
#91285
1B
1F
#91290
0B
0F
#91295
1B
1F
#91300
0B
0F
#91305
1B
1F
#91310
0B
0F
#91315
1B
1F
#91320
0B
0F
#91325
1B
1F
#91330
0B
0F
#91335
1B
1F
#91340
0B
0F
#91345
1B
1F
#91350
0B
0F
#91355
1B
1F
#91360
0B
0F
#91365
1B
1F
#91370
0B
0F
#91375
1B
1F
#91380
0B
0F
#91385
1B
1F
#91390
0B
0F
#91395
1B
1F
#91400
0B
0F
#91405
1B
1F
#91410
0B
0F
#91415
1B
1F
#91420
0B
0F
#91425
1B
1F
#91430
0B
0F
#91435
1B
1F
#91440
0B
0F
#91445
1B
1F
#91450
0B
0F
#91455
1B
1F
#91460
0B
0F
#91465
1B
1F
#91470
0B
0F
#91475
1B
1F
#91480
0B
0F
#91485
1B
1F
#91490
0B
0F
#91495
1B
1F
#91500
0B
0F
#91505
1B
1F
#91510
0B
0F
#91515
1B
1F
#91520
0B
0F
#91525
1B
1F
#91530
0B
0F
#91535
1B
1F
#91540
0B
0F
#91545
1B
1F
#91550
0B
0F
#91555
1B
1F
#91560
0B
0F
#91565
1B
1F
#91570
0B
0F
#91575
1B
1F
#91580
0B
0F
#91585
1B
1F
#91590
0B
0F
#91595
1B
1F
#91600
0B
0F
#91605
1B
1F
#91610
0B
0F
#91615
1B
1F
#91620
0B
0F
#91625
1B
1F
#91630
0B
0F
#91635
1B
1F
#91640
0B
0F
#91645
1B
1F
#91650
0B
0F
#91655
1B
1F
#91660
0B
0F
#91665
1B
1F
#91670
0B
0F
#91675
1B
1F
#91680
0B
0F
#91685
1B
1F
#91690
0B
0F
#91695
1B
1F
#91700
0B
0F
#91705
1B
1F
#91710
0B
0F
#91715
1B
1F
#91720
0B
0F
#91725
1B
1F
#91730
0B
0F
#91735
1B
1F
#91740
0B
0F
#91745
1B
1F
#91750
0B
0F
#91755
1B
1F
#91760
0B
0F
#91765
1B
1F
#91770
0B
0F
#91775
1B
1F
#91780
0B
0F
#91785
1B
1F
#91790
0B
0F
#91795
1B
1F
#91800
0B
0F
#91805
1B
1F
#91810
0B
0F
#91815
1B
1F
#91820
0B
0F
#91825
1B
1F
#91830
0B
0F
#91835
1B
1F
#91840
0B
0F
#91845
1B
1F
#91850
0B
0F
#91855
1B
1F
#91860
0B
0F
#91865
1B
1F
#91870
0B
0F
#91875
1B
1F
#91880
0B
0F
#91885
1B
1F
#91890
0B
0F
#91895
1B
1F
#91900
0B
0F
#91905
1B
1F
#91910
0B
0F
#91915
1B
1F
#91920
0B
0F
#91925
1B
1F
#91930
0B
0F
#91935
1B
1F
#91940
0B
0F
#91945
1B
1F
#91950
0B
0F
#91955
1B
1F
#91960
0B
0F
#91965
1B
1F
#91970
0B
0F
#91975
1B
1F
#91980
0B
0F
#91985
1B
1F
#91990
0B
0F
#91995
1B
1F
#92000
0B
0F
#92005
1B
1F
#92010
0B
0F
#92015
1B
1F
#92020
0B
0F
#92025
1B
1F
#92030
0B
0F
#92035
1B
1F
#92040
0B
0F
#92045
1B
1F
#92050
0B
0F
#92055
1B
1F
#92060
0B
0F
#92065
1B
1F
#92070
0B
0F
#92075
1B
1F
#92080
0B
0F
#92085
1B
1F
#92090
0B
0F
#92095
1B
1F
#92100
0B
0F
#92105
1B
1F
#92110
0B
0F
#92115
1B
1F
#92120
0B
0F
#92125
1B
1F
#92130
0B
0F
#92135
1B
1F
#92140
0B
0F
#92145
1B
1F
#92150
0B
0F
#92155
1B
1F
#92160
0B
0F
#92165
1B
1F
#92170
0B
0F
#92175
1B
1F
#92180
0B
0F
#92185
1B
1F
#92190
0B
0F
#92195
1B
1F
#92200
0B
0F
#92205
1B
1F
#92210
0B
0F
#92215
1B
1F
#92220
0B
0F
#92225
1B
1F
#92230
0B
0F
#92235
1B
1F
#92240
0B
0F
#92245
1B
1F
#92250
0B
0F
#92255
1B
1F
#92260
0B
0F
#92265
1B
1F
#92270
0B
0F
#92275
1B
1F
#92280
0B
0F
#92285
1B
1F
#92290
0B
0F
#92295
1B
1F
#92300
0B
0F
#92305
1B
1F
#92310
0B
0F
#92315
1B
1F
#92320
0B
0F
#92325
1B
1F
#92330
0B
0F
#92335
1B
1F
#92340
0B
0F
#92345
1B
1F
#92350
0B
0F
#92355
1B
1F
#92360
0B
0F
#92365
1B
1F
#92370
0B
0F
#92375
1B
1F
#92380
0B
0F
#92385
1B
1F
#92390
0B
0F
#92395
1B
1F
#92400
0B
0F
#92405
1B
1F
#92410
0B
0F
#92415
1B
1F
#92420
0B
0F
#92425
1B
1F
#92430
0B
0F
#92435
1B
1F
#92440
0B
0F
#92445
1B
1F
#92450
0B
0F
#92455
1B
1F
#92460
0B
0F
#92465
1B
1F
#92470
0B
0F
#92475
1B
1F
#92480
0B
0F
#92485
1B
1F
#92490
0B
0F
#92495
1B
1F
#92500
0B
0F
#92505
1B
1F
#92510
0B
0F
#92515
1B
1F
#92520
0B
0F
#92525
1B
1F
#92530
0B
0F
#92535
1B
1F
#92540
0B
0F
#92545
1B
1F
#92550
0B
0F
#92555
1B
1F
#92560
0B
0F
#92565
1B
1F
#92570
0B
0F
#92575
1B
1F
#92580
0B
0F
#92585
1B
1F
#92590
0B
0F
#92595
1B
1F
#92600
0B
0F
#92605
1B
1F
#92610
0B
0F
#92615
1B
1F
#92620
0B
0F
#92625
1B
1F
#92630
0B
0F
#92635
1B
1F
#92640
0B
0F
#92645
1B
1F
#92650
0B
0F
#92655
1B
1F
#92660
0B
0F
#92665
1B
1F
#92670
0B
0F
#92675
1B
1F
#92680
0B
0F
#92685
1B
1F
#92690
0B
0F
#92695
1B
1F
#92700
0B
0F
#92705
1B
1F
#92710
0B
0F
#92715
1B
1F
#92720
0B
0F
#92725
1B
1F
#92730
0B
0F
#92735
1B
1F
#92740
0B
0F
#92745
1B
1F
#92750
0B
0F
#92755
1B
1F
#92760
0B
0F
#92765
1B
1F
#92770
0B
0F
#92775
1B
1F
#92780
0B
0F
#92785
1B
1F
#92790
0B
0F
#92795
1B
1F
#92800
0B
0F
#92805
1B
1F
#92810
0B
0F
#92815
1B
1F
#92820
0B
0F
#92825
1B
1F
#92830
0B
0F
#92835
1B
1F
#92840
0B
0F
#92845
1B
1F
#92850
0B
0F
#92855
1B
1F
#92860
0B
0F
#92865
1B
1F
#92870
0B
0F
#92875
1B
1F
#92880
0B
0F
#92885
1B
1F
#92890
0B
0F
#92895
1B
1F
#92900
0B
0F
#92905
1B
1F
#92910
0B
0F
#92915
1B
1F
#92920
0B
0F
#92925
1B
1F
#92930
0B
0F
#92935
1B
1F
#92940
0B
0F
#92945
1B
1F
#92950
0B
0F
#92955
1B
1F
#92960
0B
0F
#92965
1B
1F
#92970
0B
0F
#92975
1B
1F
#92980
0B
0F
#92985
1B
1F
#92990
0B
0F
#92995
1B
1F
#93000
0B
0F
#93005
1B
1F
#93010
0B
0F
#93015
1B
1F
#93020
0B
0F
#93025
1B
1F
#93030
0B
0F
#93035
1B
1F
#93040
0B
0F
#93045
1B
1F
#93050
0B
0F
#93055
1B
1F
#93060
0B
0F
#93065
1B
1F
#93070
0B
0F
#93075
1B
1F
#93080
0B
0F
#93085
1B
1F
#93090
0B
0F
#93095
1B
1F
#93100
0B
0F
#93105
1B
1F
#93110
0B
0F
#93115
1B
1F
#93120
0B
0F
#93125
1B
1F
#93130
0B
0F
#93135
1B
1F
#93140
0B
0F
#93145
1B
1F
#93150
0B
0F
#93155
1B
1F
#93160
0B
0F
#93165
1B
1F
#93170
0B
0F
#93175
1B
1F
#93180
0B
0F
#93185
1B
1F
#93190
0B
0F
#93195
1B
1F
#93200
0B
0F
#93205
1B
1F
#93210
0B
0F
#93215
1B
1F
#93220
0B
0F
#93225
1B
1F
#93230
0B
0F
#93235
1B
1F
#93240
0B
0F
#93245
1B
1F
#93250
0B
0F
#93255
1B
1F
#93260
0B
0F
#93265
1B
1F
#93270
0B
0F
#93275
1B
1F
#93280
0B
0F
#93285
1B
1F
#93290
0B
0F
#93295
1B
1F
#93300
0B
0F
#93305
1B
1F
#93310
0B
0F
#93315
1B
1F
#93320
0B
0F
#93325
1B
1F
#93330
0B
0F
#93335
1B
1F
#93340
0B
0F
#93345
1B
1F
#93350
0B
0F
#93355
1B
1F
#93360
0B
0F
#93365
1B
1F
#93370
0B
0F
#93375
1B
1F
#93380
0B
0F
#93385
1B
1F
#93390
0B
0F
#93395
1B
1F
#93400
0B
0F
#93405
1B
1F
#93410
0B
0F
#93415
1B
1F
#93420
0B
0F
#93425
1B
1F
#93430
0B
0F
#93435
1B
1F
#93440
0B
0F
#93445
1B
1F
#93450
0B
0F
#93455
1B
1F
#93460
0B
0F
#93465
1B
1F
#93470
0B
0F
#93475
1B
1F
#93480
0B
0F
#93485
1B
1F
#93490
0B
0F
#93495
1B
1F
#93500
0B
0F
#93505
1B
1F
#93510
0B
0F
#93515
1B
1F
#93520
0B
0F
#93525
1B
1F
#93530
0B
0F
#93535
1B
1F
#93540
0B
0F
#93545
1B
1F
#93550
0B
0F
#93555
1B
1F
#93560
0B
0F
#93565
1B
1F
#93570
0B
0F
#93575
1B
1F
#93580
0B
0F
#93585
1B
1F
#93590
0B
0F
#93595
1B
1F
#93600
0B
0F
#93605
1B
1F
#93610
0B
0F
#93615
1B
1F
#93620
0B
0F
#93625
1B
1F
#93630
0B
0F
#93635
1B
1F
#93640
0B
0F
#93645
1B
1F
#93650
0B
0F
#93655
1B
1F
#93660
0B
0F
#93665
1B
1F
#93670
0B
0F
#93675
1B
1F
#93680
0B
0F
#93685
1B
1F
#93690
0B
0F
#93695
1B
1F
#93700
0B
0F
#93705
1B
1F
#93710
0B
0F
#93715
1B
1F
#93720
0B
0F
#93725
1B
1F
#93730
0B
0F
#93735
1B
1F
#93740
0B
0F
#93745
1B
1F
#93750
0B
0F
#93755
1B
1F
#93760
0B
0F
#93765
1B
1F
#93770
0B
0F
#93775
1B
1F
#93780
0B
0F
#93785
1B
1F
#93790
0B
0F
#93795
1B
1F
#93800
0B
0F
#93805
1B
1F
#93810
0B
0F
#93815
1B
1F
#93820
0B
0F
#93825
1B
1F
#93830
0B
0F
#93835
1B
1F
#93840
0B
0F
#93845
1B
1F
#93850
0B
0F
#93855
1B
1F
#93860
0B
0F
#93865
1B
1F
#93870
0B
0F
#93875
1B
1F
#93880
0B
0F
#93885
1B
1F
#93890
0B
0F
#93895
1B
1F
#93900
0B
0F
#93905
1B
1F
#93910
0B
0F
#93915
1B
1F
#93920
0B
0F
#93925
1B
1F
#93930
0B
0F
#93935
1B
1F
#93940
0B
0F
#93945
1B
1F
#93950
0B
0F
#93955
1B
1F
#93960
0B
0F
#93965
1B
1F
#93970
0B
0F
#93975
1B
1F
#93980
0B
0F
#93985
1B
1F
#93990
0B
0F
#93995
1B
1F
#94000
0B
0F
#94005
1B
1F
#94010
0B
0F
#94015
1B
1F
#94020
0B
0F
#94025
1B
1F
#94030
0B
0F
#94035
1B
1F
#94040
0B
0F
#94045
1B
1F
#94050
0B
0F
#94055
1B
1F
#94060
0B
0F
#94065
1B
1F
#94070
0B
0F
#94075
1B
1F
#94080
0B
0F
#94085
1B
1F
#94090
0B
0F
#94095
1B
1F
#94100
0B
0F
#94105
1B
1F
#94110
0B
0F
#94115
1B
1F
#94120
0B
0F
#94125
1B
1F
#94130
0B
0F
#94135
1B
1F
#94140
0B
0F
#94145
1B
1F
#94150
0B
0F
#94155
1B
1F
#94160
0B
0F
#94165
1B
1F
#94170
0B
0F
#94175
1B
1F
#94180
0B
0F
#94185
1B
1F
#94190
0B
0F
#94195
1B
1F
#94200
0B
0F
#94205
1B
1F
#94210
0B
0F
#94215
1B
1F
#94220
0B
0F
#94225
1B
1F
#94230
0B
0F
#94235
1B
1F
#94240
0B
0F
#94245
1B
1F
#94250
0B
0F
#94255
1B
1F
#94260
0B
0F
#94265
1B
1F
#94270
0B
0F
#94275
1B
1F
#94280
0B
0F
#94285
1B
1F
#94290
0B
0F
#94295
1B
1F
#94300
0B
0F
#94305
1B
1F
#94310
0B
0F
#94315
1B
1F
#94320
0B
0F
#94325
1B
1F
#94330
0B
0F
#94335
1B
1F
#94340
0B
0F
#94345
1B
1F
#94350
0B
0F
#94355
1B
1F
#94360
0B
0F
#94365
1B
1F
#94370
0B
0F
#94375
1B
1F
#94380
0B
0F
#94385
1B
1F
#94390
0B
0F
#94395
1B
1F
#94400
0B
0F
#94405
1B
1F
#94410
0B
0F
#94415
1B
1F
#94420
0B
0F
#94425
1B
1F
#94430
0B
0F
#94435
1B
1F
#94440
0B
0F
#94445
1B
1F
#94450
0B
0F
#94455
1B
1F
#94460
0B
0F
#94465
1B
1F
#94470
0B
0F
#94475
1B
1F
#94480
0B
0F
#94485
1B
1F
#94490
0B
0F
#94495
1B
1F
#94500
0B
0F
#94505
1B
1F
#94510
0B
0F
#94515
1B
1F
#94520
0B
0F
#94525
1B
1F
#94530
0B
0F
#94535
1B
1F
#94540
0B
0F
#94545
1B
1F
#94550
0B
0F
#94555
1B
1F
#94560
0B
0F
#94565
1B
1F
#94570
0B
0F
#94575
1B
1F
#94580
0B
0F
#94585
1B
1F
#94590
0B
0F
#94595
1B
1F
#94600
0B
0F
#94605
1B
1F
#94610
0B
0F
#94615
1B
1F
#94620
0B
0F
#94625
1B
1F
#94630
0B
0F
#94635
1B
1F
#94640
0B
0F
#94645
1B
1F
#94650
0B
0F
#94655
1B
1F
#94660
0B
0F
#94665
1B
1F
#94670
0B
0F
#94675
1B
1F
#94680
0B
0F
#94685
1B
1F
#94690
0B
0F
#94695
1B
1F
#94700
0B
0F
#94705
1B
1F
#94710
0B
0F
#94715
1B
1F
#94720
0B
0F
#94725
1B
1F
#94730
0B
0F
#94735
1B
1F
#94740
0B
0F
#94745
1B
1F
#94750
0B
0F
#94755
1B
1F
#94760
0B
0F
#94765
1B
1F
#94770
0B
0F
#94775
1B
1F
#94780
0B
0F
#94785
1B
1F
#94790
0B
0F
#94795
1B
1F
#94800
0B
0F
#94805
1B
1F
#94810
0B
0F
#94815
1B
1F
#94820
0B
0F
#94825
1B
1F
#94830
0B
0F
#94835
1B
1F
#94840
0B
0F
#94845
1B
1F
#94850
0B
0F
#94855
1B
1F
#94860
0B
0F
#94865
1B
1F
#94870
0B
0F
#94875
1B
1F
#94880
0B
0F
#94885
1B
1F
#94890
0B
0F
#94895
1B
1F
#94900
0B
0F
#94905
1B
1F
#94910
0B
0F
#94915
1B
1F
#94920
0B
0F
#94925
1B
1F
#94930
0B
0F
#94935
1B
1F
#94940
0B
0F
#94945
1B
1F
#94950
0B
0F
#94955
1B
1F
#94960
0B
0F
#94965
1B
1F
#94970
0B
0F
#94975
1B
1F
#94980
0B
0F
#94985
1B
1F
#94990
0B
0F
#94995
1B
1F
#95000
0B
0F
#95005
1B
1F
#95010
0B
0F
#95015
1B
1F
#95020
0B
0F
#95025
1B
1F
#95030
0B
0F
#95035
1B
1F
#95040
0B
0F
#95045
1B
1F
#95050
0B
0F
#95055
1B
1F
#95060
0B
0F
#95065
1B
1F
#95070
0B
0F
#95075
1B
1F
#95080
0B
0F
#95085
1B
1F
#95090
0B
0F
#95095
1B
1F
#95100
0B
0F
#95105
1B
1F
#95110
0B
0F
#95115
1B
1F
#95120
0B
0F
#95125
1B
1F
#95130
0B
0F
#95135
1B
1F
#95140
0B
0F
#95145
1B
1F
#95150
0B
0F
#95155
1B
1F
#95160
0B
0F
#95165
1B
1F
#95170
0B
0F
#95175
1B
1F
#95180
0B
0F
#95185
1B
1F
#95190
0B
0F
#95195
1B
1F
#95200
0B
0F
#95205
1B
1F
#95210
0B
0F
#95215
1B
1F
#95220
0B
0F
#95225
1B
1F
#95230
0B
0F
#95235
1B
1F
#95240
0B
0F
#95245
1B
1F
#95250
0B
0F
#95255
1B
1F
#95260
0B
0F
#95265
1B
1F
#95270
0B
0F
#95275
1B
1F
#95280
0B
0F
#95285
1B
1F
#95290
0B
0F
#95295
1B
1F
#95300
0B
0F
#95305
1B
1F
#95310
0B
0F
#95315
1B
1F
#95320
0B
0F
#95325
1B
1F
#95330
0B
0F
#95335
1B
1F
#95340
0B
0F
#95345
1B
1F
#95350
0B
0F
#95355
1B
1F
#95360
0B
0F
#95365
1B
1F
#95370
0B
0F
#95375
1B
1F
#95380
0B
0F
#95385
1B
1F
#95390
0B
0F
#95395
1B
1F
#95400
0B
0F
#95405
1B
1F
#95410
0B
0F
#95415
1B
1F
#95420
0B
0F
#95425
1B
1F
#95430
0B
0F
#95435
1B
1F
#95440
0B
0F
#95445
1B
1F
#95450
0B
0F
#95455
1B
1F
#95460
0B
0F
#95465
1B
1F
#95470
0B
0F
#95475
1B
1F
#95480
0B
0F
#95485
1B
1F
#95490
0B
0F
#95495
1B
1F
#95500
0B
0F
#95505
1B
1F
#95510
0B
0F
#95515
1B
1F
#95520
0B
0F
#95525
1B
1F
#95530
0B
0F
#95535
1B
1F
#95540
0B
0F
#95545
1B
1F
#95550
0B
0F
#95555
1B
1F
#95560
0B
0F
#95565
1B
1F
#95570
0B
0F
#95575
1B
1F
#95580
0B
0F
#95585
1B
1F
#95590
0B
0F
#95595
1B
1F
#95600
0B
0F
#95605
1B
1F
#95610
0B
0F
#95615
1B
1F
#95620
0B
0F
#95625
1B
1F
#95630
0B
0F
#95635
1B
1F
#95640
0B
0F
#95645
1B
1F
#95650
0B
0F
#95655
1B
1F
#95660
0B
0F
#95665
1B
1F
#95670
0B
0F
#95675
1B
1F
#95680
0B
0F
#95685
1B
1F
#95690
0B
0F
#95695
1B
1F
#95700
0B
0F
#95705
1B
1F
#95710
0B
0F
#95715
1B
1F
#95720
0B
0F
#95725
1B
1F
#95730
0B
0F
#95735
1B
1F
#95740
0B
0F
#95745
1B
1F
#95750
0B
0F
#95755
1B
1F
#95760
0B
0F
#95765
1B
1F
#95770
0B
0F
#95775
1B
1F
#95780
0B
0F
#95785
1B
1F
#95790
0B
0F
#95795
1B
1F
#95800
0B
0F
#95805
1B
1F
#95810
0B
0F
#95815
1B
1F
#95820
0B
0F
#95825
1B
1F
#95830
0B
0F
#95835
1B
1F
#95840
0B
0F
#95845
1B
1F
#95850
0B
0F
#95855
1B
1F
#95860
0B
0F
#95865
1B
1F
#95870
0B
0F
#95875
1B
1F
#95880
0B
0F
#95885
1B
1F
#95890
0B
0F
#95895
1B
1F
#95900
0B
0F
#95905
1B
1F
#95910
0B
0F
#95915
1B
1F
#95920
0B
0F
#95925
1B
1F
#95930
0B
0F
#95935
1B
1F
#95940
0B
0F
#95945
1B
1F
#95950
0B
0F
#95955
1B
1F
#95960
0B
0F
#95965
1B
1F
#95970
0B
0F
#95975
1B
1F
#95980
0B
0F
#95985
1B
1F
#95990
0B
0F
#95995
1B
1F
#96000
0B
0F
#96005
1B
1F
#96010
0B
0F
#96015
1B
1F
#96020
0B
0F
#96025
1B
1F
#96030
0B
0F
#96035
1B
1F
#96040
0B
0F
#96045
1B
1F
#96050
0B
0F
#96055
1B
1F
#96060
0B
0F
#96065
1B
1F
#96070
0B
0F
#96075
1B
1F
#96080
0B
0F
#96085
1B
1F
#96090
0B
0F
#96095
1B
1F
#96100
0B
0F
#96105
1B
1F
#96110
0B
0F
#96115
1B
1F
#96120
0B
0F
#96125
1B
1F
#96130
0B
0F
#96135
1B
1F
#96140
0B
0F
#96145
1B
1F
#96150
0B
0F
#96155
1B
1F
#96160
0B
0F
#96165
1B
1F
#96170
0B
0F
#96175
1B
1F
#96180
0B
0F
#96185
1B
1F
#96190
0B
0F
#96195
1B
1F
#96200
0B
0F
#96205
1B
1F
#96210
0B
0F
#96215
1B
1F
#96220
0B
0F
#96225
1B
1F
#96230
0B
0F
#96235
1B
1F
#96240
0B
0F
#96245
1B
1F
#96250
0B
0F
#96255
1B
1F
#96260
0B
0F
#96265
1B
1F
#96270
0B
0F
#96275
1B
1F
#96280
0B
0F
#96285
1B
1F
#96290
0B
0F
#96295
1B
1F
#96300
0B
0F
#96305
1B
1F
#96310
0B
0F
#96315
1B
1F
#96320
0B
0F
#96325
1B
1F
#96330
0B
0F
#96335
1B
1F
#96340
0B
0F
#96345
1B
1F
#96350
0B
0F
#96355
1B
1F
#96360
0B
0F
#96365
1B
1F
#96370
0B
0F
#96375
1B
1F
#96380
0B
0F
#96385
1B
1F
#96390
0B
0F
#96395
1B
1F
#96400
0B
0F
#96405
1B
1F
#96410
0B
0F
#96415
1B
1F
#96420
0B
0F
#96425
1B
1F
#96430
0B
0F
#96435
1B
1F
#96440
0B
0F
#96445
1B
1F
#96450
0B
0F
#96455
1B
1F
#96460
0B
0F
#96465
1B
1F
#96470
0B
0F
#96475
1B
1F
#96480
0B
0F
#96485
1B
1F
#96490
0B
0F
#96495
1B
1F
#96500
0B
0F
#96505
1B
1F
#96510
0B
0F
#96515
1B
1F
#96520
0B
0F
#96525
1B
1F
#96530
0B
0F
#96535
1B
1F
#96540
0B
0F
#96545
1B
1F
#96550
0B
0F
#96555
1B
1F
#96560
0B
0F
#96565
1B
1F
#96570
0B
0F
#96575
1B
1F
#96580
0B
0F
#96585
1B
1F
#96590
0B
0F
#96595
1B
1F
#96600
0B
0F
#96605
1B
1F
#96610
0B
0F
#96615
1B
1F
#96620
0B
0F
#96625
1B
1F
#96630
0B
0F
#96635
1B
1F
#96640
0B
0F
#96645
1B
1F
#96650
0B
0F
#96655
1B
1F
#96660
0B
0F
#96665
1B
1F
#96670
0B
0F
#96675
1B
1F
#96680
0B
0F
#96685
1B
1F
#96690
0B
0F
#96695
1B
1F
#96700
0B
0F
#96705
1B
1F
#96710
0B
0F
#96715
1B
1F
#96720
0B
0F
#96725
1B
1F
#96730
0B
0F
#96735
1B
1F
#96740
0B
0F
#96745
1B
1F
#96750
0B
0F
#96755
1B
1F
#96760
0B
0F
#96765
1B
1F
#96770
0B
0F
#96775
1B
1F
#96780
0B
0F
#96785
1B
1F
#96790
0B
0F
#96795
1B
1F
#96800
0B
0F
#96805
1B
1F
#96810
0B
0F
#96815
1B
1F
#96820
0B
0F
#96825
1B
1F
#96830
0B
0F
#96835
1B
1F
#96840
0B
0F
#96845
1B
1F
#96850
0B
0F
#96855
1B
1F
#96860
0B
0F
#96865
1B
1F
#96870
0B
0F
#96875
1B
1F
#96880
0B
0F
#96885
1B
1F
#96890
0B
0F
#96895
1B
1F
#96900
0B
0F
#96905
1B
1F
#96910
0B
0F
#96915
1B
1F
#96920
0B
0F
#96925
1B
1F
#96930
0B
0F
#96935
1B
1F
#96940
0B
0F
#96945
1B
1F
#96950
0B
0F
#96955
1B
1F
#96960
0B
0F
#96965
1B
1F
#96970
0B
0F
#96975
1B
1F
#96980
0B
0F
#96985
1B
1F
#96990
0B
0F
#96995
1B
1F
#97000
0B
0F
#97005
1B
1F
#97010
0B
0F
#97015
1B
1F
#97020
0B
0F
#97025
1B
1F
#97030
0B
0F
#97035
1B
1F
#97040
0B
0F
#97045
1B
1F
#97050
0B
0F
#97055
1B
1F
#97060
0B
0F
#97065
1B
1F
#97070
0B
0F
#97075
1B
1F
#97080
0B
0F
#97085
1B
1F
#97090
0B
0F
#97095
1B
1F
#97100
0B
0F
#97105
1B
1F
#97110
0B
0F
#97115
1B
1F
#97120
0B
0F
#97125
1B
1F
#97130
0B
0F
#97135
1B
1F
#97140
0B
0F
#97145
1B
1F
#97150
0B
0F
#97155
1B
1F
#97160
0B
0F
#97165
1B
1F
#97170
0B
0F
#97175
1B
1F
#97180
0B
0F
#97185
1B
1F
#97190
0B
0F
#97195
1B
1F
#97200
0B
0F
#97205
1B
1F
#97210
0B
0F
#97215
1B
1F
#97220
0B
0F
#97225
1B
1F
#97230
0B
0F
#97235
1B
1F
#97240
0B
0F
#97245
1B
1F
#97250
0B
0F
#97255
1B
1F
#97260
0B
0F
#97265
1B
1F
#97270
0B
0F
#97275
1B
1F
#97280
0B
0F
#97285
1B
1F
#97290
0B
0F
#97295
1B
1F
#97300
0B
0F
#97305
1B
1F
#97310
0B
0F
#97315
1B
1F
#97320
0B
0F
#97325
1B
1F
#97330
0B
0F
#97335
1B
1F
#97340
0B
0F
#97345
1B
1F
#97350
0B
0F
#97355
1B
1F
#97360
0B
0F
#97365
1B
1F
#97370
0B
0F
#97375
1B
1F
#97380
0B
0F
#97385
1B
1F
#97390
0B
0F
#97395
1B
1F
#97400
0B
0F
#97405
1B
1F
#97410
0B
0F
#97415
1B
1F
#97420
0B
0F
#97425
1B
1F
#97430
0B
0F
#97435
1B
1F
#97440
0B
0F
#97445
1B
1F
#97450
0B
0F
#97455
1B
1F
#97460
0B
0F
#97465
1B
1F
#97470
0B
0F
#97475
1B
1F
#97480
0B
0F
#97485
1B
1F
#97490
0B
0F
#97495
1B
1F
#97500
0B
0F
#97505
1B
1F
#97510
0B
0F
#97515
1B
1F
#97520
0B
0F
#97525
1B
1F
#97530
0B
0F
#97535
1B
1F
#97540
0B
0F
#97545
1B
1F
#97550
0B
0F
#97555
1B
1F
#97560
0B
0F
#97565
1B
1F
#97570
0B
0F
#97575
1B
1F
#97580
0B
0F
#97585
1B
1F
#97590
0B
0F
#97595
1B
1F
#97600
0B
0F
#97605
1B
1F
#97610
0B
0F
#97615
1B
1F
#97620
0B
0F
#97625
1B
1F
#97630
0B
0F
#97635
1B
1F
#97640
0B
0F
#97645
1B
1F
#97650
0B
0F
#97655
1B
1F
#97660
0B
0F
#97665
1B
1F
#97670
0B
0F
#97675
1B
1F
#97680
0B
0F
#97685
1B
1F
#97690
0B
0F
#97695
1B
1F
#97700
0B
0F
#97705
1B
1F
#97710
0B
0F
#97715
1B
1F
#97720
0B
0F
#97725
1B
1F
#97730
0B
0F
#97735
1B
1F
#97740
0B
0F
#97745
1B
1F
#97750
0B
0F
#97755
1B
1F
#97760
0B
0F
#97765
1B
1F
#97770
0B
0F
#97775
1B
1F
#97780
0B
0F
#97785
1B
1F
#97790
0B
0F
#97795
1B
1F
#97800
0B
0F
#97805
1B
1F
#97810
0B
0F
#97815
1B
1F
#97820
0B
0F
#97825
1B
1F
#97830
0B
0F
#97835
1B
1F
#97840
0B
0F
#97845
1B
1F
#97850
0B
0F
#97855
1B
1F
#97860
0B
0F
#97865
1B
1F
#97870
0B
0F
#97875
1B
1F
#97880
0B
0F
#97885
1B
1F
#97890
0B
0F
#97895
1B
1F
#97900
0B
0F
#97905
1B
1F
#97910
0B
0F
#97915
1B
1F
#97920
0B
0F
#97925
1B
1F
#97930
0B
0F
#97935
1B
1F
#97940
0B
0F
#97945
1B
1F
#97950
0B
0F
#97955
1B
1F
#97960
0B
0F
#97965
1B
1F
#97970
0B
0F
#97975
1B
1F
#97980
0B
0F
#97985
1B
1F
#97990
0B
0F
#97995
1B
1F
#98000
0B
0F
#98005
1B
1F
#98010
0B
0F
#98015
1B
1F
#98020
0B
0F
#98025
1B
1F
#98030
0B
0F
#98035
1B
1F
#98040
0B
0F
#98045
1B
1F
#98050
0B
0F
#98055
1B
1F
#98060
0B
0F
#98065
1B
1F
#98070
0B
0F
#98075
1B
1F
#98080
0B
0F
#98085
1B
1F
#98090
0B
0F
#98095
1B
1F
#98100
0B
0F
#98105
1B
1F
#98110
0B
0F
#98115
1B
1F
#98120
0B
0F
#98125
1B
1F
#98130
0B
0F
#98135
1B
1F
#98140
0B
0F
#98145
1B
1F
#98150
0B
0F
#98155
1B
1F
#98160
0B
0F
#98165
1B
1F
#98170
0B
0F
#98175
1B
1F
#98180
0B
0F
#98185
1B
1F
#98190
0B
0F
#98195
1B
1F
#98200
0B
0F
#98205
1B
1F
#98210
0B
0F
#98215
1B
1F
#98220
0B
0F
#98225
1B
1F
#98230
0B
0F
#98235
1B
1F
#98240
0B
0F
#98245
1B
1F
#98250
0B
0F
#98255
1B
1F
#98260
0B
0F
#98265
1B
1F
#98270
0B
0F
#98275
1B
1F
#98280
0B
0F
#98285
1B
1F
#98290
0B
0F
#98295
1B
1F
#98300
0B
0F
#98305
1B
1F
#98310
0B
0F
#98315
1B
1F
#98320
0B
0F
#98325
1B
1F
#98330
0B
0F
#98335
1B
1F
#98340
0B
0F
#98345
1B
1F
#98350
0B
0F
#98355
1B
1F
#98360
0B
0F
#98365
1B
1F
#98370
0B
0F
#98375
1B
1F
#98380
0B
0F
#98385
1B
1F
#98390
0B
0F
#98395
1B
1F
#98400
0B
0F
#98405
1B
1F
#98410
0B
0F
#98415
1B
1F
#98420
0B
0F
#98425
1B
1F
#98430
0B
0F
#98435
1B
1F
#98440
0B
0F
#98445
1B
1F
#98450
0B
0F
#98455
1B
1F
#98460
0B
0F
#98465
1B
1F
#98470
0B
0F
#98475
1B
1F
#98480
0B
0F
#98485
1B
1F
#98490
0B
0F
#98495
1B
1F
#98500
0B
0F
#98505
1B
1F
#98510
0B
0F
#98515
1B
1F
#98520
0B
0F
#98525
1B
1F
#98530
0B
0F
#98535
1B
1F
#98540
0B
0F
#98545
1B
1F
#98550
0B
0F
#98555
1B
1F
#98560
0B
0F
#98565
1B
1F
#98570
0B
0F
#98575
1B
1F
#98580
0B
0F
#98585
1B
1F
#98590
0B
0F
#98595
1B
1F
#98600
0B
0F
#98605
1B
1F
#98610
0B
0F
#98615
1B
1F
#98620
0B
0F
#98625
1B
1F
#98630
0B
0F
#98635
1B
1F
#98640
0B
0F
#98645
1B
1F
#98650
0B
0F
#98655
1B
1F
#98660
0B
0F
#98665
1B
1F
#98670
0B
0F
#98675
1B
1F
#98680
0B
0F
#98685
1B
1F
#98690
0B
0F
#98695
1B
1F
#98700
0B
0F
#98705
1B
1F
#98710
0B
0F
#98715
1B
1F
#98720
0B
0F
#98725
1B
1F
#98730
0B
0F
#98735
1B
1F
#98740
0B
0F
#98745
1B
1F
#98750
0B
0F
#98755
1B
1F
#98760
0B
0F
#98765
1B
1F
#98770
0B
0F
#98775
1B
1F
#98780
0B
0F
#98785
1B
1F
#98790
0B
0F
#98795
1B
1F
#98800
0B
0F
#98805
1B
1F
#98810
0B
0F
#98815
1B
1F
#98820
0B
0F
#98825
1B
1F
#98830
0B
0F
#98835
1B
1F
#98840
0B
0F
#98845
1B
1F
#98850
0B
0F
#98855
1B
1F
#98860
0B
0F
#98865
1B
1F
#98870
0B
0F
#98875
1B
1F
#98880
0B
0F
#98885
1B
1F
#98890
0B
0F
#98895
1B
1F
#98900
0B
0F
#98905
1B
1F
#98910
0B
0F
#98915
1B
1F
#98920
0B
0F
#98925
1B
1F
#98930
0B
0F
#98935
1B
1F
#98940
0B
0F
#98945
1B
1F
#98950
0B
0F
#98955
1B
1F
#98960
0B
0F
#98965
1B
1F
#98970
0B
0F
#98975
1B
1F
#98980
0B
0F
#98985
1B
1F
#98990
0B
0F
#98995
1B
1F
#99000
0B
0F
#99005
1B
1F
#99010
0B
0F
#99015
1B
1F
#99020
0B
0F
#99025
1B
1F
#99030
0B
0F
#99035
1B
1F
#99040
0B
0F
#99045
1B
1F
#99050
0B
0F
#99055
1B
1F
#99060
0B
0F
#99065
1B
1F
#99070
0B
0F
#99075
1B
1F
#99080
0B
0F
#99085
1B
1F
#99090
0B
0F
#99095
1B
1F
#99100
0B
0F
#99105
1B
1F
#99110
0B
0F
#99115
1B
1F
#99120
0B
0F
#99125
1B
1F
#99130
0B
0F
#99135
1B
1F
#99140
0B
0F
#99145
1B
1F
#99150
0B
0F
#99155
1B
1F
#99160
0B
0F
#99165
1B
1F
#99170
0B
0F
#99175
1B
1F
#99180
0B
0F
#99185
1B
1F
#99190
0B
0F
#99195
1B
1F
#99200
0B
0F
#99205
1B
1F
#99210
0B
0F
#99215
1B
1F
#99220
0B
0F
#99225
1B
1F
#99230
0B
0F
#99235
1B
1F
#99240
0B
0F
#99245
1B
1F
#99250
0B
0F
#99255
1B
1F
#99260
0B
0F
#99265
1B
1F
#99270
0B
0F
#99275
1B
1F
#99280
0B
0F
#99285
1B
1F
#99290
0B
0F
#99295
1B
1F
#99300
0B
0F
#99305
1B
1F
#99310
0B
0F
#99315
1B
1F
#99320
0B
0F
#99325
1B
1F
#99330
0B
0F
#99335
1B
1F
#99340
0B
0F
#99345
1B
1F
#99350
0B
0F
#99355
1B
1F
#99360
0B
0F
#99365
1B
1F
#99370
0B
0F
#99375
1B
1F
#99380
0B
0F
#99385
1B
1F
#99390
0B
0F
#99395
1B
1F
#99400
0B
0F
#99405
1B
1F
#99410
0B
0F
#99415
1B
1F
#99420
0B
0F
#99425
1B
1F
#99430
0B
0F
#99435
1B
1F
#99440
0B
0F
#99445
1B
1F
#99450
0B
0F
#99455
1B
1F
#99460
0B
0F
#99465
1B
1F
#99470
0B
0F
#99475
1B
1F
#99480
0B
0F
#99485
1B
1F
#99490
0B
0F
#99495
1B
1F
#99500
0B
0F
#99505
1B
1F
#99510
0B
0F
#99515
1B
1F
#99520
0B
0F
#99525
1B
1F
#99530
0B
0F
#99535
1B
1F
#99540
0B
0F
#99545
1B
1F
#99550
0B
0F
#99555
1B
1F
#99560
0B
0F
#99565
1B
1F
#99570
0B
0F
#99575
1B
1F
#99580
0B
0F
#99585
1B
1F
#99590
0B
0F
#99595
1B
1F
#99600
0B
0F
#99605
1B
1F
#99610
0B
0F
#99615
1B
1F
#99620
0B
0F
#99625
1B
1F
#99630
0B
0F
#99635
1B
1F
#99640
0B
0F
#99645
1B
1F
#99650
0B
0F
#99655
1B
1F
#99660
0B
0F
#99665
1B
1F
#99670
0B
0F
#99675
1B
1F
#99680
0B
0F
#99685
1B
1F
#99690
0B
0F
#99695
1B
1F
#99700
0B
0F
#99705
1B
1F
#99710
0B
0F
#99715
1B
1F
#99720
0B
0F
#99725
1B
1F
#99730
0B
0F
#99735
1B
1F
#99740
0B
0F
#99745
1B
1F
#99750
0B
0F
#99755
1B
1F
#99760
0B
0F
#99765
1B
1F
#99770
0B
0F
#99775
1B
1F
#99780
0B
0F
#99785
1B
1F
#99790
0B
0F
#99795
1B
1F
#99800
0B
0F
#99805
1B
1F
#99810
0B
0F
#99815
1B
1F
#99820
0B
0F
#99825
1B
1F
#99830
0B
0F
#99835
1B
1F
#99840
0B
0F
#99845
1B
1F
#99850
0B
0F
#99855
1B
1F
#99860
0B
0F
#99865
1B
1F
#99870
0B
0F
#99875
1B
1F
#99880
0B
0F
#99885
1B
1F
#99890
0B
0F
#99895
1B
1F
#99900
0B
0F
#99905
1B
1F
#99910
0B
0F
#99915
1B
1F
#99920
0B
0F
#99925
1B
1F
#99930
0B
0F
#99935
1B
1F
#99940
0B
0F
#99945
1B
1F
#99950
0B
0F
#99955
1B
1F
#99960
0B
0F
#99965
1B
1F
#99970
0B
0F
#99975
1B
1F
#99980
0B
0F
#99985
1B
1F
#99990
0B
0F
#99995
1B
1F
#100000
0B
0F
